M992
G3 X119.282 Y275.267 I216.501 J-207.672 F8000
G1 Z270.739 F8000
M991
G1 A84.664 F1000
G1 X48.227 Y111.293 Z270.739 F1000
G1 A84.664 F1000
G1 X68.227 Y131.293 Z290.739 F1000
G1 A78.223 F1000
G1 X68.227 Y131.293 Z310.739 F1000
G1 A71.626 F1000
G1 X88.227 Y151.293 Z330.739 F1000
G1 A64.765 F1000
G1 X88.227 Y151.293 Z350.739 F1000
G1 A57.491 F1000
G1 X88.227 Y151.293 Z370.739 F1000
G1 A49.568 F1000
G1 X88.227 Y171.293 Z390.739 F1000
G1 A40.566 F1000
G1 X88.227 Y171.293 Z410.739 F1000
G1 A29.451 F1000
G1 X88.227 Y171.293 Z430.739 F1000
G1 A38.949 F1000
G1 X88.227 Y151.293 Z450.739 F1000
G1 A52.147 F1000
G1 X68.227 Y131.293 Z470.739 F1000
G1 A51.126 F1000
G1 X48.227 Y111.293 Z490.739 F1000
G1 A49.403 F1000
G1 X28.227 Y91.293 Z510.739 F1000
G1 A64.244 F1000
G1 X8.227 Y51.293 Z530.739 F1000
G1 A60.557 F1000
G1 X-11.773 Y11.293 Z550.739 F1000
G1 X-216.501 Y207.672 F8000
M992
G3 X103.439 Y281.603 I216.501 J-207.672 F8000
G1 Z270.739 F8000
M991
G1 A84.664 F1000
G1 X48.227 Y131.293 Z270.739 F1000
G1 A84.664 F1000
G1 X48.227 Y151.293 Z290.739 F1000
G1 A78.223 F1000
G1 X48.227 Y151.293 Z310.739 F1000
G1 A71.626 F1000
G1 X68.227 Y171.293 Z330.739 F1000
G1 A64.765 F1000
G1 X68.227 Y171.293 Z350.739 F1000
G1 A57.491 F1000
G1 X68.227 Y171.293 Z370.739 F1000
G1 A49.568 F1000
G1 X68.227 Y171.293 Z390.739 F1000
G1 A40.566 F1000
G1 X68.227 Y171.293 Z410.739 F1000
G1 A29.451 F1000
G1 X68.227 Y171.293 Z430.739 F1000
G1 A48.591 F1000
G1 X48.227 Y151.293 Z450.739 F1000
G1 A42.354 F1000
G1 X48.227 Y131.293 Z470.739 F1000
G1 A0.0 F1000
G1 X48.227 Y131.293 Z490.739 F1000
G1 A47.818 F1000
G1 X28.227 Y111.293 Z510.739 F1000
G1 A63.101 F1000
G1 X8.227 Y71.293 Z530.739 F1000
G1 A68.929 F1000
G1 X-11.773 Y11.293 Z550.739 F1000
G1 X-216.501 Y207.672 F8000
M992
G3 X43.793 Y296.786 I216.501 J-207.672 F8000
G1 Z250.739 F8000
M991
G1 A91.038 F1000
G1 X28.227 Y191.293 Z250.739 F1000
G1 A91.038 F1000
G1 X28.227 Y191.293 Z270.739 F1000
G1 A84.664 F1000
G1 X48.227 Y231.293 Z290.739 F1000
G1 A78.223 F1000
G1 X48.227 Y231.293 Z310.739 F1000
G1 A71.626 F1000
G1 X48.227 Y251.293 Z330.739 F1000
G1 A64.765 F1000
G1 X48.227 Y251.293 Z350.739 F1000
G1 A57.491 F1000
G1 X48.227 Y251.293 Z370.739 F1000
G1 A49.568 F1000
G1 X48.227 Y251.293 Z390.739 F1000
G1 A40.566 F1000
G1 X48.227 Y251.293 Z410.739 F1000
G1 A29.451 F1000
G1 X48.227 Y251.293 Z430.739 F1000
G1 A43.982 F1000
G1 X48.227 Y231.293 Z450.739 F1000
G1 A61.962 F1000
G1 X28.227 Y191.293 Z470.739 F1000
G1 A0.0 F1000
G1 X28.227 Y191.293 Z490.739 F1000
G1 A75.266 F1000
G1 X8.227 Y111.293 Z510.739 F1000
G1 A44.844 F1000
G1 X8.227 Y91.293 Z530.739 F1000
G1 A73.772 F1000
G1 X-11.773 Y11.293 Z550.739 F1000
G1 X-216.501 Y207.672 F8000
M992
G3 X11.672 Y299.773 I216.501 J-207.672 F8000
G1 Z250.739 F8000
M991
G1 A91.038 F1000
G1 X8.227 Y211.293 Z250.739 F1000
G1 A91.038 F1000
G1 X8.227 Y231.293 Z270.739 F1000
G1 A84.664 F1000
G1 X8.227 Y231.293 Z290.739 F1000
G1 A78.223 F1000
G1 X8.227 Y251.293 Z310.739 F1000
G1 A71.626 F1000
G1 X8.227 Y251.293 Z330.739 F1000
G1 A64.765 F1000
G1 X8.227 Y251.293 Z350.739 F1000
G1 A57.491 F1000
G1 X8.227 Y251.293 Z370.739 F1000
G1 A49.568 F1000
G1 X8.227 Y251.293 Z390.739 F1000
G1 A40.566 F1000
G1 X8.227 Y251.293 Z410.739 F1000
G1 A29.451 F1000
G1 X8.227 Y251.293 Z430.739 F1000
G1 A44.969 F1000
G1 X8.227 Y231.293 Z450.739 F1000
G1 A44.964 F1000
G1 X8.227 Y211.293 Z470.739 F1000
G1 A72.039 F1000
G1 X-11.773 Y131.293 Z490.739 F1000
G1 A44.771 F1000
G1 X-11.773 Y111.293 Z510.739 F1000
G1 A62.806 F1000
G1 X-11.773 Y71.293 Z530.739 F1000
G1 A69.391 F1000
G1 X-11.773 Y11.293 Z550.739 F1000
G1 X-216.501 Y207.672 F8000
M992
G3 X-23.274 Y299.096 I216.501 J-207.672 F8000
G1 Z250.739 F8000
M991
G1 A91.038 F1000
G1 X-11.773 Y151.293 Z250.739 F1000
G1 A91.038 F1000
G1 X-11.773 Y171.293 Z270.739 F1000
G1 A84.664 F1000
G1 X-11.773 Y171.293 Z290.739 F1000
G1 A78.223 F1000
G1 X-11.773 Y191.293 Z310.739 F1000
G1 A71.626 F1000
G1 X-11.773 Y191.293 Z330.739 F1000
G1 A64.765 F1000
G1 X-11.773 Y191.293 Z350.739 F1000
G1 A57.491 F1000
G1 X-11.773 Y191.293 Z370.739 F1000
G1 A49.568 F1000
G1 X-11.773 Y191.293 Z390.739 F1000
G1 A40.566 F1000
G1 X-11.773 Y191.293 Z410.739 F1000
G1 A29.451 F1000
G1 X-11.773 Y191.293 Z430.739 F1000
G1 A44.892 F1000
G1 X-11.773 Y171.293 Z450.739 F1000
G1 A44.865 F1000
G1 X-11.773 Y151.293 Z470.739 F1000
G1 A63.092 F1000
G1 X-11.773 Y111.293 Z490.739 F1000
G1 A44.683 F1000
G1 X-11.773 Y91.293 Z510.739 F1000
G1 A62.509 F1000
G1 X-11.773 Y51.293 Z530.739 F1000
G1 A60.664 F1000
G1 X-11.773 Y11.293 Z550.739 F1000
G1 X-216.501 Y207.672 F8000
M992
G3 X-71.397 Y291.38 I216.501 J-207.672 F8000
G1 Z270.739 F8000
M991
G1 A84.664 F1000
G1 X-51.773 Y211.293 Z270.739 F1000
G1 A84.664 F1000
G1 X-51.773 Y211.293 Z290.739 F1000
G1 A78.223 F1000
G1 X-51.773 Y231.293 Z310.739 F1000
G1 A71.626 F1000
G1 X-51.773 Y231.293 Z330.739 F1000
G1 A64.765 F1000
G1 X-51.773 Y231.293 Z350.739 F1000
G1 A57.491 F1000
G1 X-51.773 Y251.293 Z370.739 F1000
G1 A49.568 F1000
G1 X-51.773 Y251.293 Z390.739 F1000
G1 A40.566 F1000
G1 X-51.773 Y251.293 Z410.739 F1000
G1 A43.833 F1000
G1 X-51.773 Y231.293 Z430.739 F1000
G1 A10.923 F1000
G1 X-51.773 Y231.293 Z450.739 F1000
G1 A43.633 F1000
G1 X-51.773 Y211.293 Z470.739 F1000
G1 A76.364 F1000
G1 X-31.773 Y131.293 Z490.739 F1000
G1 A43.414 F1000
G1 X-31.773 Y111.293 Z510.739 F1000
G1 A42.839 F1000
G1 X-31.773 Y91.293 Z530.739 F1000
G1 A75.443 F1000
G1 X-11.773 Y11.293 Z550.739 F1000
G1 X-216.501 Y207.672 F8000
M992
G3 X-105.386 Y280.88 I216.501 J-207.672 F8000
G1 Z250.739 F8000
M991
G1 A91.038 F1000
G1 X-71.773 Y191.293 Z250.739 F1000
G1 A91.038 F1000
G1 X-71.773 Y191.293 Z270.739 F1000
G1 A84.664 F1000
G1 X-71.773 Y191.293 Z290.739 F1000
G1 A78.223 F1000
G1 X-71.773 Y191.293 Z310.739 F1000
G1 A71.626 F1000
G1 X-71.773 Y191.293 Z330.739 F1000
G1 A64.765 F1000
G1 X-91.773 Y231.293 Z350.739 F1000
G1 A57.491 F1000
G1 X-91.773 Y231.293 Z370.739 F1000
G1 A49.568 F1000
G1 X-91.773 Y231.293 Z390.739 F1000
G1 A40.566 F1000
G1 X-91.773 Y231.293 Z410.739 F1000
G1 A29.451 F1000
G1 X-91.773 Y231.293 Z430.739 F1000
G1 A65.437 F1000
G1 X-71.773 Y191.293 Z450.739 F1000
G1 A0.0 F1000
G1 X-71.773 Y191.293 Z470.739 F1000
G1 A0.0 F1000
G1 X-71.773 Y191.293 Z490.739 F1000
G1 A74.911 F1000
G1 X-51.773 Y111.293 Z510.739 F1000
G1 A65.854 F1000
G1 X-31.773 Y71.293 Z530.739 F1000
G1 A71.611 F1000
G1 X-11.773 Y11.293 Z550.739 F1000
G1 X-216.501 Y207.672 F8000
M992
G3 X-171.873 Y245.886 I216.501 J-207.672 F8000
G1 Z270.739 F8000
M991
G1 A84.664 F1000
G1 X-91.773 Y131.293 Z270.739 F1000
G1 A84.664 F1000
G1 X-91.773 Y131.293 Z290.739 F1000
G1 A78.223 F1000
G1 X-91.773 Y131.293 Z310.739 F1000
G1 A71.626 F1000
G1 X-91.773 Y131.293 Z330.739 F1000
G1 A64.765 F1000
G1 X-91.773 Y151.293 Z350.739 F1000
G1 A57.491 F1000
G1 X-91.773 Y151.293 Z370.739 F1000
G1 A49.568 F1000
G1 X-91.773 Y151.293 Z390.739 F1000
G1 A40.566 F1000
G1 X-91.773 Y151.293 Z410.739 F1000
G1 A29.451 F1000
G1 X-91.773 Y151.293 Z430.739 F1000
G1 A10.923 F1000
G1 X-91.773 Y151.293 Z450.739 F1000
G1 A37.198 F1000
G1 X-91.773 Y131.293 Z470.739 F1000
G1 A0.0 F1000
G1 X-91.773 Y131.293 Z490.739 F1000
G1 A53.512 F1000
G1 X-71.773 Y111.293 Z510.739 F1000
G1 A36.459 F1000
G1 X-71.773 Y91.293 Z530.739 F1000
G1 A78.616 F1000
G1 X-11.773 Y11.293 Z550.739 F1000
G1 X-216.501 Y207.672 F8000
M992
G3 X-190.861 Y231.457 I216.501 J-207.672 F8000
G1 Z270.739 F8000
M991
G1 A84.664 F1000
G1 X-91.773 Y111.293 Z270.739 F1000
G1 A84.664 F1000
G1 X-91.773 Y111.293 Z290.739 F1000
G1 A78.223 F1000
G1 X-91.773 Y111.293 Z310.739 F1000
G1 A71.626 F1000
G1 X-111.773 Y131.293 Z330.739 F1000
G1 A64.765 F1000
G1 X-111.773 Y131.293 Z350.739 F1000
G1 A57.491 F1000
G1 X-111.773 Y131.293 Z370.739 F1000
G1 A49.568 F1000
G1 X-111.773 Y131.293 Z390.739 F1000
G1 A40.566 F1000
G1 X-111.773 Y131.293 Z410.739 F1000
G1 A29.451 F1000
G1 X-111.773 Y131.293 Z430.739 F1000
G1 A10.923 F1000
G1 X-111.773 Y131.293 Z450.739 F1000
G1 A54.476 F1000
G1 X-91.773 Y111.293 Z470.739 F1000
G1 A0.0 F1000
G1 X-91.773 Y111.293 Z490.739 F1000
G1 A0.0 F1000
G1 X-91.773 Y111.293 Z510.739 F1000
G1 A62.832 F1000
G1 X-71.773 Y71.293 Z530.739 F1000
G1 A76.736 F1000
G1 X-11.773 Y11.293 Z550.739 F1000
G1 X-216.501 Y207.672 F8000
M992
G3 X-212.688 Y211.575 I216.501 J-207.672 F8000
G1 Z270.739 F8000
M991
G1 A84.664 F1000
G1 X-91.773 Y91.293 Z270.739 F1000
G1 A84.664 F1000
G1 X-111.773 Y111.293 Z290.739 F1000
G1 A78.223 F1000
G1 X-111.773 Y111.293 Z310.739 F1000
G1 A71.626 F1000
G1 X-111.773 Y111.293 Z330.739 F1000
G1 A64.765 F1000
G1 X-111.773 Y111.293 Z350.739 F1000
G1 A57.491 F1000
G1 X-111.773 Y111.293 Z370.739 F1000
G1 A49.568 F1000
G1 X-111.773 Y111.293 Z390.739 F1000
G1 A40.566 F1000
G1 X-111.773 Y111.293 Z410.739 F1000
G1 A29.451 F1000
G1 X-111.773 Y111.293 Z430.739 F1000
G1 A10.923 F1000
G1 X-111.773 Y111.293 Z450.739 F1000
G1 A0.0 F1000
G1 X-111.773 Y111.293 Z470.739 F1000
G1 A0.0 F1000
G1 X-111.773 Y111.293 Z490.739 F1000
G1 A54.735 F1000
G1 X-91.773 Y91.293 Z510.739 F1000
G1 A70.528 F1000
G1 X-51.773 Y51.293 Z530.739 F1000
G1 A70.527 F1000
G1 X-11.773 Y11.293 Z550.739 F1000
G1 X-216.501 Y207.672 F8000
M992
G3 X-236.913 Y184.044 I216.501 J-207.672 F8000
G1 Z270.739 F8000
M991
G1 A84.664 F1000
G1 X-91.773 Y71.293 Z270.739 F1000
G1 A84.664 F1000
G1 X-171.773 Y131.293 Z290.739 F1000
G1 A78.223 F1000
G1 X-171.773 Y131.293 Z310.739 F1000
G1 A71.626 F1000
G1 X-191.773 Y151.293 Z330.739 F1000
G1 A64.765 F1000
G1 X-191.773 Y151.293 Z350.739 F1000
G1 A57.491 F1000
G1 X-191.773 Y151.293 Z370.739 F1000
G1 A49.568 F1000
G1 X-191.773 Y151.293 Z390.739 F1000
G1 A40.566 F1000
G1 X-191.773 Y151.293 Z410.739 F1000
G1 A29.451 F1000
G1 X-191.773 Y151.293 Z430.739 F1000
G1 A10.923 F1000
G1 X-191.773 Y151.293 Z450.739 F1000
G1 A0.0 F1000
G1 X-191.773 Y151.293 Z470.739 F1000
G1 A54.181 F1000
G1 X-171.773 Y131.293 Z490.739 F1000
G1 A0.0 F1000
G1 X-171.773 Y131.293 Z510.739 F1000
G1 A78.678 F1000
G1 X-91.773 Y71.293 Z530.739 F1000
G1 A78.649 F1000
G1 X-11.773 Y11.293 Z550.739 F1000
G1 X-216.501 Y207.672 F8000
M992
G3 X-257.077 Y154.634 I216.501 J-207.672 F8000
G1 Z230.739 F8000
M991
G1 A97.425 F1000
G1 X-151.773 Y91.293 Z230.739 F1000
G1 A97.425 F1000
G1 X-151.773 Y91.293 Z250.739 F1000
G1 A91.038 F1000
G1 X-151.773 Y91.293 Z270.739 F1000
G1 A84.664 F1000
G1 X-151.773 Y91.293 Z290.739 F1000
G1 A78.223 F1000
G1 X-191.773 Y111.293 Z310.739 F1000
G1 A71.626 F1000
G1 X-191.773 Y111.293 Z330.739 F1000
G1 A64.765 F1000
G1 X-191.773 Y111.293 Z350.739 F1000
G1 A57.491 F1000
G1 X-191.773 Y111.293 Z370.739 F1000
G1 A49.568 F1000
G1 X-191.773 Y111.293 Z390.739 F1000
G1 A40.566 F1000
G1 X-191.773 Y111.293 Z410.739 F1000
G1 A29.451 F1000
G1 X-191.773 Y111.293 Z430.739 F1000
G1 A10.923 F1000
G1 X-191.773 Y111.293 Z450.739 F1000
G1 A0.0 F1000
G1 X-191.773 Y111.293 Z470.739 F1000
G1 A0.0 F1000
G1 X-191.773 Y111.293 Z490.739 F1000
G1 A0.0 F1000
G1 X-191.773 Y111.293 Z510.739 F1000
G1 A65.659 F1000
G1 X-151.773 Y91.293 Z530.739 F1000
G1 A82.815 F1000
G1 X-11.773 Y11.293 Z550.739 F1000
G1 X-216.501 Y207.672 F8000
M992
G3 X-277.083 Y115.001 I216.501 J-207.672 F8000
G1 Z250.739 F8000
M991
G1 A91.038 F1000
G1 X-171.773 Y71.293 Z250.739 F1000
G1 A91.038 F1000
G1 X-171.773 Y71.293 Z270.739 F1000
G1 A84.664 F1000
G1 X-171.773 Y71.293 Z290.739 F1000
G1 A78.223 F1000
G1 X-171.773 Y71.293 Z310.739 F1000
G1 A71.626 F1000
G1 X-211.773 Y91.293 Z330.739 F1000
G1 A64.765 F1000
G1 X-211.773 Y91.293 Z350.739 F1000
G1 A57.491 F1000
G1 X-231.773 Y91.293 Z370.739 F1000
G1 A49.568 F1000
G1 X-231.773 Y91.293 Z390.739 F1000
G1 A40.566 F1000
G1 X-231.773 Y91.293 Z410.739 F1000
G1 A29.451 F1000
G1 X-231.773 Y91.293 Z430.739 F1000
G1 A10.923 F1000
G1 X-231.773 Y91.293 Z450.739 F1000
G1 A41.141 F1000
G1 X-211.773 Y91.293 Z470.739 F1000
G1 A0.0 F1000
G1 X-211.773 Y91.293 Z490.739 F1000
G1 A65.701 F1000
G1 X-171.773 Y71.293 Z510.739 F1000
G1 A0.0 F1000
G1 X-171.773 Y71.293 Z530.739 F1000
G1 A80.129 F1000
G1 X-51.773 Y31.293 Z550.739 F1000
G1 X-256.745 Y155.183 F8000
M992
G3 X-289.813 Y77.515 I256.745 J-155.183 F8000
G1 Z270.739 F8000
M991
G1 A84.664 F1000
G1 X-191.773 Y51.293 Z270.739 F1000
G1 A84.664 F1000
G1 X-191.773 Y51.293 Z290.739 F1000
G1 A78.223 F1000
G1 X-191.773 Y51.293 Z310.739 F1000
G1 A71.626 F1000
G1 X-191.773 Y51.293 Z330.739 F1000
G1 A64.765 F1000
G1 X-191.773 Y51.293 Z350.739 F1000
G1 A57.491 F1000
G1 X-191.773 Y51.293 Z370.739 F1000
G1 A49.568 F1000
G1 X-191.773 Y51.293 Z390.739 F1000
G1 A40.566 F1000
G1 X-191.773 Y51.293 Z410.739 F1000
G1 A29.451 F1000
G1 X-191.773 Y51.293 Z430.739 F1000
G1 A10.923 F1000
G1 X-191.773 Y51.293 Z450.739 F1000
G1 A0.0 F1000
G1 X-191.773 Y51.293 Z470.739 F1000
G1 A0.0 F1000
G1 X-191.773 Y51.293 Z490.739 F1000
G1 A0.0 F1000
G1 X-191.773 Y51.293 Z510.739 F1000
G1 A76.335 F1000
G1 X-111.773 Y31.293 Z530.739 F1000
G1 A78.099 F1000
G1 X-11.773 Y11.293 Z550.739 F1000
G1 X-216.501 Y207.672 F8000
M992
G3 X-299.173 Y22.26 I216.501 J-207.672 F8000
G1 Z270.739 F8000
M991
G1 A84.664 F1000
G1 X-151.773 Y11.293 Z270.739 F1000
G1 A84.664 F1000
G1 X-151.773 Y11.293 Z290.739 F1000
G1 A78.223 F1000
G1 X-171.773 Y11.293 Z310.739 F1000
G1 A71.626 F1000
G1 X-191.773 Y11.293 Z330.739 F1000
G1 A64.765 F1000
G1 X-191.773 Y11.293 Z350.739 F1000
G1 A57.491 F1000
G1 X-191.773 Y11.293 Z370.739 F1000
G1 A49.568 F1000
G1 X-191.773 Y11.293 Z390.739 F1000
G1 A40.566 F1000
G1 X-191.773 Y11.293 Z410.739 F1000
G1 A29.451 F1000
G1 X-191.773 Y11.293 Z430.739 F1000
G1 A10.923 F1000
G1 X-191.773 Y11.293 Z450.739 F1000
G1 A44.901 F1000
G1 X-171.773 Y11.293 Z470.739 F1000
G1 A44.877 F1000
G1 X-151.773 Y11.293 Z490.739 F1000
G1 A44.842 F1000
G1 X-131.773 Y11.293 Z510.739 F1000
G1 A75.15 F1000
G1 X-51.773 Y11.293 Z530.739 F1000
G1 A60.913 F1000
G1 X-11.773 Y11.293 Z550.739 F1000
G1 X-216.501 Y207.672 F8000
M992
G3 X-299.508 Y-17.183 I216.501 J-207.672 F8000
G1 Z270.739 F8000
M991
G1 A84.664 F1000
G1 X-151.773 Y-8.707 Z270.739 F1000
G1 A84.664 F1000
G1 X-171.773 Y-8.707 Z290.739 F1000
G1 A78.223 F1000
G1 X-171.773 Y-8.707 Z310.739 F1000
G1 A71.626 F1000
G1 X-251.773 Y-8.707 Z330.739 F1000
G1 A64.765 F1000
G1 X-251.773 Y-8.707 Z350.739 F1000
G1 A57.491 F1000
G1 X-251.773 Y-8.707 Z370.739 F1000
G1 A49.568 F1000
G1 X-251.773 Y-8.707 Z390.739 F1000
G1 A40.566 F1000
G1 X-251.773 Y-8.707 Z410.739 F1000
G1 A29.451 F1000
G1 X-251.773 Y-8.707 Z430.739 F1000
G1 A10.923 F1000
G1 X-251.773 Y-8.707 Z450.739 F1000
G1 A75.827 F1000
G1 X-171.773 Y-8.707 Z470.739 F1000
G1 A44.927 F1000
G1 X-151.773 Y-8.707 Z490.739 F1000
G1 A56.986 F1000
G1 X-111.773 Y11.293 Z510.739 F1000
G1 A74.846 F1000
G1 X-31.773 Y11.293 Z530.739 F1000
G1 A41.78 F1000
G1 X-11.773 Y11.293 Z550.739 F1000
G1 X-216.501 Y207.672 F8000
M992
G3 X-299.347 Y-19.78 I216.501 J-207.672 F8000
G1 Z270.739 F8000
M991
G1 A84.664 F1000
G1 X-131.773 Y-8.707 Z270.739 F1000
G1 A84.664 F1000
G1 X-151.773 Y-28.707 Z290.739 F1000
G1 A78.223 F1000
G1 X-171.773 Y-28.707 Z310.739 F1000
G1 A71.626 F1000
G1 X-191.773 Y-28.707 Z330.739 F1000
G1 A64.765 F1000
G1 X-211.773 Y-48.707 Z350.739 F1000
G1 A57.491 F1000
G1 X-211.773 Y-48.707 Z370.739 F1000
G1 A49.568 F1000
G1 X-211.773 Y-48.707 Z390.739 F1000
G1 A40.566 F1000
G1 X-211.773 Y-48.707 Z410.739 F1000
G1 A43.794 F1000
G1 X-191.773 Y-28.707 Z430.739 F1000
G1 A44.372 F1000
G1 X-171.773 Y-28.707 Z450.739 F1000
G1 A44.222 F1000
G1 X-151.773 Y-28.707 Z470.739 F1000
G1 A42.422 F1000
G1 X-131.773 Y-8.707 Z490.739 F1000
G1 A63.187 F1000
G1 X-91.773 Y-8.707 Z510.739 F1000
G1 A73.916 F1000
G1 X-11.773 Y11.293 Z530.739 F1000
G1 A90 F1000
G1 X-11.773 Y11.293 Z550.739 F1000
G1 X-216.501 Y207.672 F8000
M992
G3 X-281.393 Y-104.011 I216.501 J-207.672 F8000
G1 Z210.739 F8000
M991
G1 A103.907 F1000
G1 X-131.773 Y-48.707 Z210.739 F1000
G1 A103.907 F1000
G1 X-131.773 Y-48.707 Z230.739 F1000
G1 A97.425 F1000
G1 X-171.773 Y-68.707 Z250.739 F1000
G1 A91.038 F1000
G1 X-171.773 Y-68.707 Z270.739 F1000
G1 A84.664 F1000
G1 X-211.773 Y-88.707 Z290.739 F1000
G1 A78.223 F1000
G1 X-211.773 Y-88.707 Z310.739 F1000
G1 A71.626 F1000
G1 X-211.773 Y-88.707 Z330.739 F1000
G1 A64.765 F1000
G1 X-251.773 Y-108.707 Z350.739 F1000
G1 A57.491 F1000
G1 X-251.773 Y-108.707 Z370.739 F1000
G1 A49.568 F1000
G1 X-251.773 Y-108.707 Z390.739 F1000
G1 A40.566 F1000
G1 X-251.773 Y-108.707 Z410.739 F1000
G1 A65.705 F1000
G1 X-211.773 Y-88.707 Z430.739 F1000
G1 A10.923 F1000
G1 X-211.773 Y-88.707 Z450.739 F1000
G1 A65.62 F1000
G1 X-171.773 Y-68.707 Z470.739 F1000
G1 A0.0 F1000
G1 X-171.773 Y-68.707 Z490.739 F1000
G1 A65.466 F1000
G1 X-131.773 Y-48.707 Z510.739 F1000
G1 A79.463 F1000
G1 X-11.773 Y11.293 Z530.739 F1000
G1 A90 F1000
G1 X-11.773 Y11.293 Z550.739 F1000
G1 X-216.501 Y207.672 F8000
M992
G3 X-259.005 Y-151.381 I216.501 J-207.672 F8000
G1 Z250.739 F8000
M991
G1 A91.038 F1000
G1 X-151.773 Y-88.707 Z250.739 F1000
G1 A91.038 F1000
G1 X-151.773 Y-88.707 Z270.739 F1000
G1 A84.664 F1000
G1 X-151.773 Y-88.707 Z290.739 F1000
G1 A78.223 F1000
G1 X-211.773 Y-128.707 Z310.739 F1000
G1 A71.626 F1000
G1 X-211.773 Y-128.707 Z330.739 F1000
G1 A64.765 F1000
G1 X-211.773 Y-128.707 Z350.739 F1000
G1 A57.491 F1000
G1 X-211.773 Y-128.707 Z370.739 F1000
G1 A49.568 F1000
G1 X-211.773 Y-128.707 Z390.739 F1000
G1 A40.566 F1000
G1 X-211.773 Y-128.707 Z410.739 F1000
G1 A29.451 F1000
G1 X-211.773 Y-128.707 Z430.739 F1000
G1 A74.318 F1000
G1 X-151.773 Y-88.707 Z450.739 F1000
G1 A0.0 F1000
G1 X-151.773 Y-88.707 Z470.739 F1000
G1 A0.0 F1000
G1 X-151.773 Y-88.707 Z490.739 F1000
G1 A70.304 F1000
G1 X-91.773 Y-28.707 Z510.739 F1000
G1 A74.442 F1000
G1 X-11.773 Y11.293 Z530.739 F1000
G1 A90 F1000
G1 X-11.773 Y11.293 Z550.739 F1000
G1 X-216.501 Y207.672 F8000
M992
G3 X-228.805 Y-194.032 I216.501 J-207.672 F8000
G1 Z270.739 F8000
M991
G1 A84.664 F1000
G1 X-151.773 Y-128.707 Z270.739 F1000
G1 A84.664 F1000
G1 X-171.773 Y-148.707 Z290.739 F1000
G1 A78.223 F1000
G1 X-171.773 Y-148.707 Z310.739 F1000
G1 A71.626 F1000
G1 X-171.773 Y-148.707 Z330.739 F1000
G1 A64.765 F1000
G1 X-171.773 Y-148.707 Z350.739 F1000
G1 A57.491 F1000
G1 X-171.773 Y-148.707 Z370.739 F1000
G1 A49.568 F1000
G1 X-171.773 Y-148.707 Z390.739 F1000
G1 A40.566 F1000
G1 X-171.773 Y-148.707 Z410.739 F1000
G1 A29.451 F1000
G1 X-171.773 Y-148.707 Z430.739 F1000
G1 A10.923 F1000
G1 X-171.773 Y-148.707 Z450.739 F1000
G1 A54.527 F1000
G1 X-151.773 Y-128.707 Z470.739 F1000
G1 A69.991 F1000
G1 X-111.773 Y-88.707 Z490.739 F1000
G1 A75.228 F1000
G1 X-51.773 Y-28.707 Z510.739 F1000
G1 A71.045 F1000
G1 X-0.707 Y-0.707 Z530.739 F1000
G1 A90 F1000
G1 X-0.707 Y-0.707 Z550.739 F1000
G1 X-212.132 Y-212.132 F8000
M992
G3 X-215.061 Y-209.162 I212.132 J212.132 F8000
G1 Z230.739 F8000
M991
G1 A97.425 F1000
G1 X-111.773 Y-108.707 Z230.739 F1000
G1 A97.425 F1000
G1 X-111.773 Y-108.707 Z250.739 F1000
G1 A91.038 F1000
G1 X-131.773 Y-148.707 Z270.739 F1000
G1 A84.664 F1000
G1 X-131.773 Y-148.707 Z290.739 F1000
G1 A78.223 F1000
G1 X-151.773 Y-168.707 Z310.739 F1000
G1 A71.626 F1000
G1 X-171.773 Y-188.707 Z330.739 F1000
G1 A64.765 F1000
G1 X-171.773 Y-208.707 Z350.739 F1000
G1 A57.491 F1000
G1 X-171.773 Y-208.707 Z370.739 F1000
G1 A49.568 F1000
G1 X-171.773 Y-208.707 Z390.739 F1000
G1 A40.566 F1000
G1 X-171.773 Y-188.707 Z410.739 F1000
G1 A54.646 F1000
G1 X-151.773 Y-168.707 Z430.739 F1000
G1 A54.623 F1000
G1 X-131.773 Y-148.707 Z450.739 F1000
G1 A0.0 F1000
G1 X-131.773 Y-148.707 Z470.739 F1000
G1 A61.866 F1000
G1 X-111.773 Y-108.707 Z490.739 F1000
G1 A0.0 F1000
G1 X-111.773 Y-108.707 Z510.739 F1000
G1 A82.644 F1000
G1 X-0.588 Y-0.809 Z530.739 F1000
G1 A90 F1000
G1 X-0.588 Y-0.809 Z550.739 F1000
G1 X-176.336 Y-242.705 F8000
M992
G3 X-188.7 Y-233.222 I176.336 J242.705 F8000
G1 Z270.739 F8000
M991
G1 A84.664 F1000
G1 X-71.773 Y-88.707 Z270.739 F1000
G1 A84.664 F1000
G1 X-91.773 Y-108.707 Z290.739 F1000
G1 A78.223 F1000
G1 X-131.773 Y-188.707 Z310.739 F1000
G1 A71.626 F1000
G1 X-131.773 Y-208.707 Z330.739 F1000
G1 A64.765 F1000
G1 X-131.773 Y-208.707 Z350.739 F1000
G1 A57.491 F1000
G1 X-131.773 Y-208.707 Z370.739 F1000
G1 A49.568 F1000
G1 X-131.773 Y-208.707 Z390.739 F1000
G1 A40.566 F1000
G1 X-131.773 Y-208.707 Z410.739 F1000
G1 A36.72 F1000
G1 X-131.773 Y-188.707 Z430.739 F1000
G1 A74.912 F1000
G1 X-91.773 Y-108.707 Z450.739 F1000
G1 A54.449 F1000
G1 X-71.773 Y-88.707 Z470.739 F1000
G1 A0.0 F1000
G1 X-71.773 Y-88.707 Z490.739 F1000
G1 A63.067 F1000
G1 X-51.773 Y-48.707 Z510.739 F1000
G1 A74.083 F1000
G1 X-0.454 Y-0.891 Z530.739 F1000
G1 A90 F1000
G1 X-0.454 Y-0.891 Z550.739 F1000
G1 X-136.197 Y-267.302 F8000
M992
G3 X-128.996 Y-270.851 I136.197 J267.302 F8000
G1 Z270.739 F8000
M991
G1 A84.664 F1000
G1 X-51.773 Y-108.707 Z270.739 F1000
G1 A84.664 F1000
G1 X-91.773 Y-188.707 Z290.739 F1000
G1 A78.223 F1000
G1 X-91.773 Y-188.707 Z310.739 F1000
G1 A71.626 F1000
G1 X-91.773 Y-188.707 Z330.739 F1000
G1 A64.765 F1000
G1 X-91.773 Y-188.707 Z350.739 F1000
G1 A57.491 F1000
G1 X-91.773 Y-188.707 Z370.739 F1000
G1 A49.568 F1000
G1 X-91.773 Y-188.707 Z390.739 F1000
G1 A40.566 F1000
G1 X-91.773 Y-188.707 Z410.739 F1000
G1 A29.451 F1000
G1 X-91.773 Y-188.707 Z430.739 F1000
G1 A10.923 F1000
G1 X-91.773 Y-188.707 Z450.739 F1000
G1 A77.38 F1000
G1 X-51.773 Y-108.707 Z470.739 F1000
G1 A39.673 F1000
G1 X-51.773 Y-88.707 Z490.739 F1000
G1 A65.639 F1000
G1 X-31.773 Y-48.707 Z510.739 F1000
G1 A70.723 F1000
G1 X-0.309 Y-0.951 Z530.739 F1000
G1 A90 F1000
G1 X-0.309 Y-0.951 Z550.739 F1000
G1 X-92.705 Y-285.317 F8000
M992
G3 X-111.958 Y-278.326 I92.705 J285.317 F8000
G1 Z270.739 F8000
M991
G1 A84.664 F1000
G1 X-51.773 Y-128.707 Z270.739 F1000
G1 A84.664 F1000
G1 X-51.773 Y-128.707 Z290.739 F1000
G1 A78.223 F1000
G1 X-51.773 Y-148.707 Z310.739 F1000
G1 A71.626 F1000
G1 X-51.773 Y-168.707 Z330.739 F1000
G1 A64.765 F1000
G1 X-51.773 Y-168.707 Z350.739 F1000
G1 A57.491 F1000
G1 X-51.773 Y-168.707 Z370.739 F1000
G1 A49.568 F1000
G1 X-51.773 Y-168.707 Z390.739 F1000
G1 A42.531 F1000
G1 X-51.773 Y-148.707 Z410.739 F1000
G1 A29.451 F1000
G1 X-51.773 Y-148.707 Z430.739 F1000
G1 A41.897 F1000
G1 X-51.773 Y-128.707 Z450.739 F1000
G1 A0.0 F1000
G1 X-51.773 Y-128.707 Z470.739 F1000
G1 A0.0 F1000
G1 X-51.773 Y-128.707 Z490.739 F1000
G1 A0.0 F1000
G1 X-51.773 Y-128.707 Z510.739 F1000
G1 A81.739 F1000
G1 X-0.156 Y-0.988 Z530.739 F1000
G1 A90 F1000
G1 X-0.156 Y-0.988 Z550.739 F1000
G1 X-46.93 Y-296.307 F8000
M992
G3 X-32.301 Y-298.256 I46.93 J296.307 F8000
G1 Z290.739 F8000
M991
G1 A90 F1000
G1 X-11.773 Y-108.707 Z290.739 F1000
G1 A90 F1000
G1 X-11.773 Y-128.707 Z310.739 F1000
G1 A71.626 F1000
G1 X-11.773 Y-148.707 Z330.739 F1000
G1 A64.765 F1000
G1 X-11.773 Y-148.707 Z350.739 F1000
G1 A57.491 F1000
G1 X-11.773 Y-148.707 Z370.739 F1000
G1 A49.568 F1000
G1 X-11.773 Y-148.707 Z390.739 F1000
G1 A44.822 F1000
G1 X-11.773 Y-128.707 Z410.739 F1000
G1 A29.451 F1000
G1 X-11.773 Y-128.707 Z430.739 F1000
G1 A10.923 F1000
G1 X-11.773 Y-128.707 Z450.739 F1000
G1 A44.762 F1000
G1 X-11.773 Y-108.707 Z470.739 F1000
G1 A44.668 F1000
G1 X-11.773 Y-88.707 Z490.739 F1000
G1 A70.125 F1000
G1 X-11.773 Y-28.707 Z510.739 F1000
G1 A56.395 F1000
G1 X0.0 Y-1.0 Z530.739 F1000
G1 A90 F1000
G1 X0.0 Y-1.0 Z550.739 F1000
G1 X0.0 Y-300.0 F8000
M992
G3 X19.137 Y-299.389 I-0.0 J300.0 F8000
G1 Z310.739 F8000
M991
G1 A71.626 F1000
G1 X8.227 Y-128.707 Z310.739 F1000
G1 A71.626 F1000
G1 X8.227 Y-148.707 Z330.739 F1000
G1 A64.765 F1000
G1 X8.227 Y-148.707 Z350.739 F1000
G1 A57.491 F1000
G1 X8.227 Y-148.707 Z370.739 F1000
G1 A49.568 F1000
G1 X8.227 Y-128.707 Z390.739 F1000
G1 A40.566 F1000
G1 X8.227 Y-128.707 Z410.739 F1000
G1 A29.451 F1000
G1 X8.227 Y-128.707 Z430.739 F1000
G1 A10.923 F1000
G1 X8.227 Y-128.707 Z450.739 F1000
G1 A43.359 F1000
G1 X-11.773 Y-88.707 Z490.739 F1000
G1 A74.093 F1000
G1 X-11.773 Y-8.707 Z510.739 F1000
G1 A90 F1000
G1 X0.156 Y-0.988 Z530.739 F1000
G1 A90 F1000
G1 X0.156 Y-0.988 Z550.739 F1000
G1 X46.93 Y-296.307 F8000
M992
G3 X64.266 Y-293.036 I-46.93 J296.307 F8000
G1 Z290.739 F8000
M991
G1 A78.223 F1000
G1 X28.227 Y-128.707 Z290.739 F1000
G1 A78.223 F1000
G1 X28.227 Y-148.707 Z310.739 F1000
G1 A71.626 F1000
G1 X28.227 Y-148.707 Z330.739 F1000
G1 A64.765 F1000
G1 X28.227 Y-148.707 Z350.739 F1000
G1 A57.491 F1000
G1 X28.227 Y-148.707 Z370.739 F1000
G1 A49.568 F1000
G1 X28.227 Y-148.707 Z390.739 F1000
G1 A40.566 F1000
G1 X28.227 Y-148.707 Z410.739 F1000
G1 A44.004 F1000
G1 X28.227 Y-128.707 Z430.739 F1000
G1 A10.923 F1000
G1 X28.227 Y-128.707 Z450.739 F1000
G1 A0.0 F1000
G1 X28.227 Y-128.707 Z470.739 F1000
G1 A62.251 F1000
G1 X8.227 Y-88.707 Z490.739 F1000
G1 A44.756 F1000
G1 X8.227 Y-68.707 Z510.739 F1000
G1 A73.659 F1000
G1 X0.309 Y-0.951 Z530.739 F1000
G1 A90 F1000
G1 X0.309 Y-0.951 Z550.739 F1000
G1 X92.705 Y-285.317 F8000
M992
G3 X105.264 Y-280.926 I-92.705 J285.317 F8000
G1 Z290.739 F8000
M991
G1 A78.223 F1000
G1 X48.227 Y-128.707 Z290.739 F1000
G1 A78.223 F1000
G1 X48.227 Y-128.707 Z310.739 F1000
G1 A71.626 F1000
G1 X48.227 Y-128.707 Z330.739 F1000
G1 A64.765 F1000
G1 X48.227 Y-128.707 Z350.739 F1000
G1 A57.491 F1000
G1 X48.227 Y-128.707 Z370.739 F1000
G1 A49.568 F1000
G1 X48.227 Y-128.707 Z390.739 F1000
G1 A40.566 F1000
G1 X48.227 Y-128.707 Z410.739 F1000
G1 A29.451 F1000
G1 X48.227 Y-128.707 Z430.739 F1000
G1 A10.923 F1000
G1 X48.227 Y-128.707 Z450.739 F1000
G1 A0.0 F1000
G1 X48.227 Y-128.707 Z470.739 F1000
G1 A65.207 F1000
G1 X28.227 Y-88.707 Z490.739 F1000
G1 A90 F1000
G1 X28.227 Y-88.707 Z510.739 F1000
G1 A64.402 F1000
G1 X8.227 Y-48.707 Z530.739 F1000
G1 A67.564 F1000
G1 X0.454 Y-0.891 Z550.739 F1000
G1 X136.197 Y-267.302 F8000
M992
G3 X159.479 Y-254.1 I-136.197 J267.302 F8000
G1 Z270.739 F8000
M991
G1 A84.664 F1000
G1 X68.227 Y-108.707 Z270.739 F1000
G1 A84.664 F1000
G1 X88.227 Y-148.707 Z290.739 F1000
G1 A78.223 F1000
G1 X88.227 Y-148.707 Z310.739 F1000
G1 A71.626 F1000
G1 X88.227 Y-148.707 Z330.739 F1000
G1 A64.765 F1000
G1 X88.227 Y-148.707 Z350.739 F1000
G1 A57.491 F1000
G1 X88.227 Y-148.707 Z370.739 F1000
G1 A49.568 F1000
G1 X88.227 Y-148.707 Z390.739 F1000
G1 A40.566 F1000
G1 X88.227 Y-148.707 Z410.739 F1000
G1 A29.451 F1000
G1 X88.227 Y-148.707 Z430.739 F1000
G1 A10.923 F1000
G1 X88.227 Y-148.707 Z450.739 F1000
G1 A0.0 F1000
G1 X88.227 Y-148.707 Z470.739 F1000
G1 A0.0 F1000
G1 X88.227 Y-148.707 Z490.739 F1000
G1 A65.577 F1000
G1 X68.227 Y-108.707 Z510.739 F1000
G1 A74.421 F1000
G1 X28.227 Y-48.707 Z530.739 F1000
G1 A70.117 F1000
G1 X0.588 Y-0.809 Z550.739 F1000
G1 X176.336 Y-242.705 F8000
M992
G3 X211.662 Y-212.601 I-176.336 J242.705 F8000
G1 Z270.739 F8000
M991
G1 A84.664 F1000
G1 X108.227 Y-108.707 Z270.739 F1000
G1 A84.664 F1000
G1 X108.227 Y-108.707 Z290.739 F1000
G1 A78.223 F1000
G1 X128.227 Y-128.707 Z310.739 F1000
G1 A71.626 F1000
G1 X128.227 Y-128.707 Z330.739 F1000
G1 A64.765 F1000
G1 X128.227 Y-128.707 Z350.739 F1000
G1 A57.491 F1000
G1 X128.227 Y-128.707 Z370.739 F1000
G1 A49.568 F1000
G1 X128.227 Y-128.707 Z390.739 F1000
G1 A40.566 F1000
G1 X128.227 Y-128.707 Z410.739 F1000
G1 A29.451 F1000
G1 X128.227 Y-128.707 Z430.739 F1000
G1 A10.923 F1000
G1 X128.227 Y-128.707 Z450.739 F1000
G1 A0.0 F1000
G1 X128.227 Y-128.707 Z470.739 F1000
G1 A54.735 F1000
G1 X108.227 Y-108.707 Z490.739 F1000
G1 A0.0 F1000
G1 X108.227 Y-108.707 Z510.739 F1000
G1 A70.528 F1000
G1 X68.227 Y-68.707 Z530.739 F1000
G1 A70.528 F1000
G1 X28.227 Y-28.707 Z550.739 F1000
G1 X210.336 Y-213.913 F8000
M992
G3 X253.273 Y-160.788 I-210.336 J213.913 F8000
G1 Z290.739 F8000
M991
G1 A78.223 F1000
G1 X108.227 Y-68.707 Z290.739 F1000
G1 A78.223 F1000
G1 X128.227 Y-88.707 Z310.739 F1000
G1 A71.626 F1000
G1 X128.227 Y-88.707 Z330.739 F1000
G1 A64.765 F1000
G1 X128.227 Y-88.707 Z350.739 F1000
G1 A57.491 F1000
G1 X128.227 Y-88.707 Z370.739 F1000
G1 A53.444 F1000
G1 X108.227 Y-68.707 Z390.739 F1000
G1 A40.566 F1000
G1 X108.227 Y-68.707 Z410.739 F1000
G1 A29.451 F1000
G1 X108.227 Y-68.707 Z430.739 F1000
G1 A10.923 F1000
G1 X108.227 Y-68.707 Z450.739 F1000
G1 A0.0 F1000
G1 X108.227 Y-68.707 Z470.739 F1000
G1 A0.0 F1000
G1 X108.227 Y-68.707 Z490.739 F1000
G1 A52.831 F1000
G1 X88.227 Y-48.707 Z510.739 F1000
G1 A65.799 F1000
G1 X48.227 Y-28.707 Z530.739 F1000
G1 A70.06 F1000
G1 X0.809 Y-0.588 Z550.739 F1000
G1 X242.705 Y-176.336 F8000
M992
G3 X280.449 Y-106.529 I-242.705 J176.336 F8000
G1 Z270.739 F8000
M991
G1 A84.664 F1000
G1 X128.227 Y-48.707 Z270.739 F1000
G1 A84.664 F1000
G1 X148.227 Y-68.707 Z290.739 F1000
G1 A78.223 F1000
G1 X148.227 Y-68.707 Z310.739 F1000
G1 A71.626 F1000
G1 X148.227 Y-68.707 Z330.739 F1000
G1 A64.765 F1000
G1 X148.227 Y-68.707 Z350.739 F1000
G1 A57.491 F1000
G1 X148.227 Y-68.707 Z370.739 F1000
G1 A49.568 F1000
G1 X148.227 Y-68.707 Z390.739 F1000
G1 A40.566 F1000
G1 X148.227 Y-68.707 Z410.739 F1000
G1 A29.451 F1000
G1 X148.227 Y-68.707 Z430.739 F1000
G1 A10.923 F1000
G1 X148.227 Y-68.707 Z450.739 F1000
G1 A0.0 F1000
G1 X148.227 Y-68.707 Z470.739 F1000
G1 A0.0 F1000
G1 X148.227 Y-68.707 Z490.739 F1000
G1 A50.051 F1000
G1 X128.227 Y-48.707 Z510.739 F1000
G1 A65.265 F1000
G1 X88.227 Y-28.707 Z530.739 F1000
G1 A77.708 F1000
G1 X0.891 Y-0.454 Z550.739 F1000
G1 X267.302 Y-136.197 F8000
M992
G3 X299.034 Y-24.058 I-267.302 J136.197 F8000
G1 Z270.739 F8000
M991
G1 A90 F1000
G1 X108.227 Y-8.707 Z270.739 F1000
G1 A90 F1000
G1 X128.227 Y-28.707 Z290.739 F1000
G1 A78.223 F1000
G1 X128.227 Y-28.707 Z310.739 F1000
G1 A71.626 F1000
G1 X148.227 Y-28.707 Z330.739 F1000
G1 A64.765 F1000
G1 X148.227 Y-28.707 Z350.739 F1000
G1 A57.491 F1000
G1 X148.227 Y-28.707 Z370.739 F1000
G1 A49.568 F1000
G1 X148.227 Y-28.707 Z390.739 F1000
G1 A40.566 F1000
G1 X148.227 Y-28.707 Z410.739 F1000
G1 A29.451 F1000
G1 X148.227 Y-28.707 Z430.739 F1000
G1 A43.964 F1000
G1 X128.227 Y-28.707 Z450.739 F1000
G1 A0.0 F1000
G1 X128.227 Y-28.707 Z470.739 F1000
G1 A43.593 F1000
G1 X108.227 Y-8.707 Z490.739 F1000
G1 A90 F1000
G1 X108.227 Y-8.707 Z510.739 F1000
G1 A63.068 F1000
G1 X68.227 Y-8.707 Z530.739 F1000
G1 A73.564 F1000
G1 X0.951 Y-0.309 Z550.739 F1000
G1 X285.317 Y-92.705 F8000
M992
G3 X298.38 Y31.134 I-285.317 J92.705 F8000
G1 Z270.739 F8000
M991
G1 A90 F1000
G1 X108.227 Y11.293 Z270.739 F1000
G1 A90 F1000
G1 X128.227 Y-8.707 Z290.739 F1000
G1 A78.223 F1000
G1 X168.227 Y-8.707 Z310.739 F1000
G1 A71.626 F1000
G1 X168.227 Y-8.707 Z330.739 F1000
G1 A64.765 F1000
G1 X168.227 Y-8.707 Z350.739 F1000
G1 A57.491 F1000
G1 X168.227 Y-8.707 Z370.739 F1000
G1 A49.568 F1000
G1 X168.227 Y-8.707 Z390.739 F1000
G1 A40.566 F1000
G1 X168.227 Y-8.707 Z410.739 F1000
G1 A29.451 F1000
G1 X168.227 Y-8.707 Z430.739 F1000
G1 A63.282 F1000
G1 X128.227 Y-8.707 Z450.739 F1000
G1 A0.0 F1000
G1 X128.227 Y-8.707 Z470.739 F1000
G1 A37.962 F1000
G1 X108.227 Y11.293 Z490.739 F1000
G1 A62.823 F1000
G1 X68.227 Y11.293 Z510.739 F1000
G1 A90 F1000
G1 X68.227 Y11.293 Z530.739 F1000
G1 A73.655 F1000
G1 X0.988 Y-0.156 Z550.739 F1000
G1 X296.307 Y-46.93 F8000
M992
G3 X298.843 Y26.319 I-296.307 J46.93 F8000
G1 Z290.739 F8000
M991
G1 A78.223 F1000
G1 X128.227 Y11.293 Z290.739 F1000
G1 A78.223 F1000
G1 X148.227 Y11.293 Z310.739 F1000
G1 A71.626 F1000
G1 X148.227 Y11.293 Z330.739 F1000
G1 A64.765 F1000
G1 X148.227 Y11.293 Z350.739 F1000
G1 A57.491 F1000
G1 X148.227 Y11.293 Z370.739 F1000
G1 A49.568 F1000
G1 X148.227 Y11.293 Z390.739 F1000
G1 A40.566 F1000
G1 X148.227 Y11.293 Z410.739 F1000
G1 A29.451 F1000
G1 X148.227 Y11.293 Z430.739 F1000
G1 A44.835 F1000
G1 X128.227 Y11.293 Z450.739 F1000
G1 A0.0 F1000
G1 X128.227 Y11.293 Z470.739 F1000
G1 A62.996 F1000
G1 X88.227 Y11.293 Z490.739 F1000
G1 A62.522 F1000
G1 X48.227 Y11.293 Z510.739 F1000
G1 A90 F1000
G1 X48.227 Y11.293 Z530.739 F1000
G1 A67.613 F1000
G1 X1.0 Y-0.0 Z550.739 F1000
G1 X300.0 Y-0.0 F8000
M992
G3 X283.506 Y98.105 I-300.0 J0.0 F8000
G1 Z270.739 F8000
M991
G1 A84.664 F1000
G1 X148.227 Y51.293 Z270.739 F1000
G1 A84.664 F1000
G1 X148.227 Y51.293 Z290.739 F1000
G1 A78.223 F1000
G1 X148.227 Y51.293 Z310.739 F1000
G1 A71.626 F1000
G1 X148.227 Y51.293 Z330.739 F1000
G1 A64.765 F1000
G1 X148.227 Y51.293 Z350.739 F1000
G1 A57.491 F1000
G1 X148.227 Y51.293 Z370.739 F1000
G1 A49.568 F1000
G1 X148.227 Y51.293 Z390.739 F1000
G1 A40.566 F1000
G1 X148.227 Y51.293 Z410.739 F1000
G1 A29.451 F1000
G1 X148.227 Y51.293 Z430.739 F1000
G1 A10.923 F1000
G1 X148.227 Y51.293 Z450.739 F1000
G1 A41.931 F1000
G1 X128.227 Y51.293 Z470.739 F1000
G1 A48.632 F1000
G1 X108.227 Y31.293 Z490.739 F1000
G1 A0.0 F1000
G1 X108.227 Y31.293 Z510.739 F1000
G1 A59.23 F1000
G1 X68.227 Y31.293 Z530.739 F1000
G1 A74.894 F1000
G1 X0.988 Y0.156 Z550.739 F1000
G1 X296.307 Y46.93 F8000
M992
G3 X270.354 Y130.033 I-296.307 J-46.93 F8000
G1 Z270.739 F8000
M991
G1 A84.664 F1000
G1 X148.227 Y71.293 Z270.739 F1000
G1 A84.664 F1000
G1 X188.227 Y91.293 Z290.739 F1000
G1 A78.223 F1000
G1 X208.227 Y91.293 Z310.739 F1000
G1 A71.626 F1000
G1 X208.227 Y91.293 Z330.739 F1000
G1 A64.765 F1000
G1 X208.227 Y91.293 Z350.739 F1000
G1 A57.491 F1000
G1 X208.227 Y91.293 Z370.739 F1000
G1 A49.568 F1000
G1 X208.227 Y91.293 Z390.739 F1000
G1 A40.566 F1000
G1 X208.227 Y91.293 Z410.739 F1000
G1 A40.361 F1000
G1 X188.227 Y91.293 Z430.739 F1000
G1 A10.923 F1000
G1 X188.227 Y91.293 Z450.739 F1000
G1 A65.896 F1000
G1 X148.227 Y71.293 Z470.739 F1000
G1 A65.89 F1000
G1 X108.227 Y51.293 Z490.739 F1000
G1 A0.0 F1000
G1 X108.227 Y51.293 Z510.739 F1000
G1 A71.175 F1000
G1 X48.227 Y31.293 Z530.739 F1000
G1 A70.513 F1000
G1 X0.951 Y0.309 Z550.739 F1000
G1 X285.317 Y92.705 F8000
M992
G3 X244.388 Y173.995 I-285.317 J-92.705 F8000
G1 Z270.739 F8000
M991
G1 A84.664 F1000
G1 X128.227 Y91.293 Z270.739 F1000
G1 A84.664 F1000
G1 X128.227 Y91.293 Z290.739 F1000
G1 A78.223 F1000
G1 X128.227 Y91.293 Z310.739 F1000
G1 A71.626 F1000
G1 X168.227 Y111.293 Z330.739 F1000
G1 A64.765 F1000
G1 X168.227 Y111.293 Z350.739 F1000
G1 A57.491 F1000
G1 X168.227 Y111.293 Z370.739 F1000
G1 A49.568 F1000
G1 X168.227 Y111.293 Z390.739 F1000
G1 A40.566 F1000
G1 X168.227 Y111.293 Z410.739 F1000
G1 A29.451 F1000
G1 X168.227 Y111.293 Z430.739 F1000
G1 A64.988 F1000
G1 X128.227 Y91.293 Z450.739 F1000
G1 A0.0 F1000
G1 X128.227 Y91.293 Z470.739 F1000
G1 A0.0 F1000
G1 X128.227 Y91.293 Z490.739 F1000
G1 A74.621 F1000
G1 X48.227 Y51.293 Z510.739 F1000
G1 A28.971 F1000
G1 X28.227 Y51.293 Z530.739 F1000
G1 A70.882 F1000
G1 X0.891 Y0.454 Z550.739 F1000
G1 X267.302 Y136.197 F8000
M992
G3 X208.479 Y215.723 I-267.302 J-136.197 F8000
G1 Z290.739 F8000
M991
G1 A78.223 F1000
G1 X88.227 Y91.293 Z290.739 F1000
G1 A78.223 F1000
G1 X148.227 Y131.293 Z310.739 F1000
G1 A71.626 F1000
G1 X148.227 Y131.293 Z330.739 F1000
G1 A64.765 F1000
G1 X148.227 Y131.293 Z350.739 F1000
G1 A57.491 F1000
G1 X148.227 Y131.293 Z370.739 F1000
G1 A49.568 F1000
G1 X148.227 Y131.293 Z390.739 F1000
G1 A40.566 F1000
G1 X148.227 Y131.293 Z410.739 F1000
G1 A29.451 F1000
G1 X148.227 Y131.293 Z430.739 F1000
G1 A10.923 F1000
G1 X148.227 Y131.293 Z450.739 F1000
G1 A72.671 F1000
G1 X88.227 Y91.293 Z470.739 F1000
G1 A0.0 F1000
G1 X88.227 Y91.293 Z490.739 F1000
G1 A59.426 F1000
G1 X48.227 Y71.293 Z510.739 F1000
G1 A67.778 F1000
G1 X8.227 Y31.293 Z530.739 F1000
G1 A57.642 F1000
G1 X0.809 Y0.588 Z550.739 F1000
G1 X242.705 Y176.336 F8000
M992
G3 X186.367 Y235.09 I-242.705 J-176.336 F8000
G1 Z250.739 F8000
M991
G1 A91.038 F1000
G1 X88.227 Y111.293 Z250.739 F1000
G1 A91.038 F1000
G1 X108.227 Y131.293 Z270.739 F1000
G1 A84.664 F1000
G1 X108.227 Y131.293 Z290.739 F1000
G1 A78.223 F1000
G1 X128.227 Y151.293 Z310.739 F1000
G1 A71.626 F1000
G1 X128.227 Y151.293 Z330.739 F1000
G1 A64.765 F1000
G1 X148.227 Y171.293 Z350.739 F1000
G1 A57.491 F1000
G1 X148.227 Y171.293 Z370.739 F1000
G1 A49.568 F1000
G1 X148.227 Y171.293 Z390.739 F1000
G1 A40.566 F1000
G1 X148.227 Y171.293 Z410.739 F1000
G1 A29.451 F1000
G1 X148.227 Y171.293 Z430.739 F1000
G1 A54.526 F1000
G1 X128.227 Y151.293 Z450.739 F1000
G1 A54.462 F1000
G1 X108.227 Y131.293 Z470.739 F1000
G1 A0.0 F1000
G1 X108.227 Y131.293 Z490.739 F1000
G1 A54.364 F1000
G1 X88.227 Y111.293 Z510.739 F1000
G1 A79.608 F1000
G1 X-11.773 Y11.293 Z530.739 F1000
G1 A90 F1000
G1 X-11.773 Y11.293 Z550.739 F1000
G1 X-216.501 Y207.672 F8000
M992
G3 X119.282 Y275.267 I216.501 J-207.672 F8000
G1 Z290.739 F8000
M991
G1 A78.223 F1000
G1 X48.227 Y111.293 Z290.739 F1000
G1 A78.223 F1000
G1 X48.227 Y111.293 Z310.739 F1000
G1 A71.626 F1000
G1 X68.227 Y131.293 Z330.739 F1000
G1 A64.765 F1000
G1 X68.227 Y131.293 Z350.739 F1000
G1 A57.491 F1000
G1 X68.227 Y131.293 Z370.739 F1000
G1 A49.568 F1000
G1 X88.227 Y151.293 Z390.739 F1000
G1 A40.566 F1000
G1 X88.227 Y151.293 Z410.739 F1000
G1 A29.451 F1000
G1 X88.227 Y151.293 Z430.739 F1000
G1 A52.147 F1000
G1 X68.227 Y131.293 Z450.739 F1000
G1 A51.126 F1000
G1 X48.227 Y111.293 Z470.739 F1000
G1 A0.0 F1000
G1 X48.227 Y111.293 Z490.739 F1000
G1 A65.714 F1000
G1 X28.227 Y71.293 Z510.739 F1000
G1 A59.913 F1000
G1 X-11.773 Y31.293 Z530.739 F1000
G1 A41.439 F1000
G1 X-11.773 Y11.293 Z550.739 F1000
G1 X-216.501 Y207.672 F8000
M992
G3 X73.753 Y290.793 I216.501 J-207.672 F8000
G1 Z270.739 F8000
M991
G1 A84.664 F1000
G1 X28.227 Y111.293 Z270.739 F1000
G1 A84.664 F1000
G1 X48.227 Y131.293 Z290.739 F1000
G1 A78.223 F1000
G1 X48.227 Y131.293 Z310.739 F1000
G1 A71.626 F1000
G1 X48.227 Y151.293 Z330.739 F1000
G1 A64.765 F1000
G1 X48.227 Y151.293 Z350.739 F1000
G1 A57.491 F1000
G1 X48.227 Y151.293 Z370.739 F1000
G1 A49.568 F1000
G1 X48.227 Y151.293 Z390.739 F1000
G1 A40.566 F1000
G1 X48.227 Y151.293 Z410.739 F1000
G1 A29.451 F1000
G1 X48.227 Y151.293 Z430.739 F1000
G1 A42.354 F1000
G1 X48.227 Y131.293 Z450.739 F1000
G1 A47.818 F1000
G1 X28.227 Y111.293 Z470.739 F1000
G1 A0.0 F1000
G1 X28.227 Y111.293 Z490.739 F1000
G1 A63.101 F1000
G1 X8.227 Y71.293 Z510.739 F1000
G1 A68.929 F1000
G1 X-11.773 Y11.293 Z530.739 F1000
G1 A90 F1000
G1 X-11.773 Y11.293 Z550.739 F1000
G1 X-216.501 Y207.672 F8000
M992
G3 X55.022 Y294.911 I216.501 J-207.672 F8000
G1 Z270.739 F8000
M991
G1 A84.664 F1000
G1 X28.227 Y151.293 Z270.739 F1000
G1 A84.664 F1000
G1 X28.227 Y191.293 Z290.739 F1000
G1 A78.223 F1000
G1 X28.227 Y191.293 Z310.739 F1000
G1 A71.626 F1000
G1 X48.227 Y231.293 Z330.739 F1000
G1 A64.765 F1000
G1 X48.227 Y231.293 Z350.739 F1000
G1 A57.491 F1000
G1 X48.227 Y231.293 Z370.739 F1000
G1 A49.568 F1000
G1 X48.227 Y231.293 Z390.739 F1000
G1 A40.566 F1000
G1 X48.227 Y231.293 Z410.739 F1000
G1 A29.451 F1000
G1 X48.227 Y231.293 Z430.739 F1000
G1 A61.962 F1000
G1 X28.227 Y191.293 Z450.739 F1000
G1 A62.233 F1000
G1 X28.227 Y151.293 Z470.739 F1000
G1 A42.334 F1000
G1 X8.227 Y131.293 Z490.739 F1000
G1 A63.212 F1000
G1 X8.227 Y91.293 Z510.739 F1000
G1 A73.772 F1000
G1 X-11.773 Y11.293 Z530.739 F1000
G1 A90 F1000
G1 X-11.773 Y11.293 Z550.739 F1000
G1 X-216.501 Y207.672 F8000
M992
G3 X11.672 Y299.773 I216.501 J-207.672 F8000
G1 Z270.739 F8000
M991
G1 A84.664 F1000
G1 X8.227 Y211.293 Z270.739 F1000
G1 A84.664 F1000
G1 X8.227 Y211.293 Z290.739 F1000
G1 A78.223 F1000
G1 X8.227 Y231.293 Z310.739 F1000
G1 A71.626 F1000
G1 X8.227 Y231.293 Z330.739 F1000
G1 A64.765 F1000
G1 X8.227 Y231.293 Z350.739 F1000
G1 A57.491 F1000
G1 X8.227 Y231.293 Z370.739 F1000
G1 A49.568 F1000
G1 X8.227 Y231.293 Z390.739 F1000
G1 A40.566 F1000
G1 X8.227 Y231.293 Z410.739 F1000
G1 A29.451 F1000
G1 X8.227 Y231.293 Z430.739 F1000
G1 A44.964 F1000
G1 X8.227 Y211.293 Z450.739 F1000
G1 A71.435 F1000
G1 X8.227 Y151.293 Z470.739 F1000
G1 A56.873 F1000
G1 X-11.773 Y111.293 Z490.739 F1000
G1 A62.806 F1000
G1 X-11.773 Y71.293 Z510.739 F1000
G1 A69.391 F1000
G1 X-11.773 Y11.293 Z530.739 F1000
G1 A90 F1000
G1 X-11.773 Y11.293 Z550.739 F1000
G1 X-216.501 Y207.672 F8000
M992
G3 X-23.274 Y299.096 I216.501 J-207.672 F8000
G1 Z270.739 F8000
M991
G1 A84.664 F1000
G1 X-11.773 Y151.293 Z270.739 F1000
G1 A84.664 F1000
G1 X-11.773 Y151.293 Z290.739 F1000
G1 A78.223 F1000
G1 X-11.773 Y171.293 Z310.739 F1000
G1 A71.626 F1000
G1 X-11.773 Y171.293 Z330.739 F1000
G1 A64.765 F1000
G1 X-11.773 Y171.293 Z350.739 F1000
G1 A57.491 F1000
G1 X-11.773 Y171.293 Z370.739 F1000
G1 A49.568 F1000
G1 X-11.773 Y171.293 Z390.739 F1000
G1 A40.566 F1000
G1 X-11.773 Y171.293 Z410.739 F1000
G1 A29.451 F1000
G1 X-11.773 Y171.293 Z430.739 F1000
G1 A44.865 F1000
G1 X-11.773 Y151.293 Z450.739 F1000
G1 A44.828 F1000
G1 X-11.773 Y131.293 Z470.739 F1000
G1 A44.771 F1000
G1 X-11.773 Y111.293 Z490.739 F1000
G1 A70.634 F1000
G1 X-11.773 Y51.293 Z510.739 F1000
G1 A60.664 F1000
G1 X-11.773 Y11.293 Z530.739 F1000
G1 A90 F1000
G1 X-11.773 Y11.293 Z550.739 F1000
G1 X-216.501 Y207.672 F8000
M992
G3 X-97.131 Y283.841 I216.501 J-207.672 F8000
G1 Z270.739 F8000
M991
G1 A84.664 F1000
G1 X-51.773 Y151.293 Z270.739 F1000
G1 A84.664 F1000
G1 X-51.773 Y151.293 Z290.739 F1000
G1 A78.223 F1000
G1 X-51.773 Y211.293 Z310.739 F1000
G1 A71.626 F1000
G1 X-51.773 Y211.293 Z330.739 F1000
G1 A64.765 F1000
G1 X-51.773 Y211.293 Z350.739 F1000
G1 A57.491 F1000
G1 X-51.773 Y231.293 Z370.739 F1000
G1 A49.568 F1000
G1 X-51.773 Y231.293 Z390.739 F1000
G1 A40.566 F1000
G1 X-51.773 Y231.293 Z410.739 F1000
G1 A43.633 F1000
G1 X-51.773 Y211.293 Z430.739 F1000
G1 A10.923 F1000
G1 X-51.773 Y211.293 Z450.739 F1000
G1 A67.135 F1000
G1 X-51.773 Y151.293 Z470.739 F1000
G1 A64.782 F1000
G1 X-31.773 Y111.293 Z490.739 F1000
G1 A42.839 F1000
G1 X-31.773 Y91.293 Z510.739 F1000
G1 A57.643 F1000
G1 X-31.773 Y51.293 Z530.739 F1000
G1 A65.381 F1000
G1 X-11.773 Y11.293 Z550.739 F1000
G1 X-216.501 Y207.672 F8000
M992
G3 X-110.052 Y279.085 I216.501 J-207.672 F8000
G1 Z250.739 F8000
M991
G1 A91.038 F1000
G1 X-51.773 Y131.293 Z250.739 F1000
G1 A91.038 F1000
G1 X-51.773 Y131.293 Z270.739 F1000
G1 A84.664 F1000
G1 X-51.773 Y131.293 Z290.739 F1000
G1 A78.223 F1000
G1 X-71.773 Y151.293 Z310.739 F1000
G1 A71.626 F1000
G1 X-71.773 Y151.293 Z330.739 F1000
G1 A64.765 F1000
G1 X-71.773 Y191.293 Z350.739 F1000
G1 A57.491 F1000
G1 X-71.773 Y191.293 Z370.739 F1000
G1 A49.568 F1000
G1 X-71.773 Y191.293 Z390.739 F1000
G1 A40.566 F1000
G1 X-71.773 Y191.293 Z410.739 F1000
G1 A29.451 F1000
G1 X-71.773 Y191.293 Z430.739 F1000
G1 A56.869 F1000
G1 X-71.773 Y151.293 Z450.739 F1000
G1 A0.0 F1000
G1 X-71.773 Y151.293 Z470.739 F1000
G1 A50.272 F1000
G1 X-51.773 Y131.293 Z490.739 F1000
G1 A56.312 F1000
G1 X-51.773 Y91.293 Z510.739 F1000
G1 A69.318 F1000
G1 X-31.773 Y31.293 Z530.739 F1000
G1 A54.733 F1000
G1 X-11.773 Y11.293 Z550.739 F1000
G1 X-216.501 Y207.672 F8000
M992
G3 X-162.592 Y252.119 I216.501 J-207.672 F8000
G1 Z270.739 F8000
M991
G1 A84.664 F1000
G1 X-71.773 Y111.293 Z270.739 F1000
G1 A84.664 F1000
G1 X-71.773 Y111.293 Z290.739 F1000
G1 A78.223 F1000
G1 X-71.773 Y111.293 Z310.739 F1000
G1 A71.626 F1000
G1 X-71.773 Y111.293 Z330.739 F1000
G1 A64.765 F1000
G1 X-91.773 Y131.293 Z350.739 F1000
G1 A57.491 F1000
G1 X-91.773 Y131.293 Z370.739 F1000
G1 A49.568 F1000
G1 X-91.773 Y131.293 Z390.739 F1000
G1 A40.566 F1000
G1 X-91.773 Y131.293 Z410.739 F1000
G1 A29.451 F1000
G1 X-91.773 Y131.293 Z430.739 F1000
G1 A10.923 F1000
G1 X-91.773 Y131.293 Z450.739 F1000
G1 A53.512 F1000
G1 X-71.773 Y111.293 Z470.739 F1000
G1 A0.0 F1000
G1 X-71.773 Y111.293 Z490.739 F1000
G1 A36.459 F1000
G1 X-71.773 Y91.293 Z510.739 F1000
G1 A54.165 F1000
G1 X-51.773 Y71.293 Z530.739 F1000
G1 A74.333 F1000
G1 X-11.773 Y11.293 Z550.739 F1000
G1 X-216.501 Y207.672 F8000
M992
G3 X-185.415 Y235.842 I216.501 J-207.672 F8000
G1 Z270.739 F8000
M991
G1 A84.664 F1000
G1 X-71.773 Y91.293 Z270.739 F1000
G1 A84.664 F1000
G1 X-91.773 Y111.293 Z290.739 F1000
G1 A78.223 F1000
G1 X-91.773 Y111.293 Z310.739 F1000
G1 A71.626 F1000
G1 X-91.773 Y111.293 Z330.739 F1000
G1 A64.765 F1000
G1 X-91.773 Y111.293 Z350.739 F1000
G1 A57.491 F1000
G1 X-91.773 Y111.293 Z370.739 F1000
G1 A49.568 F1000
G1 X-91.773 Y111.293 Z390.739 F1000
G1 A40.566 F1000
G1 X-91.773 Y111.293 Z410.739 F1000
G1 A29.451 F1000
G1 X-91.773 Y111.293 Z430.739 F1000
G1 A10.923 F1000
G1 X-91.773 Y111.293 Z450.739 F1000
G1 A0.0 F1000
G1 X-91.773 Y111.293 Z470.739 F1000
G1 A0.0 F1000
G1 X-91.773 Y111.293 Z490.739 F1000
G1 A62.832 F1000
G1 X-71.773 Y71.293 Z510.739 F1000
G1 A76.736 F1000
G1 X-11.773 Y11.293 Z530.739 F1000
G1 A90 F1000
G1 X-11.773 Y11.293 Z550.739 F1000
G1 X-216.501 Y207.672 F8000
M992
G3 X-212.588 Y211.675 I216.501 J-207.672 F8000
G1 Z290.739 F8000
M991
G1 A78.223 F1000
G1 X-111.773 Y111.293 Z290.739 F1000
G1 A78.223 F1000
G1 X-111.773 Y111.293 Z310.739 F1000
G1 A71.626 F1000
G1 X-111.773 Y111.293 Z330.739 F1000
G1 A64.765 F1000
G1 X-111.773 Y111.293 Z350.739 F1000
G1 A57.491 F1000
G1 X-111.773 Y111.293 Z370.739 F1000
G1 A49.568 F1000
G1 X-111.773 Y111.293 Z390.739 F1000
G1 A40.566 F1000
G1 X-111.773 Y111.293 Z410.739 F1000
G1 A29.451 F1000
G1 X-111.773 Y111.293 Z430.739 F1000
G1 A10.923 F1000
G1 X-111.773 Y111.293 Z450.739 F1000
G1 A0.0 F1000
G1 X-111.773 Y111.293 Z470.739 F1000
G1 A0.0 F1000
G1 X-111.773 Y111.293 Z490.739 F1000
G1 A76.737 F1000
G1 X-51.773 Y51.293 Z510.739 F1000
G1 A70.527 F1000
G1 X-11.773 Y11.293 Z530.739 F1000
G1 A90 F1000
G1 X-11.773 Y11.293 Z550.739 F1000
G1 X-216.501 Y207.672 F8000
M992
G3 X-232.348 Y189.775 I216.501 J-207.672 F8000
G1 Z290.739 F8000
M991
G1 A78.223 F1000
G1 X-111.773 Y91.293 Z290.739 F1000
G1 A78.223 F1000
G1 X-111.773 Y91.293 Z310.739 F1000
G1 A71.626 F1000
G1 X-171.773 Y131.293 Z330.739 F1000
G1 A64.765 F1000
G1 X-171.773 Y131.293 Z350.739 F1000
G1 A57.491 F1000
G1 X-171.773 Y131.293 Z370.739 F1000
G1 A49.568 F1000
G1 X-171.773 Y131.293 Z390.739 F1000
G1 A40.566 F1000
G1 X-171.773 Y131.293 Z410.739 F1000
G1 A29.451 F1000
G1 X-171.773 Y131.293 Z430.739 F1000
G1 A10.923 F1000
G1 X-171.773 Y131.293 Z450.739 F1000
G1 A0.0 F1000
G1 X-171.773 Y131.293 Z470.739 F1000
G1 A74.073 F1000
G1 X-111.773 Y91.293 Z490.739 F1000
G1 A54.329 F1000
G1 X-91.773 Y71.293 Z510.739 F1000
G1 A78.649 F1000
G1 X-11.773 Y11.293 Z530.739 F1000
G1 A90 F1000
G1 X-11.773 Y11.293 Z550.739 F1000
G1 X-216.501 Y207.672 F8000
M992
G3 X-252.93 Y161.328 I216.501 J-207.672 F8000
G1 Z270.739 F8000
M991
G1 A84.664 F1000
G1 X-111.773 Y71.293 Z270.739 F1000
G1 A84.664 F1000
G1 X-111.773 Y71.293 Z290.739 F1000
G1 A78.223 F1000
G1 X-151.773 Y91.293 Z310.739 F1000
G1 A71.626 F1000
G1 X-151.773 Y91.293 Z330.739 F1000
G1 A64.765 F1000
G1 X-151.773 Y91.293 Z350.739 F1000
G1 A57.491 F1000
G1 X-151.773 Y91.293 Z370.739 F1000
G1 A49.568 F1000
G1 X-151.773 Y91.293 Z390.739 F1000
G1 A40.566 F1000
G1 X-151.773 Y91.293 Z410.739 F1000
G1 A29.451 F1000
G1 X-151.773 Y91.293 Z430.739 F1000
G1 A10.923 F1000
G1 X-151.773 Y91.293 Z450.739 F1000
G1 A0.0 F1000
G1 X-151.773 Y91.293 Z470.739 F1000
G1 A0.0 F1000
G1 X-151.773 Y91.293 Z490.739 F1000
G1 A0.0 F1000
G1 X-151.773 Y91.293 Z510.739 F1000
G1 A65.52 F1000
G1 X-111.773 Y71.293 Z530.739 F1000
G1 A80.144 F1000
G1 X-11.773 Y11.293 Z550.739 F1000
G1 X-216.501 Y207.672 F8000
M992
G3 X-279.567 Y108.822 I216.501 J-207.672 F8000
G1 Z270.739 F8000
M991
G1 A84.664 F1000
G1 X-131.773 Y51.293 Z270.739 F1000
G1 A84.664 F1000
G1 X-131.773 Y51.293 Z290.739 F1000
G1 A78.223 F1000
G1 X-131.773 Y51.293 Z310.739 F1000
G1 A71.626 F1000
G1 X-171.773 Y71.293 Z330.739 F1000
G1 A64.765 F1000
G1 X-171.773 Y71.293 Z350.739 F1000
G1 A57.491 F1000
G1 X-211.773 Y91.293 Z370.739 F1000
G1 A49.568 F1000
G1 X-211.773 Y91.293 Z390.739 F1000
G1 A40.566 F1000
G1 X-211.773 Y91.293 Z410.739 F1000
G1 A29.451 F1000
G1 X-211.773 Y91.293 Z430.739 F1000
G1 A10.923 F1000
G1 X-211.773 Y91.293 Z450.739 F1000
G1 A65.701 F1000
G1 X-171.773 Y71.293 Z470.739 F1000
G1 A0.0 F1000
G1 X-171.773 Y71.293 Z490.739 F1000
G1 A65.591 F1000
G1 X-131.773 Y51.293 Z510.739 F1000
G1 A41.22 F1000
G1 X-111.773 Y51.293 Z530.739 F1000
G1 A79.105 F1000
G1 X-11.773 Y11.293 Z550.739 F1000
G1 X-216.501 Y207.672 F8000
M992
G3 X-291.883 Y69.315 I216.501 J-207.672 F8000
G1 Z270.739 F8000
M991
G1 A84.664 F1000
G1 X-131.773 Y31.293 Z270.739 F1000
G1 A84.664 F1000
G1 X-131.773 Y31.293 Z290.739 F1000
G1 A78.223 F1000
G1 X-151.773 Y51.293 Z310.739 F1000
G1 A71.626 F1000
G1 X-151.773 Y51.293 Z330.739 F1000
G1 A64.765 F1000
G1 X-171.773 Y51.293 Z350.739 F1000
G1 A57.491 F1000
G1 X-171.773 Y51.293 Z370.739 F1000
G1 A49.568 F1000
G1 X-171.773 Y51.293 Z390.739 F1000
G1 A40.566 F1000
G1 X-171.773 Y51.293 Z410.739 F1000
G1 A29.451 F1000
G1 X-171.773 Y51.293 Z430.739 F1000
G1 A10.923 F1000
G1 X-171.773 Y51.293 Z450.739 F1000
G1 A0.0 F1000
G1 X-171.773 Y51.293 Z470.739 F1000
G1 A42.652 F1000
G1 X-151.773 Y51.293 Z490.739 F1000
G1 A47.038 F1000
G1 X-131.773 Y31.293 Z510.739 F1000
G1 A60.485 F1000
G1 X-91.773 Y31.293 Z530.739 F1000
G1 A75.564 F1000
G1 X-11.773 Y11.293 Z550.739 F1000
G1 X-216.501 Y207.672 F8000
M992
G3 X-298.904 Y25.616 I216.501 J-207.672 F8000
G1 Z270.739 F8000
M991
G1 A84.664 F1000
G1 X-131.773 Y11.293 Z270.739 F1000
G1 A84.664 F1000
G1 X-131.773 Y11.293 Z290.739 F1000
G1 A78.223 F1000
G1 X-151.773 Y11.293 Z310.739 F1000
G1 A71.626 F1000
G1 X-171.773 Y11.293 Z330.739 F1000
G1 A64.765 F1000
G1 X-171.773 Y11.293 Z350.739 F1000
G1 A57.491 F1000
G1 X-171.773 Y11.293 Z370.739 F1000
G1 A49.568 F1000
G1 X-171.773 Y11.293 Z390.739 F1000
G1 A40.566 F1000
G1 X-171.773 Y11.293 Z410.739 F1000
G1 A29.451 F1000
G1 X-171.773 Y11.293 Z430.739 F1000
G1 A10.923 F1000
G1 X-171.773 Y11.293 Z450.739 F1000
G1 A44.877 F1000
G1 X-151.773 Y11.293 Z470.739 F1000
G1 A44.842 F1000
G1 X-131.773 Y11.293 Z490.739 F1000
G1 A63.019 F1000
G1 X-91.773 Y11.293 Z510.739 F1000
G1 A74.34 F1000
G1 X-11.773 Y11.293 Z530.739 F1000
G1 A90 F1000
G1 X-11.773 Y11.293 Z550.739 F1000
G1 X-216.501 Y207.672 F8000
M992
G3 X-298.48 Y30.157 I216.501 J-207.672 F8000
G1 Z270.739 F8000
M991
G1 A84.664 F1000
G1 X-111.773 Y11.293 Z270.739 F1000
G1 A84.664 F1000
G1 X-151.773 Y-8.707 Z290.739 F1000
G1 A78.223 F1000
G1 X-151.773 Y-8.707 Z310.739 F1000
G1 A71.626 F1000
G1 X-191.773 Y-8.707 Z330.739 F1000
G1 A64.765 F1000
G1 X-211.773 Y-8.707 Z350.739 F1000
G1 A57.491 F1000
G1 X-211.773 Y-8.707 Z370.739 F1000
G1 A49.568 F1000
G1 X-211.773 Y-8.707 Z390.739 F1000
G1 A40.566 F1000
G1 X-211.773 Y-8.707 Z410.739 F1000
G1 A44.952 F1000
G1 X-191.773 Y-8.707 Z430.739 F1000
G1 A44.941 F1000
G1 X-171.773 Y-8.707 Z450.739 F1000
G1 A44.927 F1000
G1 X-151.773 Y-8.707 Z470.739 F1000
G1 A56.986 F1000
G1 X-111.773 Y11.293 Z490.739 F1000
G1 A62.86 F1000
G1 X-71.773 Y11.293 Z510.739 F1000
G1 A69.579 F1000
G1 X-11.773 Y11.293 Z530.739 F1000
G1 A90 F1000
G1 X-11.773 Y11.293 Z550.739 F1000
G1 X-216.501 Y207.672 F8000
M992
G3 X-299.094 Y-23.299 I216.501 J-207.672 F8000
G1 Z270.739 F8000
M991
G1 A84.664 F1000
G1 X-111.773 Y-8.707 Z270.739 F1000
G1 A84.664 F1000
G1 X-131.773 Y-8.707 Z290.739 F1000
G1 A78.223 F1000
G1 X-151.773 Y-28.707 Z310.739 F1000
G1 A71.626 F1000
G1 X-171.773 Y-28.707 Z330.739 F1000
G1 A64.765 F1000
G1 X-191.773 Y-28.707 Z350.739 F1000
G1 A57.491 F1000
G1 X-191.773 Y-28.707 Z370.739 F1000
G1 A49.568 F1000
G1 X-191.773 Y-28.707 Z390.739 F1000
G1 A40.566 F1000
G1 X-191.773 Y-28.707 Z410.739 F1000
G1 A44.372 F1000
G1 X-171.773 Y-28.707 Z430.739 F1000
G1 A44.222 F1000
G1 X-151.773 Y-28.707 Z450.739 F1000
G1 A42.422 F1000
G1 X-131.773 Y-8.707 Z470.739 F1000
G1 A44.875 F1000
G1 X-111.773 Y-8.707 Z490.739 F1000
G1 A67.701 F1000
G1 X-51.773 Y11.293 Z510.739 F1000
G1 A60.913 F1000
G1 X-11.773 Y11.293 Z530.739 F1000
G1 A90 F1000
G1 X-11.773 Y11.293 Z550.739 F1000
G1 X-216.501 Y207.672 F8000
M992
G3 X-281.393 Y-104.011 I216.501 J-207.672 F8000
G1 Z250.739 F8000
M991
G1 A91.038 F1000
G1 X-131.773 Y-48.707 Z250.739 F1000
G1 A91.038 F1000
G1 X-131.773 Y-48.707 Z270.739 F1000
G1 A84.664 F1000
G1 X-171.773 Y-68.707 Z290.739 F1000
G1 A78.223 F1000
G1 X-171.773 Y-68.707 Z310.739 F1000
G1 A71.626 F1000
G1 X-191.773 Y-68.707 Z330.739 F1000
G1 A64.765 F1000
G1 X-211.773 Y-88.707 Z350.739 F1000
G1 A57.491 F1000
G1 X-211.773 Y-88.707 Z370.739 F1000
G1 A49.568 F1000
G1 X-211.773 Y-88.707 Z390.739 F1000
G1 A40.566 F1000
G1 X-211.773 Y-88.707 Z410.739 F1000
G1 A65.62 F1000
G1 X-171.773 Y-68.707 Z430.739 F1000
G1 A10.923 F1000
G1 X-171.773 Y-68.707 Z450.739 F1000
G1 A48.632 F1000
G1 X-151.773 Y-48.707 Z470.739 F1000
G1 A42.321 F1000
G1 X-131.773 Y-48.707 Z490.739 F1000
G1 A69.615 F1000
G1 X-71.773 Y-8.707 Z510.739 F1000
G1 A69.109 F1000
G1 X-11.773 Y11.293 Z530.739 F1000
G1 A90 F1000
G1 X-11.773 Y11.293 Z550.739 F1000
G1 X-216.501 Y207.672 F8000
M992
G3 X-275.022 Y-119.846 I216.501 J-207.672 F8000
G1 Z270.739 F8000
M991
G1 A84.664 F1000
G1 X-111.773 Y-48.707 Z270.739 F1000
G1 A84.664 F1000
G1 X-131.773 Y-68.707 Z290.739 F1000
G1 A78.223 F1000
G1 X-151.773 Y-88.707 Z310.739 F1000
G1 A71.626 F1000
G1 X-171.773 Y-88.707 Z330.739 F1000
G1 A64.765 F1000
G1 X-171.773 Y-88.707 Z350.739 F1000
G1 A57.491 F1000
G1 X-171.773 Y-88.707 Z370.739 F1000
G1 A49.568 F1000
G1 X-171.773 Y-88.707 Z390.739 F1000
G1 A40.566 F1000
G1 X-171.773 Y-88.707 Z410.739 F1000
G1 A38.923 F1000
G1 X-151.773 Y-88.707 Z430.739 F1000
G1 A52.166 F1000
G1 X-131.773 Y-68.707 Z450.739 F1000
G1 A0.0 F1000
G1 X-131.773 Y-68.707 Z470.739 F1000
G1 A51.157 F1000
G1 X-111.773 Y-48.707 Z490.739 F1000
G1 A65.728 F1000
G1 X-71.773 Y-28.707 Z510.739 F1000
G1 A70.553 F1000
G1 X-11.773 Y11.293 Z530.739 F1000
G1 A90 F1000
G1 X-11.773 Y11.293 Z550.739 F1000
G1 X-216.501 Y207.672 F8000
M992
G3 X-234.988 Y-186.495 I216.501 J-207.672 F8000
G1 Z270.739 F8000
M991
G1 A84.664 F1000
G1 X-111.773 Y-88.707 Z270.739 F1000
G1 A84.664 F1000
G1 X-151.773 Y-128.707 Z290.739 F1000
G1 A78.223 F1000
G1 X-151.773 Y-128.707 Z310.739 F1000
G1 A71.626 F1000
G1 X-151.773 Y-128.707 Z330.739 F1000
G1 A64.765 F1000
G1 X-151.773 Y-128.707 Z350.739 F1000
G1 A57.491 F1000
G1 X-151.773 Y-128.707 Z370.739 F1000
G1 A49.568 F1000
G1 X-151.773 Y-128.707 Z390.739 F1000
G1 A40.566 F1000
G1 X-151.773 Y-128.707 Z410.739 F1000
G1 A29.451 F1000
G1 X-151.773 Y-128.707 Z430.739 F1000
G1 A10.923 F1000
G1 X-151.773 Y-128.707 Z450.739 F1000
G1 A69.991 F1000
G1 X-111.773 Y-88.707 Z470.739 F1000
G1 A0.0 F1000
G1 X-111.773 Y-88.707 Z490.739 F1000
G1 A78.036 F1000
G1 X-31.773 Y-8.707 Z510.739 F1000
G1 A58.047 F1000
G1 X-0.707 Y-0.707 Z530.739 F1000
G1 A90 F1000
G1 X-0.707 Y-0.707 Z550.739 F1000
G1 X-212.132 Y-212.132 F8000
M992
G3 X-215.061 Y-209.162 I212.132 J212.132 F8000
G1 Z270.739 F8000
M991
G1 A84.664 F1000
G1 X-111.773 Y-108.707 Z270.739 F1000
G1 A84.664 F1000
G1 X-111.773 Y-108.707 Z290.739 F1000
G1 A78.223 F1000
G1 X-131.773 Y-148.707 Z310.739 F1000
G1 A71.626 F1000
G1 X-151.773 Y-168.707 Z330.739 F1000
G1 A64.765 F1000
G1 X-171.773 Y-188.707 Z350.739 F1000
G1 A57.491 F1000
G1 X-171.773 Y-188.707 Z370.739 F1000
G1 A49.568 F1000
G1 X-171.773 Y-188.707 Z390.739 F1000
G1 A54.646 F1000
G1 X-151.773 Y-168.707 Z410.739 F1000
G1 A54.623 F1000
G1 X-131.773 Y-148.707 Z430.739 F1000
G1 A61.866 F1000
G1 X-111.773 Y-108.707 Z450.739 F1000
G1 A0.0 F1000
G1 X-111.773 Y-108.707 Z470.739 F1000
G1 A54.728 F1000
G1 X-91.773 Y-88.707 Z490.739 F1000
G1 A81.026 F1000
G1 X-0.588 Y-0.809 Z510.739 F1000
G1 A90 F1000
G1 X-0.588 Y-0.809 Z530.739 F1000
G1 A90 F1000
G1 X-0.588 Y-0.809 Z550.739 F1000
G1 X-176.336 Y-242.705 F8000
M992
G3 X-188.7 Y-233.222 I176.336 J242.705 F8000
G1 Z290.739 F8000
M991
G1 A78.223 F1000
G1 X-71.773 Y-88.707 Z290.739 F1000
G1 A78.223 F1000
G1 X-91.773 Y-128.707 Z310.739 F1000
G1 A71.626 F1000
G1 X-131.773 Y-188.707 Z330.739 F1000
G1 A64.765 F1000
G1 X-131.773 Y-188.707 Z350.739 F1000
G1 A57.491 F1000
G1 X-131.773 Y-188.707 Z370.739 F1000
G1 A49.568 F1000
G1 X-131.773 Y-188.707 Z390.739 F1000
G1 A40.566 F1000
G1 X-131.773 Y-188.707 Z410.739 F1000
G1 A74.451 F1000
G1 X-91.773 Y-128.707 Z430.739 F1000
G1 A64.398 F1000
G1 X-71.773 Y-88.707 Z450.739 F1000
G1 A0.0 F1000
G1 X-71.773 Y-88.707 Z470.739 F1000
G1 A0.0 F1000
G1 X-71.773 Y-88.707 Z490.739 F1000
G1 A79.974 F1000
G1 X-0.454 Y-0.891 Z510.739 F1000
G1 A90 F1000
G1 X-0.454 Y-0.891 Z530.739 F1000
G1 A90 F1000
G1 X-0.454 Y-0.891 Z550.739 F1000
G1 X-136.197 Y-267.302 F8000
M992
G3 X-146.111 Y-262.014 I136.197 J267.302 F8000
G1 Z290.739 F8000
M991
G1 A78.223 F1000
G1 X-71.773 Y-128.707 Z290.739 F1000
G1 A78.223 F1000
G1 X-71.773 Y-148.707 Z310.739 F1000
G1 A71.626 F1000
G1 X-71.773 Y-168.707 Z330.739 F1000
G1 A64.765 F1000
G1 X-71.773 Y-168.707 Z350.739 F1000
G1 A57.491 F1000
G1 X-71.773 Y-168.707 Z370.739 F1000
G1 A49.568 F1000
G1 X-71.773 Y-168.707 Z390.739 F1000
G1 A40.566 F1000
G1 X-71.773 Y-168.707 Z410.739 F1000
G1 A40.592 F1000
G1 X-71.773 Y-148.707 Z430.739 F1000
G1 A39.555 F1000
G1 X-71.773 Y-128.707 Z450.739 F1000
G1 A48.125 F1000
G1 X-51.773 Y-88.707 Z490.739 F1000
G1 A68.939 F1000
G1 X-31.773 Y-28.707 Z510.739 F1000
G1 A64.505 F1000
G1 X-0.309 Y-0.951 Z530.739 F1000
G1 A90 F1000
G1 X-0.309 Y-0.951 Z550.739 F1000
G1 X-92.705 Y-285.317 F8000
M992
G3 X-84.163 Y-287.952 I92.705 J285.317 F8000
G1 Z270.739 F8000
M991
G1 A84.664 F1000
G1 X-31.773 Y-108.707 Z270.739 F1000
G1 A84.664 F1000
G1 X-31.773 Y-108.707 Z290.739 F1000
G1 A78.223 F1000
G1 X-51.773 Y-128.707 Z310.739 F1000
G1 A71.626 F1000
G1 X-51.773 Y-148.707 Z330.739 F1000
G1 A64.765 F1000
G1 X-51.773 Y-148.707 Z350.739 F1000
G1 A57.491 F1000
G1 X-51.773 Y-148.707 Z370.739 F1000
G1 A49.568 F1000
G1 X-51.773 Y-148.707 Z390.739 F1000
G1 A41.897 F1000
G1 X-51.773 Y-128.707 Z410.739 F1000
G1 A29.451 F1000
G1 X-51.773 Y-128.707 Z430.739 F1000
G1 A48.686 F1000
G1 X-31.773 Y-108.707 Z450.739 F1000
G1 A0.0 F1000
G1 X-31.773 Y-108.707 Z470.739 F1000
G1 A42.743 F1000
G1 X-31.773 Y-88.707 Z490.739 F1000
G1 A41.736 F1000
G1 X-31.773 Y-68.707 Z510.739 F1000
G1 A75.017 F1000
G1 X-0.156 Y-0.988 Z530.739 F1000
G1 A90 F1000
G1 X-0.156 Y-0.988 Z550.739 F1000
G1 X-46.93 Y-296.307 F8000
M992
G3 X-32.301 Y-298.256 I46.93 J296.307 F8000
G1 Z310.739 F8000
M991
G1 A90 F1000
G1 X-11.773 Y-108.707 Z310.739 F1000
G1 A90 F1000
G1 X-11.773 Y-128.707 Z330.739 F1000
G1 A64.765 F1000
G1 X-11.773 Y-128.707 Z350.739 F1000
G1 A57.491 F1000
G1 X-11.773 Y-128.707 Z370.739 F1000
G1 A49.568 F1000
G1 X-11.773 Y-128.707 Z390.739 F1000
G1 A44.762 F1000
G1 X-11.773 Y-108.707 Z410.739 F1000
G1 A90 F1000
G1 X-11.773 Y-108.707 Z430.739 F1000
G1 A90 F1000
G1 X-11.773 Y-108.707 Z450.739 F1000
G1 A26.399 F1000
G1 X-11.773 Y-88.707 Z490.739 F1000
G1 A77.265 F1000
G1 X0.0 Y-1.0 Z510.739 F1000
G1 A90 F1000
G1 X0.0 Y-1.0 Z530.739 F1000
G1 A90 F1000
G1 X0.0 Y-1.0 Z550.739 F1000
G1 X0.0 Y-300.0 F8000
M992
G3 X19.137 Y-299.389 I-0.0 J300.0 F8000
G1 Z330.739 F8000
M991
G1 A64.765 F1000
G1 X8.227 Y-128.707 Z330.739 F1000
G1 A64.765 F1000
G1 X8.227 Y-128.707 Z350.739 F1000
G1 A57.491 F1000
G1 X8.227 Y-128.707 Z370.739 F1000
G1 A49.568 F1000
G1 X-11.773 Y-108.707 Z390.739 F1000
G1 A40.566 F1000
G1 X-11.773 Y-88.707 Z490.739 F1000
G1 A77.268 F1000
G1 X0.156 Y-0.988 Z510.739 F1000
G1 A90 F1000
G1 X0.156 Y-0.988 Z530.739 F1000
G1 A90 F1000
G1 X0.156 Y-0.988 Z550.739 F1000
G1 X46.93 Y-296.307 F8000
M992
G3 X22.639 Y-299.145 I-46.93 J296.307 F8000
G1 Z290.739 F8000
M991
G1 A90 F1000
G1 X8.227 Y-108.707 Z290.739 F1000
G1 A90 F1000
G1 X28.227 Y-128.707 Z310.739 F1000
G1 A71.626 F1000
G1 X28.227 Y-128.707 Z330.739 F1000
G1 A64.765 F1000
G1 X28.227 Y-128.707 Z350.739 F1000
G1 A57.491 F1000
G1 X28.227 Y-128.707 Z370.739 F1000
G1 A49.568 F1000
G1 X28.227 Y-128.707 Z390.739 F1000
G1 A40.566 F1000
G1 X28.227 Y-128.707 Z410.739 F1000
G1 A43.443 F1000
G1 X8.227 Y-108.707 Z430.739 F1000
G1 A90 F1000
G1 X8.227 Y-108.707 Z450.739 F1000
G1 A90 F1000
G1 X8.227 Y-108.707 Z470.739 F1000
G1 A44.837 F1000
G1 X8.227 Y-88.707 Z490.739 F1000
G1 A77.211 F1000
G1 X0.309 Y-0.951 Z510.739 F1000
G1 A90 F1000
G1 X0.309 Y-0.951 Z530.739 F1000
G1 A90 F1000
G1 X0.309 Y-0.951 Z550.739 F1000
G1 X92.705 Y-285.317 F8000
M992
G3 X121.658 Y-274.225 I-92.705 J285.317 F8000
G1 Z290.739 F8000
M991
G1 A78.223 F1000
G1 X48.227 Y-108.707 Z290.739 F1000
G1 A78.223 F1000
G1 X48.227 Y-108.707 Z310.739 F1000
G1 A71.626 F1000
G1 X48.227 Y-108.707 Z330.739 F1000
G1 A64.765 F1000
G1 X48.227 Y-108.707 Z350.739 F1000
G1 A57.491 F1000
G1 X48.227 Y-108.707 Z370.739 F1000
G1 A49.568 F1000
G1 X48.227 Y-108.707 Z390.739 F1000
G1 A40.566 F1000
G1 X48.227 Y-108.707 Z410.739 F1000
G1 A29.451 F1000
G1 X48.227 Y-108.707 Z430.739 F1000
G1 A10.923 F1000
G1 X48.227 Y-108.707 Z450.739 F1000
G1 A0.0 F1000
G1 X48.227 Y-108.707 Z470.739 F1000
G1 A49.63 F1000
G1 X28.227 Y-88.707 Z490.739 F1000
G1 A42.362 F1000
G1 X28.227 Y-68.707 Z510.739 F1000
G1 A65.558 F1000
G1 X8.227 Y-28.707 Z530.739 F1000
G1 A55.296 F1000
G1 X0.454 Y-0.891 Z550.739 F1000
G1 X136.197 Y-267.302 F8000
M992
G3 X159.479 Y-254.1 I-136.197 J267.302 F8000
G1 Z290.739 F8000
M991
G1 A78.223 F1000
G1 X68.227 Y-108.707 Z290.739 F1000
G1 A78.223 F1000
G1 X68.227 Y-108.707 Z310.739 F1000
G1 A71.626 F1000
G1 X68.227 Y-108.707 Z330.739 F1000
G1 A64.765 F1000
G1 X68.227 Y-108.707 Z350.739 F1000
G1 A57.491 F1000
G1 X68.227 Y-108.707 Z370.739 F1000
G1 A49.568 F1000
G1 X68.227 Y-108.707 Z390.739 F1000
G1 A40.566 F1000
G1 X68.227 Y-108.707 Z410.739 F1000
G1 A29.451 F1000
G1 X68.227 Y-108.707 Z430.739 F1000
G1 A10.923 F1000
G1 X68.227 Y-108.707 Z450.739 F1000
G1 A0.0 F1000
G1 X68.227 Y-108.707 Z470.739 F1000
G1 A0.0 F1000
G1 X68.227 Y-108.707 Z490.739 F1000
G1 A52.743 F1000
G1 X48.227 Y-88.707 Z510.739 F1000
G1 A78.687 F1000
G1 X0.588 Y-0.809 Z530.739 F1000
G1 A90 F1000
G1 X0.588 Y-0.809 Z550.739 F1000
G1 X176.336 Y-242.705 F8000
M992
G3 X211.556 Y-212.707 I-176.336 J242.705 F8000
G1 Z270.739 F8000
M991
G1 A84.664 F1000
G1 X88.227 Y-88.707 Z270.739 F1000
G1 A84.664 F1000
G1 X88.227 Y-88.707 Z290.739 F1000
G1 A78.223 F1000
G1 X108.227 Y-108.707 Z310.739 F1000
G1 A71.626 F1000
G1 X108.227 Y-108.707 Z330.739 F1000
G1 A64.765 F1000
G1 X108.227 Y-108.707 Z350.739 F1000
G1 A57.491 F1000
G1 X108.227 Y-108.707 Z370.739 F1000
G1 A49.568 F1000
G1 X108.227 Y-108.707 Z390.739 F1000
G1 A40.566 F1000
G1 X108.227 Y-108.707 Z410.739 F1000
G1 A29.451 F1000
G1 X108.227 Y-108.707 Z430.739 F1000
G1 A10.923 F1000
G1 X108.227 Y-108.707 Z450.739 F1000
G1 A0.0 F1000
G1 X108.227 Y-108.707 Z470.739 F1000
G1 A54.735 F1000
G1 X88.227 Y-88.707 Z490.739 F1000
G1 A0.0 F1000
G1 X88.227 Y-88.707 Z510.739 F1000
G1 A70.528 F1000
G1 X48.227 Y-48.707 Z530.739 F1000
G1 A70.527 F1000
G1 X8.227 Y-8.707 Z550.739 F1000
G1 X206.035 Y-218.059 F8000
M992
G3 X253.273 Y-160.788 I-206.035 J218.059 F8000
G1 Z310.739 F8000
M991
G1 A71.626 F1000
G1 X108.227 Y-68.707 Z310.739 F1000
G1 A71.626 F1000
G1 X108.227 Y-68.707 Z330.739 F1000
G1 A64.765 F1000
G1 X108.227 Y-68.707 Z350.739 F1000
G1 A57.491 F1000
G1 X108.227 Y-68.707 Z370.739 F1000
G1 A49.568 F1000
G1 X88.227 Y-48.707 Z490.739 F1000
G1 A51.673 F1000
G1 X68.227 Y-28.707 Z510.739 F1000
G1 A65.633 F1000
G1 X28.227 Y-8.707 Z530.739 F1000
G1 A55.025 F1000
G1 X0.809 Y-0.588 Z550.739 F1000
G1 X242.705 Y-176.336 F8000
M992
G3 X273.572 Y-123.12 I-242.705 J176.336 F8000
G1 Z270.739 F8000
M991
G1 A84.664 F1000
G1 X108.227 Y-48.707 Z270.739 F1000
G1 A84.664 F1000
G1 X128.227 Y-48.707 Z290.739 F1000
G1 A78.223 F1000
G1 X128.227 Y-48.707 Z310.739 F1000
G1 A71.626 F1000
G1 X128.227 Y-48.707 Z330.739 F1000
G1 A64.765 F1000
G1 X128.227 Y-48.707 Z350.739 F1000
G1 A57.491 F1000
G1 X128.227 Y-48.707 Z370.739 F1000
G1 A49.568 F1000
G1 X128.227 Y-48.707 Z390.739 F1000
G1 A40.566 F1000
G1 X128.227 Y-48.707 Z410.739 F1000
G1 A29.451 F1000
G1 X128.227 Y-48.707 Z430.739 F1000
G1 A10.923 F1000
G1 X128.227 Y-48.707 Z450.739 F1000
G1 A0.0 F1000
G1 X128.227 Y-48.707 Z470.739 F1000
G1 A0.0 F1000
G1 X128.227 Y-48.707 Z490.739 F1000
G1 A41.378 F1000
G1 X108.227 Y-48.707 Z510.739 F1000
G1 A71.901 F1000
G1 X48.227 Y-8.707 Z530.739 F1000
G1 A67.399 F1000
G1 X0.891 Y-0.454 Z550.739 F1000
G1 X267.302 Y-136.197 F8000
M992
G3 X299.034 Y-24.058 I-267.302 J136.197 F8000
G1 Z290.739 F8000
M991
G1 A90 F1000
G1 X108.227 Y-8.707 Z290.739 F1000
G1 A90 F1000
G1 X108.227 Y-8.707 Z310.739 F1000
G1 A90 F1000
G1 X128.227 Y-28.707 Z330.739 F1000
G1 A64.765 F1000
G1 X128.227 Y-28.707 Z350.739 F1000
G1 A57.491 F1000
G1 X128.227 Y-28.707 Z370.739 F1000
G1 A49.568 F1000
G1 X128.227 Y-28.707 Z390.739 F1000
G1 A40.566 F1000
G1 X128.227 Y-28.707 Z410.739 F1000
G1 A29.451 F1000
G1 X128.227 Y-28.707 Z430.739 F1000
G1 A43.593 F1000
G1 X108.227 Y-8.707 Z450.739 F1000
G1 A90 F1000
G1 X108.227 Y-8.707 Z470.739 F1000
G1 A44.816 F1000
G1 X88.227 Y-8.707 Z490.739 F1000
G1 A90 F1000
G1 X88.227 Y-8.707 Z510.739 F1000
G1 A68.399 F1000
G1 X28.227 Y11.293 Z530.739 F1000
G1 A55.971 F1000
G1 X0.951 Y-0.309 Z550.739 F1000
G1 X285.317 Y-92.705 F8000
M992
G3 X298.38 Y31.134 I-285.317 J92.705 F8000
G1 Z290.739 F8000
M991
G1 A90 F1000
G1 X108.227 Y11.293 Z290.739 F1000
G1 A90 F1000
G1 X148.227 Y-8.707 Z310.739 F1000
G1 A71.626 F1000
G1 X148.227 Y-8.707 Z330.739 F1000
G1 A64.765 F1000
G1 X148.227 Y-8.707 Z350.739 F1000
G1 A57.491 F1000
G1 X148.227 Y-8.707 Z370.739 F1000
G1 A49.568 F1000
G1 X148.227 Y-8.707 Z390.739 F1000
G1 A40.566 F1000
G1 X148.227 Y-8.707 Z410.739 F1000
G1 A29.451 F1000
G1 X148.227 Y-8.707 Z430.739 F1000
G1 A57.038 F1000
G1 X108.227 Y11.293 Z450.739 F1000
G1 A90 F1000
G1 X108.227 Y11.293 Z470.739 F1000
G1 A44.691 F1000
G1 X88.227 Y11.293 Z490.739 F1000
G1 A70.221 F1000
G1 X28.227 Y11.293 Z510.739 F1000
G1 A41.035 F1000
G1 X8.227 Y11.293 Z530.739 F1000
G1 A90 F1000
G1 X0.988 Y-0.156 Z550.739 F1000
G1 X296.307 Y-46.93 F8000
M992
G3 X298.843 Y26.319 I-296.307 J46.93 F8000
G1 Z310.739 F8000
M991
G1 A71.626 F1000
G1 X128.227 Y11.293 Z310.739 F1000
G1 A71.626 F1000
G1 X128.227 Y11.293 Z330.739 F1000
G1 A64.765 F1000
G1 X128.227 Y11.293 Z350.739 F1000
G1 A57.491 F1000
G1 X128.227 Y11.293 Z370.739 F1000
G1 A49.568 F1000
G1 X128.227 Y11.293 Z390.739 F1000
G1 A40.566 F1000
G1 X128.227 Y11.293 Z410.739 F1000
G1 A29.451 F1000
G1 X128.227 Y11.293 Z430.739 F1000
G1 A33.543 F1000
G1 X88.227 Y11.293 Z490.739 F1000
G1 A74.216 F1000
G1 X8.227 Y11.293 Z510.739 F1000
G1 A90 F1000
G1 X1.0 Y-0.0 Z530.739 F1000
G1 A90 F1000
G1 X1.0 Y-0.0 Z550.739 F1000
G1 X300.0 Y-0.0 F8000
M992
G3 X278.541 Y111.421 I-300.0 J0.0 F8000
G1 Z270.739 F8000
M991
G1 A84.664 F1000
G1 X128.227 Y51.293 Z270.739 F1000
G1 A84.664 F1000
G1 X128.227 Y51.293 Z290.739 F1000
G1 A78.223 F1000
G1 X128.227 Y51.293 Z310.739 F1000
G1 A71.626 F1000
G1 X128.227 Y51.293 Z330.739 F1000
G1 A64.765 F1000
G1 X128.227 Y51.293 Z350.739 F1000
G1 A57.491 F1000
G1 X128.227 Y51.293 Z370.739 F1000
G1 A49.568 F1000
G1 X128.227 Y51.293 Z390.739 F1000
G1 A40.566 F1000
G1 X128.227 Y51.293 Z410.739 F1000
G1 A29.451 F1000
G1 X128.227 Y51.293 Z430.739 F1000
G1 A10.923 F1000
G1 X128.227 Y51.293 Z450.739 F1000
G1 A48.632 F1000
G1 X108.227 Y31.293 Z470.739 F1000
G1 A42.788 F1000
G1 X88.227 Y31.293 Z490.739 F1000
G1 A90 F1000
G1 X88.227 Y31.293 Z510.739 F1000
G1 A63.394 F1000
G1 X28.227 Y31.293 Z530.739 F1000
G1 A64.185 F1000
G1 X0.988 Y0.156 Z550.739 F1000
G1 X296.307 Y46.93 F8000
M992
G3 X271.095 Y128.482 I-296.307 J-46.93 F8000
G1 Z270.739 F8000
M991
G1 A84.664 F1000
G1 X108.227 Y51.293 Z270.739 F1000
G1 A84.664 F1000
G1 X148.227 Y71.293 Z290.739 F1000
G1 A78.223 F1000
G1 X188.227 Y91.293 Z310.739 F1000
G1 A71.626 F1000
G1 X188.227 Y91.293 Z330.739 F1000
G1 A64.765 F1000
G1 X188.227 Y91.293 Z350.739 F1000
G1 A57.491 F1000
G1 X188.227 Y91.293 Z370.739 F1000
G1 A49.568 F1000
G1 X188.227 Y91.293 Z390.739 F1000
G1 A40.566 F1000
G1 X188.227 Y91.293 Z410.739 F1000
G1 A65.896 F1000
G1 X148.227 Y71.293 Z430.739 F1000
G1 A10.923 F1000
G1 X148.227 Y71.293 Z450.739 F1000
G1 A39.586 F1000
G1 X128.227 Y71.293 Z470.739 F1000
G1 A65.783 F1000
G1 X88.227 Y51.293 Z490.739 F1000
G1 A90 F1000
G1 X88.227 Y51.293 Z510.739 F1000
G1 A78.807 F1000
G1 X0.951 Y0.309 Z530.739 F1000
G1 A90 F1000
G1 X0.951 Y0.309 Z550.739 F1000
G1 X285.317 Y92.705 F8000
M992
G3 X233.34 Y188.553 I-285.317 J-92.705 F8000
G1 Z270.739 F8000
M991
G1 A84.664 F1000
G1 X88.227 Y71.293 Z270.739 F1000
G1 A84.664 F1000
G1 X108.227 Y91.293 Z290.739 F1000
G1 A78.223 F1000
G1 X108.227 Y91.293 Z310.739 F1000
G1 A71.626 F1000
G1 X128.227 Y91.293 Z330.739 F1000
G1 A64.765 F1000
G1 X128.227 Y91.293 Z350.739 F1000
G1 A57.491 F1000
G1 X128.227 Y91.293 Z370.739 F1000
G1 A49.568 F1000
G1 X148.227 Y111.293 Z390.739 F1000
G1 A53.935 F1000
G1 X128.227 Y91.293 Z410.739 F1000
G1 A29.451 F1000
G1 X128.227 Y91.293 Z430.739 F1000
G1 A35.172 F1000
G1 X108.227 Y91.293 Z450.739 F1000
G1 A0.0 F1000
G1 X108.227 Y91.293 Z470.739 F1000
G1 A54.446 F1000
G1 X88.227 Y71.293 Z490.739 F1000
G1 A63.259 F1000
G1 X28.227 Y51.293 Z510.739 F1000
G1 A70.882 F1000
G1 X0.891 Y0.454 Z530.739 F1000
G1 A90 F1000
G1 X0.891 Y0.454 Z550.739 F1000
G1 X267.302 Y136.197 F8000
M992
G3 X208.479 Y215.723 I-267.302 J-136.197 F8000
G1 Z290.739 F8000
M991
G1 A78.223 F1000
G1 X88.227 Y91.293 Z290.739 F1000
G1 A78.223 F1000
G1 X88.227 Y91.293 Z310.739 F1000
G1 A71.626 F1000
G1 X108.227 Y111.293 Z330.739 F1000
G1 A64.765 F1000
G1 X108.227 Y111.293 Z350.739 F1000
G1 A57.491 F1000
G1 X128.227 Y131.293 Z370.739 F1000
G1 A49.568 F1000
G1 X128.227 Y131.293 Z390.739 F1000
G1 A40.566 F1000
G1 X128.227 Y131.293 Z410.739 F1000
G1 A29.451 F1000
G1 X128.227 Y131.293 Z430.739 F1000
G1 A54.73 F1000
G1 X108.227 Y111.293 Z450.739 F1000
G1 A54.728 F1000
G1 X88.227 Y91.293 Z470.739 F1000
G1 A0.0 F1000
G1 X88.227 Y91.293 Z490.739 F1000
G1 A75.516 F1000
G1 X8.227 Y31.293 Z510.739 F1000
G1 A57.642 F1000
G1 X0.809 Y0.588 Z530.739 F1000
G1 A90 F1000
G1 X0.809 Y0.588 Z550.739 F1000
G1 X242.705 Y176.336 F8000
M992
G3 X186.367 Y235.09 I-242.705 J-176.336 F8000
G1 Z270.739 F8000
M991
G1 A84.664 F1000
G1 X88.227 Y111.293 Z270.739 F1000
G1 A84.664 F1000
G1 X88.227 Y111.293 Z290.739 F1000
G1 A78.223 F1000
G1 X108.227 Y131.293 Z310.739 F1000
G1 A71.626 F1000
G1 X108.227 Y131.293 Z330.739 F1000
G1 A64.765 F1000
G1 X128.227 Y151.293 Z350.739 F1000
G1 A57.491 F1000
G1 X128.227 Y151.293 Z370.739 F1000
G1 A49.568 F1000
G1 X128.227 Y151.293 Z390.739 F1000
G1 A40.566 F1000
G1 X128.227 Y151.293 Z410.739 F1000
G1 A29.451 F1000
G1 X128.227 Y151.293 Z430.739 F1000
G1 A54.462 F1000
G1 X108.227 Y131.293 Z450.739 F1000
G1 A54.364 F1000
G1 X88.227 Y111.293 Z470.739 F1000
G1 A0.0 F1000
G1 X88.227 Y111.293 Z490.739 F1000
G1 A79.608 F1000
G1 X-11.773 Y11.293 Z510.739 F1000
G1 A90 F1000
G1 X-11.773 Y11.293 Z530.739 F1000
G1 A90 F1000
G1 X-11.773 Y11.293 Z550.739 F1000
G1 X-216.501 Y207.672 F8000
M992
G3 X119.282 Y275.267 I216.501 J-207.672 F8000
G1 Z290.739 F8000
M991
G1 A78.223 F1000
G1 X48.227 Y111.293 Z290.739 F1000
G1 A78.223 F1000
G1 X48.227 Y111.293 Z310.739 F1000
G1 A71.626 F1000
G1 X48.227 Y111.293 Z330.739 F1000
G1 A64.765 F1000
G1 X48.227 Y111.293 Z350.739 F1000
G1 A57.491 F1000
G1 X48.227 Y111.293 Z370.739 F1000
G1 A49.568 F1000
G1 X68.227 Y131.293 Z390.739 F1000
G1 A40.566 F1000
G1 X68.227 Y131.293 Z410.739 F1000
G1 A29.451 F1000
G1 X68.227 Y131.293 Z430.739 F1000
G1 A51.126 F1000
G1 X48.227 Y111.293 Z450.739 F1000
G1 A0.0 F1000
G1 X48.227 Y111.293 Z470.739 F1000
G1 A0.0 F1000
G1 X48.227 Y111.293 Z490.739 F1000
G1 A71.48 F1000
G1 X8.227 Y51.293 Z510.739 F1000
G1 A60.557 F1000
G1 X-11.773 Y11.293 Z530.739 F1000
G1 A90 F1000
G1 X-11.773 Y11.293 Z550.739 F1000
G1 X-216.501 Y207.672 F8000
M992
G3 X73.753 Y290.793 I216.501 J-207.672 F8000
G1 Z290.739 F8000
M991
G1 A78.223 F1000
G1 X28.227 Y111.293 Z290.739 F1000
G1 A78.223 F1000
G1 X28.227 Y111.293 Z310.739 F1000
G1 A71.626 F1000
G1 X48.227 Y131.293 Z330.739 F1000
G1 A64.765 F1000
G1 X48.227 Y131.293 Z350.739 F1000
G1 A57.491 F1000
G1 X48.227 Y131.293 Z370.739 F1000
G1 A49.568 F1000
G1 X48.227 Y131.293 Z390.739 F1000
G1 A40.566 F1000
G1 X48.227 Y131.293 Z410.739 F1000
G1 A29.451 F1000
G1 X48.227 Y131.293 Z430.739 F1000
G1 A47.818 F1000
G1 X28.227 Y111.293 Z450.739 F1000
G1 A0.0 F1000
G1 X28.227 Y111.293 Z470.739 F1000
G1 A0.0 F1000
G1 X28.227 Y111.293 Z490.739 F1000
G1 A72.435 F1000
G1 X-11.773 Y31.293 Z510.739 F1000
G1 A41.439 F1000
G1 X-11.773 Y11.293 Z530.739 F1000
G1 A90 F1000
G1 X-11.773 Y11.293 Z550.739 F1000
G1 X-216.501 Y207.672 F8000
M992
G3 X18.762 Y299.413 I216.501 J-207.672 F8000
G1 Z270.739 F8000
M991
G1 A84.664 F1000
G1 X8.227 Y131.293 Z270.739 F1000
G1 A84.664 F1000
G1 X28.227 Y151.293 Z290.739 F1000
G1 A78.223 F1000
G1 X28.227 Y171.293 Z310.739 F1000
G1 A71.626 F1000
G1 X28.227 Y191.293 Z330.739 F1000
G1 A64.765 F1000
G1 X28.227 Y191.293 Z350.739 F1000
G1 A57.491 F1000
G1 X28.227 Y191.293 Z370.739 F1000
G1 A49.568 F1000
G1 X28.227 Y191.293 Z390.739 F1000
G1 A40.566 F1000
G1 X28.227 Y191.293 Z410.739 F1000
G1 A29.451 F1000
G1 X28.227 Y191.293 Z430.739 F1000
G1 A62.233 F1000
G1 X28.227 Y151.293 Z450.739 F1000
G1 A42.334 F1000
G1 X8.227 Y131.293 Z470.739 F1000
G1 A44.888 F1000
G1 X8.227 Y111.293 Z490.739 F1000
G1 A76.861 F1000
G1 X-11.773 Y11.293 Z510.739 F1000
G1 A90 F1000
G1 X-11.773 Y11.293 Z530.739 F1000
G1 A90 F1000
G1 X-11.773 Y11.293 Z550.739 F1000
G1 X-216.501 Y207.672 F8000
M992
G3 X14.392 Y299.655 I216.501 J-207.672 F8000
G1 Z270.739 F8000
M991
G1 A84.664 F1000
G1 X8.227 Y171.293 Z270.739 F1000
G1 A84.664 F1000
G1 X8.227 Y171.293 Z290.739 F1000
G1 A78.223 F1000
G1 X8.227 Y211.293 Z310.739 F1000
G1 A71.626 F1000
G1 X8.227 Y211.293 Z330.739 F1000
G1 A64.765 F1000
G1 X8.227 Y211.293 Z350.739 F1000
G1 A57.491 F1000
G1 X8.227 Y211.293 Z370.739 F1000
G1 A49.568 F1000
G1 X8.227 Y211.293 Z390.739 F1000
G1 A40.566 F1000
G1 X8.227 Y211.293 Z410.739 F1000
G1 A29.451 F1000
G1 X8.227 Y211.293 Z430.739 F1000
G1 A63.348 F1000
G1 X8.227 Y171.293 Z450.739 F1000
G1 A66.629 F1000
G1 X-11.773 Y111.293 Z470.739 F1000
G1 A0.0 F1000
G1 X-11.773 Y111.293 Z490.739 F1000
G1 A77.198 F1000
G1 X-11.773 Y11.293 Z510.739 F1000
G1 A90 F1000
G1 X-11.773 Y11.293 Z530.739 F1000
G1 A90 F1000
G1 X-11.773 Y11.293 Z550.739 F1000
G1 X-216.501 Y207.672 F8000
M992
G3 X-26.793 Y298.801 I216.501 J-207.672 F8000
G1 Z270.739 F8000
M991
G1 A84.664 F1000
G1 X-11.773 Y131.293 Z270.739 F1000
G1 A84.664 F1000
G1 X-11.773 Y131.293 Z290.739 F1000
G1 A78.223 F1000
G1 X-11.773 Y151.293 Z310.739 F1000
G1 A71.626 F1000
G1 X-11.773 Y151.293 Z330.739 F1000
G1 A64.765 F1000
G1 X-11.773 Y151.293 Z350.739 F1000
G1 A57.491 F1000
G1 X-11.773 Y151.293 Z370.739 F1000
G1 A49.568 F1000
G1 X-11.773 Y151.293 Z390.739 F1000
G1 A40.566 F1000
G1 X-11.773 Y151.293 Z410.739 F1000
G1 A29.451 F1000
G1 X-11.773 Y151.293 Z430.739 F1000
G1 A44.828 F1000
G1 X-11.773 Y131.293 Z450.739 F1000
G1 A44.771 F1000
G1 X-11.773 Y111.293 Z470.739 F1000
G1 A0.0 F1000
G1 X-11.773 Y111.293 Z490.739 F1000
G1 A77.198 F1000
G1 X-11.773 Y11.293 Z510.739 F1000
G1 A90 F1000
G1 X-11.773 Y11.293 Z530.739 F1000
G1 A90 F1000
G1 X-11.773 Y11.293 Z550.739 F1000
G1 X-216.501 Y207.672 F8000
M992
G3 X-70.563 Y291.583 I216.501 J-207.672 F8000
G1 Z270.739 F8000
M991
G1 A84.664 F1000
G1 X-31.773 Y131.293 Z270.739 F1000
G1 A84.664 F1000
G1 X-31.773 Y131.293 Z290.739 F1000
G1 A78.223 F1000
G1 X-51.773 Y151.293 Z310.739 F1000
G1 A71.626 F1000
G1 X-51.773 Y171.293 Z330.739 F1000
G1 A64.765 F1000
G1 X-51.773 Y171.293 Z350.739 F1000
G1 A57.491 F1000
G1 X-51.773 Y211.293 Z370.739 F1000
G1 A49.568 F1000
G1 X-51.773 Y211.293 Z390.739 F1000
G1 A40.566 F1000
G1 X-51.773 Y211.293 Z410.739 F1000
G1 A60.311 F1000
G1 X-51.773 Y171.293 Z430.739 F1000
G1 A10.923 F1000
G1 X-51.773 Y171.293 Z450.739 F1000
G1 A64.118 F1000
G1 X-31.773 Y131.293 Z470.739 F1000
G1 A43.414 F1000
G1 X-31.773 Y111.293 Z490.739 F1000
G1 A59.324 F1000
G1 X-31.773 Y71.293 Z510.739 F1000
G1 A71.611 F1000
G1 X-11.773 Y11.293 Z530.739 F1000
G1 A90 F1000
G1 X-11.773 Y11.293 Z550.739 F1000
G1 X-216.501 Y207.672 F8000
M992
G3 X-126.537 Y272.008 I216.501 J-207.672 F8000
G1 Z270.739 F8000
M991
G1 A84.664 F1000
G1 X-51.773 Y111.293 Z270.739 F1000
G1 A84.664 F1000
G1 X-51.773 Y111.293 Z290.739 F1000
G1 A78.223 F1000
G1 X-51.773 Y131.293 Z310.739 F1000
G1 A71.626 F1000
G1 X-51.773 Y131.293 Z330.739 F1000
G1 A64.765 F1000
G1 X-71.773 Y151.293 Z350.739 F1000
G1 A57.491 F1000
G1 X-71.773 Y171.293 Z370.739 F1000
G1 A49.568 F1000
G1 X-71.773 Y171.293 Z390.739 F1000
G1 A40.566 F1000
G1 X-71.773 Y171.293 Z410.739 F1000
G1 A29.451 F1000
G1 X-71.773 Y171.293 Z430.739 F1000
G1 A65.62 F1000
G1 X-51.773 Y131.293 Z450.739 F1000
G1 A0.0 F1000
G1 X-51.773 Y131.293 Z470.739 F1000
G1 A41.133 F1000
G1 X-51.773 Y111.293 Z490.739 F1000
G1 A71.318 F1000
G1 X-31.773 Y51.293 Z510.739 F1000
G1 A65.381 F1000
G1 X-11.773 Y11.293 Z530.739 F1000
G1 A90 F1000
G1 X-11.773 Y11.293 Z550.739 F1000
G1 X-216.501 Y207.672 F8000
M992
G3 X-162.592 Y252.119 I216.501 J-207.672 F8000
G1 Z290.739 F8000
M991
G1 A78.223 F1000
G1 X-71.773 Y111.293 Z290.739 F1000
G1 A78.223 F1000
G1 X-71.773 Y111.293 Z310.739 F1000
G1 A71.626 F1000
G1 X-71.773 Y111.293 Z330.739 F1000
G1 A64.765 F1000
G1 X-71.773 Y111.293 Z350.739 F1000
G1 A57.491 F1000
G1 X-71.773 Y111.293 Z370.739 F1000
G1 A49.568 F1000
G1 X-71.773 Y111.293 Z390.739 F1000
G1 A40.566 F1000
G1 X-71.773 Y111.293 Z410.739 F1000
G1 A29.451 F1000
G1 X-71.773 Y111.293 Z430.739 F1000
G1 A10.923 F1000
G1 X-71.773 Y111.293 Z450.739 F1000
G1 A0.0 F1000
G1 X-71.773 Y111.293 Z470.739 F1000
G1 A0.0 F1000
G1 X-71.773 Y111.293 Z490.739 F1000
G1 A65.154 F1000
G1 X-51.773 Y71.293 Z510.739 F1000
G1 A74.333 F1000
G1 X-11.773 Y11.293 Z530.739 F1000
G1 A90 F1000
G1 X-11.773 Y11.293 Z550.739 F1000
G1 X-216.501 Y207.672 F8000
M992
G3 X-190.861 Y231.457 I216.501 J-207.672 F8000
G1 Z290.739 F8000
M991
G1 A78.223 F1000
G1 X-91.773 Y111.293 Z290.739 F1000
G1 A78.223 F1000
G1 X-91.773 Y111.293 Z310.739 F1000
G1 A71.626 F1000
G1 X-91.773 Y111.293 Z330.739 F1000
G1 A64.765 F1000
G1 X-91.773 Y111.293 Z350.739 F1000
G1 A57.491 F1000
G1 X-91.773 Y111.293 Z370.739 F1000
G1 A49.568 F1000
G1 X-91.773 Y111.293 Z390.739 F1000
G1 A40.566 F1000
G1 X-91.773 Y111.293 Z410.739 F1000
G1 A29.451 F1000
G1 X-91.773 Y111.293 Z430.739 F1000
G1 A10.923 F1000
G1 X-91.773 Y111.293 Z450.739 F1000
G1 A0.0 F1000
G1 X-91.773 Y111.293 Z470.739 F1000
G1 A0.0 F1000
G1 X-91.773 Y111.293 Z490.739 F1000
G1 A78.39 F1000
G1 X-31.773 Y31.293 Z510.739 F1000
G1 A54.733 F1000
G1 X-11.773 Y11.293 Z530.739 F1000
G1 A90 F1000
G1 X-11.773 Y11.293 Z550.739 F1000
G1 X-216.501 Y207.672 F8000
M992
G3 X-212.588 Y211.675 I216.501 J-207.672 F8000
G1 Z290.739 F8000
M991
G1 A78.223 F1000
G1 X-111.773 Y111.293 Z290.739 F1000
G1 A78.223 F1000
G1 X-111.773 Y111.293 Z310.739 F1000
G1 A71.626 F1000
G1 X-111.773 Y111.293 Z330.739 F1000
G1 A64.765 F1000
G1 X-111.773 Y111.293 Z350.739 F1000
G1 A57.491 F1000
G1 X-111.773 Y111.293 Z370.739 F1000
G1 A49.568 F1000
G1 X-111.773 Y111.293 Z390.739 F1000
G1 A40.566 F1000
G1 X-111.773 Y111.293 Z410.739 F1000
G1 A29.451 F1000
G1 X-111.773 Y111.293 Z430.739 F1000
G1 A10.923 F1000
G1 X-111.773 Y111.293 Z450.739 F1000
G1 A0.0 F1000
G1 X-111.773 Y111.293 Z470.739 F1000
G1 A0.0 F1000
G1 X-111.773 Y111.293 Z490.739 F1000
G1 A81.95 F1000
G1 X-11.773 Y11.293 Z510.739 F1000
G1 A90 F1000
G1 X-11.773 Y11.293 Z530.739 F1000
G1 A90 F1000
G1 X-11.773 Y11.293 Z550.739 F1000
G1 X-216.501 Y207.672 F8000
M992
G3 X-232.348 Y189.775 I216.501 J-207.672 F8000
G1 Z290.739 F8000
M991
G1 A78.223 F1000
G1 X-111.773 Y91.293 Z290.739 F1000
G1 A78.223 F1000
G1 X-111.773 Y91.293 Z310.739 F1000
G1 A71.626 F1000
G1 X-111.773 Y91.293 Z330.739 F1000
G1 A64.765 F1000
G1 X-111.773 Y91.293 Z350.739 F1000
G1 A57.491 F1000
G1 X-131.773 Y111.293 Z370.739 F1000
G1 A49.568 F1000
G1 X-131.773 Y111.293 Z390.739 F1000
G1 A40.566 F1000
G1 X-131.773 Y111.293 Z410.739 F1000
G1 A29.451 F1000
G1 X-131.773 Y111.293 Z430.739 F1000
G1 A54.451 F1000
G1 X-111.773 Y91.293 Z450.739 F1000
G1 A0.0 F1000
G1 X-111.773 Y91.293 Z470.739 F1000
G1 A0.0 F1000
G1 X-111.773 Y91.293 Z490.739 F1000
G1 A81.105 F1000
G1 X-11.773 Y11.293 Z510.739 F1000
G1 A90 F1000
G1 X-11.773 Y11.293 Z530.739 F1000
G1 A90 F1000
G1 X-11.773 Y11.293 Z550.739 F1000
G1 X-216.501 Y207.672 F8000
M992
G3 X-252.93 Y161.328 I216.501 J-207.672 F8000
G1 Z290.739 F8000
M991
G1 A78.223 F1000
G1 X-111.773 Y71.293 Z290.739 F1000
G1 A78.223 F1000
G1 X-131.773 Y91.293 Z310.739 F1000
G1 A71.626 F1000
G1 X-131.773 Y91.293 Z330.739 F1000
G1 A64.765 F1000
G1 X-131.773 Y91.293 Z350.739 F1000
G1 A57.491 F1000
G1 X-131.773 Y91.293 Z370.739 F1000
G1 A49.568 F1000
G1 X-131.773 Y91.293 Z390.739 F1000
G1 A40.566 F1000
G1 X-131.773 Y91.293 Z410.739 F1000
G1 A29.451 F1000
G1 X-131.773 Y91.293 Z430.739 F1000
G1 A10.923 F1000
G1 X-131.773 Y91.293 Z450.739 F1000
G1 A0.0 F1000
G1 X-131.773 Y91.293 Z470.739 F1000
G1 A0.0 F1000
G1 X-131.773 Y91.293 Z490.739 F1000
G1 A53.454 F1000
G1 X-111.773 Y71.293 Z510.739 F1000
G1 A65.22 F1000
G1 X-71.773 Y51.293 Z530.739 F1000
G1 A74.39 F1000
G1 X-11.773 Y11.293 Z550.739 F1000
G1 X-216.501 Y207.672 F8000
M992
G3 X-272.661 Y125.125 I216.501 J-207.672 F8000
G1 Z270.739 F8000
M991
G1 A84.664 F1000
G1 X-111.773 Y51.293 Z270.739 F1000
G1 A84.664 F1000
G1 X-111.773 Y51.293 Z290.739 F1000
G1 A78.223 F1000
G1 X-111.773 Y51.293 Z310.739 F1000
G1 A71.626 F1000
G1 X-131.773 Y51.293 Z330.739 F1000
G1 A64.765 F1000
G1 X-151.773 Y71.293 Z350.739 F1000
G1 A57.491 F1000
G1 X-171.773 Y71.293 Z370.739 F1000
G1 A49.568 F1000
G1 X-171.773 Y71.293 Z390.739 F1000
G1 A40.566 F1000
G1 X-171.773 Y71.293 Z410.739 F1000
G1 A29.451 F1000
G1 X-171.773 Y71.293 Z430.739 F1000
G1 A10.923 F1000
G1 X-171.773 Y71.293 Z450.739 F1000
G1 A40.775 F1000
G1 X-151.773 Y71.293 Z470.739 F1000
G1 A50.178 F1000
G1 X-131.773 Y51.293 Z490.739 F1000
G1 A41.22 F1000
G1 X-111.773 Y51.293 Z510.739 F1000
G1 A39.991 F1000
G1 X-91.773 Y51.293 Z530.739 F1000
G1 A77.127 F1000
G1 X-11.773 Y11.293 Z550.739 F1000
G1 X-216.501 Y207.672 F8000
M992
G3 X-288.892 Y80.88 I216.501 J-207.672 F8000
G1 Z270.739 F8000
M991
G1 A84.664 F1000
G1 X-111.773 Y31.293 Z270.739 F1000
G1 A84.664 F1000
G1 X-111.773 Y31.293 Z290.739 F1000
G1 A78.223 F1000
G1 X-131.773 Y31.293 Z310.739 F1000
G1 A71.626 F1000
G1 X-131.773 Y31.293 Z330.739 F1000
G1 A64.765 F1000
G1 X-151.773 Y51.293 Z350.739 F1000
G1 A57.491 F1000
G1 X-151.773 Y51.293 Z370.739 F1000
G1 A49.568 F1000
G1 X-151.773 Y51.293 Z390.739 F1000
G1 A40.566 F1000
G1 X-151.773 Y51.293 Z410.739 F1000
G1 A29.451 F1000
G1 X-151.773 Y51.293 Z430.739 F1000
G1 A10.923 F1000
G1 X-151.773 Y51.293 Z450.739 F1000
G1 A0.0 F1000
G1 X-151.773 Y51.293 Z470.739 F1000
G1 A47.038 F1000
G1 X-131.773 Y31.293 Z490.739 F1000
G1 A43.47 F1000
G1 X-111.773 Y31.293 Z510.739 F1000
G1 A59.464 F1000
G1 X-71.773 Y31.293 Z530.739 F1000
G1 A71.742 F1000
G1 X-11.773 Y11.293 Z550.739 F1000
G1 X-216.501 Y207.672 F8000
M992
G3 X-298.48 Y30.157 I216.501 J-207.672 F8000
G1 Z290.739 F8000
M991
G1 A78.223 F1000
G1 X-111.773 Y11.293 Z290.739 F1000
G1 A78.223 F1000
G1 X-131.773 Y11.293 Z310.739 F1000
G1 A71.626 F1000
G1 X-151.773 Y11.293 Z330.739 F1000
G1 A64.765 F1000
G1 X-151.773 Y11.293 Z350.739 F1000
G1 A57.491 F1000
G1 X-151.773 Y11.293 Z370.739 F1000
G1 A49.568 F1000
G1 X-151.773 Y11.293 Z390.739 F1000
G1 A40.566 F1000
G1 X-151.773 Y11.293 Z410.739 F1000
G1 A29.451 F1000
G1 X-151.773 Y11.293 Z430.739 F1000
G1 A10.923 F1000
G1 X-151.773 Y11.293 Z450.739 F1000
G1 A44.842 F1000
G1 X-131.773 Y11.293 Z470.739 F1000
G1 A44.791 F1000
G1 X-111.773 Y11.293 Z490.739 F1000
G1 A74.846 F1000
G1 X-31.773 Y11.293 Z510.739 F1000
G1 A41.78 F1000
G1 X-11.773 Y11.293 Z530.739 F1000
G1 A90 F1000
G1 X-11.773 Y11.293 Z550.739 F1000
G1 X-216.501 Y207.672 F8000
M992
G3 X-298.48 Y30.157 I216.501 J-207.672 F8000
G1 Z290.739 F8000
M991
G1 A78.223 F1000
G1 X-111.773 Y11.293 Z290.739 F1000
G1 A78.223 F1000
G1 X-111.773 Y11.293 Z310.739 F1000
G1 A71.626 F1000
G1 X-171.773 Y-8.707 Z330.739 F1000
G1 A64.765 F1000
G1 X-191.773 Y-8.707 Z350.739 F1000
G1 A57.491 F1000
G1 X-191.773 Y-8.707 Z370.739 F1000
G1 A49.568 F1000
G1 X-191.773 Y-8.707 Z390.739 F1000
G1 A40.566 F1000
G1 X-191.773 Y-8.707 Z410.739 F1000
G1 A44.941 F1000
G1 X-171.773 Y-8.707 Z430.739 F1000
G1 A44.927 F1000
G1 X-151.773 Y-8.707 Z450.739 F1000
G1 A56.986 F1000
G1 X-111.773 Y11.293 Z470.739 F1000
G1 A0.0 F1000
G1 X-111.773 Y11.293 Z490.739 F1000
G1 A77.321 F1000
G1 X-11.773 Y11.293 Z510.739 F1000
G1 A90 F1000
G1 X-11.773 Y11.293 Z530.739 F1000
G1 A90 F1000
G1 X-11.773 Y11.293 Z550.739 F1000
G1 X-216.501 Y207.672 F8000
M992
G3 X-299.094 Y-23.299 I216.501 J-207.672 F8000
G1 Z290.739 F8000
M991
G1 A78.223 F1000
G1 X-111.773 Y-8.707 Z290.739 F1000
G1 A78.223 F1000
G1 X-131.773 Y-8.707 Z310.739 F1000
G1 A71.626 F1000
G1 X-151.773 Y-28.707 Z330.739 F1000
G1 A64.765 F1000
G1 X-171.773 Y-28.707 Z350.739 F1000
G1 A57.491 F1000
G1 X-171.773 Y-28.707 Z370.739 F1000
G1 A49.568 F1000
G1 X-171.773 Y-28.707 Z390.739 F1000
G1 A40.566 F1000
G1 X-171.773 Y-28.707 Z410.739 F1000
G1 A44.222 F1000
G1 X-151.773 Y-28.707 Z430.739 F1000
G1 A42.422 F1000
G1 X-131.773 Y-8.707 Z450.739 F1000
G1 A44.875 F1000
G1 X-111.773 Y-8.707 Z470.739 F1000
G1 A0.0 F1000
G1 X-111.773 Y-8.707 Z490.739 F1000
G1 A76.98 F1000
G1 X-11.773 Y11.293 Z510.739 F1000
G1 A90 F1000
G1 X-11.773 Y11.293 Z530.739 F1000
G1 A90 F1000
G1 X-11.773 Y11.293 Z550.739 F1000
G1 X-216.501 Y207.672 F8000
M992
G3 X-290.57 Y-74.628 I216.501 J-207.672 F8000
G1 Z270.739 F8000
M991
G1 A84.664 F1000
G1 X-111.773 Y-28.707 Z270.739 F1000
G1 A84.664 F1000
G1 X-151.773 Y-48.707 Z290.739 F1000
G1 A78.223 F1000
G1 X-151.773 Y-48.707 Z310.739 F1000
G1 A71.626 F1000
G1 X-171.773 Y-68.707 Z330.739 F1000
G1 A64.765 F1000
G1 X-191.773 Y-68.707 Z350.739 F1000
G1 A57.491 F1000
G1 X-191.773 Y-68.707 Z370.739 F1000
G1 A49.568 F1000
G1 X-191.773 Y-68.707 Z390.739 F1000
G1 A40.566 F1000
G1 X-191.773 Y-68.707 Z410.739 F1000
G1 A65.005 F1000
G1 X-151.773 Y-48.707 Z430.739 F1000
G1 A10.923 F1000
G1 X-151.773 Y-48.707 Z450.739 F1000
G1 A42.321 F1000
G1 X-131.773 Y-48.707 Z470.739 F1000
G1 A47.877 F1000
G1 X-111.773 Y-28.707 Z490.739 F1000
G1 A72.009 F1000
G1 X-51.773 Y-8.707 Z510.739 F1000
G1 A60.797 F1000
G1 X-11.773 Y11.293 Z530.739 F1000
G1 A90 F1000
G1 X-11.773 Y11.293 Z550.739 F1000
G1 X-216.501 Y207.672 F8000
M992
G3 X-275.022 Y-119.846 I216.501 J-207.672 F8000
G1 Z290.739 F8000
M991
G1 A78.223 F1000
G1 X-111.773 Y-48.707 Z290.739 F1000
G1 A78.223 F1000
G1 X-131.773 Y-68.707 Z310.739 F1000
G1 A71.626 F1000
G1 X-151.773 Y-88.707 Z330.739 F1000
G1 A64.765 F1000
G1 X-151.773 Y-88.707 Z350.739 F1000
G1 A57.491 F1000
G1 X-151.773 Y-88.707 Z370.739 F1000
G1 A49.568 F1000
G1 X-151.773 Y-88.707 Z390.739 F1000
G1 A40.566 F1000
G1 X-151.773 Y-88.707 Z410.739 F1000
G1 A52.166 F1000
G1 X-131.773 Y-68.707 Z430.739 F1000
G1 A51.157 F1000
G1 X-111.773 Y-48.707 Z450.739 F1000
G1 A0.0 F1000
G1 X-111.773 Y-48.707 Z470.739 F1000
G1 A0.0 F1000
G1 X-111.773 Y-48.707 Z490.739 F1000
G1 A77.786 F1000
G1 X-11.773 Y11.293 Z510.739 F1000
G1 A90 F1000
G1 X-11.773 Y11.293 Z530.739 F1000
G1 A90 F1000
G1 X-11.773 Y11.293 Z550.739 F1000
G1 X-216.501 Y207.672 F8000
M992
G3 X-240.154 Y-179.794 I216.501 J-207.672 F8000
G1 Z270.739 F8000
M991
G1 A84.664 F1000
G1 X-91.773 Y-68.707 Z270.739 F1000
G1 A84.664 F1000
G1 X-111.773 Y-88.707 Z290.739 F1000
G1 A78.223 F1000
G1 X-131.773 Y-108.707 Z310.739 F1000
G1 A71.626 F1000
G1 X-131.773 Y-108.707 Z330.739 F1000
G1 A64.765 F1000
G1 X-131.773 Y-108.707 Z350.739 F1000
G1 A57.491 F1000
G1 X-131.773 Y-108.707 Z370.739 F1000
G1 A49.568 F1000
G1 X-131.773 Y-108.707 Z390.739 F1000
G1 A40.566 F1000
G1 X-131.773 Y-108.707 Z410.739 F1000
G1 A29.451 F1000
G1 X-131.773 Y-108.707 Z430.739 F1000
G1 A54.367 F1000
G1 X-111.773 Y-88.707 Z450.739 F1000
G1 A0.0 F1000
G1 X-111.773 Y-88.707 Z470.739 F1000
G1 A0.0 F1000
G1 X-111.773 Y-88.707 Z490.739 F1000
G1 A81.966 F1000
G1 X-0.707 Y-0.707 Z510.739 F1000
G1 A90 F1000
G1 X-0.707 Y-0.707 Z530.739 F1000
G1 A90 F1000
G1 X-0.707 Y-0.707 Z550.739 F1000
G1 X-212.132 Y-212.132 F8000
M992
G3 X-215.705 Y-208.498 I212.132 J212.132 F8000
G1 Z270.739 F8000
M991
G1 A84.664 F1000
G1 X-91.773 Y-88.707 Z270.739 F1000
G1 A84.664 F1000
G1 X-91.773 Y-88.707 Z290.739 F1000
G1 A78.223 F1000
G1 X-111.773 Y-108.707 Z310.739 F1000
G1 A71.626 F1000
G1 X-131.773 Y-148.707 Z330.739 F1000
G1 A64.765 F1000
G1 X-151.773 Y-168.707 Z350.739 F1000
G1 A57.491 F1000
G1 X-151.773 Y-168.707 Z370.739 F1000
G1 A49.568 F1000
G1 X-151.773 Y-168.707 Z390.739 F1000
G1 A54.623 F1000
G1 X-131.773 Y-148.707 Z410.739 F1000
G1 A61.866 F1000
G1 X-111.773 Y-108.707 Z430.739 F1000
G1 A54.728 F1000
G1 X-91.773 Y-88.707 Z450.739 F1000
G1 A0.0 F1000
G1 X-91.773 Y-88.707 Z470.739 F1000
G1 A0.0 F1000
G1 X-91.773 Y-88.707 Z490.739 F1000
G1 A81.026 F1000
G1 X-0.588 Y-0.809 Z510.739 F1000
G1 A90 F1000
G1 X-0.588 Y-0.809 Z530.739 F1000
G1 A90 F1000
G1 X-0.588 Y-0.809 Z550.739 F1000
G1 X-176.336 Y-242.705 F8000
M992
G3 X-188.7 Y-233.222 I176.336 J242.705 F8000
G1 Z290.739 F8000
M991
G1 A78.223 F1000
G1 X-71.773 Y-88.707 Z290.739 F1000
G1 A78.223 F1000
G1 X-91.773 Y-108.707 Z310.739 F1000
G1 A71.626 F1000
G1 X-91.773 Y-128.707 Z330.739 F1000
G1 A64.765 F1000
G1 X-111.773 Y-168.707 Z350.739 F1000
G1 A57.491 F1000
G1 X-111.773 Y-168.707 Z370.739 F1000
G1 A49.568 F1000
G1 X-111.773 Y-168.707 Z390.739 F1000
G1 A64.978 F1000
G1 X-91.773 Y-128.707 Z410.739 F1000
G1 A35.151 F1000
G1 X-91.773 Y-108.707 Z430.739 F1000
G1 A54.449 F1000
G1 X-71.773 Y-88.707 Z450.739 F1000
G1 A0.0 F1000
G1 X-71.773 Y-88.707 Z470.739 F1000
G1 A0.0 F1000
G1 X-71.773 Y-88.707 Z490.739 F1000
G1 A79.974 F1000
G1 X-0.454 Y-0.891 Z510.739 F1000
G1 A90 F1000
G1 X-0.454 Y-0.891 Z530.739 F1000
G1 A90 F1000
G1 X-0.454 Y-0.891 Z550.739 F1000
G1 X-136.197 Y-267.302 F8000
M992
G3 X-128.996 Y-270.851 I136.197 J267.302 F8000
G1 Z290.739 F8000
M991
G1 A78.223 F1000
G1 X-51.773 Y-108.707 Z290.739 F1000
G1 A78.223 F1000
G1 X-71.773 Y-128.707 Z310.739 F1000
G1 A71.626 F1000
G1 X-71.773 Y-148.707 Z330.739 F1000
G1 A64.765 F1000
G1 X-71.773 Y-148.707 Z350.739 F1000
G1 A57.491 F1000
G1 X-71.773 Y-148.707 Z370.739 F1000
G1 A49.568 F1000
G1 X-71.773 Y-148.707 Z390.739 F1000
G1 A40.566 F1000
G1 X-71.773 Y-148.707 Z410.739 F1000
G1 A39.555 F1000
G1 X-71.773 Y-128.707 Z430.739 F1000
G1 A51.761 F1000
G1 X-51.773 Y-108.707 Z450.739 F1000
G1 A23.813 F1000
G1 X-51.773 Y-88.707 Z490.739 F1000
G1 A78.877 F1000
G1 X-0.309 Y-0.951 Z510.739 F1000
G1 A90 F1000
G1 X-0.309 Y-0.951 Z530.739 F1000
G1 A90 F1000
G1 X-0.309 Y-0.951 Z550.739 F1000
G1 X-92.705 Y-285.317 F8000
M992
G3 X-84.163 Y-287.952 I92.705 J285.317 F8000
G1 Z310.739 F8000
M991
G1 A71.626 F1000
G1 X-31.773 Y-108.707 Z310.739 F1000
G1 A71.626 F1000
G1 X-51.773 Y-128.707 Z330.739 F1000
G1 A64.765 F1000
G1 X-51.773 Y-128.707 Z350.739 F1000
G1 A57.491 F1000
G1 X-51.773 Y-128.707 Z370.739 F1000
G1 A49.568 F1000
G1 X-51.773 Y-128.707 Z390.739 F1000
G1 A48.686 F1000
G1 X-31.773 Y-108.707 Z410.739 F1000
G1 A29.451 F1000
G1 X-31.773 Y-108.707 Z430.739 F1000
G1 A17.67 F1000
G1 X-31.773 Y-88.707 Z490.739 F1000
G1 A77.893 F1000
G1 X-0.156 Y-0.988 Z510.739 F1000
G1 A90 F1000
G1 X-0.156 Y-0.988 Z530.739 F1000
G1 A90 F1000
G1 X-0.156 Y-0.988 Z550.739 F1000
G1 X-46.93 Y-296.307 F8000
M992
G3 X-32.301 Y-298.256 I46.93 J296.307 F8000
G1 Z330.739 F8000
M991
G1 A90 F1000
G1 X-11.773 Y-108.707 Z330.739 F1000
G1 A90 F1000
G1 X-11.773 Y-108.707 Z350.739 F1000
G1 A90 F1000
G1 X-11.773 Y-108.707 Z370.739 F1000
G1 A49.568 F1000
G1 X-11.773 Y-88.707 Z490.739 F1000
G1 A77.265 F1000
G1 X0.0 Y-1.0 Z510.739 F1000
G1 A90 F1000
G1 X0.0 Y-1.0 Z530.739 F1000
G1 A90 F1000
G1 X0.0 Y-1.0 Z550.739 F1000
G1 X0.0 Y-300.0 F8000
M992
G3 X22.639 Y-299.145 I-0.0 J300.0 F8000
G1 Z310.739 F8000
M991
G1 A90 F1000
G1 X8.227 Y-108.707 Z310.739 F1000
G1 A90 F1000
G1 X28.227 Y-228.707 Z330.739 F1000
G1 A64.765 F1000
G1 X28.227 Y-228.707 Z350.739 F1000
G1 A80.357 F1000
G1 X8.227 Y-108.707 Z370.739 F1000
G1 A90 F1000
G1 X8.227 Y-108.707 Z390.739 F1000
G1 A90 F1000
G1 X8.227 Y-108.707 Z410.739 F1000
G1 A29.451 F1000
G1 X-11.773 Y-88.707 Z490.739 F1000
G1 A77.269 F1000
G1 X0.174 Y-0.985 Z510.739 F1000
G1 A90 F1000
G1 X0.174 Y-0.985 Z530.739 F1000
G1 A90 F1000
G1 X0.174 Y-0.985 Z550.739 F1000
G1 X52.094 Y-295.442 F8000
M992
G3 X82.456 Y-288.446 I-52.094 J295.442 F8000
G1 Z270.739 F8000
M991
G1 A84.664 F1000
G1 X48.227 Y-168.707 Z270.739 F1000
G1 A84.664 F1000
G1 X48.227 Y-168.707 Z290.739 F1000
G1 A78.223 F1000
G1 X48.227 Y-168.707 Z310.739 F1000
G1 A71.626 F1000
G1 X48.227 Y-168.707 Z330.739 F1000
G1 A64.765 F1000
G1 X48.227 Y-168.707 Z350.739 F1000
G1 A57.491 F1000
G1 X48.227 Y-168.707 Z370.739 F1000
G1 A49.568 F1000
G1 X48.227 Y-168.707 Z390.739 F1000
G1 A40.566 F1000
G1 X48.227 Y-168.707 Z410.739 F1000
G1 A29.451 F1000
G1 X48.227 Y-168.707 Z430.739 F1000
G1 A10.923 F1000
G1 X48.227 Y-168.707 Z450.739 F1000
G1 A0.0 F1000
G1 X48.227 Y-168.707 Z470.739 F1000
G1 A0.0 F1000
G1 X48.227 Y-168.707 Z490.739 F1000
G1 A0.0 F1000
G1 X48.227 Y-168.707 Z510.739 F1000
G1 A83.46 F1000
G1 X0.342 Y-0.94 Z530.739 F1000
G1 A90 F1000
G1 X0.342 Y-0.94 Z550.739 F1000
G1 X102.606 Y-281.908 F8000
M992
G3 X140.508 Y-265.061 I-102.606 J281.908 F8000
G1 Z330.739 F8000
M991
G1 A64.765 F1000
G1 X68.227 Y-128.707 Z330.739 F1000
G1 A64.765 F1000
G1 X68.227 Y-128.707 Z350.739 F1000
G1 A57.491 F1000
G1 X68.227 Y-128.707 Z370.739 F1000
G1 A49.568 F1000
G1 X68.227 Y-128.707 Z390.739 F1000
G1 A40.566 F1000
G1 X68.227 Y-128.707 Z410.739 F1000
G1 A29.451 F1000
G1 X68.227 Y-128.707 Z430.739 F1000
G1 A10.923 F1000
G1 X68.227 Y-128.707 Z450.739 F1000
G1 A51.308 F1000
G1 X28.227 Y-88.707 Z490.739 F1000
G1 A64.402 F1000
G1 X8.227 Y-48.707 Z510.739 F1000
G1 A67.57 F1000
G1 X0.5 Y-0.866 Z530.739 F1000
G1 A90 F1000
G1 X0.5 Y-0.866 Z550.739 F1000
G1 X150.0 Y-259.808 F8000
M992
G3 X182.898 Y-237.799 I-150.0 J259.808 F8000
G1 Z270.739 F8000
M991
G1 A84.664 F1000
G1 X68.227 Y-88.707 Z270.739 F1000
G1 A84.664 F1000
G1 X68.227 Y-88.707 Z290.739 F1000
G1 A78.223 F1000
G1 X88.227 Y-108.707 Z310.739 F1000
G1 A71.626 F1000
G1 X88.227 Y-108.707 Z330.739 F1000
G1 A64.765 F1000
G1 X88.227 Y-108.707 Z350.739 F1000
G1 A57.491 F1000
G1 X88.227 Y-108.707 Z370.739 F1000
G1 A49.568 F1000
G1 X88.227 Y-108.707 Z390.739 F1000
G1 A40.566 F1000
G1 X88.227 Y-108.707 Z410.739 F1000
G1 A29.451 F1000
G1 X88.227 Y-108.707 Z430.739 F1000
G1 A10.923 F1000
G1 X88.227 Y-108.707 Z450.739 F1000
G1 A0.0 F1000
G1 X88.227 Y-108.707 Z470.739 F1000
G1 A54.303 F1000
G1 X68.227 Y-88.707 Z490.739 F1000
G1 A0.0 F1000
G1 X68.227 Y-88.707 Z510.739 F1000
G1 A79.778 F1000
G1 X0.643 Y-0.766 Z530.739 F1000
G1 A90 F1000
G1 X0.643 Y-0.766 Z550.739 F1000
G1 X192.836 Y-229.813 F8000
M992
G3 X241.916 Y-177.417 I-192.836 J229.813 F8000
G1 Z270.739 F8000
M991
G1 A84.664 F1000
G1 X148.227 Y-108.707 Z270.739 F1000
G1 A84.664 F1000
G1 X168.227 Y-128.707 Z290.739 F1000
G1 A78.223 F1000
G1 X168.227 Y-128.707 Z310.739 F1000
G1 A71.626 F1000
G1 X168.227 Y-128.707 Z330.739 F1000
G1 A64.765 F1000
G1 X168.227 Y-128.707 Z350.739 F1000
G1 A57.491 F1000
G1 X168.227 Y-128.707 Z370.739 F1000
G1 A49.568 F1000
G1 X168.227 Y-128.707 Z390.739 F1000
G1 A40.566 F1000
G1 X168.227 Y-128.707 Z410.739 F1000
G1 A29.451 F1000
G1 X168.227 Y-128.707 Z430.739 F1000
G1 A10.923 F1000
G1 X168.227 Y-128.707 Z450.739 F1000
G1 A54.033 F1000
G1 X148.227 Y-108.707 Z470.739 F1000
G1 A0.0 F1000
G1 X148.227 Y-108.707 Z490.739 F1000
G1 A0.0 F1000
G1 X148.227 Y-108.707 Z510.739 F1000
G1 A83.757 F1000
G1 X0.766 Y-0.643 Z530.739 F1000
G1 A90 F1000
G1 X0.766 Y-0.643 Z550.739 F1000
G1 X229.813 Y-192.836 F8000
M992
G3 X265.367 Y-139.93 I-229.813 J192.836 F8000
G1 Z270.739 F8000
M991
G1 A84.664 F1000
G1 X168.227 Y-88.707 Z270.739 F1000
G1 A84.664 F1000
G1 X168.227 Y-88.707 Z290.739 F1000
G1 A78.223 F1000
G1 X168.227 Y-88.707 Z310.739 F1000
G1 A71.626 F1000
G1 X168.227 Y-88.707 Z330.739 F1000
G1 A64.765 F1000
G1 X168.227 Y-88.707 Z350.739 F1000
G1 A57.491 F1000
G1 X168.227 Y-88.707 Z370.739 F1000
G1 A49.568 F1000
G1 X168.227 Y-88.707 Z390.739 F1000
G1 A40.566 F1000
G1 X168.227 Y-88.707 Z410.739 F1000
G1 A29.451 F1000
G1 X168.227 Y-88.707 Z430.739 F1000
G1 A10.923 F1000
G1 X168.227 Y-88.707 Z450.739 F1000
G1 A0.0 F1000
G1 X168.227 Y-88.707 Z470.739 F1000
G1 A0.0 F1000
G1 X168.227 Y-88.707 Z490.739 F1000
G1 A0.0 F1000
G1 X168.227 Y-88.707 Z510.739 F1000
G1 A83.965 F1000
G1 X0.866 Y-0.5 Z530.739 F1000
G1 A90 F1000
G1 X0.866 Y-0.5 Z550.739 F1000
G1 X259.808 Y-150.0 F8000
M992
G3 X288.165 Y-83.433 I-259.808 J150.0 F8000
G1 Z250.739 F8000
M991
G1 A91.038 F1000
G1 X168.227 Y-48.707 Z250.739 F1000
G1 A91.038 F1000
G1 X168.227 Y-48.707 Z270.739 F1000
G1 A84.664 F1000
G1 X208.227 Y-68.707 Z290.739 F1000
G1 A78.223 F1000
G1 X208.227 Y-68.707 Z310.739 F1000
G1 A71.626 F1000
G1 X208.227 Y-68.707 Z330.739 F1000
G1 A64.765 F1000
G1 X228.227 Y-68.707 Z350.739 F1000
G1 A57.491 F1000
G1 X208.227 Y-68.707 Z370.739 F1000
G1 A49.568 F1000
G1 X208.227 Y-68.707 Z390.739 F1000
G1 A40.566 F1000
G1 X208.227 Y-68.707 Z410.739 F1000
G1 A29.451 F1000
G1 X208.227 Y-68.707 Z430.739 F1000
G1 A10.923 F1000
G1 X208.227 Y-68.707 Z450.739 F1000
G1 A64.595 F1000
G1 X168.227 Y-48.707 Z470.739 F1000
G1 A0.0 F1000
G1 X168.227 Y-48.707 Z490.739 F1000
G1 A0.0 F1000
G1 X168.227 Y-48.707 Z510.739 F1000
G1 A83.448 F1000
G1 X0.94 Y-0.342 Z530.739 F1000
G1 A90 F1000
G1 X0.94 Y-0.342 Z550.739 F1000
G1 X281.908 Y-102.606 F8000
M992
G3 X299.311 Y-20.324 I-281.908 J102.606 F8000
G1 Z310.739 F8000
M991
G1 A71.626 F1000
G1 X128.227 Y-8.707 Z310.739 F1000
G1 A71.626 F1000
G1 X128.227 Y-8.707 Z330.739 F1000
G1 A64.765 F1000
G1 X128.227 Y-8.707 Z350.739 F1000
G1 A57.491 F1000
G1 X128.227 Y-8.707 Z370.739 F1000
G1 A49.568 F1000
G1 X128.227 Y-8.707 Z390.739 F1000
G1 A40.566 F1000
G1 X128.227 Y-8.707 Z410.739 F1000
G1 A29.451 F1000
G1 X128.227 Y-8.707 Z430.739 F1000
G1 A33.463 F1000
G1 X88.227 Y11.293 Z490.739 F1000
G1 A77.193 F1000
G1 X0.985 Y-0.174 Z510.739 F1000
G1 A90 F1000
G1 X0.985 Y-0.174 Z530.739 F1000
G1 A90 F1000
G1 X0.985 Y-0.174 Z550.739 F1000
G1 X295.442 Y-52.094 F8000
M992
G3 X298.38 Y31.134 I-295.442 J52.094 F8000
G1 Z310.739 F8000
M991
G1 A90 F1000
G1 X108.227 Y11.293 Z310.739 F1000
G1 A90 F1000
G1 X108.227 Y11.293 Z330.739 F1000
G1 A90 F1000
G1 X108.227 Y11.293 Z350.739 F1000
G1 A90 F1000
G1 X108.227 Y11.293 Z370.739 F1000
G1 A90 F1000
G1 X108.227 Y11.293 Z390.739 F1000
G1 A90 F1000
G1 X108.227 Y11.293 Z410.739 F1000
G1 A90 F1000
G1 X108.227 Y11.293 Z430.739 F1000
G1 A18.332 F1000
G1 X88.227 Y11.293 Z490.739 F1000
G1 A77.189 F1000
G1 X1.0 Y-0.0 Z510.739 F1000
G1 A90 F1000
G1 X1.0 Y-0.0 Z530.739 F1000
G1 A90 F1000
G1 X1.0 Y-0.0 Z550.739 F1000
G1 X300.0 Y-0.0 F8000
M992
G3 X271.095 Y128.482 I-300.0 J0.0 F8000
G1 Z290.739 F8000
M991
G1 A78.223 F1000
G1 X108.227 Y51.293 Z290.739 F1000
G1 A78.223 F1000
G1 X108.227 Y51.293 Z310.739 F1000
G1 A71.626 F1000
G1 X108.227 Y51.293 Z330.739 F1000
G1 A64.765 F1000
G1 X108.227 Y51.293 Z350.739 F1000
G1 A57.491 F1000
G1 X108.227 Y51.293 Z370.739 F1000
G1 A49.568 F1000
G1 X108.227 Y51.293 Z390.739 F1000
G1 A40.566 F1000
G1 X108.227 Y51.293 Z410.739 F1000
G1 A29.451 F1000
G1 X108.227 Y51.293 Z430.739 F1000
G1 A10.923 F1000
G1 X108.227 Y51.293 Z450.739 F1000
G1 A0.0 F1000
G1 X108.227 Y51.293 Z470.739 F1000
G1 A50.263 F1000
G1 X88.227 Y31.293 Z490.739 F1000
G1 A41.792 F1000
G1 X68.227 Y31.293 Z510.739 F1000
G1 A74.893 F1000
G1 X0.985 Y0.174 Z530.739 F1000
G1 A90 F1000
G1 X0.985 Y0.174 Z550.739 F1000
G1 X295.442 Y52.094 F8000
M992
G3 X250.528 Y165.032 I-295.442 J-52.094 F8000
G1 Z270.739 F8000
M991
G1 A84.664 F1000
G1 X108.227 Y71.293 Z270.739 F1000
G1 A84.664 F1000
G1 X128.227 Y71.293 Z290.739 F1000
G1 A78.223 F1000
G1 X148.227 Y71.293 Z310.739 F1000
G1 A71.626 F1000
G1 X148.227 Y71.293 Z330.739 F1000
G1 A64.765 F1000
G1 X168.227 Y91.293 Z350.739 F1000
G1 A57.491 F1000
G1 X168.227 Y91.293 Z370.739 F1000
G1 A49.568 F1000
G1 X168.227 Y91.293 Z390.739 F1000
G1 A40.566 F1000
G1 X168.227 Y91.293 Z410.739 F1000
G1 A65.833 F1000
G1 X128.227 Y71.293 Z430.739 F1000
G1 A10.923 F1000
G1 X128.227 Y71.293 Z450.739 F1000
G1 A38.171 F1000
G1 X108.227 Y71.293 Z470.739 F1000
G1 A0.0 F1000
G1 X108.227 Y71.293 Z490.739 F1000
G1 A65.017 F1000
G1 X68.227 Y51.293 Z510.739 F1000
G1 A76.667 F1000
G1 X0.94 Y0.342 Z530.739 F1000
G1 A90 F1000
G1 X0.94 Y0.342 Z550.739 F1000
G1 X281.908 Y102.606 F8000
M992
G3 X233.34 Y188.553 I-281.908 J-102.606 F8000
G1 Z290.739 F8000
M991
G1 A78.223 F1000
G1 X88.227 Y71.293 Z290.739 F1000
G1 A78.223 F1000
G1 X128.227 Y111.293 Z310.739 F1000
G1 A71.626 F1000
G1 X128.227 Y111.293 Z330.739 F1000
G1 A64.765 F1000
G1 X128.227 Y111.293 Z350.739 F1000
G1 A57.491 F1000
G1 X128.227 Y111.293 Z370.739 F1000
G1 A49.568 F1000
G1 X128.227 Y111.293 Z390.739 F1000
G1 A40.566 F1000
G1 X128.227 Y111.293 Z410.739 F1000
G1 A29.451 F1000
G1 X128.227 Y111.293 Z430.739 F1000
G1 A10.923 F1000
G1 X128.227 Y111.293 Z450.739 F1000
G1 A70.129 F1000
G1 X88.227 Y71.293 Z470.739 F1000
G1 A0.0 F1000
G1 X88.227 Y71.293 Z490.739 F1000
G1 A79.914 F1000
G1 X0.866 Y0.5 Z510.739 F1000
G1 A90 F1000
G1 X0.866 Y0.5 Z530.739 F1000
G1 A90 F1000
G1 X0.866 Y0.5 Z550.739 F1000
G1 X259.808 Y150.0 F8000
M992
G3 X179.591 Y240.306 I-259.808 J-150.0 F8000
G1 Z270.739 F8000
M991
G1 A84.664 F1000
G1 X68.227 Y91.293 Z270.739 F1000
G1 A84.664 F1000
G1 X88.227 Y111.293 Z290.739 F1000
G1 A78.223 F1000
G1 X88.227 Y111.293 Z310.739 F1000
G1 A71.626 F1000
G1 X88.227 Y111.293 Z330.739 F1000
G1 A64.765 F1000
G1 X108.227 Y131.293 Z350.739 F1000
G1 A57.491 F1000
G1 X108.227 Y131.293 Z370.739 F1000
G1 A49.568 F1000
G1 X108.227 Y131.293 Z390.739 F1000
G1 A40.566 F1000
G1 X108.227 Y131.293 Z410.739 F1000
G1 A29.451 F1000
G1 X108.227 Y131.293 Z430.739 F1000
G1 A54.364 F1000
G1 X88.227 Y111.293 Z450.739 F1000
G1 A0.0 F1000
G1 X88.227 Y111.293 Z470.739 F1000
G1 A0.0 F1000
G1 X88.227 Y111.293 Z490.739 F1000
G1 A81.929 F1000
G1 X0.766 Y0.643 Z510.739 F1000
G1 A90 F1000
G1 X0.766 Y0.643 Z530.739 F1000
G1 A90 F1000
G1 X0.766 Y0.643 Z550.739 F1000
G1 X229.813 Y192.836 F8000
M992
G3 X160.242 Y253.619 I-229.813 J-192.836 F8000
G1 Z270.739 F8000
M991
G1 A84.664 F1000
G1 X108.227 Y171.293 Z270.739 F1000
G1 A84.664 F1000
G1 X108.227 Y171.293 Z290.739 F1000
G1 A78.223 F1000
G1 X128.227 Y191.293 Z310.739 F1000
G1 A71.626 F1000
G1 X128.227 Y191.293 Z330.739 F1000
G1 A64.765 F1000
G1 X128.227 Y191.293 Z350.739 F1000
G1 A57.491 F1000
G1 X128.227 Y191.293 Z370.739 F1000
G1 A49.568 F1000
G1 X128.227 Y191.293 Z390.739 F1000
G1 A40.566 F1000
G1 X128.227 Y191.293 Z410.739 F1000
G1 A29.451 F1000
G1 X128.227 Y191.293 Z430.739 F1000
G1 A10.923 F1000
G1 X128.227 Y191.293 Z450.739 F1000
G1 A0.0 F1000
G1 X128.227 Y191.293 Z470.739 F1000
G1 A53.23 F1000
G1 X108.227 Y171.293 Z490.739 F1000
G1 A82.682 F1000
G1 X-11.773 Y11.293 Z510.739 F1000
G1 A90 F1000
G1 X-11.773 Y11.293 Z530.739 F1000
G1 A90 F1000
G1 X-11.773 Y11.293 Z550.739 F1000
G1 X-216.501 Y207.672 F8000
M992
G3 X123.328 Y273.478 I216.501 J-207.672 F8000
G1 Z230.739 F8000
M991
G1 A97.425 F1000
G1 X68.227 Y151.293 Z230.739 F1000
G1 A97.425 F1000
G1 X68.227 Y151.293 Z250.739 F1000
G1 A91.038 F1000
G1 X88.227 Y191.293 Z270.739 F1000
G1 A84.664 F1000
G1 X88.227 Y191.293 Z290.739 F1000
G1 A78.223 F1000
G1 X88.227 Y191.293 Z310.739 F1000
G1 A71.626 F1000
G1 X88.227 Y191.293 Z330.739 F1000
G1 A64.765 F1000
G1 X88.227 Y191.293 Z350.739 F1000
G1 A57.491 F1000
G1 X88.227 Y191.293 Z370.739 F1000
G1 A49.568 F1000
G1 X88.227 Y191.293 Z390.739 F1000
G1 A40.566 F1000
G1 X88.227 Y191.293 Z410.739 F1000
G1 A29.451 F1000
G1 X88.227 Y191.293 Z430.739 F1000
G1 A10.923 F1000
G1 X88.227 Y191.293 Z450.739 F1000
G1 A0.0 F1000
G1 X88.227 Y191.293 Z470.739 F1000
G1 A65.842 F1000
G1 X68.227 Y151.293 Z490.739 F1000
G1 A0.0 F1000
G1 X68.227 Y151.293 Z510.739 F1000
G1 A81.068 F1000
G1 X-11.773 Y11.293 Z530.739 F1000
G1 A90 F1000
G1 X-11.773 Y11.293 Z550.739 F1000
G1 X-216.501 Y207.672 F8000
M992
G3 X63.057 Y293.298 I216.501 J-207.672 F8000
G1 Z270.739 F8000
M991
G1 A84.664 F1000
G1 X28.227 Y131.293 Z270.739 F1000
G1 A84.664 F1000
G1 X28.227 Y131.293 Z290.739 F1000
G1 A78.223 F1000
G1 X28.227 Y151.293 Z310.739 F1000
G1 A71.626 F1000
G1 X28.227 Y171.293 Z330.739 F1000
G1 A64.765 F1000
G1 X28.227 Y171.293 Z350.739 F1000
G1 A57.491 F1000
G1 X48.227 Y191.293 Z370.739 F1000
G1 A49.568 F1000
G1 X48.227 Y191.293 Z390.739 F1000
G1 A40.566 F1000
G1 X48.227 Y191.293 Z410.739 F1000
G1 A29.451 F1000
G1 X48.227 Y191.293 Z430.739 F1000
G1 A71.952 F1000
G1 X28.227 Y131.293 Z450.739 F1000
G1 A0.0 F1000
G1 X28.227 Y131.293 Z470.739 F1000
G1 A0.0 F1000
G1 X28.227 Y131.293 Z490.739 F1000
G1 A79.041 F1000
G1 X-11.773 Y11.293 Z510.739 F1000
G1 A90 F1000
G1 X-11.773 Y11.293 Z530.739 F1000
G1 A90 F1000
G1 X-11.773 Y11.293 Z550.739 F1000
G1 X-216.501 Y207.672 F8000
M992
G3 X16.289 Y299.557 I216.501 J-207.672 F8000
G1 Z270.739 F8000
M991
G1 A84.664 F1000
G1 X8.227 Y151.293 Z270.739 F1000
G1 A84.664 F1000
G1 X8.227 Y151.293 Z290.739 F1000
G1 A78.223 F1000
G1 X8.227 Y191.293 Z310.739 F1000
G1 A71.626 F1000
G1 X8.227 Y191.293 Z330.739 F1000
G1 A64.765 F1000
G1 X8.227 Y191.293 Z350.739 F1000
G1 A57.491 F1000
G1 X8.227 Y191.293 Z370.739 F1000
G1 A49.568 F1000
G1 X8.227 Y191.293 Z390.739 F1000
G1 A40.566 F1000
G1 X8.227 Y191.293 Z410.739 F1000
G1 A29.451 F1000
G1 X8.227 Y191.293 Z430.739 F1000
G1 A63.329 F1000
G1 X8.227 Y151.293 Z450.739 F1000
G1 A56.873 F1000
G1 X-11.773 Y111.293 Z470.739 F1000
G1 A0.0 F1000
G1 X-11.773 Y111.293 Z490.739 F1000
G1 A77.198 F1000
G1 X-11.773 Y11.293 Z510.739 F1000
G1 A90 F1000
G1 X-11.773 Y11.293 Z530.739 F1000
G1 A90 F1000
G1 X-11.773 Y11.293 Z550.739 F1000
G1 X-216.501 Y207.672 F8000
M992
G3 X-31.559 Y298.335 I216.501 J-207.672 F8000
G1 Z270.739 F8000
M991
G1 A84.664 F1000
G1 X-11.773 Y111.293 Z270.739 F1000
G1 A84.664 F1000
G1 X-11.773 Y111.293 Z290.739 F1000
G1 A78.223 F1000
G1 X-11.773 Y131.293 Z310.739 F1000
G1 A71.626 F1000
G1 X-11.773 Y131.293 Z330.739 F1000
G1 A64.765 F1000
G1 X-11.773 Y131.293 Z350.739 F1000
G1 A57.491 F1000
G1 X-11.773 Y131.293 Z370.739 F1000
G1 A49.568 F1000
G1 X-11.773 Y131.293 Z390.739 F1000
G1 A40.566 F1000
G1 X-11.773 Y131.293 Z410.739 F1000
G1 A29.451 F1000
G1 X-11.773 Y131.293 Z430.739 F1000
G1 A44.771 F1000
G1 X-11.773 Y111.293 Z450.739 F1000
G1 A0.0 F1000
G1 X-11.773 Y111.293 Z470.739 F1000
G1 A0.0 F1000
G1 X-11.773 Y111.293 Z490.739 F1000
G1 A77.198 F1000
G1 X-11.773 Y11.293 Z510.739 F1000
G1 A90 F1000
G1 X-11.773 Y11.293 Z530.739 F1000
G1 A90 F1000
G1 X-11.773 Y11.293 Z550.739 F1000
G1 X-216.501 Y207.672 F8000
M992
G3 X-82.357 Y288.474 I216.501 J-207.672 F8000
G1 Z270.739 F8000
M991
G1 A84.664 F1000
G1 X-31.773 Y111.293 Z270.739 F1000
G1 A84.664 F1000
G1 X-31.773 Y111.293 Z290.739 F1000
G1 A78.223 F1000
G1 X-31.773 Y111.293 Z310.739 F1000
G1 A71.626 F1000
G1 X-51.773 Y151.293 Z330.739 F1000
G1 A64.765 F1000
G1 X-51.773 Y151.293 Z350.739 F1000
G1 A57.491 F1000
G1 X-51.773 Y191.293 Z370.739 F1000
G1 A49.568 F1000
G1 X-51.773 Y191.293 Z390.739 F1000
G1 A40.566 F1000
G1 X-51.773 Y191.293 Z410.739 F1000
G1 A59.697 F1000
G1 X-51.773 Y151.293 Z430.739 F1000
G1 A10.923 F1000
G1 X-51.773 Y151.293 Z450.739 F1000
G1 A64.782 F1000
G1 X-31.773 Y111.293 Z470.739 F1000
G1 A0.0 F1000
G1 X-31.773 Y111.293 Z490.739 F1000
G1 A77.991 F1000
G1 X-11.773 Y11.293 Z510.739 F1000
G1 A90 F1000
G1 X-11.773 Y11.293 Z530.739 F1000
G1 A90 F1000
G1 X-11.773 Y11.293 Z550.739 F1000
G1 X-216.501 Y207.672 F8000
M992
G3 X-143.901 Y263.235 I216.501 J-207.672 F8000
G1 Z270.739 F8000
M991
G1 A84.664 F1000
G1 X-71.773 Y131.293 Z270.739 F1000
G1 A84.664 F1000
G1 X-71.773 Y131.293 Z290.739 F1000
G1 A78.223 F1000
G1 X-71.773 Y131.293 Z310.739 F1000
G1 A71.626 F1000
G1 X-71.773 Y131.293 Z330.739 F1000
G1 A64.765 F1000
G1 X-71.773 Y131.293 Z350.739 F1000
G1 A57.491 F1000
G1 X-71.773 Y151.293 Z370.739 F1000
G1 A49.568 F1000
G1 X-71.773 Y151.293 Z390.739 F1000
G1 A40.566 F1000
G1 X-71.773 Y151.293 Z410.739 F1000
G1 A29.451 F1000
G1 X-71.773 Y151.293 Z430.739 F1000
G1 A39.707 F1000
G1 X-71.773 Y131.293 Z450.739 F1000
G1 A0.0 F1000
G1 X-71.773 Y131.293 Z470.739 F1000
G1 A0.0 F1000
G1 X-71.773 Y131.293 Z490.739 F1000
G1 A81.267 F1000
G1 X-11.773 Y11.293 Z510.739 F1000
G1 A90 F1000
G1 X-11.773 Y11.293 Z530.739 F1000
G1 A90 F1000
G1 X-11.773 Y11.293 Z550.739 F1000
G1 X-216.501 Y207.672 F8000
M992
G3 X-178.263 Y241.293 I216.501 J-207.672 F8000
G1 Z230.739 F8000
M991
G1 A97.425 F1000
G1 X-111.773 Y151.293 Z230.739 F1000
G1 A97.425 F1000
G1 X-111.773 Y151.293 Z250.739 F1000
G1 A91.038 F1000
G1 X-111.773 Y151.293 Z270.739 F1000
G1 A84.664 F1000
G1 X-111.773 Y151.293 Z290.739 F1000
G1 A78.223 F1000
G1 X-131.773 Y191.293 Z310.739 F1000
G1 A71.626 F1000
G1 X-131.773 Y191.293 Z330.739 F1000
G1 A64.765 F1000
G1 X-131.773 Y191.293 Z350.739 F1000
G1 A57.491 F1000
G1 X-131.773 Y191.293 Z370.739 F1000
G1 A49.568 F1000
G1 X-131.773 Y191.293 Z390.739 F1000
G1 A40.566 F1000
G1 X-131.773 Y191.293 Z410.739 F1000
G1 A29.451 F1000
G1 X-131.773 Y191.293 Z430.739 F1000
G1 A10.923 F1000
G1 X-131.773 Y191.293 Z450.739 F1000
G1 A0.0 F1000
G1 X-131.773 Y191.293 Z470.739 F1000
G1 A0.0 F1000
G1 X-131.773 Y191.293 Z490.739 F1000
G1 A64.688 F1000
G1 X-111.773 Y151.293 Z510.739 F1000
G1 A0.0 F1000
G1 X-111.773 Y151.293 Z530.739 F1000
G1 A83.306 F1000
G1 X-11.773 Y11.293 Z550.739 F1000
G1 X-216.501 Y207.672 F8000
M992
G3 X-212.588 Y211.675 I216.501 J-207.672 F8000
G1 Z290.739 F8000
M991
G1 A78.223 F1000
G1 X-111.773 Y111.293 Z290.739 F1000
G1 A78.223 F1000
G1 X-151.773 Y171.293 Z310.739 F1000
G1 A71.626 F1000
G1 X-151.773 Y171.293 Z330.739 F1000
G1 A64.765 F1000
G1 X-151.773 Y171.293 Z350.739 F1000
G1 A57.491 F1000
G1 X-151.773 Y171.293 Z370.739 F1000
G1 A49.568 F1000
G1 X-151.773 Y171.293 Z390.739 F1000
G1 A40.566 F1000
G1 X-151.773 Y171.293 Z410.739 F1000
G1 A29.451 F1000
G1 X-151.773 Y171.293 Z430.739 F1000
G1 A10.923 F1000
G1 X-151.773 Y171.293 Z450.739 F1000
G1 A0.0 F1000
G1 X-151.773 Y171.293 Z470.739 F1000
G1 A0.0 F1000
G1 X-151.773 Y171.293 Z490.739 F1000
G1 A84.614 F1000
G1 X-11.773 Y11.293 Z510.739 F1000
G1 A90 F1000
G1 X-11.773 Y11.293 Z530.739 F1000
G1 A90 F1000
G1 X-11.773 Y11.293 Z550.739 F1000
G1 X-216.501 Y207.672 F8000
M992
G3 X-212.588 Y211.675 I216.501 J-207.672 F8000
G1 Z290.739 F8000
M991
G1 A78.223 F1000
G1 X-111.773 Y111.293 Z290.739 F1000
G1 A78.223 F1000
G1 X-111.773 Y111.293 Z310.739 F1000
G1 A71.626 F1000
G1 X-111.773 Y111.293 Z330.739 F1000
G1 A64.765 F1000
G1 X-111.773 Y111.293 Z350.739 F1000
G1 A57.491 F1000
G1 X-111.773 Y111.293 Z370.739 F1000
G1 A49.568 F1000
G1 X-111.773 Y111.293 Z390.739 F1000
G1 A40.566 F1000
G1 X-111.773 Y111.293 Z410.739 F1000
G1 A29.451 F1000
G1 X-111.773 Y111.293 Z430.739 F1000
G1 A10.923 F1000
G1 X-111.773 Y111.293 Z450.739 F1000
G1 A0.0 F1000
G1 X-111.773 Y111.293 Z470.739 F1000
G1 A0.0 F1000
G1 X-111.773 Y111.293 Z490.739 F1000
G1 A81.95 F1000
G1 X-11.773 Y11.293 Z510.739 F1000
G1 A90 F1000
G1 X-11.773 Y11.293 Z530.739 F1000
G1 A90 F1000
G1 X-11.773 Y11.293 Z550.739 F1000
G1 X-216.501 Y207.672 F8000
M992
G3 X-252.93 Y161.328 I216.501 J-207.672 F8000
G1 Z290.739 F8000
M991
G1 A78.223 F1000
G1 X-111.773 Y71.293 Z290.739 F1000
G1 A78.223 F1000
G1 X-111.773 Y71.293 Z310.739 F1000
G1 A71.626 F1000
G1 X-111.773 Y71.293 Z330.739 F1000
G1 A64.765 F1000
G1 X-111.773 Y71.293 Z350.739 F1000
G1 A57.491 F1000
G1 X-151.773 Y111.293 Z370.739 F1000
G1 A49.568 F1000
G1 X-151.773 Y111.293 Z390.739 F1000
G1 A40.566 F1000
G1 X-151.773 Y111.293 Z410.739 F1000
G1 A29.451 F1000
G1 X-151.773 Y111.293 Z430.739 F1000
G1 A10.923 F1000
G1 X-151.773 Y111.293 Z450.739 F1000
G1 A68.724 F1000
G1 X-111.773 Y71.293 Z470.739 F1000
G1 A0.0 F1000
G1 X-111.773 Y71.293 Z490.739 F1000
G1 A65.22 F1000
G1 X-71.773 Y51.293 Z510.739 F1000
G1 A74.39 F1000
G1 X-11.773 Y11.293 Z530.739 F1000
G1 A90 F1000
G1 X-11.773 Y11.293 Z550.739 F1000
G1 X-216.501 Y207.672 F8000
M992
G3 X-263.858 Y142.755 I216.501 J-207.672 F8000
G1 Z270.739 F8000
M991
G1 A84.664 F1000
G1 X-131.773 Y71.293 Z270.739 F1000
G1 A84.664 F1000
G1 X-131.773 Y71.293 Z290.739 F1000
G1 A78.223 F1000
G1 X-131.773 Y71.293 Z310.739 F1000
G1 A71.626 F1000
G1 X-131.773 Y71.293 Z330.739 F1000
G1 A64.765 F1000
G1 X-131.773 Y71.293 Z350.739 F1000
G1 A57.491 F1000
G1 X-151.773 Y71.293 Z370.739 F1000
G1 A49.568 F1000
G1 X-151.773 Y71.293 Z390.739 F1000
G1 A40.566 F1000
G1 X-151.773 Y71.293 Z410.739 F1000
G1 A29.451 F1000
G1 X-151.773 Y71.293 Z430.739 F1000
G1 A10.923 F1000
G1 X-151.773 Y71.293 Z450.739 F1000
G1 A39.793 F1000
G1 X-131.773 Y71.293 Z470.739 F1000
G1 A0.0 F1000
G1 X-131.773 Y71.293 Z490.739 F1000
G1 A0.0 F1000
G1 X-131.773 Y71.293 Z510.739 F1000
G1 A77.263 F1000
G1 X-51.773 Y31.293 Z530.739 F1000
G1 A65.498 F1000
G1 X-11.773 Y11.293 Z550.739 F1000
G1 X-216.501 Y207.672 F8000
M992
G3 X-288.892 Y80.88 I216.501 J-207.672 F8000
G1 Z290.739 F8000
M991
G1 A78.223 F1000
G1 X-111.773 Y31.293 Z290.739 F1000
G1 A78.223 F1000
G1 X-111.773 Y31.293 Z310.739 F1000
G1 A71.626 F1000
G1 X-111.773 Y31.293 Z330.739 F1000
G1 A64.765 F1000
G1 X-131.773 Y51.293 Z350.739 F1000
G1 A57.491 F1000
G1 X-131.773 Y51.293 Z370.739 F1000
G1 A49.568 F1000
G1 X-131.773 Y51.293 Z390.739 F1000
G1 A40.566 F1000
G1 X-131.773 Y51.293 Z410.739 F1000
G1 A29.451 F1000
G1 X-131.773 Y51.293 Z430.739 F1000
G1 A10.923 F1000
G1 X-131.773 Y51.293 Z450.739 F1000
G1 A0.0 F1000
G1 X-131.773 Y51.293 Z470.739 F1000
G1 A48.37 F1000
G1 X-111.773 Y31.293 Z490.739 F1000
G1 A42.916 F1000
G1 X-91.773 Y31.293 Z510.739 F1000
G1 A75.564 F1000
G1 X-11.773 Y11.293 Z530.739 F1000
G1 A90 F1000
G1 X-11.773 Y11.293 Z550.739 F1000
G1 X-216.501 Y207.672 F8000
M992
G3 X-298.48 Y30.157 I216.501 J-207.672 F8000
G1 Z290.739 F8000
M991
G1 A78.223 F1000
G1 X-111.773 Y11.293 Z290.739 F1000
G1 A78.223 F1000
G1 X-111.773 Y11.293 Z310.739 F1000
G1 A71.626 F1000
G1 X-131.773 Y11.293 Z330.739 F1000
G1 A64.765 F1000
G1 X-131.773 Y11.293 Z350.739 F1000
G1 A57.491 F1000
G1 X-131.773 Y11.293 Z370.739 F1000
G1 A49.568 F1000
G1 X-131.773 Y11.293 Z390.739 F1000
G1 A40.566 F1000
G1 X-131.773 Y11.293 Z410.739 F1000
G1 A29.451 F1000
G1 X-131.773 Y11.293 Z430.739 F1000
G1 A10.923 F1000
G1 X-131.773 Y11.293 Z450.739 F1000
G1 A44.791 F1000
G1 X-111.773 Y11.293 Z470.739 F1000
G1 A0.0 F1000
G1 X-111.773 Y11.293 Z490.739 F1000
G1 A77.321 F1000
G1 X-11.773 Y11.293 Z510.739 F1000
G1 A90 F1000
G1 X-11.773 Y11.293 Z530.739 F1000
G1 A90 F1000
G1 X-11.773 Y11.293 Z550.739 F1000
G1 X-216.501 Y207.672 F8000
M992
G3 X-298.48 Y30.157 I216.501 J-207.672 F8000
G1 Z290.739 F8000
M991
G1 A78.223 F1000
G1 X-111.773 Y11.293 Z290.739 F1000
G1 A78.223 F1000
G1 X-111.773 Y11.293 Z310.739 F1000
G1 A71.626 F1000
G1 X-151.773 Y-8.707 Z330.739 F1000
G1 A64.765 F1000
G1 X-171.773 Y-8.707 Z350.739 F1000
G1 A57.491 F1000
G1 X-171.773 Y-8.707 Z370.739 F1000
G1 A49.568 F1000
G1 X-171.773 Y-8.707 Z390.739 F1000
G1 A40.566 F1000
G1 X-171.773 Y-8.707 Z410.739 F1000
G1 A44.927 F1000
G1 X-151.773 Y-8.707 Z430.739 F1000
G1 A56.986 F1000
G1 X-111.773 Y11.293 Z450.739 F1000
G1 A0.0 F1000
G1 X-111.773 Y11.293 Z470.739 F1000
G1 A0.0 F1000
G1 X-111.773 Y11.293 Z490.739 F1000
G1 A77.321 F1000
G1 X-11.773 Y11.293 Z510.739 F1000
G1 A90 F1000
G1 X-11.773 Y11.293 Z530.739 F1000
G1 A90 F1000
G1 X-11.773 Y11.293 Z550.739 F1000
G1 X-216.501 Y207.672 F8000
M992
G3 X-290.768 Y-73.85 I216.501 J-207.672 F8000
G1 Z270.739 F8000
M991
G1 A84.664 F1000
G1 X-191.773 Y-48.707 Z270.739 F1000
G1 A84.664 F1000
G1 X-191.773 Y-48.707 Z290.739 F1000
G1 A78.223 F1000
G1 X-231.773 Y-68.707 Z310.739 F1000
G1 A71.626 F1000
G1 X-231.773 Y-68.707 Z330.739 F1000
G1 A64.765 F1000
G1 X-231.773 Y-68.707 Z350.739 F1000
G1 A57.491 F1000
G1 X-231.773 Y-68.707 Z370.739 F1000
G1 A49.568 F1000
G1 X-231.773 Y-68.707 Z390.739 F1000
G1 A40.566 F1000
G1 X-231.773 Y-68.707 Z410.739 F1000
G1 A29.451 F1000
G1 X-231.773 Y-68.707 Z430.739 F1000
G1 A10.923 F1000
G1 X-231.773 Y-68.707 Z450.739 F1000
G1 A64.008 F1000
G1 X-191.773 Y-48.707 Z470.739 F1000
G1 A0.0 F1000
G1 X-191.773 Y-48.707 Z490.739 F1000
G1 A82.675 F1000
G1 X-11.773 Y11.293 Z510.739 F1000
G1 A90 F1000
G1 X-11.773 Y11.293 Z530.739 F1000
G1 A90 F1000
G1 X-11.773 Y11.293 Z550.739 F1000
G1 X-216.501 Y207.672 F8000
M992
G3 X-272.282 Y-125.947 I216.501 J-207.672 F8000
G1 Z270.739 F8000
M991
G1 A84.664 F1000
G1 X-191.773 Y-88.707 Z270.739 F1000
G1 A84.664 F1000
G1 X-191.773 Y-88.707 Z290.739 F1000
G1 A78.223 F1000
G1 X-191.773 Y-88.707 Z310.739 F1000
G1 A71.626 F1000
G1 X-191.773 Y-88.707 Z330.739 F1000
G1 A64.765 F1000
G1 X-191.773 Y-88.707 Z350.739 F1000
G1 A57.491 F1000
G1 X-191.773 Y-88.707 Z370.739 F1000
G1 A49.568 F1000
G1 X-191.773 Y-88.707 Z390.739 F1000
G1 A40.566 F1000
G1 X-191.773 Y-88.707 Z410.739 F1000
G1 A29.451 F1000
G1 X-191.773 Y-88.707 Z430.739 F1000
G1 A10.923 F1000
G1 X-191.773 Y-88.707 Z450.739 F1000
G1 A0.0 F1000
G1 X-191.773 Y-88.707 Z470.739 F1000
G1 A73.534 F1000
G1 X-111.773 Y-28.707 Z490.739 F1000
G1 A77.164 F1000
G1 X-11.773 Y11.293 Z510.739 F1000
G1 A90 F1000
G1 X-11.773 Y11.293 Z530.739 F1000
G1 A90 F1000
G1 X-11.773 Y11.293 Z550.739 F1000
G1 X-216.501 Y207.672 F8000
M992
G3 X-253.501 Y-160.429 I216.501 J-207.672 F8000
G1 Z270.739 F8000
M991
G1 A84.664 F1000
G1 X-171.773 Y-108.707 Z270.739 F1000
G1 A84.664 F1000
G1 X-191.773 Y-128.707 Z290.739 F1000
G1 A78.223 F1000
G1 X-191.773 Y-128.707 Z310.739 F1000
G1 A71.626 F1000
G1 X-191.773 Y-128.707 Z330.739 F1000
G1 A64.765 F1000
G1 X-191.773 Y-128.707 Z350.739 F1000
G1 A57.491 F1000
G1 X-191.773 Y-128.707 Z370.739 F1000
G1 A49.568 F1000
G1 X-191.773 Y-128.707 Z390.739 F1000
G1 A40.566 F1000
G1 X-191.773 Y-128.707 Z410.739 F1000
G1 A29.451 F1000
G1 X-191.773 Y-128.707 Z430.739 F1000
G1 A10.923 F1000
G1 X-191.773 Y-128.707 Z450.739 F1000
G1 A53.238 F1000
G1 X-171.773 Y-108.707 Z470.739 F1000
G1 A74.44 F1000
G1 X-111.773 Y-68.707 Z490.739 F1000
G1 A78.663 F1000
G1 X-11.773 Y11.293 Z510.739 F1000
G1 A90 F1000
G1 X-11.773 Y11.293 Z530.739 F1000
G1 A90 F1000
G1 X-11.773 Y11.293 Z550.739 F1000
G1 X-216.501 Y207.672 F8000
M992
G3 X-234.988 Y-186.495 I216.501 J-207.672 F8000
G1 Z290.739 F8000
M991
G1 A78.223 F1000
G1 X-111.773 Y-88.707 Z290.739 F1000
G1 A78.223 F1000
G1 X-111.773 Y-88.707 Z310.739 F1000
G1 A71.626 F1000
G1 X-131.773 Y-128.707 Z330.739 F1000
G1 A64.765 F1000
G1 X-131.773 Y-128.707 Z350.739 F1000
G1 A57.491 F1000
G1 X-131.773 Y-128.707 Z370.739 F1000
G1 A49.568 F1000
G1 X-131.773 Y-128.707 Z390.739 F1000
G1 A59.606 F1000
G1 X-111.773 Y-88.707 Z410.739 F1000
G1 A29.451 F1000
G1 X-111.773 Y-88.707 Z430.739 F1000
G1 A10.923 F1000
G1 X-111.773 Y-88.707 Z450.739 F1000
G1 A0.0 F1000
G1 X-111.773 Y-88.707 Z470.739 F1000
G1 A0.0 F1000
G1 X-111.773 Y-88.707 Z490.739 F1000
G1 A81.967 F1000
G1 X-0.643 Y-0.766 Z510.739 F1000
G1 A90 F1000
G1 X-0.643 Y-0.766 Z530.739 F1000
G1 A90 F1000
G1 X-0.643 Y-0.766 Z550.739 F1000
G1 X-192.836 Y-229.813 F8000
M992
G3 X-188.7 Y-233.222 I192.836 J229.813 F8000
G1 Z290.739 F8000
M991
G1 A78.223 F1000
G1 X-71.773 Y-88.707 Z290.739 F1000
G1 A78.223 F1000
G1 X-71.773 Y-88.707 Z310.739 F1000
G1 A71.626 F1000
G1 X-111.773 Y-128.707 Z330.739 F1000
G1 A64.765 F1000
G1 X-111.773 Y-148.707 Z350.739 F1000
G1 A57.491 F1000
G1 X-111.773 Y-148.707 Z370.739 F1000
G1 A49.568 F1000
G1 X-111.773 Y-148.707 Z390.739 F1000
G1 A40.566 F1000
G1 X-111.773 Y-128.707 Z410.739 F1000
G1 A29.451 F1000
G1 X-111.773 Y-128.707 Z430.739 F1000
G1 A70.132 F1000
G1 X-71.773 Y-88.707 Z450.739 F1000
G1 A0.0 F1000
G1 X-71.773 Y-88.707 Z470.739 F1000
G1 A0.0 F1000
G1 X-71.773 Y-88.707 Z490.739 F1000
G1 A79.973 F1000
G1 X-0.5 Y-0.866 Z510.739 F1000
G1 A90 F1000
G1 X-0.5 Y-0.866 Z530.739 F1000
G1 A90 F1000
G1 X-0.5 Y-0.866 Z550.739 F1000
G1 X-150.0 Y-259.808 F8000
M992
G3 X-143.356 Y-263.532 I150.0 J259.808 F8000
G1 Z290.739 F8000
M991
G1 A78.223 F1000
G1 X-91.773 Y-168.707 Z290.739 F1000
G1 A78.223 F1000
G1 X-91.773 Y-168.707 Z310.739 F1000
G1 A71.626 F1000
G1 X-91.773 Y-168.707 Z330.739 F1000
G1 A64.765 F1000
G1 X-91.773 Y-168.707 Z350.739 F1000
G1 A57.491 F1000
G1 X-91.773 Y-168.707 Z370.739 F1000
G1 A49.568 F1000
G1 X-91.773 Y-168.707 Z390.739 F1000
G1 A40.566 F1000
G1 X-91.773 Y-168.707 Z410.739 F1000
G1 A29.451 F1000
G1 X-91.773 Y-168.707 Z430.739 F1000
G1 A10.923 F1000
G1 X-91.773 Y-168.707 Z450.739 F1000
G1 A0.0 F1000
G1 X-91.773 Y-168.707 Z470.739 F1000
G1 A77.244 F1000
G1 X-51.773 Y-88.707 Z490.739 F1000
G1 A78.877 F1000
G1 X-0.342 Y-0.94 Z510.739 F1000
G1 A90 F1000
G1 X-0.342 Y-0.94 Z530.739 F1000
G1 A90 F1000
G1 X-0.342 Y-0.94 Z550.739 F1000
G1 X-102.606 Y-281.908 F8000
M992
G3 X-128.996 Y-270.851 I102.606 J281.908 F8000
G1 Z310.739 F8000
M991
G1 A71.626 F1000
G1 X-51.773 Y-108.707 Z310.739 F1000
G1 A71.626 F1000
G1 X-71.773 Y-228.707 Z330.739 F1000
G1 A64.765 F1000
G1 X-71.773 Y-228.707 Z350.739 F1000
G1 A57.491 F1000
G1 X-71.773 Y-228.707 Z370.739 F1000
G1 A49.568 F1000
G1 X-71.773 Y-228.707 Z390.739 F1000
G1 A40.566 F1000
G1 X-71.773 Y-228.707 Z410.739 F1000
G1 A77.754 F1000
G1 X-51.773 Y-108.707 Z430.739 F1000
G1 A23.695 F1000
G1 X-31.773 Y-88.707 Z490.739 F1000
G1 A77.893 F1000
G1 X-0.174 Y-0.985 Z510.739 F1000
G1 A90 F1000
G1 X-0.174 Y-0.985 Z530.739 F1000
G1 A90 F1000
G1 X-0.174 Y-0.985 Z550.739 F1000
G1 X-52.094 Y-295.442 F8000
M992
G3 X-39.469 Y-297.392 I52.094 J295.442 F8000
G1 Z490.739 F8000
M991
G1 A77.265 F1000
G1 X-11.773 Y-88.707 Z490.739 F1000
G1 A77.265 F1000
G1 X0.0 Y-1.0 Z510.739 F1000
G1 A90 F1000
G1 X0.0 Y-1.0 Z530.739 F1000
G1 A90 F1000
G1 X0.0 Y-1.0 Z550.739 F1000
G1 X0.0 Y-300.0 F8000
M992
G3 X22.639 Y-299.145 I-0.0 J300.0 F8000
G1 Z330.739 F8000
M991
G1 A90 F1000
G1 X8.227 Y-108.707 Z330.739 F1000
G1 A90 F1000
G1 X8.227 Y-108.707 Z350.739 F1000
G1 A57.491 F1000
G1 X-11.773 Y-88.707 Z490.739 F1000
G1 A77.269 F1000
G1 X0.174 Y-0.985 Z510.739 F1000
G1 A90 F1000
G1 X0.174 Y-0.985 Z530.739 F1000
G1 A90 F1000
G1 X0.174 Y-0.985 Z550.739 F1000
G1 X52.094 Y-295.442 F8000
M992
G3 X75.398 Y-290.371 I-52.094 J295.442 F8000
G1 Z270.739 F8000
M991
G1 A84.664 F1000
G1 X28.227 Y-108.707 Z270.739 F1000
G1 A84.664 F1000
G1 X28.227 Y-108.707 Z290.739 F1000
G1 A78.223 F1000
G1 X28.227 Y-108.707 Z310.739 F1000
G1 A71.626 F1000
G1 X28.227 Y-108.707 Z330.739 F1000
G1 A64.765 F1000
G1 X28.227 Y-108.707 Z350.739 F1000
G1 A57.491 F1000
G1 X28.227 Y-108.707 Z370.739 F1000
G1 A49.568 F1000
G1 X28.227 Y-108.707 Z390.739 F1000
G1 A40.566 F1000
G1 X28.227 Y-108.707 Z410.739 F1000
G1 A29.451 F1000
G1 X28.227 Y-108.707 Z430.739 F1000
G1 A10.923 F1000
G1 X28.227 Y-108.707 Z450.739 F1000
G1 A0.0 F1000
G1 X28.227 Y-108.707 Z470.739 F1000
G1 A0.0 F1000
G1 X28.227 Y-108.707 Z490.739 F1000
G1 A0.0 F1000
G1 X28.227 Y-108.707 Z510.739 F1000
G1 A79.814 F1000
G1 X0.342 Y-0.94 Z530.739 F1000
G1 A90 F1000
G1 X0.342 Y-0.94 Z550.739 F1000
G1 X102.606 Y-281.908 F8000
M992
G3 X90.967 Y-285.876 I-102.606 J281.908 F8000
G1 Z490.739 F8000
M991
G1 A72.435 F1000
G1 X28.227 Y-88.707 Z490.739 F1000
G1 A72.435 F1000
G1 X8.227 Y-28.707 Z510.739 F1000
G1 A55.306 F1000
G1 X0.5 Y-0.866 Z530.739 F1000
G1 A90 F1000
G1 X0.5 Y-0.866 Z550.739 F1000
G1 X150.0 Y-259.808 F8000
M992
G3 X182.898 Y-237.799 I-150.0 J259.808 F8000
G1 Z290.739 F8000
M991
G1 A78.223 F1000
G1 X68.227 Y-88.707 Z290.739 F1000
G1 A78.223 F1000
G1 X68.227 Y-88.707 Z310.739 F1000
G1 A71.626 F1000
G1 X68.227 Y-88.707 Z330.739 F1000
G1 A64.765 F1000
G1 X68.227 Y-88.707 Z350.739 F1000
G1 A57.491 F1000
G1 X68.227 Y-88.707 Z370.739 F1000
G1 A49.568 F1000
G1 X68.227 Y-88.707 Z390.739 F1000
G1 A40.566 F1000
G1 X68.227 Y-88.707 Z410.739 F1000
G1 A29.451 F1000
G1 X68.227 Y-88.707 Z430.739 F1000
G1 A10.923 F1000
G1 X68.227 Y-88.707 Z450.739 F1000
G1 A0.0 F1000
G1 X68.227 Y-88.707 Z470.739 F1000
G1 A0.0 F1000
G1 X68.227 Y-88.707 Z490.739 F1000
G1 A54.06 F1000
G1 X48.227 Y-68.707 Z510.739 F1000
G1 A76.444 F1000
G1 X0.643 Y-0.766 Z530.739 F1000
G1 A90 F1000
G1 X0.643 Y-0.766 Z550.739 F1000
G1 X192.836 Y-229.813 F8000
M992
G3 X241.916 Y-177.417 I-192.836 J229.813 F8000
G1 Z290.739 F8000
M991
G1 A78.223 F1000
G1 X148.227 Y-108.707 Z290.739 F1000
G1 A78.223 F1000
G1 X148.227 Y-108.707 Z310.739 F1000
G1 A71.626 F1000
G1 X148.227 Y-108.707 Z330.739 F1000
G1 A64.765 F1000
G1 X148.227 Y-108.707 Z350.739 F1000
G1 A57.491 F1000
G1 X148.227 Y-108.707 Z370.739 F1000
G1 A49.568 F1000
G1 X148.227 Y-108.707 Z390.739 F1000
G1 A40.566 F1000
G1 X148.227 Y-108.707 Z410.739 F1000
G1 A29.451 F1000
G1 X148.227 Y-108.707 Z430.739 F1000
G1 A10.923 F1000
G1 X148.227 Y-108.707 Z450.739 F1000
G1 A74.293 F1000
G1 X88.227 Y-68.707 Z470.739 F1000
G1 A0.0 F1000
G1 X88.227 Y-68.707 Z490.739 F1000
G1 A54.121 F1000
G1 X68.227 Y-48.707 Z510.739 F1000
G1 A76.426 F1000
G1 X0.766 Y-0.643 Z530.739 F1000
G1 A90 F1000
G1 X0.766 Y-0.643 Z550.739 F1000
G1 X229.813 Y-192.836 F8000
M992
G3 X273.572 Y-123.12 I-229.813 J192.836 F8000
G1 Z290.739 F8000
M991
G1 A78.223 F1000
G1 X108.227 Y-48.707 Z290.739 F1000
G1 A78.223 F1000
G1 X128.227 Y-68.707 Z310.739 F1000
G1 A71.626 F1000
G1 X128.227 Y-68.707 Z330.739 F1000
G1 A64.765 F1000
G1 X128.227 Y-68.707 Z350.739 F1000
G1 A57.491 F1000
G1 X128.227 Y-68.707 Z370.739 F1000
G1 A49.568 F1000
G1 X128.227 Y-68.707 Z390.739 F1000
G1 A40.566 F1000
G1 X128.227 Y-68.707 Z410.739 F1000
G1 A29.451 F1000
G1 X128.227 Y-68.707 Z430.739 F1000
G1 A51.405 F1000
G1 X108.227 Y-48.707 Z450.739 F1000
G1 A0.0 F1000
G1 X108.227 Y-48.707 Z470.739 F1000
G1 A0.0 F1000
G1 X108.227 Y-48.707 Z490.739 F1000
G1 A49.768 F1000
G1 X88.227 Y-28.707 Z510.739 F1000
G1 A77.709 F1000
G1 X0.866 Y-0.5 Z530.739 F1000
G1 A90 F1000
G1 X0.866 Y-0.5 Z550.739 F1000
G1 X259.808 Y-150.0 F8000
M992
G3 X289.973 Y-76.915 I-259.808 J150.0 F8000
G1 Z270.739 F8000
M991
G1 A84.664 F1000
G1 X108.227 Y-28.707 Z270.739 F1000
G1 A84.664 F1000
G1 X168.227 Y-48.707 Z290.739 F1000
G1 A78.223 F1000
G1 X168.227 Y-48.707 Z310.739 F1000
G1 A71.626 F1000
G1 X168.227 Y-48.707 Z330.739 F1000
G1 A64.765 F1000
G1 X208.227 Y-68.707 Z350.739 F1000
G1 A64.595 F1000
G1 X168.227 Y-48.707 Z370.739 F1000
G1 A49.568 F1000
G1 X168.227 Y-48.707 Z390.739 F1000
G1 A40.566 F1000
G1 X168.227 Y-48.707 Z410.739 F1000
G1 A29.451 F1000
G1 X168.227 Y-48.707 Z430.739 F1000
G1 A10.923 F1000
G1 X168.227 Y-48.707 Z450.739 F1000
G1 A72.308 F1000
G1 X108.227 Y-28.707 Z470.739 F1000
G1 A0.0 F1000
G1 X108.227 Y-28.707 Z490.739 F1000
G1 A0.0 F1000
G1 X108.227 Y-28.707 Z510.739 F1000
G1 A79.784 F1000
G1 X0.94 Y-0.342 Z530.739 F1000
G1 A90 F1000
G1 X0.94 Y-0.342 Z550.739 F1000
G1 X281.908 Y-102.606 F8000
M992
G3 X299.034 Y-24.058 I-281.908 J102.606 F8000
G1 Z330.739 F8000
M991
G1 A90 F1000
G1 X108.227 Y-8.707 Z330.739 F1000
G1 A90 F1000
G1 X108.227 Y-8.707 Z350.739 F1000
G1 A90 F1000
G1 X108.227 Y-8.707 Z370.739 F1000
G1 A90 F1000
G1 X108.227 Y-8.707 Z390.739 F1000
G1 A90 F1000
G1 X108.227 Y-8.707 Z410.739 F1000
G1 A90 F1000
G1 X108.227 Y-8.707 Z430.739 F1000
G1 A18.949 F1000
G1 X88.227 Y11.293 Z490.739 F1000
G1 A77.193 F1000
G1 X0.985 Y-0.174 Z510.739 F1000
G1 A90 F1000
G1 X0.985 Y-0.174 Z530.739 F1000
G1 A90 F1000
G1 X0.985 Y-0.174 Z550.739 F1000
G1 X295.442 Y-52.094 F8000
M992
G3 X297.572 Y38.089 I-295.442 J52.094 F8000
G1 Z490.739 F8000
M991
G1 A77.189 F1000
G1 X88.227 Y11.293 Z490.739 F1000
G1 A77.189 F1000
G1 X1.0 Y-0.0 Z510.739 F1000
G1 A90 F1000
G1 X1.0 Y-0.0 Z530.739 F1000
G1 A90 F1000
G1 X1.0 Y-0.0 Z550.739 F1000
G1 X300.0 Y-0.0 F8000
M992
G3 X282.742 Y100.285 I-300.0 J0.0 F8000
G1 Z490.739 F8000
M991
G1 A57.455 F1000
G1 X88.227 Y31.293 Z490.739 F1000
G1 A57.455 F1000
G1 X48.227 Y31.293 Z510.739 F1000
G1 A70.526 F1000
G1 X0.985 Y0.174 Z530.739 F1000
G1 A90 F1000
G1 X0.985 Y0.174 Z550.739 F1000
G1 X295.442 Y52.094 F8000
M992
G3 X250.528 Y165.032 I-295.442 J-52.094 F8000
G1 Z290.739 F8000
M991
G1 A78.223 F1000
G1 X108.227 Y71.293 Z290.739 F1000
G1 A78.223 F1000
G1 X128.227 Y71.293 Z310.739 F1000
G1 A71.626 F1000
G1 X128.227 Y71.293 Z330.739 F1000
G1 A64.765 F1000
G1 X148.227 Y71.293 Z350.739 F1000
G1 A57.491 F1000
G1 X148.227 Y71.293 Z370.739 F1000
G1 A49.568 F1000
G1 X148.227 Y71.293 Z390.739 F1000
G1 A40.566 F1000
G1 X148.227 Y71.293 Z410.739 F1000
G1 A53.711 F1000
G1 X108.227 Y71.293 Z430.739 F1000
G1 A10.923 F1000
G1 X108.227 Y71.293 Z450.739 F1000
G1 A34.437 F1000
G1 X88.227 Y51.293 Z490.739 F1000
G1 A68.991 F1000
G1 X28.227 Y31.293 Z510.739 F1000
G1 A64.133 F1000
G1 X0.94 Y0.342 Z530.739 F1000
G1 A90 F1000
G1 X0.94 Y0.342 Z550.739 F1000
G1 X281.908 Y102.606 F8000
M992
G3 X233.34 Y188.553 I-281.908 J-102.606 F8000
G1 Z290.739 F8000
M991
G1 A78.223 F1000
G1 X88.227 Y71.293 Z290.739 F1000
G1 A78.223 F1000
G1 X88.227 Y71.293 Z310.739 F1000
G1 A71.626 F1000
G1 X108.227 Y91.293 Z330.739 F1000
G1 A64.765 F1000
G1 X108.227 Y91.293 Z350.739 F1000
G1 A57.491 F1000
G1 X108.227 Y91.293 Z370.739 F1000
G1 A49.568 F1000
G1 X108.227 Y91.293 Z390.739 F1000
G1 A40.566 F1000
G1 X108.227 Y91.293 Z410.739 F1000
G1 A29.451 F1000
G1 X108.227 Y91.293 Z430.739 F1000
G1 A54.446 F1000
G1 X88.227 Y71.293 Z450.739 F1000
G1 A0.0 F1000
G1 X88.227 Y71.293 Z470.739 F1000
G1 A0.0 F1000
G1 X88.227 Y71.293 Z490.739 F1000
G1 A79.914 F1000
G1 X0.866 Y0.5 Z510.739 F1000
G1 A90 F1000
G1 X0.866 Y0.5 Z530.739 F1000
G1 A90 F1000
G1 X0.866 Y0.5 Z550.739 F1000
G1 X259.808 Y150.0 F8000
M992
G3 X186.367 Y235.09 I-259.808 J-150.0 F8000
G1 Z290.739 F8000
M991
G1 A78.223 F1000
G1 X88.227 Y111.293 Z290.739 F1000
G1 A78.223 F1000
G1 X88.227 Y111.293 Z310.739 F1000
G1 A71.626 F1000
G1 X88.227 Y111.293 Z330.739 F1000
G1 A64.765 F1000
G1 X88.227 Y111.293 Z350.739 F1000
G1 A57.491 F1000
G1 X88.227 Y111.293 Z370.739 F1000
G1 A49.568 F1000
G1 X88.227 Y111.293 Z390.739 F1000
G1 A40.566 F1000
G1 X88.227 Y111.293 Z410.739 F1000
G1 A29.451 F1000
G1 X88.227 Y111.293 Z430.739 F1000
G1 A10.923 F1000
G1 X88.227 Y111.293 Z450.739 F1000
G1 A0.0 F1000
G1 X88.227 Y111.293 Z470.739 F1000
G1 A0.0 F1000
G1 X88.227 Y111.293 Z490.739 F1000
G1 A81.929 F1000
G1 X0.766 Y0.643 Z510.739 F1000
G1 A90 F1000
G1 X0.766 Y0.643 Z530.739 F1000
G1 A90 F1000
G1 X0.766 Y0.643 Z550.739 F1000
G1 X229.813 Y192.836 F8000
M992
G3 X156.794 Y255.765 I-229.813 J-192.836 F8000
G1 Z290.739 F8000
M991
G1 A78.223 F1000
G1 X68.227 Y111.293 Z290.739 F1000
G1 A78.223 F1000
G1 X108.227 Y171.293 Z310.739 F1000
G1 A71.626 F1000
G1 X108.227 Y171.293 Z330.739 F1000
G1 A64.765 F1000
G1 X108.227 Y171.293 Z350.739 F1000
G1 A57.491 F1000
G1 X108.227 Y171.293 Z370.739 F1000
G1 A49.568 F1000
G1 X108.227 Y171.293 Z390.739 F1000
G1 A40.566 F1000
G1 X108.227 Y171.293 Z410.739 F1000
G1 A29.451 F1000
G1 X108.227 Y171.293 Z430.739 F1000
G1 A10.923 F1000
G1 X108.227 Y171.293 Z450.739 F1000
G1 A0.0 F1000
G1 X108.227 Y171.293 Z470.739 F1000
G1 A74.437 F1000
G1 X68.227 Y111.293 Z490.739 F1000
G1 A78.62 F1000
G1 X-11.773 Y11.293 Z510.739 F1000
G1 A90 F1000
G1 X-11.773 Y11.293 Z530.739 F1000
G1 A90 F1000
G1 X-11.773 Y11.293 Z550.739 F1000
G1 X-216.501 Y207.672 F8000
M992
G3 X123.328 Y273.478 I216.501 J-207.672 F8000
G1 Z270.739 F8000
M991
G1 A84.664 F1000
G1 X68.227 Y151.293 Z270.739 F1000
G1 A84.664 F1000
G1 X68.227 Y151.293 Z290.739 F1000
G1 A78.223 F1000
G1 X68.227 Y151.293 Z310.739 F1000
G1 A71.626 F1000
G1 X68.227 Y151.293 Z330.739 F1000
G1 A64.765 F1000
G1 X68.227 Y151.293 Z350.739 F1000
G1 A57.491 F1000
G1 X68.227 Y151.293 Z370.739 F1000
G1 A49.568 F1000
G1 X68.227 Y151.293 Z390.739 F1000
G1 A40.566 F1000
G1 X68.227 Y151.293 Z410.739 F1000
G1 A29.451 F1000
G1 X68.227 Y151.293 Z430.739 F1000
G1 A10.923 F1000
G1 X68.227 Y151.293 Z450.739 F1000
G1 A0.0 F1000
G1 X68.227 Y151.293 Z470.739 F1000
G1 A61.859 F1000
G1 X28.227 Y111.293 Z490.739 F1000
G1 A77.065 F1000
G1 X-11.773 Y11.293 Z510.739 F1000
G1 A90 F1000
G1 X-11.773 Y11.293 Z530.739 F1000
G1 A90 F1000
G1 X-11.773 Y11.293 Z550.739 F1000
G1 X-216.501 Y207.672 F8000
M992
G3 X22.116 Y299.184 I216.501 J-207.672 F8000
G1 Z270.739 F8000
M991
G1 A84.664 F1000
G1 X8.227 Y111.293 Z270.739 F1000
G1 A84.664 F1000
G1 X8.227 Y111.293 Z290.739 F1000
G1 A78.223 F1000
G1 X28.227 Y131.293 Z310.739 F1000
G1 A71.626 F1000
G1 X28.227 Y151.293 Z330.739 F1000
G1 A64.765 F1000
G1 X28.227 Y151.293 Z350.739 F1000
G1 A57.491 F1000
G1 X28.227 Y171.293 Z370.739 F1000
G1 A49.568 F1000
G1 X28.227 Y171.293 Z390.739 F1000
G1 A40.566 F1000
G1 X28.227 Y171.293 Z410.739 F1000
G1 A29.451 F1000
G1 X28.227 Y171.293 Z430.739 F1000
G1 A70.309 F1000
G1 X8.227 Y111.293 Z450.739 F1000
G1 A0.0 F1000
G1 X8.227 Y111.293 Z470.739 F1000
G1 A0.0 F1000
G1 X8.227 Y111.293 Z490.739 F1000
G1 A76.861 F1000
G1 X-11.773 Y11.293 Z510.739 F1000
G1 A90 F1000
G1 X-11.773 Y11.293 Z530.739 F1000
G1 A90 F1000
G1 X-11.773 Y11.293 Z550.739 F1000
G1 X-216.501 Y207.672 F8000
M992
G3 X18.762 Y299.413 I216.501 J-207.672 F8000
G1 Z290.739 F8000
M991
G1 A78.223 F1000
G1 X8.227 Y131.293 Z290.739 F1000
G1 A78.223 F1000
G1 X8.227 Y171.293 Z310.739 F1000
G1 A71.626 F1000
G1 X8.227 Y171.293 Z330.739 F1000
G1 A64.765 F1000
G1 X8.227 Y171.293 Z350.739 F1000
G1 A57.491 F1000
G1 X8.227 Y171.293 Z370.739 F1000
G1 A49.568 F1000
G1 X8.227 Y171.293 Z390.739 F1000
G1 A40.566 F1000
G1 X8.227 Y171.293 Z410.739 F1000
G1 A29.451 F1000
G1 X8.227 Y171.293 Z430.739 F1000
G1 A63.303 F1000
G1 X8.227 Y131.293 Z450.739 F1000
G1 A37.758 F1000
G1 X-11.773 Y111.293 Z470.739 F1000
G1 A0.0 F1000
G1 X-11.773 Y111.293 Z490.739 F1000
G1 A77.198 F1000
G1 X-11.773 Y11.293 Z510.739 F1000
G1 A90 F1000
G1 X-11.773 Y11.293 Z530.739 F1000
G1 A90 F1000
G1 X-11.773 Y11.293 Z550.739 F1000
G1 X-216.501 Y207.672 F8000
M992
G3 X-31.559 Y298.335 I216.501 J-207.672 F8000
G1 Z290.739 F8000
M991
G1 A78.223 F1000
G1 X-11.773 Y111.293 Z290.739 F1000
G1 A78.223 F1000
G1 X-11.773 Y111.293 Z310.739 F1000
G1 A71.626 F1000
G1 X-11.773 Y111.293 Z330.739 F1000
G1 A64.765 F1000
G1 X-11.773 Y111.293 Z350.739 F1000
G1 A57.491 F1000
G1 X-11.773 Y111.293 Z370.739 F1000
G1 A49.568 F1000
G1 X-11.773 Y111.293 Z390.739 F1000
G1 A40.566 F1000
G1 X-11.773 Y111.293 Z410.739 F1000
G1 A29.451 F1000
G1 X-11.773 Y111.293 Z430.739 F1000
G1 A10.923 F1000
G1 X-11.773 Y111.293 Z450.739 F1000
G1 A0.0 F1000
G1 X-11.773 Y111.293 Z470.739 F1000
G1 A0.0 F1000
G1 X-11.773 Y111.293 Z490.739 F1000
G1 A77.198 F1000
G1 X-11.773 Y11.293 Z510.739 F1000
G1 A90 F1000
G1 X-11.773 Y11.293 Z530.739 F1000
G1 A90 F1000
G1 X-11.773 Y11.293 Z550.739 F1000
G1 X-216.501 Y207.672 F8000
M992
G3 X-82.357 Y288.474 I216.501 J-207.672 F8000
G1 Z290.739 F8000
M991
G1 A78.223 F1000
G1 X-31.773 Y111.293 Z290.739 F1000
G1 A78.223 F1000
G1 X-31.773 Y111.293 Z310.739 F1000
G1 A71.626 F1000
G1 X-31.773 Y111.293 Z330.739 F1000
G1 A64.765 F1000
G1 X-51.773 Y131.293 Z350.739 F1000
G1 A57.491 F1000
G1 X-51.773 Y171.293 Z370.739 F1000
G1 A49.568 F1000
G1 X-51.773 Y171.293 Z390.739 F1000
G1 A40.566 F1000
G1 X-51.773 Y171.293 Z410.739 F1000
G1 A58.89 F1000
G1 X-51.773 Y131.293 Z430.739 F1000
G1 A48.495 F1000
G1 X-31.773 Y111.293 Z450.739 F1000
G1 A0.0 F1000
G1 X-31.773 Y111.293 Z470.739 F1000
G1 A0.0 F1000
G1 X-31.773 Y111.293 Z490.739 F1000
G1 A77.991 F1000
G1 X-11.773 Y11.293 Z510.739 F1000
G1 A90 F1000
G1 X-11.773 Y11.293 Z530.739 F1000
G1 A90 F1000
G1 X-11.773 Y11.293 Z550.739 F1000
G1 X-216.501 Y207.672 F8000
M992
G3 X-126.537 Y272.008 I216.501 J-207.672 F8000
G1 Z290.739 F8000
M991
G1 A78.223 F1000
G1 X-51.773 Y111.293 Z290.739 F1000
G1 A78.223 F1000
G1 X-51.773 Y111.293 Z310.739 F1000
G1 A71.626 F1000
G1 X-51.773 Y111.293 Z330.739 F1000
G1 A64.765 F1000
G1 X-51.773 Y111.293 Z350.739 F1000
G1 A57.491 F1000
G1 X-71.773 Y131.293 Z370.739 F1000
G1 A49.568 F1000
G1 X-71.773 Y131.293 Z390.739 F1000
G1 A40.566 F1000
G1 X-71.773 Y131.293 Z410.739 F1000
G1 A29.451 F1000
G1 X-71.773 Y131.293 Z430.739 F1000
G1 A51.585 F1000
G1 X-51.773 Y111.293 Z450.739 F1000
G1 A0.0 F1000
G1 X-51.773 Y111.293 Z470.739 F1000
G1 A0.0 F1000
G1 X-51.773 Y111.293 Z490.739 F1000
G1 A79.025 F1000
G1 X-11.773 Y11.293 Z510.739 F1000
G1 A90 F1000
G1 X-11.773 Y11.293 Z530.739 F1000
G1 A90 F1000
G1 X-11.773 Y11.293 Z550.739 F1000
G1 X-216.501 Y207.672 F8000
M992
G3 X-162.592 Y252.119 I216.501 J-207.672 F8000
G1 Z290.739 F8000
M991
G1 A78.223 F1000
G1 X-71.773 Y111.293 Z290.739 F1000
G1 A78.223 F1000
G1 X-111.773 Y151.293 Z310.739 F1000
G1 A71.626 F1000
G1 X-111.773 Y151.293 Z330.739 F1000
G1 A64.765 F1000
G1 X-111.773 Y151.293 Z350.739 F1000
G1 A57.491 F1000
G1 X-111.773 Y151.293 Z370.739 F1000
G1 A49.568 F1000
G1 X-111.773 Y151.293 Z390.739 F1000
G1 A40.566 F1000
G1 X-111.773 Y151.293 Z410.739 F1000
G1 A29.451 F1000
G1 X-111.773 Y151.293 Z430.739 F1000
G1 A10.923 F1000
G1 X-111.773 Y151.293 Z450.739 F1000
G1 A0.0 F1000
G1 X-111.773 Y151.293 Z470.739 F1000
G1 A0.0 F1000
G1 X-111.773 Y151.293 Z490.739 F1000
G1 A83.306 F1000
G1 X-11.773 Y11.293 Z510.739 F1000
G1 A90 F1000
G1 X-11.773 Y11.293 Z530.739 F1000
G1 A90 F1000
G1 X-11.773 Y11.293 Z550.739 F1000
G1 X-216.501 Y207.672 F8000
M992
G3 X-212.588 Y211.675 I216.501 J-207.672 F8000
G1 Z290.739 F8000
M991
G1 A78.223 F1000
G1 X-111.773 Y111.293 Z290.739 F1000
G1 A78.223 F1000
G1 X-111.773 Y111.293 Z310.739 F1000
G1 A71.626 F1000
G1 X-111.773 Y111.293 Z330.739 F1000
G1 A64.765 F1000
G1 X-111.773 Y111.293 Z350.739 F1000
G1 A57.491 F1000
G1 X-111.773 Y111.293 Z370.739 F1000
G1 A49.568 F1000
G1 X-111.773 Y111.293 Z390.739 F1000
G1 A40.566 F1000
G1 X-111.773 Y111.293 Z410.739 F1000
G1 A29.451 F1000
G1 X-111.773 Y111.293 Z430.739 F1000
G1 A10.923 F1000
G1 X-111.773 Y111.293 Z450.739 F1000
G1 A0.0 F1000
G1 X-111.773 Y111.293 Z470.739 F1000
G1 A0.0 F1000
G1 X-111.773 Y111.293 Z490.739 F1000
G1 A81.95 F1000
G1 X-11.773 Y11.293 Z510.739 F1000
G1 A90 F1000
G1 X-11.773 Y11.293 Z530.739 F1000
G1 A90 F1000
G1 X-11.773 Y11.293 Z550.739 F1000
G1 X-216.501 Y207.672 F8000
M992
G3 X-212.588 Y211.675 I216.501 J-207.672 F8000
G1 Z290.739 F8000
M991
G1 A78.223 F1000
G1 X-111.773 Y111.293 Z290.739 F1000
G1 A78.223 F1000
G1 X-111.773 Y111.293 Z310.739 F1000
G1 A71.626 F1000
G1 X-111.773 Y111.293 Z330.739 F1000
G1 A64.765 F1000
G1 X-111.773 Y111.293 Z350.739 F1000
G1 A57.491 F1000
G1 X-111.773 Y111.293 Z370.739 F1000
G1 A49.568 F1000
G1 X-111.773 Y111.293 Z390.739 F1000
G1 A40.566 F1000
G1 X-111.773 Y111.293 Z410.739 F1000
G1 A29.451 F1000
G1 X-111.773 Y111.293 Z430.739 F1000
G1 A10.923 F1000
G1 X-111.773 Y111.293 Z450.739 F1000
G1 A0.0 F1000
G1 X-111.773 Y111.293 Z470.739 F1000
G1 A0.0 F1000
G1 X-111.773 Y111.293 Z490.739 F1000
G1 A81.95 F1000
G1 X-11.773 Y11.293 Z510.739 F1000
G1 A90 F1000
G1 X-11.773 Y11.293 Z530.739 F1000
G1 A90 F1000
G1 X-11.773 Y11.293 Z550.739 F1000
G1 X-216.501 Y207.672 F8000
M992
G3 X-252.93 Y161.328 I216.501 J-207.672 F8000
G1 Z290.739 F8000
M991
G1 A78.223 F1000
G1 X-111.773 Y71.293 Z290.739 F1000
G1 A78.223 F1000
G1 X-111.773 Y71.293 Z310.739 F1000
G1 A71.626 F1000
G1 X-111.773 Y71.293 Z330.739 F1000
G1 A64.765 F1000
G1 X-111.773 Y71.293 Z350.739 F1000
G1 A57.491 F1000
G1 X-111.773 Y71.293 Z370.739 F1000
G1 A49.568 F1000
G1 X-111.773 Y71.293 Z390.739 F1000
G1 A40.566 F1000
G1 X-111.773 Y71.293 Z410.739 F1000
G1 A29.451 F1000
G1 X-111.773 Y71.293 Z430.739 F1000
G1 A10.923 F1000
G1 X-111.773 Y71.293 Z450.739 F1000
G1 A0.0 F1000
G1 X-111.773 Y71.293 Z470.739 F1000
G1 A0.0 F1000
G1 X-111.773 Y71.293 Z490.739 F1000
G1 A80.144 F1000
G1 X-11.773 Y11.293 Z510.739 F1000
G1 A90 F1000
G1 X-11.773 Y11.293 Z530.739 F1000
G1 A90 F1000
G1 X-11.773 Y11.293 Z550.739 F1000
G1 X-216.501 Y207.672 F8000
M992
G3 X-261.873 Y146.364 I216.501 J-207.672 F8000
G1 Z270.739 F8000
M991
G1 A90 F1000
G1 X-91.773 Y51.293 Z270.739 F1000
G1 A90 F1000
G1 X-111.773 Y51.293 Z290.739 F1000
G1 A78.223 F1000
G1 X-111.773 Y51.293 Z310.739 F1000
G1 A71.626 F1000
G1 X-111.773 Y51.293 Z330.739 F1000
G1 A64.765 F1000
G1 X-111.773 Y51.293 Z350.739 F1000
G1 A57.491 F1000
G1 X-131.773 Y71.293 Z370.739 F1000
G1 A49.568 F1000
G1 X-131.773 Y71.293 Z390.739 F1000
G1 A40.566 F1000
G1 X-131.773 Y71.293 Z410.739 F1000
G1 A29.451 F1000
G1 X-131.773 Y71.293 Z430.739 F1000
G1 A10.923 F1000
G1 X-131.773 Y71.293 Z450.739 F1000
G1 A51.492 F1000
G1 X-111.773 Y51.293 Z470.739 F1000
G1 A0.0 F1000
G1 X-111.773 Y51.293 Z490.739 F1000
G1 A39.991 F1000
G1 X-91.773 Y51.293 Z510.739 F1000
G1 A77.127 F1000
G1 X-11.773 Y11.293 Z530.739 F1000
G1 A90 F1000
G1 X-11.773 Y11.293 Z550.739 F1000
G1 X-216.501 Y207.672 F8000
M992
G3 X-288.892 Y80.88 I216.501 J-207.672 F8000
G1 Z290.739 F8000
M991
G1 A78.223 F1000
G1 X-111.773 Y31.293 Z290.739 F1000
G1 A78.223 F1000
G1 X-111.773 Y31.293 Z310.739 F1000
G1 A71.626 F1000
G1 X-111.773 Y31.293 Z330.739 F1000
G1 A64.765 F1000
G1 X-111.773 Y31.293 Z350.739 F1000
G1 A57.491 F1000
G1 X-111.773 Y31.293 Z370.739 F1000
G1 A49.568 F1000
G1 X-111.773 Y31.293 Z390.739 F1000
G1 A40.566 F1000
G1 X-111.773 Y31.293 Z410.739 F1000
G1 A29.451 F1000
G1 X-111.773 Y31.293 Z430.739 F1000
G1 A10.923 F1000
G1 X-111.773 Y31.293 Z450.739 F1000
G1 A0.0 F1000
G1 X-111.773 Y31.293 Z470.739 F1000
G1 A0.0 F1000
G1 X-111.773 Y31.293 Z490.739 F1000
G1 A59.464 F1000
G1 X-71.773 Y31.293 Z510.739 F1000
G1 A71.742 F1000
G1 X-11.773 Y11.293 Z530.739 F1000
G1 A90 F1000
G1 X-11.773 Y11.293 Z550.739 F1000
G1 X-216.501 Y207.672 F8000
M992
G3 X-298.48 Y30.157 I216.501 J-207.672 F8000
G1 Z290.739 F8000
M991
G1 A78.223 F1000
G1 X-111.773 Y11.293 Z290.739 F1000
G1 A78.223 F1000
G1 X-111.773 Y11.293 Z310.739 F1000
G1 A71.626 F1000
G1 X-111.773 Y11.293 Z330.739 F1000
G1 A64.765 F1000
G1 X-111.773 Y11.293 Z350.739 F1000
G1 A57.491 F1000
G1 X-111.773 Y11.293 Z370.739 F1000
G1 A49.568 F1000
G1 X-111.773 Y11.293 Z390.739 F1000
G1 A40.566 F1000
G1 X-111.773 Y11.293 Z410.739 F1000
G1 A29.451 F1000
G1 X-111.773 Y11.293 Z430.739 F1000
G1 A10.923 F1000
G1 X-111.773 Y11.293 Z450.739 F1000
G1 A0.0 F1000
G1 X-111.773 Y11.293 Z470.739 F1000
G1 A0.0 F1000
G1 X-111.773 Y11.293 Z490.739 F1000
G1 A77.321 F1000
G1 X-11.773 Y11.293 Z510.739 F1000
G1 A90 F1000
G1 X-11.773 Y11.293 Z530.739 F1000
G1 A90 F1000
G1 X-11.773 Y11.293 Z550.739 F1000
G1 X-216.501 Y207.672 F8000
M992
G3 X-298.48 Y30.157 I216.501 J-207.672 F8000
G1 Z290.739 F8000
M991
G1 A78.223 F1000
G1 X-111.773 Y11.293 Z290.739 F1000
G1 A78.223 F1000
G1 X-111.773 Y11.293 Z310.739 F1000
G1 A71.626 F1000
G1 X-131.773 Y-8.707 Z330.739 F1000
G1 A64.765 F1000
G1 X-151.773 Y-8.707 Z350.739 F1000
G1 A57.491 F1000
G1 X-151.773 Y-8.707 Z370.739 F1000
G1 A49.568 F1000
G1 X-151.773 Y-8.707 Z390.739 F1000
G1 A40.566 F1000
G1 X-151.773 Y-8.707 Z410.739 F1000
G1 A44.906 F1000
G1 X-131.773 Y-8.707 Z430.739 F1000
G1 A37.891 F1000
G1 X-111.773 Y11.293 Z450.739 F1000
G1 A0.0 F1000
G1 X-111.773 Y11.293 Z470.739 F1000
G1 A0.0 F1000
G1 X-111.773 Y11.293 Z490.739 F1000
G1 A77.321 F1000
G1 X-11.773 Y11.293 Z510.739 F1000
G1 A90 F1000
G1 X-11.773 Y11.293 Z530.739 F1000
G1 A90 F1000
G1 X-11.773 Y11.293 Z550.739 F1000
G1 X-216.501 Y207.672 F8000
M992
G3 X-293.125 Y-63.858 I216.501 J-207.672 F8000
G1 Z270.739 F8000
M991
G1 A84.664 F1000
G1 X-131.773 Y-28.707 Z270.739 F1000
G1 A84.664 F1000
G1 X-131.773 Y-28.707 Z290.739 F1000
G1 A78.223 F1000
G1 X-191.773 Y-48.707 Z310.739 F1000
G1 A71.626 F1000
G1 X-191.773 Y-48.707 Z330.739 F1000
G1 A64.765 F1000
G1 X-191.773 Y-48.707 Z350.739 F1000
G1 A57.491 F1000
G1 X-191.773 Y-48.707 Z370.739 F1000
G1 A49.568 F1000
G1 X-191.773 Y-48.707 Z390.739 F1000
G1 A40.566 F1000
G1 X-191.773 Y-48.707 Z410.739 F1000
G1 A29.451 F1000
G1 X-191.773 Y-48.707 Z430.739 F1000
G1 A10.923 F1000
G1 X-191.773 Y-48.707 Z450.739 F1000
G1 A71.975 F1000
G1 X-131.773 Y-28.707 Z470.739 F1000
G1 A0.0 F1000
G1 X-131.773 Y-28.707 Z490.739 F1000
G1 A79.129 F1000
G1 X-11.773 Y11.293 Z510.739 F1000
G1 A90 F1000
G1 X-11.773 Y11.293 Z530.739 F1000
G1 A90 F1000
G1 X-11.773 Y11.293 Z550.739 F1000
G1 X-216.501 Y207.672 F8000
M992
G3 X-281.393 Y-104.011 I216.501 J-207.672 F8000
G1 Z290.739 F8000
M991
G1 A78.223 F1000
G1 X-131.773 Y-48.707 Z290.739 F1000
G1 A78.223 F1000
G1 X-151.773 Y-68.707 Z310.739 F1000
G1 A71.626 F1000
G1 X-151.773 Y-68.707 Z330.739 F1000
G1 A64.765 F1000
G1 X-171.773 Y-68.707 Z350.739 F1000
G1 A57.491 F1000
G1 X-171.773 Y-68.707 Z370.739 F1000
G1 A49.568 F1000
G1 X-171.773 Y-68.707 Z390.739 F1000
G1 A40.566 F1000
G1 X-171.773 Y-68.707 Z410.739 F1000
G1 A41.036 F1000
G1 X-151.773 Y-68.707 Z430.739 F1000
G1 A10.923 F1000
G1 X-151.773 Y-68.707 Z450.739 F1000
G1 A61.918 F1000
G1 X-111.773 Y-28.707 Z470.739 F1000
G1 A0.0 F1000
G1 X-111.773 Y-28.707 Z490.739 F1000
G1 A77.164 F1000
G1 X-11.773 Y11.293 Z510.739 F1000
G1 A90 F1000
G1 X-11.773 Y11.293 Z530.739 F1000
G1 A90 F1000
G1 X-11.773 Y11.293 Z550.739 F1000
G1 X-216.501 Y207.672 F8000
M992
G3 X-253.501 Y-160.429 I216.501 J-207.672 F8000
G1 Z290.739 F8000
M991
G1 A78.223 F1000
G1 X-171.773 Y-108.707 Z290.739 F1000
G1 A78.223 F1000
G1 X-171.773 Y-108.707 Z310.739 F1000
G1 A71.626 F1000
G1 X-171.773 Y-108.707 Z330.739 F1000
G1 A64.765 F1000
G1 X-171.773 Y-108.707 Z350.739 F1000
G1 A57.491 F1000
G1 X-171.773 Y-108.707 Z370.739 F1000
G1 A49.568 F1000
G1 X-171.773 Y-108.707 Z390.739 F1000
G1 A40.566 F1000
G1 X-171.773 Y-108.707 Z410.739 F1000
G1 A29.451 F1000
G1 X-171.773 Y-108.707 Z430.739 F1000
G1 A10.923 F1000
G1 X-171.773 Y-108.707 Z450.739 F1000
G1 A74.44 F1000
G1 X-111.773 Y-68.707 Z470.739 F1000
G1 A0.0 F1000
G1 X-111.773 Y-68.707 Z490.739 F1000
G1 A78.663 F1000
G1 X-11.773 Y11.293 Z510.739 F1000
G1 A90 F1000
G1 X-11.773 Y11.293 Z530.739 F1000
G1 A90 F1000
G1 X-11.773 Y11.293 Z550.739 F1000
G1 X-216.501 Y207.672 F8000
M992
G3 X-234.988 Y-186.495 I216.501 J-207.672 F8000
G1 Z290.739 F8000
M991
G1 A78.223 F1000
G1 X-111.773 Y-88.707 Z290.739 F1000
G1 A78.223 F1000
G1 X-111.773 Y-88.707 Z310.739 F1000
G1 A71.626 F1000
G1 X-111.773 Y-88.707 Z330.739 F1000
G1 A64.765 F1000
G1 X-111.773 Y-88.707 Z350.739 F1000
G1 A57.491 F1000
G1 X-111.773 Y-88.707 Z370.739 F1000
G1 A49.568 F1000
G1 X-111.773 Y-88.707 Z390.739 F1000
G1 A40.566 F1000
G1 X-111.773 Y-88.707 Z410.739 F1000
G1 A29.451 F1000
G1 X-111.773 Y-88.707 Z430.739 F1000
G1 A10.923 F1000
G1 X-111.773 Y-88.707 Z450.739 F1000
G1 A0.0 F1000
G1 X-111.773 Y-88.707 Z470.739 F1000
G1 A0.0 F1000
G1 X-111.773 Y-88.707 Z490.739 F1000
G1 A81.967 F1000
G1 X-0.643 Y-0.766 Z510.739 F1000
G1 A90 F1000
G1 X-0.643 Y-0.766 Z530.739 F1000
G1 A90 F1000
G1 X-0.643 Y-0.766 Z550.739 F1000
G1 X-192.836 Y-229.813 F8000
M992
G3 X-188.7 Y-233.222 I192.836 J229.813 F8000
G1 Z290.739 F8000
M991
G1 A78.223 F1000
G1 X-71.773 Y-88.707 Z290.739 F1000
G1 A78.223 F1000
G1 X-71.773 Y-88.707 Z310.739 F1000
G1 A71.626 F1000
G1 X-91.773 Y-108.707 Z330.739 F1000
G1 A64.765 F1000
G1 X-111.773 Y-128.707 Z350.739 F1000
G1 A57.491 F1000
G1 X-111.773 Y-128.707 Z370.739 F1000
G1 A49.568 F1000
G1 X-111.773 Y-128.707 Z390.739 F1000
G1 A54.536 F1000
G1 X-91.773 Y-108.707 Z410.739 F1000
G1 A54.449 F1000
G1 X-71.773 Y-88.707 Z430.739 F1000
G1 A10.923 F1000
G1 X-71.773 Y-88.707 Z450.739 F1000
G1 A0.0 F1000
G1 X-71.773 Y-88.707 Z470.739 F1000
G1 A0.0 F1000
G1 X-71.773 Y-88.707 Z490.739 F1000
G1 A79.973 F1000
G1 X-0.5 Y-0.866 Z510.739 F1000
G1 A90 F1000
G1 X-0.5 Y-0.866 Z530.739 F1000
G1 A90 F1000
G1 X-0.5 Y-0.866 Z550.739 F1000
G1 X-150.0 Y-259.808 F8000
M992
G3 X-165.295 Y-250.355 I150.0 J259.808 F8000
G1 Z290.739 F8000
M991
G1 A78.223 F1000
G1 X-71.773 Y-108.707 Z290.739 F1000
G1 A78.223 F1000
G1 X-71.773 Y-108.707 Z310.739 F1000
G1 A71.626 F1000
G1 X-71.773 Y-128.707 Z330.739 F1000
G1 A64.765 F1000
G1 X-71.773 Y-128.707 Z350.739 F1000
G1 A57.491 F1000
G1 X-71.773 Y-128.707 Z370.739 F1000
G1 A49.568 F1000
G1 X-71.773 Y-128.707 Z390.739 F1000
G1 A40.566 F1000
G1 X-71.773 Y-128.707 Z410.739 F1000
G1 A38.139 F1000
G1 X-71.773 Y-108.707 Z430.739 F1000
G1 A10.923 F1000
G1 X-71.773 Y-108.707 Z450.739 F1000
G1 A34.446 F1000
G1 X-51.773 Y-88.707 Z490.739 F1000
G1 A78.877 F1000
G1 X-0.342 Y-0.94 Z510.739 F1000
G1 A90 F1000
G1 X-0.342 Y-0.94 Z530.739 F1000
G1 A90 F1000
G1 X-0.342 Y-0.94 Z550.739 F1000
G1 X-102.606 Y-281.908 F8000
M992
G3 X-128.996 Y-270.851 I102.606 J281.908 F8000
G1 Z330.739 F8000
M991
G1 A64.765 F1000
G1 X-51.773 Y-108.707 Z330.739 F1000
G1 A64.765 F1000
G1 X-51.773 Y-108.707 Z350.739 F1000
G1 A57.491 F1000
G1 X-51.773 Y-108.707 Z370.739 F1000
G1 A49.568 F1000
G1 X-51.773 Y-108.707 Z390.739 F1000
G1 A40.566 F1000
G1 X-51.773 Y-108.707 Z410.739 F1000
G1 A29.451 F1000
G1 X-31.773 Y-88.707 Z490.739 F1000
G1 A77.893 F1000
G1 X-0.174 Y-0.985 Z510.739 F1000
G1 A90 F1000
G1 X-0.174 Y-0.985 Z530.739 F1000
G1 A90 F1000
G1 X-0.174 Y-0.985 Z550.739 F1000
G1 X-52.094 Y-295.442 F8000
M992
G3 X-39.469 Y-297.392 I52.094 J295.442 F8000
G1 Z490.739 F8000
M991
G1 A77.265 F1000
G1 X-11.773 Y-88.707 Z490.739 F1000
G1 A77.265 F1000
G1 X0.0 Y-1.0 Z510.739 F1000
G1 A90 F1000
G1 X0.0 Y-1.0 Z530.739 F1000
G1 A90 F1000
G1 X0.0 Y-1.0 Z550.739 F1000
G1 X0.0 Y-300.0 F8000
M992
G3 X-39.469 Y-297.392 I-0.0 J300.0 F8000
G1 Z490.739 F8000
M991
G1 A77.269 F1000
G1 X-11.773 Y-88.707 Z490.739 F1000
G1 A77.269 F1000
G1 X0.174 Y-0.985 Z510.739 F1000
G1 A90 F1000
G1 X0.174 Y-0.985 Z530.739 F1000
G1 A90 F1000
G1 X0.174 Y-0.985 Z550.739 F1000
G1 X52.094 Y-295.442 F8000
M992
G3 X27.704 Y-298.718 I-52.094 J295.442 F8000
G1 Z490.739 F8000
M991
G1 A77.212 F1000
G1 X8.227 Y-88.707 Z490.739 F1000
G1 A77.212 F1000
G1 X0.342 Y-0.94 Z510.739 F1000
G1 A90 F1000
G1 X0.342 Y-0.94 Z530.739 F1000
G1 A90 F1000
G1 X0.342 Y-0.94 Z550.739 F1000
G1 X102.606 Y-281.908 F8000
M992
G3 X90.967 Y-285.876 I-102.606 J281.908 F8000
G1 Z490.739 F8000
M991
G1 A77.749 F1000
G1 X28.227 Y-88.707 Z490.739 F1000
G1 A77.749 F1000
G1 X0.5 Y-0.866 Z510.739 F1000
G1 A90 F1000
G1 X0.5 Y-0.866 Z530.739 F1000
G1 A90 F1000
G1 X0.5 Y-0.866 Z550.739 F1000
G1 X150.0 Y-259.808 F8000
M992
G3 X182.898 Y-237.799 I-150.0 J259.808 F8000
G1 Z290.739 F8000
M991
G1 A78.223 F1000
G1 X68.227 Y-88.707 Z290.739 F1000
G1 A78.223 F1000
G1 X68.227 Y-88.707 Z310.739 F1000
G1 A71.626 F1000
G1 X68.227 Y-88.707 Z330.739 F1000
G1 A64.765 F1000
G1 X68.227 Y-88.707 Z350.739 F1000
G1 A57.491 F1000
G1 X68.227 Y-88.707 Z370.739 F1000
G1 A49.568 F1000
G1 X68.227 Y-88.707 Z390.739 F1000
G1 A40.566 F1000
G1 X68.227 Y-88.707 Z410.739 F1000
G1 A29.451 F1000
G1 X68.227 Y-88.707 Z430.739 F1000
G1 A10.923 F1000
G1 X68.227 Y-88.707 Z450.739 F1000
G1 A0.0 F1000
G1 X68.227 Y-88.707 Z470.739 F1000
G1 A0.0 F1000
G1 X68.227 Y-88.707 Z490.739 F1000
G1 A69.209 F1000
G1 X28.227 Y-48.707 Z510.739 F1000
G1 A70.119 F1000
G1 X0.643 Y-0.766 Z530.739 F1000
G1 A90 F1000
G1 X0.643 Y-0.766 Z550.739 F1000
G1 X192.836 Y-229.813 F8000
M992
G3 X236.694 Y-184.326 I-192.836 J229.813 F8000
G1 Z290.739 F8000
M991
G1 A78.223 F1000
G1 X88.227 Y-68.707 Z290.739 F1000
G1 A78.223 F1000
G1 X108.227 Y-88.707 Z310.739 F1000
G1 A71.626 F1000
G1 X108.227 Y-88.707 Z330.739 F1000
G1 A64.765 F1000
G1 X108.227 Y-88.707 Z350.739 F1000
G1 A57.491 F1000
G1 X108.227 Y-88.707 Z370.739 F1000
G1 A49.568 F1000
G1 X108.227 Y-88.707 Z390.739 F1000
G1 A54.342 F1000
G1 X88.227 Y-68.707 Z410.739 F1000
G1 A29.451 F1000
G1 X88.227 Y-68.707 Z430.739 F1000
G1 A10.923 F1000
G1 X88.227 Y-68.707 Z450.739 F1000
G1 A0.0 F1000
G1 X88.227 Y-68.707 Z470.739 F1000
G1 A0.0 F1000
G1 X88.227 Y-68.707 Z490.739 F1000
G1 A69.325 F1000
G1 X48.227 Y-28.707 Z510.739 F1000
G1 A70.062 F1000
G1 X0.766 Y-0.643 Z530.739 F1000
G1 A90 F1000
G1 X0.766 Y-0.643 Z550.739 F1000
G1 X229.813 Y-192.836 F8000
M992
G3 X273.572 Y-123.12 I-229.813 J192.836 F8000
G1 Z310.739 F8000
M991
G1 A71.626 F1000
G1 X108.227 Y-48.707 Z310.739 F1000
G1 A71.626 F1000
G1 X108.227 Y-48.707 Z330.739 F1000
G1 A64.765 F1000
G1 X108.227 Y-48.707 Z350.739 F1000
G1 A57.491 F1000
G1 X108.227 Y-48.707 Z370.739 F1000
G1 A49.568 F1000
G1 X108.227 Y-48.707 Z390.739 F1000
G1 A40.566 F1000
G1 X108.227 Y-48.707 Z410.739 F1000
G1 A29.451 F1000
G1 X108.227 Y-48.707 Z430.739 F1000
G1 A23.496 F1000
G1 X88.227 Y-28.707 Z490.739 F1000
G1 A64.521 F1000
G1 X48.227 Y-8.707 Z510.739 F1000
G1 A67.405 F1000
G1 X0.866 Y-0.5 Z530.739 F1000
G1 A90 F1000
G1 X0.866 Y-0.5 Z550.739 F1000
G1 X259.808 Y-150.0 F8000
M992
G3 X289.973 Y-76.915 I-259.808 J150.0 F8000
G1 Z290.739 F8000
M991
G1 A78.223 F1000
G1 X108.227 Y-28.707 Z290.739 F1000
G1 A78.223 F1000
G1 X108.227 Y-28.707 Z310.739 F1000
G1 A71.626 F1000
G1 X108.227 Y-28.707 Z330.739 F1000
G1 A64.765 F1000
G1 X168.227 Y-48.707 Z350.739 F1000
G1 A72.308 F1000
G1 X108.227 Y-28.707 Z370.739 F1000
G1 A49.568 F1000
G1 X108.227 Y-28.707 Z390.739 F1000
G1 A40.566 F1000
G1 X108.227 Y-28.707 Z410.739 F1000
G1 A29.451 F1000
G1 X108.227 Y-28.707 Z430.739 F1000
G1 A10.923 F1000
G1 X108.227 Y-28.707 Z450.739 F1000
G1 A29.952 F1000
G1 X88.227 Y-8.707 Z490.739 F1000
G1 A44.724 F1000
G1 X68.227 Y-8.707 Z510.739 F1000
G1 A73.565 F1000
G1 X0.94 Y-0.342 Z530.739 F1000
G1 A90 F1000
G1 X0.94 Y-0.342 Z550.739 F1000
G1 X281.908 Y-102.606 F8000
M992
G3 X297.572 Y38.089 I-281.908 J102.606 F8000
G1 Z490.739 F8000
M991
G1 A77.193 F1000
G1 X88.227 Y11.293 Z490.739 F1000
G1 A77.193 F1000
G1 X0.985 Y-0.174 Z510.739 F1000
G1 A90 F1000
G1 X0.985 Y-0.174 Z530.739 F1000
G1 A90 F1000
G1 X0.985 Y-0.174 Z550.739 F1000
G1 X295.442 Y-52.094 F8000
M992
G3 X297.572 Y38.089 I-295.442 J52.094 F8000
G1 Z490.739 F8000
M991
G1 A77.189 F1000
G1 X88.227 Y11.293 Z490.739 F1000
G1 A77.189 F1000
G1 X1.0 Y-0.0 Z510.739 F1000
G1 A90 F1000
G1 X1.0 Y-0.0 Z530.739 F1000
G1 A90 F1000
G1 X1.0 Y-0.0 Z550.739 F1000
G1 X300.0 Y-0.0 F8000
M992
G3 X282.742 Y100.285 I-300.0 J0.0 F8000
G1 Z490.739 F8000
M991
G1 A77.815 F1000
G1 X88.227 Y31.293 Z490.739 F1000
G1 A77.815 F1000
G1 X0.985 Y0.174 Z510.739 F1000
G1 A90 F1000
G1 X0.985 Y0.174 Z530.739 F1000
G1 A90 F1000
G1 X0.985 Y0.174 Z550.739 F1000
G1 X295.442 Y52.094 F8000
M992
G3 X250.528 Y165.032 I-295.442 J-52.094 F8000
G1 Z310.739 F8000
M991
G1 A71.626 F1000
G1 X108.227 Y71.293 Z310.739 F1000
G1 A71.626 F1000
G1 X108.227 Y71.293 Z330.739 F1000
G1 A64.765 F1000
G1 X128.227 Y71.293 Z350.739 F1000
G1 A57.491 F1000
G1 X128.227 Y71.293 Z370.739 F1000
G1 A49.568 F1000
G1 X128.227 Y71.293 Z390.739 F1000
G1 A40.566 F1000
G1 X128.227 Y71.293 Z410.739 F1000
G1 A29.451 F1000
G1 X88.227 Y51.293 Z490.739 F1000
G1 A78.806 F1000
G1 X0.94 Y0.342 Z510.739 F1000
G1 A90 F1000
G1 X0.94 Y0.342 Z530.739 F1000
G1 A90 F1000
G1 X0.94 Y0.342 Z550.739 F1000
G1 X281.908 Y102.606 F8000
M992
G3 X233.34 Y188.553 I-281.908 J-102.606 F8000
G1 Z290.739 F8000
M991
G1 A78.223 F1000
G1 X88.227 Y71.293 Z290.739 F1000
G1 A78.223 F1000
G1 X88.227 Y71.293 Z310.739 F1000
G1 A71.626 F1000
G1 X88.227 Y71.293 Z330.739 F1000
G1 A64.765 F1000
G1 X88.227 Y71.293 Z350.739 F1000
G1 A57.491 F1000
G1 X88.227 Y71.293 Z370.739 F1000
G1 A49.568 F1000
G1 X88.227 Y71.293 Z390.739 F1000
G1 A40.566 F1000
G1 X88.227 Y71.293 Z410.739 F1000
G1 A29.451 F1000
G1 X88.227 Y71.293 Z430.739 F1000
G1 A10.923 F1000
G1 X88.227 Y71.293 Z450.739 F1000
G1 A0.0 F1000
G1 X88.227 Y71.293 Z470.739 F1000
G1 A0.0 F1000
G1 X88.227 Y71.293 Z490.739 F1000
G1 A79.914 F1000
G1 X0.866 Y0.5 Z510.739 F1000
G1 A90 F1000
G1 X0.866 Y0.5 Z530.739 F1000
G1 A90 F1000
G1 X0.866 Y0.5 Z550.739 F1000
G1 X259.808 Y150.0 F8000
M992
G3 X186.367 Y235.09 I-259.808 J-150.0 F8000
G1 Z290.739 F8000
M991
G1 A78.223 F1000
G1 X88.227 Y111.293 Z290.739 F1000
G1 A78.223 F1000
G1 X88.227 Y111.293 Z310.739 F1000
G1 A71.626 F1000
G1 X88.227 Y111.293 Z330.739 F1000
G1 A64.765 F1000
G1 X88.227 Y111.293 Z350.739 F1000
G1 A57.491 F1000
G1 X88.227 Y111.293 Z370.739 F1000
G1 A49.568 F1000
G1 X88.227 Y111.293 Z390.739 F1000
G1 A40.566 F1000
G1 X88.227 Y111.293 Z410.739 F1000
G1 A29.451 F1000
G1 X88.227 Y111.293 Z430.739 F1000
G1 A10.923 F1000
G1 X88.227 Y111.293 Z450.739 F1000
G1 A0.0 F1000
G1 X88.227 Y111.293 Z470.739 F1000
G1 A0.0 F1000
G1 X88.227 Y111.293 Z490.739 F1000
G1 A81.929 F1000
G1 X0.766 Y0.643 Z510.739 F1000
G1 A90 F1000
G1 X0.766 Y0.643 Z530.739 F1000
G1 A90 F1000
G1 X0.766 Y0.643 Z550.739 F1000
G1 X229.813 Y192.836 F8000
M992
G3 X156.794 Y255.765 I-229.813 J-192.836 F8000
G1 Z290.739 F8000
M991
G1 A78.223 F1000
G1 X68.227 Y111.293 Z290.739 F1000
G1 A78.223 F1000
G1 X68.227 Y111.293 Z310.739 F1000
G1 A71.626 F1000
G1 X88.227 Y131.293 Z330.739 F1000
G1 A64.765 F1000
G1 X88.227 Y131.293 Z350.739 F1000
G1 A57.491 F1000
G1 X88.227 Y131.293 Z370.739 F1000
G1 A49.568 F1000
G1 X88.227 Y131.293 Z390.739 F1000
G1 A40.566 F1000
G1 X88.227 Y131.293 Z410.739 F1000
G1 A29.451 F1000
G1 X88.227 Y131.293 Z430.739 F1000
G1 A10.923 F1000
G1 X88.227 Y131.293 Z450.739 F1000
G1 A53.247 F1000
G1 X68.227 Y111.293 Z470.739 F1000
G1 A0.0 F1000
G1 X68.227 Y111.293 Z490.739 F1000
G1 A78.62 F1000
G1 X-11.773 Y11.293 Z510.739 F1000
G1 A90 F1000
G1 X-11.773 Y11.293 Z530.739 F1000
G1 A90 F1000
G1 X-11.773 Y11.293 Z550.739 F1000
G1 X-216.501 Y207.672 F8000
M992
G3 X73.753 Y290.793 I216.501 J-207.672 F8000
G1 Z290.739 F8000
M991
G1 A78.223 F1000
G1 X28.227 Y111.293 Z290.739 F1000
G1 A78.223 F1000
G1 X28.227 Y111.293 Z310.739 F1000
G1 A71.626 F1000
G1 X28.227 Y111.293 Z330.739 F1000
G1 A64.765 F1000
G1 X28.227 Y111.293 Z350.739 F1000
G1 A57.491 F1000
G1 X28.227 Y111.293 Z370.739 F1000
G1 A49.568 F1000
G1 X28.227 Y111.293 Z390.739 F1000
G1 A40.566 F1000
G1 X28.227 Y111.293 Z410.739 F1000
G1 A29.451 F1000
G1 X28.227 Y111.293 Z430.739 F1000
G1 A10.923 F1000
G1 X28.227 Y111.293 Z450.739 F1000
G1 A0.0 F1000
G1 X28.227 Y111.293 Z470.739 F1000
G1 A0.0 F1000
G1 X28.227 Y111.293 Z490.739 F1000
G1 A77.065 F1000
G1 X-11.773 Y11.293 Z510.739 F1000
G1 A90 F1000
G1 X-11.773 Y11.293 Z530.739 F1000
G1 A90 F1000
G1 X-11.773 Y11.293 Z550.739 F1000
G1 X-216.501 Y207.672 F8000
M992
G3 X22.116 Y299.184 I216.501 J-207.672 F8000
G1 Z290.739 F8000
M991
G1 A78.223 F1000
G1 X8.227 Y111.293 Z290.739 F1000
G1 A78.223 F1000
G1 X8.227 Y111.293 Z310.739 F1000
G1 A71.626 F1000
G1 X28.227 Y131.293 Z330.739 F1000
G1 A64.765 F1000
G1 X28.227 Y131.293 Z350.739 F1000
G1 A57.491 F1000
G1 X28.227 Y151.293 Z370.739 F1000
G1 A49.568 F1000
G1 X28.227 Y151.293 Z390.739 F1000
G1 A40.566 F1000
G1 X28.227 Y151.293 Z410.739 F1000
G1 A29.451 F1000
G1 X28.227 Y151.293 Z430.739 F1000
G1 A61.345 F1000
G1 X8.227 Y111.293 Z450.739 F1000
G1 A0.0 F1000
G1 X8.227 Y111.293 Z470.739 F1000
G1 A0.0 F1000
G1 X8.227 Y111.293 Z490.739 F1000
G1 A76.861 F1000
G1 X-11.773 Y11.293 Z510.739 F1000
G1 A90 F1000
G1 X-11.773 Y11.293 Z530.739 F1000
G1 A90 F1000
G1 X-11.773 Y11.293 Z550.739 F1000
G1 X-216.501 Y207.672 F8000
M992
G3 X-31.559 Y298.335 I216.501 J-207.672 F8000
G1 Z290.739 F8000
M991
G1 A78.223 F1000
G1 X-11.773 Y111.293 Z290.739 F1000
G1 A78.223 F1000
G1 X8.227 Y151.293 Z310.739 F1000
G1 A71.626 F1000
G1 X8.227 Y151.293 Z330.739 F1000
G1 A64.765 F1000
G1 X8.227 Y151.293 Z350.739 F1000
G1 A57.491 F1000
G1 X8.227 Y151.293 Z370.739 F1000
G1 A49.568 F1000
G1 X8.227 Y151.293 Z390.739 F1000
G1 A40.566 F1000
G1 X8.227 Y151.293 Z410.739 F1000
G1 A29.451 F1000
G1 X8.227 Y151.293 Z430.739 F1000
G1 A56.873 F1000
G1 X-11.773 Y111.293 Z450.739 F1000
G1 A0.0 F1000
G1 X-11.773 Y111.293 Z470.739 F1000
G1 A0.0 F1000
G1 X-11.773 Y111.293 Z490.739 F1000
G1 A77.198 F1000
G1 X-11.773 Y11.293 Z510.739 F1000
G1 A90 F1000
G1 X-11.773 Y11.293 Z530.739 F1000
G1 A90 F1000
G1 X-11.773 Y11.293 Z550.739 F1000
G1 X-216.501 Y207.672 F8000
M992
G3 X-31.559 Y298.335 I216.501 J-207.672 F8000
G1 Z290.739 F8000
M991
G1 A78.223 F1000
G1 X-11.773 Y111.293 Z290.739 F1000
G1 A78.223 F1000
G1 X-11.773 Y111.293 Z310.739 F1000
G1 A71.626 F1000
G1 X-11.773 Y111.293 Z330.739 F1000
G1 A64.765 F1000
G1 X-11.773 Y111.293 Z350.739 F1000
G1 A57.491 F1000
G1 X-11.773 Y111.293 Z370.739 F1000
G1 A49.568 F1000
G1 X-11.773 Y111.293 Z390.739 F1000
G1 A40.566 F1000
G1 X-11.773 Y111.293 Z410.739 F1000
G1 A29.451 F1000
G1 X-11.773 Y111.293 Z430.739 F1000
G1 A10.923 F1000
G1 X-11.773 Y111.293 Z450.739 F1000
G1 A0.0 F1000
G1 X-11.773 Y111.293 Z470.739 F1000
G1 A0.0 F1000
G1 X-11.773 Y111.293 Z490.739 F1000
G1 A77.198 F1000
G1 X-11.773 Y11.293 Z510.739 F1000
G1 A90 F1000
G1 X-11.773 Y11.293 Z530.739 F1000
G1 A90 F1000
G1 X-11.773 Y11.293 Z550.739 F1000
G1 X-216.501 Y207.672 F8000
M992
G3 X-82.357 Y288.474 I216.501 J-207.672 F8000
G1 Z290.739 F8000
M991
G1 A78.223 F1000
G1 X-31.773 Y111.293 Z290.739 F1000
G1 A78.223 F1000
G1 X-31.773 Y111.293 Z310.739 F1000
G1 A71.626 F1000
G1 X-31.773 Y111.293 Z330.739 F1000
G1 A64.765 F1000
G1 X-31.773 Y111.293 Z350.739 F1000
G1 A57.491 F1000
G1 X-51.773 Y151.293 Z370.739 F1000
G1 A49.568 F1000
G1 X-51.773 Y151.293 Z390.739 F1000
G1 A40.566 F1000
G1 X-51.773 Y151.293 Z410.739 F1000
G1 A64.782 F1000
G1 X-31.773 Y111.293 Z430.739 F1000
G1 A10.923 F1000
G1 X-31.773 Y111.293 Z450.739 F1000
G1 A0.0 F1000
G1 X-31.773 Y111.293 Z470.739 F1000
G1 A0.0 F1000
G1 X-31.773 Y111.293 Z490.739 F1000
G1 A77.991 F1000
G1 X-11.773 Y11.293 Z510.739 F1000
G1 A90 F1000
G1 X-11.773 Y11.293 Z530.739 F1000
G1 A90 F1000
G1 X-11.773 Y11.293 Z550.739 F1000
G1 X-216.501 Y207.672 F8000
M992
G3 X-126.537 Y272.008 I216.501 J-207.672 F8000
G1 Z290.739 F8000
M991
G1 A78.223 F1000
G1 X-51.773 Y111.293 Z290.739 F1000
G1 A78.223 F1000
G1 X-51.773 Y111.293 Z310.739 F1000
G1 A71.626 F1000
G1 X-51.773 Y111.293 Z330.739 F1000
G1 A64.765 F1000
G1 X-51.773 Y111.293 Z350.739 F1000
G1 A57.491 F1000
G1 X-51.773 Y111.293 Z370.739 F1000
G1 A49.568 F1000
G1 X-51.773 Y111.293 Z390.739 F1000
G1 A40.566 F1000
G1 X-51.773 Y111.293 Z410.739 F1000
G1 A29.451 F1000
G1 X-51.773 Y111.293 Z430.739 F1000
G1 A10.923 F1000
G1 X-51.773 Y111.293 Z450.739 F1000
G1 A0.0 F1000
G1 X-51.773 Y111.293 Z470.739 F1000
G1 A0.0 F1000
G1 X-51.773 Y111.293 Z490.739 F1000
G1 A79.025 F1000
G1 X-11.773 Y11.293 Z510.739 F1000
G1 A90 F1000
G1 X-11.773 Y11.293 Z530.739 F1000
G1 A90 F1000
G1 X-11.773 Y11.293 Z550.739 F1000
G1 X-216.501 Y207.672 F8000
M992
G3 X-162.592 Y252.119 I216.501 J-207.672 F8000
G1 Z290.739 F8000
M991
G1 A78.223 F1000
G1 X-71.773 Y111.293 Z290.739 F1000
G1 A78.223 F1000
G1 X-71.773 Y111.293 Z310.739 F1000
G1 A71.626 F1000
G1 X-71.773 Y111.293 Z330.739 F1000
G1 A64.765 F1000
G1 X-71.773 Y111.293 Z350.739 F1000
G1 A57.491 F1000
G1 X-71.773 Y111.293 Z370.739 F1000
G1 A49.568 F1000
G1 X-71.773 Y111.293 Z390.739 F1000
G1 A40.566 F1000
G1 X-71.773 Y111.293 Z410.739 F1000
G1 A29.451 F1000
G1 X-71.773 Y111.293 Z430.739 F1000
G1 A10.923 F1000
G1 X-71.773 Y111.293 Z450.739 F1000
G1 A0.0 F1000
G1 X-71.773 Y111.293 Z470.739 F1000
G1 A0.0 F1000
G1 X-71.773 Y111.293 Z490.739 F1000
G1 A80.095 F1000
G1 X-11.773 Y11.293 Z510.739 F1000
G1 A90 F1000
G1 X-11.773 Y11.293 Z530.739 F1000
G1 A90 F1000
G1 X-11.773 Y11.293 Z550.739 F1000
G1 X-216.501 Y207.672 F8000
M992
G3 X-212.588 Y211.675 I216.501 J-207.672 F8000
G1 Z290.739 F8000
M991
G1 A78.223 F1000
G1 X-111.773 Y111.293 Z290.739 F1000
G1 A78.223 F1000
G1 X-111.773 Y111.293 Z310.739 F1000
G1 A71.626 F1000
G1 X-111.773 Y111.293 Z330.739 F1000
G1 A64.765 F1000
G1 X-111.773 Y111.293 Z350.739 F1000
G1 A57.491 F1000
G1 X-111.773 Y111.293 Z370.739 F1000
G1 A49.568 F1000
G1 X-111.773 Y111.293 Z390.739 F1000
G1 A40.566 F1000
G1 X-111.773 Y111.293 Z410.739 F1000
G1 A29.451 F1000
G1 X-111.773 Y111.293 Z430.739 F1000
G1 A10.923 F1000
G1 X-111.773 Y111.293 Z450.739 F1000
G1 A0.0 F1000
G1 X-111.773 Y111.293 Z470.739 F1000
G1 A0.0 F1000
G1 X-111.773 Y111.293 Z490.739 F1000
G1 A81.95 F1000
G1 X-11.773 Y11.293 Z510.739 F1000
G1 A90 F1000
G1 X-11.773 Y11.293 Z530.739 F1000
G1 A90 F1000
G1 X-11.773 Y11.293 Z550.739 F1000
G1 X-216.501 Y207.672 F8000
M992
G3 X-212.588 Y211.675 I216.501 J-207.672 F8000
G1 Z290.739 F8000
M991
G1 A78.223 F1000
G1 X-111.773 Y111.293 Z290.739 F1000
G1 A78.223 F1000
G1 X-111.773 Y111.293 Z310.739 F1000
G1 A71.626 F1000
G1 X-111.773 Y111.293 Z330.739 F1000
G1 A64.765 F1000
G1 X-111.773 Y111.293 Z350.739 F1000
G1 A57.491 F1000
G1 X-111.773 Y111.293 Z370.739 F1000
G1 A49.568 F1000
G1 X-111.773 Y111.293 Z390.739 F1000
G1 A40.566 F1000
G1 X-111.773 Y111.293 Z410.739 F1000
G1 A29.451 F1000
G1 X-111.773 Y111.293 Z430.739 F1000
G1 A10.923 F1000
G1 X-111.773 Y111.293 Z450.739 F1000
G1 A0.0 F1000
G1 X-111.773 Y111.293 Z470.739 F1000
G1 A0.0 F1000
G1 X-111.773 Y111.293 Z490.739 F1000
G1 A81.95 F1000
G1 X-11.773 Y11.293 Z510.739 F1000
G1 A90 F1000
G1 X-11.773 Y11.293 Z530.739 F1000
G1 A90 F1000
G1 X-11.773 Y11.293 Z550.739 F1000
G1 X-216.501 Y207.672 F8000
M992
G3 X-252.93 Y161.328 I216.501 J-207.672 F8000
G1 Z290.739 F8000
M991
G1 A78.223 F1000
G1 X-111.773 Y71.293 Z290.739 F1000
G1 A78.223 F1000
G1 X-111.773 Y71.293 Z310.739 F1000
G1 A71.626 F1000
G1 X-111.773 Y71.293 Z330.739 F1000
G1 A64.765 F1000
G1 X-111.773 Y71.293 Z350.739 F1000
G1 A57.491 F1000
G1 X-111.773 Y71.293 Z370.739 F1000
G1 A49.568 F1000
G1 X-111.773 Y71.293 Z390.739 F1000
G1 A40.566 F1000
G1 X-111.773 Y71.293 Z410.739 F1000
G1 A29.451 F1000
G1 X-111.773 Y71.293 Z430.739 F1000
G1 A10.923 F1000
G1 X-111.773 Y71.293 Z450.739 F1000
G1 A0.0 F1000
G1 X-111.773 Y71.293 Z470.739 F1000
G1 A0.0 F1000
G1 X-111.773 Y71.293 Z490.739 F1000
G1 A80.144 F1000
G1 X-11.773 Y11.293 Z510.739 F1000
G1 A90 F1000
G1 X-11.773 Y11.293 Z530.739 F1000
G1 A90 F1000
G1 X-11.773 Y11.293 Z550.739 F1000
G1 X-216.501 Y207.672 F8000
M992
G3 X-272.661 Y125.125 I216.501 J-207.672 F8000
G1 Z290.739 F8000
M991
G1 A78.223 F1000
G1 X-111.773 Y51.293 Z290.739 F1000
G1 A78.223 F1000
G1 X-111.773 Y51.293 Z310.739 F1000
G1 A71.626 F1000
G1 X-111.773 Y51.293 Z330.739 F1000
G1 A64.765 F1000
G1 X-111.773 Y51.293 Z350.739 F1000
G1 A57.491 F1000
G1 X-111.773 Y51.293 Z370.739 F1000
G1 A49.568 F1000
G1 X-111.773 Y51.293 Z390.739 F1000
G1 A40.566 F1000
G1 X-111.773 Y51.293 Z410.739 F1000
G1 A29.451 F1000
G1 X-111.773 Y51.293 Z430.739 F1000
G1 A10.923 F1000
G1 X-111.773 Y51.293 Z450.739 F1000
G1 A0.0 F1000
G1 X-111.773 Y51.293 Z470.739 F1000
G1 A0.0 F1000
G1 X-111.773 Y51.293 Z490.739 F1000
G1 A71.416 F1000
G1 X-51.773 Y31.293 Z510.739 F1000
G1 A65.498 F1000
G1 X-11.773 Y11.293 Z530.739 F1000
G1 A90 F1000
G1 X-11.773 Y11.293 Z550.739 F1000
G1 X-216.501 Y207.672 F8000
M992
G3 X-288.892 Y80.88 I216.501 J-207.672 F8000
G1 Z290.739 F8000
M991
G1 A78.223 F1000
G1 X-111.773 Y31.293 Z290.739 F1000
G1 A78.223 F1000
G1 X-111.773 Y31.293 Z310.739 F1000
G1 A71.626 F1000
G1 X-111.773 Y31.293 Z330.739 F1000
G1 A64.765 F1000
G1 X-111.773 Y31.293 Z350.739 F1000
G1 A57.491 F1000
G1 X-111.773 Y31.293 Z370.739 F1000
G1 A49.568 F1000
G1 X-111.773 Y31.293 Z390.739 F1000
G1 A40.566 F1000
G1 X-111.773 Y31.293 Z410.739 F1000
G1 A29.451 F1000
G1 X-111.773 Y31.293 Z430.739 F1000
G1 A10.923 F1000
G1 X-111.773 Y31.293 Z450.739 F1000
G1 A0.0 F1000
G1 X-111.773 Y31.293 Z470.739 F1000
G1 A0.0 F1000
G1 X-111.773 Y31.293 Z490.739 F1000
G1 A78.099 F1000
G1 X-11.773 Y11.293 Z510.739 F1000
G1 A90 F1000
G1 X-11.773 Y11.293 Z530.739 F1000
G1 A90 F1000
G1 X-11.773 Y11.293 Z550.739 F1000
G1 X-216.501 Y207.672 F8000
M992
G3 X-298.48 Y30.157 I216.501 J-207.672 F8000
G1 Z290.739 F8000
M991
G1 A78.223 F1000
G1 X-111.773 Y11.293 Z290.739 F1000
G1 A78.223 F1000
G1 X-111.773 Y11.293 Z310.739 F1000
G1 A71.626 F1000
G1 X-111.773 Y11.293 Z330.739 F1000
G1 A64.765 F1000
G1 X-111.773 Y11.293 Z350.739 F1000
G1 A57.491 F1000
G1 X-111.773 Y11.293 Z370.739 F1000
G1 A49.568 F1000
G1 X-111.773 Y11.293 Z390.739 F1000
G1 A40.566 F1000
G1 X-111.773 Y11.293 Z410.739 F1000
G1 A29.451 F1000
G1 X-111.773 Y11.293 Z430.739 F1000
G1 A10.923 F1000
G1 X-111.773 Y11.293 Z450.739 F1000
G1 A0.0 F1000
G1 X-111.773 Y11.293 Z470.739 F1000
G1 A0.0 F1000
G1 X-111.773 Y11.293 Z490.739 F1000
G1 A77.321 F1000
G1 X-11.773 Y11.293 Z510.739 F1000
G1 A90 F1000
G1 X-11.773 Y11.293 Z530.739 F1000
G1 A90 F1000
G1 X-11.773 Y11.293 Z550.739 F1000
G1 X-216.501 Y207.672 F8000
M992
G3 X-298.48 Y30.157 I216.501 J-207.672 F8000
G1 Z290.739 F8000
M991
G1 A78.223 F1000
G1 X-111.773 Y11.293 Z290.739 F1000
G1 A78.223 F1000
G1 X-111.773 Y11.293 Z310.739 F1000
G1 A71.626 F1000
G1 X-111.773 Y11.293 Z330.739 F1000
G1 A64.765 F1000
G1 X-131.773 Y-8.707 Z350.739 F1000
G1 A57.491 F1000
G1 X-131.773 Y-8.707 Z370.739 F1000
G1 A49.568 F1000
G1 X-131.773 Y-8.707 Z390.739 F1000
G1 A40.566 F1000
G1 X-131.773 Y-8.707 Z410.739 F1000
G1 A37.891 F1000
G1 X-111.773 Y11.293 Z430.739 F1000
G1 A10.923 F1000
G1 X-111.773 Y11.293 Z450.739 F1000
G1 A0.0 F1000
G1 X-111.773 Y11.293 Z470.739 F1000
G1 A0.0 F1000
G1 X-111.773 Y11.293 Z490.739 F1000
G1 A77.321 F1000
G1 X-11.773 Y11.293 Z510.739 F1000
G1 A90 F1000
G1 X-11.773 Y11.293 Z530.739 F1000
G1 A90 F1000
G1 X-11.773 Y11.293 Z550.739 F1000
G1 X-216.501 Y207.672 F8000
M992
G3 X-299.094 Y-23.299 I216.501 J-207.672 F8000
G1 Z290.739 F8000
M991
G1 A78.223 F1000
G1 X-111.773 Y-8.707 Z290.739 F1000
G1 A78.223 F1000
G1 X-131.773 Y-28.707 Z310.739 F1000
G1 A71.626 F1000
G1 X-131.773 Y-28.707 Z330.739 F1000
G1 A64.765 F1000
G1 X-151.773 Y-28.707 Z350.739 F1000
G1 A57.491 F1000
G1 X-151.773 Y-28.707 Z370.739 F1000
G1 A49.568 F1000
G1 X-151.773 Y-28.707 Z390.739 F1000
G1 A40.566 F1000
G1 X-151.773 Y-28.707 Z410.739 F1000
G1 A44.01 F1000
G1 X-131.773 Y-28.707 Z430.739 F1000
G1 A10.923 F1000
G1 X-131.773 Y-28.707 Z450.739 F1000
G1 A43.394 F1000
G1 X-111.773 Y-8.707 Z470.739 F1000
G1 A0.0 F1000
G1 X-111.773 Y-8.707 Z490.739 F1000
G1 A76.98 F1000
G1 X-11.773 Y11.293 Z510.739 F1000
G1 A90 F1000
G1 X-11.773 Y11.293 Z530.739 F1000
G1 A90 F1000
G1 X-11.773 Y11.293 Z550.739 F1000
G1 X-216.501 Y207.672 F8000
M992
G3 X-290.57 Y-74.628 I216.501 J-207.672 F8000
G1 Z290.739 F8000
M991
G1 A78.223 F1000
G1 X-111.773 Y-28.707 Z290.739 F1000
G1 A78.223 F1000
G1 X-131.773 Y-48.707 Z310.739 F1000
G1 A71.626 F1000
G1 X-131.773 Y-48.707 Z330.739 F1000
G1 A64.765 F1000
G1 X-151.773 Y-68.707 Z350.739 F1000
G1 A57.491 F1000
G1 X-151.773 Y-68.707 Z370.739 F1000
G1 A49.568 F1000
G1 X-151.773 Y-68.707 Z390.739 F1000
G1 A40.566 F1000
G1 X-151.773 Y-68.707 Z410.739 F1000
G1 A49.824 F1000
G1 X-131.773 Y-48.707 Z430.739 F1000
G1 A10.923 F1000
G1 X-131.773 Y-48.707 Z450.739 F1000
G1 A47.877 F1000
G1 X-111.773 Y-28.707 Z470.739 F1000
G1 A0.0 F1000
G1 X-111.773 Y-28.707 Z490.739 F1000
G1 A77.164 F1000
G1 X-11.773 Y11.293 Z510.739 F1000
G1 A90 F1000
G1 X-11.773 Y11.293 Z530.739 F1000
G1 A90 F1000
G1 X-11.773 Y11.293 Z550.739 F1000
G1 X-216.501 Y207.672 F8000
M992
G3 X-255.575 Y-157.103 I216.501 J-207.672 F8000
G1 Z290.739 F8000
M991
G1 A78.223 F1000
G1 X-111.773 Y-68.707 Z290.739 F1000
G1 A78.223 F1000
G1 X-131.773 Y-88.707 Z310.739 F1000
G1 A71.626 F1000
G1 X-131.773 Y-88.707 Z330.739 F1000
G1 A64.765 F1000
G1 X-131.773 Y-88.707 Z350.739 F1000
G1 A57.491 F1000
G1 X-131.773 Y-88.707 Z370.739 F1000
G1 A49.568 F1000
G1 X-131.773 Y-88.707 Z390.739 F1000
G1 A40.566 F1000
G1 X-131.773 Y-88.707 Z410.739 F1000
G1 A29.451 F1000
G1 X-131.773 Y-88.707 Z430.739 F1000
G1 A53.259 F1000
G1 X-111.773 Y-68.707 Z450.739 F1000
G1 A0.0 F1000
G1 X-111.773 Y-68.707 Z470.739 F1000
G1 A0.0 F1000
G1 X-111.773 Y-68.707 Z490.739 F1000
G1 A78.663 F1000
G1 X-11.773 Y11.293 Z510.739 F1000
G1 A90 F1000
G1 X-11.773 Y11.293 Z530.739 F1000
G1 A90 F1000
G1 X-11.773 Y11.293 Z550.739 F1000
G1 X-216.501 Y207.672 F8000
M992
G3 X-234.988 Y-186.495 I216.501 J-207.672 F8000
G1 Z290.739 F8000
M991
G1 A78.223 F1000
G1 X-111.773 Y-88.707 Z290.739 F1000
G1 A78.223 F1000
G1 X-111.773 Y-88.707 Z310.739 F1000
G1 A71.626 F1000
G1 X-111.773 Y-88.707 Z330.739 F1000
G1 A64.765 F1000
G1 X-111.773 Y-88.707 Z350.739 F1000
G1 A57.491 F1000
G1 X-111.773 Y-88.707 Z370.739 F1000
G1 A49.568 F1000
G1 X-111.773 Y-88.707 Z390.739 F1000
G1 A40.566 F1000
G1 X-111.773 Y-88.707 Z410.739 F1000
G1 A29.451 F1000
G1 X-111.773 Y-88.707 Z430.739 F1000
G1 A10.923 F1000
G1 X-111.773 Y-88.707 Z450.739 F1000
G1 A0.0 F1000
G1 X-111.773 Y-88.707 Z470.739 F1000
G1 A0.0 F1000
G1 X-111.773 Y-88.707 Z490.739 F1000
G1 A81.967 F1000
G1 X-0.643 Y-0.766 Z510.739 F1000
G1 A90 F1000
G1 X-0.643 Y-0.766 Z530.739 F1000
G1 A90 F1000
G1 X-0.643 Y-0.766 Z550.739 F1000
G1 X-192.836 Y-229.813 F8000
M992
G3 X-188.7 Y-233.222 I192.836 J229.813 F8000
G1 Z290.739 F8000
M991
G1 A78.223 F1000
G1 X-71.773 Y-88.707 Z290.739 F1000
G1 A78.223 F1000
G1 X-71.773 Y-88.707 Z310.739 F1000
G1 A71.626 F1000
G1 X-71.773 Y-88.707 Z330.739 F1000
G1 A64.765 F1000
G1 X-91.773 Y-108.707 Z350.739 F1000
G1 A57.491 F1000
G1 X-91.773 Y-108.707 Z370.739 F1000
G1 A49.568 F1000
G1 X-91.773 Y-108.707 Z390.739 F1000
G1 A54.449 F1000
G1 X-71.773 Y-88.707 Z410.739 F1000
G1 A29.451 F1000
G1 X-71.773 Y-88.707 Z430.739 F1000
G1 A10.923 F1000
G1 X-71.773 Y-88.707 Z450.739 F1000
G1 A0.0 F1000
G1 X-71.773 Y-88.707 Z470.739 F1000
G1 A0.0 F1000
G1 X-71.773 Y-88.707 Z490.739 F1000
G1 A79.973 F1000
G1 X-0.5 Y-0.866 Z510.739 F1000
G1 A90 F1000
G1 X-0.5 Y-0.866 Z530.739 F1000
G1 A90 F1000
G1 X-0.5 Y-0.866 Z550.739 F1000
G1 X-150.0 Y-259.808 F8000
M992
G3 X-165.295 Y-250.355 I150.0 J259.808 F8000
G1 Z330.739 F8000
M991
G1 A64.765 F1000
G1 X-71.773 Y-108.707 Z330.739 F1000
G1 A64.765 F1000
G1 X-71.773 Y-108.707 Z350.739 F1000
G1 A57.491 F1000
G1 X-71.773 Y-108.707 Z370.739 F1000
G1 A49.568 F1000
G1 X-71.773 Y-108.707 Z390.739 F1000
G1 A40.566 F1000
G1 X-71.773 Y-108.707 Z410.739 F1000
G1 A29.451 F1000
G1 X-51.773 Y-88.707 Z490.739 F1000
G1 A78.877 F1000
G1 X-0.342 Y-0.94 Z510.739 F1000
G1 A90 F1000
G1 X-0.342 Y-0.94 Z530.739 F1000
G1 A90 F1000
G1 X-0.342 Y-0.94 Z550.739 F1000
G1 X-102.606 Y-281.908 F8000
M992
G3 X-101.16 Y-282.43 I102.606 J281.908 F8000
G1 Z490.739 F8000
M991
G1 A77.893 F1000
G1 X-31.773 Y-88.707 Z490.739 F1000
G1 A77.893 F1000
G1 X-0.174 Y-0.985 Z510.739 F1000
G1 A90 F1000
G1 X-0.174 Y-0.985 Z530.739 F1000
G1 A90 F1000
G1 X-0.174 Y-0.985 Z550.739 F1000
G1 X-52.094 Y-295.442 F8000
M992
G3 X-39.469 Y-297.392 I52.094 J295.442 F8000
G1 Z490.739 F8000
M991
G1 A77.265 F1000
G1 X-11.773 Y-88.707 Z490.739 F1000
G1 A77.265 F1000
G1 X0.0 Y-1.0 Z510.739 F1000
G1 A90 F1000
G1 X0.0 Y-1.0 Z530.739 F1000
G1 A90 F1000
G1 X0.0 Y-1.0 Z550.739 F1000
G1 X0.0 Y-300.0 F8000
M992
G3 X-39.469 Y-297.392 I-0.0 J300.0 F8000
G1 Z490.739 F8000
M991
G1 A77.269 F1000
G1 X-11.773 Y-88.707 Z490.739 F1000
G1 A77.269 F1000
G1 X0.191 Y-0.982 Z510.739 F1000
G1 A90 F1000
G1 X0.191 Y-0.982 Z530.739 F1000
G1 A90 F1000
G1 X0.191 Y-0.982 Z550.739 F1000
G1 X57.243 Y-294.488 F8000
M992
G3 X92.547 Y-285.368 I-57.243 J294.488 F8000
G1 Z310.739 F8000
M991
G1 A71.626 F1000
G1 X48.227 Y-148.707 Z310.739 F1000
G1 A71.626 F1000
G1 X48.227 Y-148.707 Z330.739 F1000
G1 A64.765 F1000
G1 X48.227 Y-148.707 Z350.739 F1000
G1 A57.491 F1000
G1 X48.227 Y-148.707 Z370.739 F1000
G1 A49.568 F1000
G1 X48.227 Y-148.707 Z390.739 F1000
G1 A40.566 F1000
G1 X48.227 Y-148.707 Z410.739 F1000
G1 A38.327 F1000
G1 X28.227 Y-88.707 Z490.739 F1000
G1 A77.747 F1000
G1 X0.375 Y-0.927 Z510.739 F1000
G1 A90 F1000
G1 X0.375 Y-0.927 Z530.739 F1000
G1 A90 F1000
G1 X0.375 Y-0.927 Z550.739 F1000
G1 X112.382 Y-278.155 F8000
M992
G3 X143.292 Y-263.567 I-112.382 J278.155 F8000
G1 Z490.739 F8000
M991
G1 A78.687 F1000
G1 X48.227 Y-88.707 Z490.739 F1000
G1 A78.687 F1000
G1 X0.545 Y-0.839 Z510.739 F1000
G1 A90 F1000
G1 X0.545 Y-0.839 Z530.739 F1000
G1 A90 F1000
G1 X0.545 Y-0.839 Z550.739 F1000
G1 X163.392 Y-251.601 F8000
M992
G3 X193.076 Y-229.612 I-163.392 J251.601 F8000
G1 Z250.739 F8000
M991
G1 A91.038 F1000
G1 X108.227 Y-128.707 Z250.739 F1000
G1 A91.038 F1000
G1 X108.227 Y-128.707 Z270.739 F1000
G1 A84.664 F1000
G1 X108.227 Y-128.707 Z290.739 F1000
G1 A78.223 F1000
G1 X108.227 Y-128.707 Z310.739 F1000
G1 A71.626 F1000
G1 X108.227 Y-128.707 Z330.739 F1000
G1 A64.765 F1000
G1 X108.227 Y-128.707 Z350.739 F1000
G1 A57.491 F1000
G1 X108.227 Y-128.707 Z370.739 F1000
G1 A49.568 F1000
G1 X108.227 Y-128.707 Z390.739 F1000
G1 A40.566 F1000
G1 X108.227 Y-128.707 Z410.739 F1000
G1 A29.451 F1000
G1 X108.227 Y-128.707 Z430.739 F1000
G1 A10.923 F1000
G1 X108.227 Y-128.707 Z450.739 F1000
G1 A0.0 F1000
G1 X108.227 Y-128.707 Z470.739 F1000
G1 A0.0 F1000
G1 X108.227 Y-128.707 Z490.739 F1000
G1 A0.0 F1000
G1 X108.227 Y-128.707 Z510.739 F1000
G1 A83.177 F1000
G1 X0.695 Y-0.719 Z530.739 F1000
G1 A90 F1000
G1 X0.695 Y-0.719 Z550.739 F1000
G1 X208.398 Y-215.802 F8000
M992
G3 X262.635 Y-144.992 I-208.398 J215.802 F8000
G1 Z490.739 F8000
M991
G1 A73.793 F1000
G1 X88.227 Y-48.707 Z490.739 F1000
G1 A73.793 F1000
G1 X28.227 Y-8.707 Z510.739 F1000
G1 A55.02 F1000
G1 X0.819 Y-0.574 Z530.739 F1000
G1 A90 F1000
G1 X0.819 Y-0.574 Z550.739 F1000
G1 X245.746 Y-172.073 F8000
M992
G3 X285.007 Y-93.653 I-245.746 J172.073 F8000
G1 Z310.739 F8000
M991
G1 A71.626 F1000
G1 X148.227 Y-48.707 Z310.739 F1000
G1 A71.626 F1000
G1 X148.227 Y-48.707 Z330.739 F1000
G1 A64.765 F1000
G1 X148.227 Y-48.707 Z350.739 F1000
G1 A57.491 F1000
G1 X148.227 Y-48.707 Z370.739 F1000
G1 A49.568 F1000
G1 X148.227 Y-48.707 Z390.739 F1000
G1 A40.566 F1000
G1 X88.227 Y-28.707 Z490.739 F1000
G1 A77.707 F1000
G1 X0.914 Y-0.407 Z510.739 F1000
G1 A90 F1000
G1 X0.914 Y-0.407 Z530.739 F1000
G1 A90 F1000
G1 X0.914 Y-0.407 Z550.739 F1000
G1 X274.064 Y-122.021 F8000
M992
G3 X298.55 Y-29.464 I-274.064 J122.021 F8000
G1 Z490.739 F8000
M991
G1 A77.148 F1000
G1 X88.227 Y-8.707 Z490.739 F1000
G1 A77.148 F1000
G1 X0.974 Y-0.225 Z510.739 F1000
G1 A90 F1000
G1 X0.974 Y-0.225 Z530.739 F1000
G1 A90 F1000
G1 X0.974 Y-0.225 Z550.739 F1000
G1 X292.311 Y-67.485 F8000
M992
G3 X297.572 Y38.089 I-292.311 J67.485 F8000
G1 Z490.739 F8000
M991
G1 A77.19 F1000
G1 X88.227 Y11.293 Z490.739 F1000
G1 A77.19 F1000
G1 X0.999 Y-0.035 Z510.739 F1000
G1 A90 F1000
G1 X0.999 Y-0.035 Z530.739 F1000
G1 A90 F1000
G1 X0.999 Y-0.035 Z550.739 F1000
G1 X299.817 Y-10.47 F8000
M992
G3 X288.195 Y83.329 I-299.817 J10.47 F8000
G1 Z270.739 F8000
M991
G1 A84.664 F1000
G1 X108.227 Y31.293 Z270.739 F1000
G1 A84.664 F1000
G1 X108.227 Y31.293 Z290.739 F1000
G1 A78.223 F1000
G1 X108.227 Y31.293 Z310.739 F1000
G1 A71.626 F1000
G1 X108.227 Y31.293 Z330.739 F1000
G1 A64.765 F1000
G1 X108.227 Y31.293 Z350.739 F1000
G1 A57.491 F1000
G1 X108.227 Y31.293 Z370.739 F1000
G1 A49.568 F1000
G1 X108.227 Y31.293 Z390.739 F1000
G1 A40.566 F1000
G1 X108.227 Y31.293 Z410.739 F1000
G1 A29.451 F1000
G1 X108.227 Y31.293 Z430.739 F1000
G1 A10.923 F1000
G1 X108.227 Y31.293 Z450.739 F1000
G1 A25.443 F1000
G1 X88.227 Y31.293 Z490.739 F1000
G1 A77.816 F1000
G1 X0.988 Y0.156 Z510.739 F1000
G1 A90 F1000
G1 X0.988 Y0.156 Z530.739 F1000
G1 A90 F1000
G1 X0.988 Y0.156 Z550.739 F1000
G1 X296.307 Y46.93 F8000
M992
G3 X250.528 Y165.032 I-296.307 J-46.93 F8000
G1 Z350.739 F8000
M991
G1 A57.491 F1000
G1 X108.227 Y71.293 Z350.739 F1000
G1 A57.491 F1000
G1 X108.227 Y71.293 Z370.739 F1000
G1 A49.568 F1000
G1 X108.227 Y71.293 Z390.739 F1000
G1 A40.566 F1000
G1 X108.227 Y71.293 Z410.739 F1000
G1 A29.451 F1000
G1 X88.227 Y51.293 Z490.739 F1000
G1 A78.806 F1000
G1 X0.94 Y0.342 Z510.739 F1000
G1 A90 F1000
G1 X0.94 Y0.342 Z530.739 F1000
G1 A90 F1000
G1 X0.94 Y0.342 Z550.739 F1000
G1 X281.908 Y102.606 F8000
M992
G3 X208.479 Y215.723 I-281.908 J-102.606 F8000
G1 Z290.739 F8000
M991
G1 A78.223 F1000
G1 X88.227 Y91.293 Z290.739 F1000
G1 A78.223 F1000
G1 X88.227 Y91.293 Z310.739 F1000
G1 A71.626 F1000
G1 X88.227 Y91.293 Z330.739 F1000
G1 A64.765 F1000
G1 X88.227 Y91.293 Z350.739 F1000
G1 A57.491 F1000
G1 X88.227 Y91.293 Z370.739 F1000
G1 A49.568 F1000
G1 X88.227 Y91.293 Z390.739 F1000
G1 A40.566 F1000
G1 X88.227 Y91.293 Z410.739 F1000
G1 A29.451 F1000
G1 X88.227 Y91.293 Z430.739 F1000
G1 A10.923 F1000
G1 X88.227 Y91.293 Z450.739 F1000
G1 A0.0 F1000
G1 X88.227 Y91.293 Z470.739 F1000
G1 A0.0 F1000
G1 X88.227 Y91.293 Z490.739 F1000
G1 A80.979 F1000
G1 X0.857 Y0.515 Z510.739 F1000
G1 A90 F1000
G1 X0.857 Y0.515 Z530.739 F1000
G1 A90 F1000
G1 X0.857 Y0.515 Z550.739 F1000
G1 X257.15 Y154.511 F8000
M992
G3 X186.367 Y235.09 I-257.15 J-154.511 F8000
G1 Z290.739 F8000
M991
G1 A78.223 F1000
G1 X88.227 Y111.293 Z290.739 F1000
G1 A78.223 F1000
G1 X88.227 Y111.293 Z310.739 F1000
G1 A71.626 F1000
G1 X88.227 Y111.293 Z330.739 F1000
G1 A64.765 F1000
G1 X88.227 Y111.293 Z350.739 F1000
G1 A57.491 F1000
G1 X88.227 Y111.293 Z370.739 F1000
G1 A49.568 F1000
G1 X88.227 Y111.293 Z390.739 F1000
G1 A40.566 F1000
G1 X88.227 Y111.293 Z410.739 F1000
G1 A29.451 F1000
G1 X88.227 Y111.293 Z430.739 F1000
G1 A10.923 F1000
G1 X88.227 Y111.293 Z450.739 F1000
G1 A0.0 F1000
G1 X88.227 Y111.293 Z470.739 F1000
G1 A0.0 F1000
G1 X88.227 Y111.293 Z490.739 F1000
G1 A81.929 F1000
G1 X0.743 Y0.669 Z510.739 F1000
G1 A90 F1000
G1 X0.743 Y0.669 Z530.739 F1000
G1 A90 F1000
G1 X0.743 Y0.669 Z550.739 F1000
G1 X222.943 Y200.739 F8000
M992
G3 X119.282 Y275.267 I-222.943 J-200.739 F8000
G1 Z290.739 F8000
M991
G1 A78.223 F1000
G1 X48.227 Y111.293 Z290.739 F1000
G1 A78.223 F1000
G1 X48.227 Y111.293 Z310.739 F1000
G1 A71.626 F1000
G1 X48.227 Y111.293 Z330.739 F1000
G1 A64.765 F1000
G1 X48.227 Y111.293 Z350.739 F1000
G1 A57.491 F1000
G1 X48.227 Y111.293 Z370.739 F1000
G1 A49.568 F1000
G1 X48.227 Y111.293 Z390.739 F1000
G1 A40.566 F1000
G1 X48.227 Y111.293 Z410.739 F1000
G1 A29.451 F1000
G1 X48.227 Y111.293 Z430.739 F1000
G1 A10.923 F1000
G1 X48.227 Y111.293 Z450.739 F1000
G1 A0.0 F1000
G1 X48.227 Y111.293 Z470.739 F1000
G1 A0.0 F1000
G1 X48.227 Y111.293 Z490.739 F1000
G1 A77.715 F1000
G1 X-11.773 Y11.293 Z510.739 F1000
G1 A90 F1000
G1 X-11.773 Y11.293 Z530.739 F1000
G1 A90 F1000
G1 X-11.773 Y11.293 Z550.739 F1000
G1 X-216.501 Y207.672 F8000
M992
G3 X81.303 Y288.773 I216.501 J-207.672 F8000
G1 Z230.739 F8000
M991
G1 A97.425 F1000
G1 X48.227 Y171.293 Z230.739 F1000
G1 A97.425 F1000
G1 X48.227 Y171.293 Z250.739 F1000
G1 A91.038 F1000
G1 X48.227 Y171.293 Z270.739 F1000
G1 A84.664 F1000
G1 X48.227 Y171.293 Z290.739 F1000
G1 A78.223 F1000
G1 X48.227 Y171.293 Z310.739 F1000
G1 A71.626 F1000
G1 X48.227 Y171.293 Z330.739 F1000
G1 A64.765 F1000
G1 X48.227 Y171.293 Z350.739 F1000
G1 A57.491 F1000
G1 X48.227 Y171.293 Z370.739 F1000
G1 A49.568 F1000
G1 X48.227 Y171.293 Z390.739 F1000
G1 A40.566 F1000
G1 X48.227 Y171.293 Z410.739 F1000
G1 A29.451 F1000
G1 X48.227 Y171.293 Z430.739 F1000
G1 A10.923 F1000
G1 X48.227 Y171.293 Z450.739 F1000
G1 A0.0 F1000
G1 X48.227 Y171.293 Z470.739 F1000
G1 A0.0 F1000
G1 X48.227 Y171.293 Z490.739 F1000
G1 A0.0 F1000
G1 X48.227 Y171.293 Z510.739 F1000
G1 A81.766 F1000
G1 X-11.773 Y11.293 Z530.739 F1000
G1 A90 F1000
G1 X-11.773 Y11.293 Z550.739 F1000
G1 X-216.501 Y207.672 F8000
M992
G3 X22.116 Y299.184 I216.501 J-207.672 F8000
G1 Z290.739 F8000
M991
G1 A78.223 F1000
G1 X8.227 Y111.293 Z290.739 F1000
G1 A78.223 F1000
G1 X8.227 Y131.293 Z310.739 F1000
G1 A71.626 F1000
G1 X8.227 Y131.293 Z330.739 F1000
G1 A64.765 F1000
G1 X8.227 Y131.293 Z350.739 F1000
G1 A57.491 F1000
G1 X8.227 Y131.293 Z370.739 F1000
G1 A49.568 F1000
G1 X8.227 Y131.293 Z390.739 F1000
G1 A40.566 F1000
G1 X8.227 Y131.293 Z410.739 F1000
G1 A29.451 F1000
G1 X8.227 Y131.293 Z430.739 F1000
G1 A44.888 F1000
G1 X8.227 Y111.293 Z450.739 F1000
G1 A0.0 F1000
G1 X8.227 Y111.293 Z470.739 F1000
G1 A0.0 F1000
G1 X8.227 Y111.293 Z490.739 F1000
G1 A76.861 F1000
G1 X-11.773 Y11.293 Z510.739 F1000
G1 A90 F1000
G1 X-11.773 Y11.293 Z530.739 F1000
G1 A90 F1000
G1 X-11.773 Y11.293 Z550.739 F1000
G1 X-216.501 Y207.672 F8000
M992
G3 X-31.559 Y298.335 I216.501 J-207.672 F8000
G1 Z290.739 F8000
M991
G1 A78.223 F1000
G1 X-11.773 Y111.293 Z290.739 F1000
G1 A78.223 F1000
G1 X-11.773 Y111.293 Z310.739 F1000
G1 A71.626 F1000
G1 X-11.773 Y111.293 Z330.739 F1000
G1 A64.765 F1000
G1 X-11.773 Y111.293 Z350.739 F1000
G1 A57.491 F1000
G1 X-11.773 Y111.293 Z370.739 F1000
G1 A49.568 F1000
G1 X-11.773 Y111.293 Z390.739 F1000
G1 A40.566 F1000
G1 X-11.773 Y111.293 Z410.739 F1000
G1 A29.451 F1000
G1 X-11.773 Y111.293 Z430.739 F1000
G1 A10.923 F1000
G1 X-11.773 Y111.293 Z450.739 F1000
G1 A0.0 F1000
G1 X-11.773 Y111.293 Z470.739 F1000
G1 A0.0 F1000
G1 X-11.773 Y111.293 Z490.739 F1000
G1 A77.198 F1000
G1 X-11.773 Y11.293 Z510.739 F1000
G1 A90 F1000
G1 X-11.773 Y11.293 Z530.739 F1000
G1 A90 F1000
G1 X-11.773 Y11.293 Z550.739 F1000
G1 X-216.501 Y207.672 F8000
M992
G3 X-61.658 Y293.595 I216.501 J-207.672 F8000
G1 Z250.739 F8000
M991
G1 A91.038 F1000
G1 X-31.773 Y151.293 Z250.739 F1000
G1 A91.038 F1000
G1 X-31.773 Y151.293 Z270.739 F1000
G1 A84.664 F1000
G1 X-31.773 Y171.293 Z290.739 F1000
G1 A78.223 F1000
G1 X-31.773 Y171.293 Z310.739 F1000
G1 A71.626 F1000
G1 X-31.773 Y171.293 Z330.739 F1000
G1 A64.765 F1000
G1 X-31.773 Y171.293 Z350.739 F1000
G1 A57.491 F1000
G1 X-31.773 Y171.293 Z370.739 F1000
G1 A49.568 F1000
G1 X-31.773 Y171.293 Z390.739 F1000
G1 A40.566 F1000
G1 X-31.773 Y171.293 Z410.739 F1000
G1 A29.451 F1000
G1 X-31.773 Y171.293 Z430.739 F1000
G1 A10.923 F1000
G1 X-31.773 Y171.293 Z450.739 F1000
G1 A44.047 F1000
G1 X-31.773 Y151.293 Z470.739 F1000
G1 A61.084 F1000
G1 X-31.773 Y111.293 Z490.739 F1000
G1 A77.991 F1000
G1 X-11.773 Y11.293 Z510.739 F1000
G1 A90 F1000
G1 X-11.773 Y11.293 Z530.739 F1000
G1 A90 F1000
G1 X-11.773 Y11.293 Z550.739 F1000
G1 X-216.501 Y207.672 F8000
M992
G3 X-126.537 Y272.008 I216.501 J-207.672 F8000
G1 Z290.739 F8000
M991
G1 A78.223 F1000
G1 X-51.773 Y111.293 Z290.739 F1000
G1 A78.223 F1000
G1 X-51.773 Y111.293 Z310.739 F1000
G1 A71.626 F1000
G1 X-51.773 Y111.293 Z330.739 F1000
G1 A64.765 F1000
G1 X-51.773 Y111.293 Z350.739 F1000
G1 A57.491 F1000
G1 X-51.773 Y131.293 Z370.739 F1000
G1 A49.568 F1000
G1 X-51.773 Y131.293 Z390.739 F1000
G1 A40.566 F1000
G1 X-51.773 Y131.293 Z410.739 F1000
G1 A41.133 F1000
G1 X-51.773 Y111.293 Z430.739 F1000
G1 A10.923 F1000
G1 X-51.773 Y111.293 Z450.739 F1000
G1 A0.0 F1000
G1 X-51.773 Y111.293 Z470.739 F1000
G1 A0.0 F1000
G1 X-51.773 Y111.293 Z490.739 F1000
G1 A79.025 F1000
G1 X-11.773 Y11.293 Z510.739 F1000
G1 A90 F1000
G1 X-11.773 Y11.293 Z530.739 F1000
G1 A90 F1000
G1 X-11.773 Y11.293 Z550.739 F1000
G1 X-216.501 Y207.672 F8000
M992
G3 X-162.592 Y252.119 I216.501 J-207.672 F8000
G1 Z290.739 F8000
M991
G1 A78.223 F1000
G1 X-71.773 Y111.293 Z290.739 F1000
G1 A78.223 F1000
G1 X-71.773 Y111.293 Z310.739 F1000
G1 A71.626 F1000
G1 X-71.773 Y111.293 Z330.739 F1000
G1 A64.765 F1000
G1 X-71.773 Y111.293 Z350.739 F1000
G1 A57.491 F1000
G1 X-71.773 Y111.293 Z370.739 F1000
G1 A49.568 F1000
G1 X-71.773 Y111.293 Z390.739 F1000
G1 A40.566 F1000
G1 X-71.773 Y111.293 Z410.739 F1000
G1 A29.451 F1000
G1 X-71.773 Y111.293 Z430.739 F1000
G1 A10.923 F1000
G1 X-71.773 Y111.293 Z450.739 F1000
G1 A0.0 F1000
G1 X-71.773 Y111.293 Z470.739 F1000
G1 A0.0 F1000
G1 X-71.773 Y111.293 Z490.739 F1000
G1 A80.095 F1000
G1 X-11.773 Y11.293 Z510.739 F1000
G1 A90 F1000
G1 X-11.773 Y11.293 Z530.739 F1000
G1 A90 F1000
G1 X-11.773 Y11.293 Z550.739 F1000
G1 X-216.501 Y207.672 F8000
M992
G3 X-212.588 Y211.675 I216.501 J-207.672 F8000
G1 Z290.739 F8000
M991
G1 A78.223 F1000
G1 X-111.773 Y111.293 Z290.739 F1000
G1 A78.223 F1000
G1 X-111.773 Y111.293 Z310.739 F1000
G1 A71.626 F1000
G1 X-111.773 Y111.293 Z330.739 F1000
G1 A64.765 F1000
G1 X-111.773 Y111.293 Z350.739 F1000
G1 A57.491 F1000
G1 X-111.773 Y111.293 Z370.739 F1000
G1 A49.568 F1000
G1 X-111.773 Y111.293 Z390.739 F1000
G1 A40.566 F1000
G1 X-111.773 Y111.293 Z410.739 F1000
G1 A29.451 F1000
G1 X-111.773 Y111.293 Z430.739 F1000
G1 A10.923 F1000
G1 X-111.773 Y111.293 Z450.739 F1000
G1 A0.0 F1000
G1 X-111.773 Y111.293 Z470.739 F1000
G1 A0.0 F1000
G1 X-111.773 Y111.293 Z490.739 F1000
G1 A81.95 F1000
G1 X-11.773 Y11.293 Z510.739 F1000
G1 A90 F1000
G1 X-11.773 Y11.293 Z530.739 F1000
G1 A90 F1000
G1 X-11.773 Y11.293 Z550.739 F1000
G1 X-216.501 Y207.672 F8000
M992
G3 X-212.588 Y211.675 I216.501 J-207.672 F8000
G1 Z290.739 F8000
M991
G1 A78.223 F1000
G1 X-111.773 Y111.293 Z290.739 F1000
G1 A78.223 F1000
G1 X-111.773 Y111.293 Z310.739 F1000
G1 A71.626 F1000
G1 X-111.773 Y111.293 Z330.739 F1000
G1 A64.765 F1000
G1 X-111.773 Y111.293 Z350.739 F1000
G1 A57.491 F1000
G1 X-111.773 Y111.293 Z370.739 F1000
G1 A49.568 F1000
G1 X-111.773 Y111.293 Z390.739 F1000
G1 A40.566 F1000
G1 X-111.773 Y111.293 Z410.739 F1000
G1 A29.451 F1000
G1 X-111.773 Y111.293 Z430.739 F1000
G1 A10.923 F1000
G1 X-111.773 Y111.293 Z450.739 F1000
G1 A0.0 F1000
G1 X-111.773 Y111.293 Z470.739 F1000
G1 A0.0 F1000
G1 X-111.773 Y111.293 Z490.739 F1000
G1 A81.95 F1000
G1 X-11.773 Y11.293 Z510.739 F1000
G1 A90 F1000
G1 X-11.773 Y11.293 Z530.739 F1000
G1 A90 F1000
G1 X-11.773 Y11.293 Z550.739 F1000
G1 X-216.501 Y207.672 F8000
M992
G3 X-252.93 Y161.328 I216.501 J-207.672 F8000
G1 Z290.739 F8000
M991
G1 A78.223 F1000
G1 X-111.773 Y71.293 Z290.739 F1000
G1 A78.223 F1000
G1 X-111.773 Y71.293 Z310.739 F1000
G1 A71.626 F1000
G1 X-111.773 Y71.293 Z330.739 F1000
G1 A64.765 F1000
G1 X-111.773 Y71.293 Z350.739 F1000
G1 A57.491 F1000
G1 X-111.773 Y71.293 Z370.739 F1000
G1 A49.568 F1000
G1 X-111.773 Y71.293 Z390.739 F1000
G1 A40.566 F1000
G1 X-111.773 Y71.293 Z410.739 F1000
G1 A29.451 F1000
G1 X-111.773 Y71.293 Z430.739 F1000
G1 A10.923 F1000
G1 X-111.773 Y71.293 Z450.739 F1000
G1 A0.0 F1000
G1 X-111.773 Y71.293 Z470.739 F1000
G1 A0.0 F1000
G1 X-111.773 Y71.293 Z490.739 F1000
G1 A80.144 F1000
G1 X-11.773 Y11.293 Z510.739 F1000
G1 A90 F1000
G1 X-11.773 Y11.293 Z530.739 F1000
G1 A90 F1000
G1 X-11.773 Y11.293 Z550.739 F1000
G1 X-216.501 Y207.672 F8000
M992
G3 X-272.661 Y125.125 I216.501 J-207.672 F8000
G1 Z290.739 F8000
M991
G1 A78.223 F1000
G1 X-111.773 Y51.293 Z290.739 F1000
G1 A78.223 F1000
G1 X-111.773 Y51.293 Z310.739 F1000
G1 A71.626 F1000
G1 X-111.773 Y51.293 Z330.739 F1000
G1 A64.765 F1000
G1 X-111.773 Y51.293 Z350.739 F1000
G1 A57.491 F1000
G1 X-111.773 Y51.293 Z370.739 F1000
G1 A49.568 F1000
G1 X-111.773 Y51.293 Z390.739 F1000
G1 A40.566 F1000
G1 X-111.773 Y51.293 Z410.739 F1000
G1 A29.451 F1000
G1 X-111.773 Y51.293 Z430.739 F1000
G1 A10.923 F1000
G1 X-111.773 Y51.293 Z450.739 F1000
G1 A0.0 F1000
G1 X-111.773 Y51.293 Z470.739 F1000
G1 A0.0 F1000
G1 X-111.773 Y51.293 Z490.739 F1000
G1 A79.105 F1000
G1 X-11.773 Y11.293 Z510.739 F1000
G1 A90 F1000
G1 X-11.773 Y11.293 Z530.739 F1000
G1 A90 F1000
G1 X-11.773 Y11.293 Z550.739 F1000
G1 X-216.501 Y207.672 F8000
M992
G3 X-293.82 Y60.58 I216.501 J-207.672 F8000
G1 Z290.739 F8000
M991
G1 A78.223 F1000
G1 X-151.773 Y31.293 Z290.739 F1000
G1 A78.223 F1000
G1 X-151.773 Y31.293 Z310.739 F1000
G1 A71.626 F1000
G1 X-171.773 Y31.293 Z330.739 F1000
G1 A64.765 F1000
G1 X-171.773 Y31.293 Z350.739 F1000
G1 A57.491 F1000
G1 X-171.773 Y31.293 Z370.739 F1000
G1 A49.568 F1000
G1 X-171.773 Y31.293 Z390.739 F1000
G1 A40.566 F1000
G1 X-171.773 Y31.293 Z410.739 F1000
G1 A29.451 F1000
G1 X-171.773 Y31.293 Z430.739 F1000
G1 A10.923 F1000
G1 X-171.773 Y31.293 Z450.739 F1000
G1 A0.0 F1000
G1 X-171.773 Y31.293 Z470.739 F1000
G1 A44.08 F1000
G1 X-151.773 Y31.293 Z490.739 F1000
G1 A81.219 F1000
G1 X-11.773 Y11.293 Z510.739 F1000
G1 A90 F1000
G1 X-11.773 Y11.293 Z530.739 F1000
G1 A90 F1000
G1 X-11.773 Y11.293 Z550.739 F1000
G1 X-216.501 Y207.672 F8000
M992
G3 X-298.48 Y30.157 I216.501 J-207.672 F8000
G1 Z290.739 F8000
M991
G1 A78.223 F1000
G1 X-111.773 Y11.293 Z290.739 F1000
G1 A78.223 F1000
G1 X-111.773 Y11.293 Z310.739 F1000
G1 A71.626 F1000
G1 X-111.773 Y11.293 Z330.739 F1000
G1 A64.765 F1000
G1 X-111.773 Y11.293 Z350.739 F1000
G1 A57.491 F1000
G1 X-111.773 Y11.293 Z370.739 F1000
G1 A49.568 F1000
G1 X-111.773 Y11.293 Z390.739 F1000
G1 A40.566 F1000
G1 X-111.773 Y11.293 Z410.739 F1000
G1 A29.451 F1000
G1 X-111.773 Y11.293 Z430.739 F1000
G1 A10.923 F1000
G1 X-111.773 Y11.293 Z450.739 F1000
G1 A0.0 F1000
G1 X-111.773 Y11.293 Z470.739 F1000
G1 A0.0 F1000
G1 X-111.773 Y11.293 Z490.739 F1000
G1 A77.321 F1000
G1 X-11.773 Y11.293 Z510.739 F1000
G1 A90 F1000
G1 X-11.773 Y11.293 Z530.739 F1000
G1 A90 F1000
G1 X-11.773 Y11.293 Z550.739 F1000
G1 X-216.501 Y207.672 F8000
M992
G3 X-299.094 Y-23.299 I216.501 J-207.672 F8000
G1 Z290.739 F8000
M991
G1 A78.223 F1000
G1 X-111.773 Y-8.707 Z290.739 F1000
G1 A78.223 F1000
G1 X-111.773 Y-8.707 Z310.739 F1000
G1 A71.626 F1000
G1 X-111.773 Y-8.707 Z330.739 F1000
G1 A64.765 F1000
G1 X-111.773 Y-8.707 Z350.739 F1000
G1 A57.491 F1000
G1 X-111.773 Y-8.707 Z370.739 F1000
G1 A49.568 F1000
G1 X-111.773 Y-8.707 Z390.739 F1000
G1 A40.566 F1000
G1 X-111.773 Y-8.707 Z410.739 F1000
G1 A29.451 F1000
G1 X-111.773 Y-8.707 Z430.739 F1000
G1 A10.923 F1000
G1 X-111.773 Y-8.707 Z450.739 F1000
G1 A0.0 F1000
G1 X-111.773 Y-8.707 Z470.739 F1000
G1 A0.0 F1000
G1 X-111.773 Y-8.707 Z490.739 F1000
G1 A76.98 F1000
G1 X-11.773 Y11.293 Z510.739 F1000
G1 A90 F1000
G1 X-11.773 Y11.293 Z530.739 F1000
G1 A90 F1000
G1 X-11.773 Y11.293 Z550.739 F1000
G1 X-216.501 Y207.672 F8000
M992
G3 X-290.57 Y-74.628 I216.501 J-207.672 F8000
G1 Z290.739 F8000
M991
G1 A78.223 F1000
G1 X-111.773 Y-28.707 Z290.739 F1000
G1 A78.223 F1000
G1 X-111.773 Y-28.707 Z310.739 F1000
G1 A71.626 F1000
G1 X-151.773 Y-48.707 Z330.739 F1000
G1 A64.765 F1000
G1 X-151.773 Y-48.707 Z350.739 F1000
G1 A57.491 F1000
G1 X-151.773 Y-48.707 Z370.739 F1000
G1 A49.568 F1000
G1 X-151.773 Y-48.707 Z390.739 F1000
G1 A40.566 F1000
G1 X-151.773 Y-48.707 Z410.739 F1000
G1 A64.448 F1000
G1 X-111.773 Y-28.707 Z430.739 F1000
G1 A10.923 F1000
G1 X-111.773 Y-28.707 Z450.739 F1000
G1 A0.0 F1000
G1 X-111.773 Y-28.707 Z470.739 F1000
G1 A0.0 F1000
G1 X-111.773 Y-28.707 Z490.739 F1000
G1 A77.164 F1000
G1 X-11.773 Y11.293 Z510.739 F1000
G1 A90 F1000
G1 X-11.773 Y11.293 Z530.739 F1000
G1 A90 F1000
G1 X-11.773 Y11.293 Z550.739 F1000
G1 X-216.501 Y207.672 F8000
M992
G3 X-275.022 Y-119.846 I216.501 J-207.672 F8000
G1 Z290.739 F8000
M991
G1 A78.223 F1000
G1 X-111.773 Y-48.707 Z290.739 F1000
G1 A78.223 F1000
G1 X-111.773 Y-48.707 Z310.739 F1000
G1 A71.626 F1000
G1 X-131.773 Y-68.707 Z330.739 F1000
G1 A64.765 F1000
G1 X-131.773 Y-68.707 Z350.739 F1000
G1 A57.491 F1000
G1 X-131.773 Y-68.707 Z370.739 F1000
G1 A49.568 F1000
G1 X-131.773 Y-68.707 Z390.739 F1000
G1 A40.566 F1000
G1 X-131.773 Y-68.707 Z410.739 F1000
G1 A51.157 F1000
G1 X-111.773 Y-48.707 Z430.739 F1000
G1 A10.923 F1000
G1 X-111.773 Y-48.707 Z450.739 F1000
G1 A0.0 F1000
G1 X-111.773 Y-48.707 Z470.739 F1000
G1 A0.0 F1000
G1 X-111.773 Y-48.707 Z490.739 F1000
G1 A77.786 F1000
G1 X-11.773 Y11.293 Z510.739 F1000
G1 A90 F1000
G1 X-11.773 Y11.293 Z530.739 F1000
G1 A90 F1000
G1 X-11.773 Y11.293 Z550.739 F1000
G1 X-216.501 Y207.672 F8000
M992
G3 X-234.988 Y-186.495 I216.501 J-207.672 F8000
G1 Z290.739 F8000
M991
G1 A78.223 F1000
G1 X-111.773 Y-88.707 Z290.739 F1000
G1 A78.223 F1000
G1 X-111.773 Y-88.707 Z310.739 F1000
G1 A71.626 F1000
G1 X-111.773 Y-88.707 Z330.739 F1000
G1 A64.765 F1000
G1 X-111.773 Y-88.707 Z350.739 F1000
G1 A57.491 F1000
G1 X-111.773 Y-88.707 Z370.739 F1000
G1 A49.568 F1000
G1 X-111.773 Y-88.707 Z390.739 F1000
G1 A40.566 F1000
G1 X-111.773 Y-88.707 Z410.739 F1000
G1 A29.451 F1000
G1 X-111.773 Y-88.707 Z430.739 F1000
G1 A10.923 F1000
G1 X-111.773 Y-88.707 Z450.739 F1000
G1 A0.0 F1000
G1 X-111.773 Y-88.707 Z470.739 F1000
G1 A0.0 F1000
G1 X-111.773 Y-88.707 Z490.739 F1000
G1 A81.967 F1000
G1 X-0.656 Y-0.755 Z510.739 F1000
G1 A90 F1000
G1 X-0.656 Y-0.755 Z530.739 F1000
G1 A90 F1000
G1 X-0.656 Y-0.755 Z550.739 F1000
G1 X-196.818 Y-226.413 F8000
M992
G3 X-188.7 Y-233.222 I196.818 J226.413 F8000
G1 Z290.739 F8000
M991
G1 A78.223 F1000
G1 X-71.773 Y-88.707 Z290.739 F1000
G1 A78.223 F1000
G1 X-71.773 Y-88.707 Z310.739 F1000
G1 A71.626 F1000
G1 X-71.773 Y-88.707 Z330.739 F1000
G1 A64.765 F1000
G1 X-71.773 Y-88.707 Z350.739 F1000
G1 A57.491 F1000
G1 X-71.773 Y-88.707 Z370.739 F1000
G1 A49.568 F1000
G1 X-71.773 Y-88.707 Z390.739 F1000
G1 A40.566 F1000
G1 X-71.773 Y-88.707 Z410.739 F1000
G1 A29.451 F1000
G1 X-71.773 Y-88.707 Z430.739 F1000
G1 A10.923 F1000
G1 X-71.773 Y-88.707 Z450.739 F1000
G1 A0.0 F1000
G1 X-71.773 Y-88.707 Z470.739 F1000
G1 A0.0 F1000
G1 X-71.773 Y-88.707 Z490.739 F1000
G1 A79.973 F1000
G1 X-0.5 Y-0.866 Z510.739 F1000
G1 A90 F1000
G1 X-0.5 Y-0.866 Z530.739 F1000
G1 A90 F1000
G1 X-0.5 Y-0.866 Z550.739 F1000
G1 X-150.0 Y-259.808 F8000
M992
G3 X-151.221 Y-259.099 I150.0 J259.808 F8000
G1 Z490.739 F8000
M991
G1 A78.877 F1000
G1 X-51.773 Y-88.707 Z490.739 F1000
G1 A78.877 F1000
G1 X-0.326 Y-0.946 Z510.739 F1000
G1 A90 F1000
G1 X-0.326 Y-0.946 Z530.739 F1000
G1 A90 F1000
G1 X-0.326 Y-0.946 Z550.739 F1000
G1 X-97.67 Y-283.656 F8000
M992
G3 X-71.9 Y-291.256 I97.67 J283.656 F8000
G1 Z290.739 F8000
M991
G1 A78.223 F1000
G1 X-31.773 Y-128.707 Z290.739 F1000
G1 A78.223 F1000
G1 X-31.773 Y-128.707 Z310.739 F1000
G1 A71.626 F1000
G1 X-31.773 Y-128.707 Z330.739 F1000
G1 A64.765 F1000
G1 X-31.773 Y-128.707 Z350.739 F1000
G1 A57.491 F1000
G1 X-31.773 Y-128.707 Z370.739 F1000
G1 A49.568 F1000
G1 X-31.773 Y-128.707 Z390.739 F1000
G1 A40.566 F1000
G1 X-31.773 Y-128.707 Z410.739 F1000
G1 A29.451 F1000
G1 X-31.773 Y-128.707 Z430.739 F1000
G1 A10.923 F1000
G1 X-31.773 Y-128.707 Z450.739 F1000
G1 A0.0 F1000
G1 X-31.773 Y-128.707 Z470.739 F1000
G1 A60.269 F1000
G1 X-31.773 Y-88.707 Z490.739 F1000
G1 A77.894 F1000
G1 X-0.139 Y-0.99 Z510.739 F1000
G1 A90 F1000
G1 X-0.139 Y-0.99 Z530.739 F1000
G1 A90 F1000
G1 X-0.139 Y-0.99 Z550.739 F1000
G1 X-41.752 Y-297.08 F8000
M992
G3 X-39.469 Y-297.392 I41.752 J297.08 F8000
G1 Z490.739 F8000
M991
G1 A77.265 F1000
G1 X-11.773 Y-88.707 Z490.739 F1000
G1 A77.265 F1000
G1 X0.0 Y-1.0 Z510.739 F1000
G1 A90 F1000
G1 X0.0 Y-1.0 Z530.739 F1000
G1 A90 F1000
G1 X0.0 Y-1.0 Z550.739 F1000
G1 X0.0 Y-300.0 F8000
M992
G3 X-39.469 Y-297.392 I-0.0 J300.0 F8000
G1 Z490.739 F8000
M991
G1 A77.269 F1000
G1 X-11.773 Y-88.707 Z490.739 F1000
G1 A77.269 F1000
G1 X0.191 Y-0.982 Z510.739 F1000
G1 A90 F1000
G1 X0.191 Y-0.982 Z530.739 F1000
G1 A90 F1000
G1 X0.191 Y-0.982 Z550.739 F1000
G1 X57.243 Y-294.488 F8000
M992
G3 X90.967 Y-285.876 I-57.243 J294.488 F8000
G1 Z490.739 F8000
M991
G1 A77.747 F1000
G1 X28.227 Y-88.707 Z490.739 F1000
G1 A77.747 F1000
G1 X0.375 Y-0.927 Z510.739 F1000
G1 A90 F1000
G1 X0.375 Y-0.927 Z530.739 F1000
G1 A90 F1000
G1 X0.375 Y-0.927 Z550.739 F1000
G1 X112.382 Y-278.155 F8000
M992
G3 X143.292 Y-263.567 I-112.382 J278.155 F8000
G1 Z490.739 F8000
M991
G1 A78.687 F1000
G1 X48.227 Y-88.707 Z490.739 F1000
G1 A78.687 F1000
G1 X0.545 Y-0.839 Z510.739 F1000
G1 A90 F1000
G1 X0.545 Y-0.839 Z530.739 F1000
G1 A90 F1000
G1 X0.545 Y-0.839 Z550.739 F1000
G1 X163.392 Y-251.601 F8000
M992
G3 X182.898 Y-237.799 I-163.392 J251.601 F8000
G1 Z290.739 F8000
M991
G1 A78.223 F1000
G1 X68.227 Y-88.707 Z290.739 F1000
G1 A78.223 F1000
G1 X68.227 Y-88.707 Z310.739 F1000
G1 A71.626 F1000
G1 X68.227 Y-88.707 Z330.739 F1000
G1 A64.765 F1000
G1 X68.227 Y-88.707 Z350.739 F1000
G1 A57.491 F1000
G1 X68.227 Y-88.707 Z370.739 F1000
G1 A49.568 F1000
G1 X68.227 Y-88.707 Z390.739 F1000
G1 A40.566 F1000
G1 X68.227 Y-88.707 Z410.739 F1000
G1 A29.451 F1000
G1 X68.227 Y-88.707 Z430.739 F1000
G1 A10.923 F1000
G1 X68.227 Y-88.707 Z450.739 F1000
G1 A0.0 F1000
G1 X68.227 Y-88.707 Z470.739 F1000
G1 A0.0 F1000
G1 X68.227 Y-88.707 Z490.739 F1000
G1 A79.778 F1000
G1 X0.695 Y-0.719 Z510.739 F1000
G1 A90 F1000
G1 X0.695 Y-0.719 Z530.739 F1000
G1 A90 F1000
G1 X0.695 Y-0.719 Z550.739 F1000
G1 X208.398 Y-215.802 F8000
M992
G3 X262.635 Y-144.992 I-208.398 J215.802 F8000
G1 Z490.739 F8000
M991
G1 A78.666 F1000
G1 X88.227 Y-48.707 Z490.739 F1000
G1 A78.666 F1000
G1 X0.819 Y-0.574 Z510.739 F1000
G1 A90 F1000
G1 X0.819 Y-0.574 Z530.739 F1000
G1 A90 F1000
G1 X0.819 Y-0.574 Z550.739 F1000
G1 X245.746 Y-172.073 F8000
M992
G3 X289.973 Y-76.915 I-245.746 J172.073 F8000
G1 Z350.739 F8000
M991
G1 A57.491 F1000
G1 X108.227 Y-28.707 Z350.739 F1000
G1 A57.491 F1000
G1 X88.227 Y-28.707 Z490.739 F1000
G1 A77.707 F1000
G1 X0.914 Y-0.407 Z510.739 F1000
G1 A90 F1000
G1 X0.914 Y-0.407 Z530.739 F1000
G1 A90 F1000
G1 X0.914 Y-0.407 Z550.739 F1000
G1 X274.064 Y-122.021 F8000
M992
G3 X298.55 Y-29.464 I-274.064 J122.021 F8000
G1 Z490.739 F8000
M991
G1 A77.148 F1000
G1 X88.227 Y-8.707 Z490.739 F1000
G1 A77.148 F1000
G1 X0.974 Y-0.225 Z510.739 F1000
G1 A90 F1000
G1 X0.974 Y-0.225 Z530.739 F1000
G1 A90 F1000
G1 X0.974 Y-0.225 Z550.739 F1000
G1 X292.311 Y-67.485 F8000
M992
G3 X297.572 Y38.089 I-292.311 J67.485 F8000
G1 Z490.739 F8000
M991
G1 A77.19 F1000
G1 X88.227 Y11.293 Z490.739 F1000
G1 A77.19 F1000
G1 X0.999 Y-0.035 Z510.739 F1000
G1 A90 F1000
G1 X0.999 Y-0.035 Z530.739 F1000
G1 A90 F1000
G1 X0.999 Y-0.035 Z550.739 F1000
G1 X299.817 Y-10.47 F8000
M992
G3 X282.742 Y100.285 I-299.817 J10.47 F8000
G1 Z490.739 F8000
M991
G1 A77.816 F1000
G1 X88.227 Y31.293 Z490.739 F1000
G1 A77.816 F1000
G1 X0.988 Y0.156 Z510.739 F1000
G1 A90 F1000
G1 X0.988 Y0.156 Z530.739 F1000
G1 A90 F1000
G1 X0.988 Y0.156 Z550.739 F1000
G1 X296.307 Y46.93 F8000
M992
G3 X259.355 Y150.782 I-296.307 J-46.93 F8000
G1 Z490.739 F8000
M991
G1 A78.806 F1000
G1 X88.227 Y51.293 Z490.739 F1000
G1 A78.806 F1000
G1 X0.94 Y0.342 Z510.739 F1000
G1 A90 F1000
G1 X0.94 Y0.342 Z530.739 F1000
G1 A90 F1000
G1 X0.94 Y0.342 Z550.739 F1000
G1 X281.908 Y102.606 F8000
M992
G3 X208.479 Y215.723 I-281.908 J-102.606 F8000
G1 Z290.739 F8000
M991
G1 A78.223 F1000
G1 X88.227 Y91.293 Z290.739 F1000
G1 A78.223 F1000
G1 X88.227 Y91.293 Z310.739 F1000
G1 A71.626 F1000
G1 X88.227 Y91.293 Z330.739 F1000
G1 A64.765 F1000
G1 X88.227 Y91.293 Z350.739 F1000
G1 A57.491 F1000
G1 X88.227 Y91.293 Z370.739 F1000
G1 A49.568 F1000
G1 X88.227 Y91.293 Z390.739 F1000
G1 A40.566 F1000
G1 X88.227 Y91.293 Z410.739 F1000
G1 A29.451 F1000
G1 X88.227 Y91.293 Z430.739 F1000
G1 A10.923 F1000
G1 X88.227 Y91.293 Z450.739 F1000
G1 A0.0 F1000
G1 X88.227 Y91.293 Z470.739 F1000
G1 A0.0 F1000
G1 X88.227 Y91.293 Z490.739 F1000
G1 A80.979 F1000
G1 X0.857 Y0.515 Z510.739 F1000
G1 A90 F1000
G1 X0.857 Y0.515 Z530.739 F1000
G1 A90 F1000
G1 X0.857 Y0.515 Z550.739 F1000
G1 X257.15 Y154.511 F8000
M992
G3 X186.367 Y235.09 I-257.15 J-154.511 F8000
G1 Z290.739 F8000
M991
G1 A78.223 F1000
G1 X88.227 Y111.293 Z290.739 F1000
G1 A78.223 F1000
G1 X88.227 Y111.293 Z310.739 F1000
G1 A71.626 F1000
G1 X88.227 Y111.293 Z330.739 F1000
G1 A64.765 F1000
G1 X88.227 Y111.293 Z350.739 F1000
G1 A57.491 F1000
G1 X88.227 Y111.293 Z370.739 F1000
G1 A49.568 F1000
G1 X88.227 Y111.293 Z390.739 F1000
G1 A40.566 F1000
G1 X88.227 Y111.293 Z410.739 F1000
G1 A29.451 F1000
G1 X88.227 Y111.293 Z430.739 F1000
G1 A10.923 F1000
G1 X88.227 Y111.293 Z450.739 F1000
G1 A0.0 F1000
G1 X88.227 Y111.293 Z470.739 F1000
G1 A0.0 F1000
G1 X88.227 Y111.293 Z490.739 F1000
G1 A81.929 F1000
G1 X0.743 Y0.669 Z510.739 F1000
G1 A90 F1000
G1 X0.743 Y0.669 Z530.739 F1000
G1 A90 F1000
G1 X0.743 Y0.669 Z550.739 F1000
G1 X222.943 Y200.739 F8000
M992
G3 X119.282 Y275.267 I-222.943 J-200.739 F8000
G1 Z290.739 F8000
M991
G1 A78.223 F1000
G1 X48.227 Y111.293 Z290.739 F1000
G1 A78.223 F1000
G1 X48.227 Y111.293 Z310.739 F1000
G1 A71.626 F1000
G1 X48.227 Y111.293 Z330.739 F1000
G1 A64.765 F1000
G1 X48.227 Y111.293 Z350.739 F1000
G1 A57.491 F1000
G1 X48.227 Y111.293 Z370.739 F1000
G1 A49.568 F1000
G1 X48.227 Y111.293 Z390.739 F1000
G1 A40.566 F1000
G1 X48.227 Y111.293 Z410.739 F1000
G1 A29.451 F1000
G1 X48.227 Y111.293 Z430.739 F1000
G1 A10.923 F1000
G1 X48.227 Y111.293 Z450.739 F1000
G1 A0.0 F1000
G1 X48.227 Y111.293 Z470.739 F1000
G1 A0.0 F1000
G1 X48.227 Y111.293 Z490.739 F1000
G1 A77.715 F1000
G1 X-11.773 Y11.293 Z510.739 F1000
G1 A90 F1000
G1 X-11.773 Y11.293 Z530.739 F1000
G1 A90 F1000
G1 X-11.773 Y11.293 Z550.739 F1000
G1 X-216.501 Y207.672 F8000
M992
G3 X73.753 Y290.793 I216.501 J-207.672 F8000
G1 Z290.739 F8000
M991
G1 A78.223 F1000
G1 X28.227 Y111.293 Z290.739 F1000
G1 A78.223 F1000
G1 X28.227 Y111.293 Z310.739 F1000
G1 A71.626 F1000
G1 X28.227 Y111.293 Z330.739 F1000
G1 A64.765 F1000
G1 X28.227 Y111.293 Z350.739 F1000
G1 A57.491 F1000
G1 X28.227 Y131.293 Z370.739 F1000
G1 A49.568 F1000
G1 X28.227 Y131.293 Z390.739 F1000
G1 A40.566 F1000
G1 X28.227 Y131.293 Z410.739 F1000
G1 A29.451 F1000
G1 X28.227 Y131.293 Z430.739 F1000
G1 A43.734 F1000
G1 X28.227 Y111.293 Z450.739 F1000
G1 A0.0 F1000
G1 X28.227 Y111.293 Z470.739 F1000
G1 A0.0 F1000
G1 X28.227 Y111.293 Z490.739 F1000
G1 A77.065 F1000
G1 X-11.773 Y11.293 Z510.739 F1000
G1 A90 F1000
G1 X-11.773 Y11.293 Z530.739 F1000
G1 A90 F1000
G1 X-11.773 Y11.293 Z550.739 F1000
G1 X-216.501 Y207.672 F8000
M992
G3 X22.116 Y299.184 I216.501 J-207.672 F8000
G1 Z290.739 F8000
M991
G1 A78.223 F1000
G1 X8.227 Y111.293 Z290.739 F1000
G1 A78.223 F1000
G1 X8.227 Y111.293 Z310.739 F1000
G1 A71.626 F1000
G1 X8.227 Y111.293 Z330.739 F1000
G1 A64.765 F1000
G1 X8.227 Y111.293 Z350.739 F1000
G1 A57.491 F1000
G1 X8.227 Y111.293 Z370.739 F1000
G1 A49.568 F1000
G1 X8.227 Y111.293 Z390.739 F1000
G1 A40.566 F1000
G1 X8.227 Y111.293 Z410.739 F1000
G1 A29.451 F1000
G1 X8.227 Y111.293 Z430.739 F1000
G1 A10.923 F1000
G1 X8.227 Y111.293 Z450.739 F1000
G1 A0.0 F1000
G1 X8.227 Y111.293 Z470.739 F1000
G1 A0.0 F1000
G1 X8.227 Y111.293 Z490.739 F1000
G1 A76.861 F1000
G1 X-11.773 Y11.293 Z510.739 F1000
G1 A90 F1000
G1 X-11.773 Y11.293 Z530.739 F1000
G1 A90 F1000
G1 X-11.773 Y11.293 Z550.739 F1000
G1 X-216.501 Y207.672 F8000
M992
G3 X-31.559 Y298.335 I216.501 J-207.672 F8000
G1 Z290.739 F8000
M991
G1 A78.223 F1000
G1 X-11.773 Y111.293 Z290.739 F1000
G1 A78.223 F1000
G1 X-11.773 Y111.293 Z310.739 F1000
G1 A71.626 F1000
G1 X-11.773 Y111.293 Z330.739 F1000
G1 A64.765 F1000
G1 X-11.773 Y111.293 Z350.739 F1000
G1 A57.491 F1000
G1 X-11.773 Y111.293 Z370.739 F1000
G1 A49.568 F1000
G1 X-11.773 Y111.293 Z390.739 F1000
G1 A40.566 F1000
G1 X-11.773 Y111.293 Z410.739 F1000
G1 A29.451 F1000
G1 X-11.773 Y111.293 Z430.739 F1000
G1 A10.923 F1000
G1 X-11.773 Y111.293 Z450.739 F1000
G1 A0.0 F1000
G1 X-11.773 Y111.293 Z470.739 F1000
G1 A0.0 F1000
G1 X-11.773 Y111.293 Z490.739 F1000
G1 A77.198 F1000
G1 X-11.773 Y11.293 Z510.739 F1000
G1 A90 F1000
G1 X-11.773 Y11.293 Z530.739 F1000
G1 A90 F1000
G1 X-11.773 Y11.293 Z550.739 F1000
G1 X-216.501 Y207.672 F8000
M992
G3 X-61.658 Y293.595 I216.501 J-207.672 F8000
G1 Z290.739 F8000
M991
G1 A78.223 F1000
G1 X-31.773 Y151.293 Z290.739 F1000
G1 A78.223 F1000
G1 X-31.773 Y151.293 Z310.739 F1000
G1 A71.626 F1000
G1 X-31.773 Y151.293 Z330.739 F1000
G1 A64.765 F1000
G1 X-31.773 Y151.293 Z350.739 F1000
G1 A57.491 F1000
G1 X-31.773 Y151.293 Z370.739 F1000
G1 A49.568 F1000
G1 X-31.773 Y151.293 Z390.739 F1000
G1 A40.566 F1000
G1 X-31.773 Y151.293 Z410.739 F1000
G1 A29.451 F1000
G1 X-31.773 Y151.293 Z430.739 F1000
G1 A10.923 F1000
G1 X-31.773 Y151.293 Z450.739 F1000
G1 A61.084 F1000
G1 X-31.773 Y111.293 Z470.739 F1000
G1 A0.0 F1000
G1 X-31.773 Y111.293 Z490.739 F1000
G1 A77.991 F1000
G1 X-11.773 Y11.293 Z510.739 F1000
G1 A90 F1000
G1 X-11.773 Y11.293 Z530.739 F1000
G1 A90 F1000
G1 X-11.773 Y11.293 Z550.739 F1000
G1 X-216.501 Y207.672 F8000
M992
G3 X-126.537 Y272.008 I216.501 J-207.672 F8000
G1 Z290.739 F8000
M991
G1 A78.223 F1000
G1 X-51.773 Y111.293 Z290.739 F1000
G1 A78.223 F1000
G1 X-51.773 Y111.293 Z310.739 F1000
G1 A71.626 F1000
G1 X-51.773 Y111.293 Z330.739 F1000
G1 A64.765 F1000
G1 X-51.773 Y111.293 Z350.739 F1000
G1 A57.491 F1000
G1 X-51.773 Y111.293 Z370.739 F1000
G1 A49.568 F1000
G1 X-51.773 Y111.293 Z390.739 F1000
G1 A40.566 F1000
G1 X-51.773 Y111.293 Z410.739 F1000
G1 A29.451 F1000
G1 X-51.773 Y111.293 Z430.739 F1000
G1 A10.923 F1000
G1 X-51.773 Y111.293 Z450.739 F1000
G1 A0.0 F1000
G1 X-51.773 Y111.293 Z470.739 F1000
G1 A0.0 F1000
G1 X-51.773 Y111.293 Z490.739 F1000
G1 A79.025 F1000
G1 X-11.773 Y11.293 Z510.739 F1000
G1 A90 F1000
G1 X-11.773 Y11.293 Z530.739 F1000
G1 A90 F1000
G1 X-11.773 Y11.293 Z550.739 F1000
G1 X-216.501 Y207.672 F8000
M992
G3 X-162.592 Y252.119 I216.501 J-207.672 F8000
G1 Z290.739 F8000
M991
G1 A78.223 F1000
G1 X-71.773 Y111.293 Z290.739 F1000
G1 A78.223 F1000
G1 X-71.773 Y111.293 Z310.739 F1000
G1 A71.626 F1000
G1 X-71.773 Y111.293 Z330.739 F1000
G1 A64.765 F1000
G1 X-71.773 Y111.293 Z350.739 F1000
G1 A57.491 F1000
G1 X-71.773 Y111.293 Z370.739 F1000
G1 A49.568 F1000
G1 X-71.773 Y111.293 Z390.739 F1000
G1 A40.566 F1000
G1 X-71.773 Y111.293 Z410.739 F1000
G1 A29.451 F1000
G1 X-71.773 Y111.293 Z430.739 F1000
G1 A10.923 F1000
G1 X-71.773 Y111.293 Z450.739 F1000
G1 A0.0 F1000
G1 X-71.773 Y111.293 Z470.739 F1000
G1 A0.0 F1000
G1 X-71.773 Y111.293 Z490.739 F1000
G1 A80.095 F1000
G1 X-11.773 Y11.293 Z510.739 F1000
G1 A90 F1000
G1 X-11.773 Y11.293 Z530.739 F1000
G1 A90 F1000
G1 X-11.773 Y11.293 Z550.739 F1000
G1 X-216.501 Y207.672 F8000
M992
G3 X-212.588 Y211.675 I216.501 J-207.672 F8000
G1 Z290.739 F8000
M991
G1 A78.223 F1000
G1 X-111.773 Y111.293 Z290.739 F1000
G1 A78.223 F1000
G1 X-111.773 Y111.293 Z310.739 F1000
G1 A71.626 F1000
G1 X-111.773 Y111.293 Z330.739 F1000
G1 A64.765 F1000
G1 X-111.773 Y111.293 Z350.739 F1000
G1 A57.491 F1000
G1 X-111.773 Y111.293 Z370.739 F1000
G1 A49.568 F1000
G1 X-111.773 Y111.293 Z390.739 F1000
G1 A40.566 F1000
G1 X-111.773 Y111.293 Z410.739 F1000
G1 A29.451 F1000
G1 X-111.773 Y111.293 Z430.739 F1000
G1 A10.923 F1000
G1 X-111.773 Y111.293 Z450.739 F1000
G1 A0.0 F1000
G1 X-111.773 Y111.293 Z470.739 F1000
G1 A0.0 F1000
G1 X-111.773 Y111.293 Z490.739 F1000
G1 A81.95 F1000
G1 X-11.773 Y11.293 Z510.739 F1000
G1 A90 F1000
G1 X-11.773 Y11.293 Z530.739 F1000
G1 A90 F1000
G1 X-11.773 Y11.293 Z550.739 F1000
G1 X-216.501 Y207.672 F8000
M992
G3 X-212.588 Y211.675 I216.501 J-207.672 F8000
G1 Z290.739 F8000
M991
G1 A78.223 F1000
G1 X-111.773 Y111.293 Z290.739 F1000
G1 A78.223 F1000
G1 X-111.773 Y111.293 Z310.739 F1000
G1 A71.626 F1000
G1 X-111.773 Y111.293 Z330.739 F1000
G1 A64.765 F1000
G1 X-111.773 Y111.293 Z350.739 F1000
G1 A57.491 F1000
G1 X-111.773 Y111.293 Z370.739 F1000
G1 A49.568 F1000
G1 X-111.773 Y111.293 Z390.739 F1000
G1 A40.566 F1000
G1 X-111.773 Y111.293 Z410.739 F1000
G1 A29.451 F1000
G1 X-111.773 Y111.293 Z430.739 F1000
G1 A10.923 F1000
G1 X-111.773 Y111.293 Z450.739 F1000
G1 A0.0 F1000
G1 X-111.773 Y111.293 Z470.739 F1000
G1 A0.0 F1000
G1 X-111.773 Y111.293 Z490.739 F1000
G1 A81.95 F1000
G1 X-11.773 Y11.293 Z510.739 F1000
G1 A90 F1000
G1 X-11.773 Y11.293 Z530.739 F1000
G1 A90 F1000
G1 X-11.773 Y11.293 Z550.739 F1000
G1 X-216.501 Y207.672 F8000
M992
G3 X-252.93 Y161.328 I216.501 J-207.672 F8000
G1 Z290.739 F8000
M991
G1 A78.223 F1000
G1 X-111.773 Y71.293 Z290.739 F1000
G1 A78.223 F1000
G1 X-111.773 Y71.293 Z310.739 F1000
G1 A71.626 F1000
G1 X-111.773 Y71.293 Z330.739 F1000
G1 A64.765 F1000
G1 X-111.773 Y71.293 Z350.739 F1000
G1 A57.491 F1000
G1 X-111.773 Y71.293 Z370.739 F1000
G1 A49.568 F1000
G1 X-111.773 Y71.293 Z390.739 F1000
G1 A40.566 F1000
G1 X-111.773 Y71.293 Z410.739 F1000
G1 A29.451 F1000
G1 X-111.773 Y71.293 Z430.739 F1000
G1 A10.923 F1000
G1 X-111.773 Y71.293 Z450.739 F1000
G1 A0.0 F1000
G1 X-111.773 Y71.293 Z470.739 F1000
G1 A0.0 F1000
G1 X-111.773 Y71.293 Z490.739 F1000
G1 A80.144 F1000
G1 X-11.773 Y11.293 Z510.739 F1000
G1 A90 F1000
G1 X-11.773 Y11.293 Z530.739 F1000
G1 A90 F1000
G1 X-11.773 Y11.293 Z550.739 F1000
G1 X-216.501 Y207.672 F8000
M992
G3 X-272.661 Y125.125 I216.501 J-207.672 F8000
G1 Z290.739 F8000
M991
G1 A78.223 F1000
G1 X-111.773 Y51.293 Z290.739 F1000
G1 A78.223 F1000
G1 X-111.773 Y51.293 Z310.739 F1000
G1 A71.626 F1000
G1 X-111.773 Y51.293 Z330.739 F1000
G1 A64.765 F1000
G1 X-111.773 Y51.293 Z350.739 F1000
G1 A57.491 F1000
G1 X-111.773 Y51.293 Z370.739 F1000
G1 A49.568 F1000
G1 X-111.773 Y51.293 Z390.739 F1000
G1 A40.566 F1000
G1 X-111.773 Y51.293 Z410.739 F1000
G1 A29.451 F1000
G1 X-111.773 Y51.293 Z430.739 F1000
G1 A10.923 F1000
G1 X-111.773 Y51.293 Z450.739 F1000
G1 A0.0 F1000
G1 X-111.773 Y51.293 Z470.739 F1000
G1 A0.0 F1000
G1 X-111.773 Y51.293 Z490.739 F1000
G1 A79.105 F1000
G1 X-11.773 Y11.293 Z510.739 F1000
G1 A90 F1000
G1 X-11.773 Y11.293 Z530.739 F1000
G1 A90 F1000
G1 X-11.773 Y11.293 Z550.739 F1000
G1 X-216.501 Y207.672 F8000
M992
G3 X-288.892 Y80.88 I216.501 J-207.672 F8000
G1 Z290.739 F8000
M991
G1 A78.223 F1000
G1 X-111.773 Y31.293 Z290.739 F1000
G1 A78.223 F1000
G1 X-111.773 Y31.293 Z310.739 F1000
G1 A71.626 F1000
G1 X-151.773 Y31.293 Z330.739 F1000
G1 A64.765 F1000
G1 X-151.773 Y31.293 Z350.739 F1000
G1 A57.491 F1000
G1 X-151.773 Y31.293 Z370.739 F1000
G1 A49.568 F1000
G1 X-151.773 Y31.293 Z390.739 F1000
G1 A40.566 F1000
G1 X-151.773 Y31.293 Z410.739 F1000
G1 A29.451 F1000
G1 X-151.773 Y31.293 Z430.739 F1000
G1 A10.923 F1000
G1 X-151.773 Y31.293 Z450.739 F1000
G1 A0.0 F1000
G1 X-151.773 Y31.293 Z470.739 F1000
G1 A61.164 F1000
G1 X-111.773 Y31.293 Z490.739 F1000
G1 A78.099 F1000
G1 X-11.773 Y11.293 Z510.739 F1000
G1 A90 F1000
G1 X-11.773 Y11.293 Z530.739 F1000
G1 A90 F1000
G1 X-11.773 Y11.293 Z550.739 F1000
G1 X-216.501 Y207.672 F8000
M992
G3 X-298.48 Y30.157 I216.501 J-207.672 F8000
G1 Z290.739 F8000
M991
G1 A78.223 F1000
G1 X-111.773 Y11.293 Z290.739 F1000
G1 A78.223 F1000
G1 X-111.773 Y11.293 Z310.739 F1000
G1 A71.626 F1000
G1 X-111.773 Y11.293 Z330.739 F1000
G1 A64.765 F1000
G1 X-111.773 Y11.293 Z350.739 F1000
G1 A57.491 F1000
G1 X-111.773 Y11.293 Z370.739 F1000
G1 A49.568 F1000
G1 X-111.773 Y11.293 Z390.739 F1000
G1 A40.566 F1000
G1 X-111.773 Y11.293 Z410.739 F1000
G1 A29.451 F1000
G1 X-111.773 Y11.293 Z430.739 F1000
G1 A10.923 F1000
G1 X-111.773 Y11.293 Z450.739 F1000
G1 A0.0 F1000
G1 X-111.773 Y11.293 Z470.739 F1000
G1 A0.0 F1000
G1 X-111.773 Y11.293 Z490.739 F1000
G1 A77.321 F1000
G1 X-11.773 Y11.293 Z510.739 F1000
G1 A90 F1000
G1 X-11.773 Y11.293 Z530.739 F1000
G1 A90 F1000
G1 X-11.773 Y11.293 Z550.739 F1000
G1 X-216.501 Y207.672 F8000
M992
G3 X-299.094 Y-23.299 I216.501 J-207.672 F8000
G1 Z290.739 F8000
M991
G1 A78.223 F1000
G1 X-111.773 Y-8.707 Z290.739 F1000
G1 A78.223 F1000
G1 X-111.773 Y-8.707 Z310.739 F1000
G1 A71.626 F1000
G1 X-111.773 Y-8.707 Z330.739 F1000
G1 A64.765 F1000
G1 X-111.773 Y-8.707 Z350.739 F1000
G1 A57.491 F1000
G1 X-111.773 Y-8.707 Z370.739 F1000
G1 A49.568 F1000
G1 X-111.773 Y-8.707 Z390.739 F1000
G1 A40.566 F1000
G1 X-111.773 Y-8.707 Z410.739 F1000
G1 A29.451 F1000
G1 X-111.773 Y-8.707 Z430.739 F1000
G1 A10.923 F1000
G1 X-111.773 Y-8.707 Z450.739 F1000
G1 A0.0 F1000
G1 X-111.773 Y-8.707 Z470.739 F1000
G1 A0.0 F1000
G1 X-111.773 Y-8.707 Z490.739 F1000
G1 A76.98 F1000
G1 X-11.773 Y11.293 Z510.739 F1000
G1 A90 F1000
G1 X-11.773 Y11.293 Z530.739 F1000
G1 A90 F1000
G1 X-11.773 Y11.293 Z550.739 F1000
G1 X-216.501 Y207.672 F8000
M992
G3 X-290.57 Y-74.628 I216.501 J-207.672 F8000
G1 Z290.739 F8000
M991
G1 A78.223 F1000
G1 X-111.773 Y-28.707 Z290.739 F1000
G1 A78.223 F1000
G1 X-111.773 Y-28.707 Z310.739 F1000
G1 A71.626 F1000
G1 X-111.773 Y-28.707 Z330.739 F1000
G1 A64.765 F1000
G1 X-131.773 Y-48.707 Z350.739 F1000
G1 A57.491 F1000
G1 X-131.773 Y-48.707 Z370.739 F1000
G1 A49.568 F1000
G1 X-131.773 Y-48.707 Z390.739 F1000
G1 A40.566 F1000
G1 X-131.773 Y-48.707 Z410.739 F1000
G1 A47.877 F1000
G1 X-111.773 Y-28.707 Z430.739 F1000
G1 A10.923 F1000
G1 X-111.773 Y-28.707 Z450.739 F1000
G1 A0.0 F1000
G1 X-111.773 Y-28.707 Z470.739 F1000
G1 A0.0 F1000
G1 X-111.773 Y-28.707 Z490.739 F1000
G1 A77.164 F1000
G1 X-11.773 Y11.293 Z510.739 F1000
G1 A90 F1000
G1 X-11.773 Y11.293 Z530.739 F1000
G1 A90 F1000
G1 X-11.773 Y11.293 Z550.739 F1000
G1 X-216.501 Y207.672 F8000
M992
G3 X-275.022 Y-119.846 I216.501 J-207.672 F8000
G1 Z290.739 F8000
M991
G1 A78.223 F1000
G1 X-111.773 Y-48.707 Z290.739 F1000
G1 A78.223 F1000
G1 X-111.773 Y-48.707 Z310.739 F1000
G1 A71.626 F1000
G1 X-111.773 Y-48.707 Z330.739 F1000
G1 A64.765 F1000
G1 X-111.773 Y-48.707 Z350.739 F1000
G1 A57.491 F1000
G1 X-111.773 Y-48.707 Z370.739 F1000
G1 A49.568 F1000
G1 X-111.773 Y-48.707 Z390.739 F1000
G1 A40.566 F1000
G1 X-111.773 Y-48.707 Z410.739 F1000
G1 A29.451 F1000
G1 X-111.773 Y-48.707 Z430.739 F1000
G1 A10.923 F1000
G1 X-111.773 Y-48.707 Z450.739 F1000
G1 A0.0 F1000
G1 X-111.773 Y-48.707 Z470.739 F1000
G1 A0.0 F1000
G1 X-111.773 Y-48.707 Z490.739 F1000
G1 A77.786 F1000
G1 X-11.773 Y11.293 Z510.739 F1000
G1 A90 F1000
G1 X-11.773 Y11.293 Z530.739 F1000
G1 A90 F1000
G1 X-11.773 Y11.293 Z550.739 F1000
G1 X-216.501 Y207.672 F8000
M992
G3 X-234.988 Y-186.495 I216.501 J-207.672 F8000
G1 Z290.739 F8000
M991
G1 A78.223 F1000
G1 X-111.773 Y-88.707 Z290.739 F1000
G1 A78.223 F1000
G1 X-111.773 Y-88.707 Z310.739 F1000
G1 A71.626 F1000
G1 X-111.773 Y-88.707 Z330.739 F1000
G1 A64.765 F1000
G1 X-111.773 Y-88.707 Z350.739 F1000
G1 A57.491 F1000
G1 X-111.773 Y-88.707 Z370.739 F1000
G1 A49.568 F1000
G1 X-111.773 Y-88.707 Z390.739 F1000
G1 A40.566 F1000
G1 X-111.773 Y-88.707 Z410.739 F1000
G1 A29.451 F1000
G1 X-111.773 Y-88.707 Z430.739 F1000
G1 A10.923 F1000
G1 X-111.773 Y-88.707 Z450.739 F1000
G1 A0.0 F1000
G1 X-111.773 Y-88.707 Z470.739 F1000
G1 A0.0 F1000
G1 X-111.773 Y-88.707 Z490.739 F1000
G1 A81.967 F1000
G1 X-0.656 Y-0.755 Z510.739 F1000
G1 A90 F1000
G1 X-0.656 Y-0.755 Z530.739 F1000
G1 A90 F1000
G1 X-0.656 Y-0.755 Z550.739 F1000
G1 X-196.818 Y-226.413 F8000
M992
G3 X-188.7 Y-233.222 I196.818 J226.413 F8000
G1 Z290.739 F8000
M991
G1 A78.223 F1000
G1 X-71.773 Y-88.707 Z290.739 F1000
G1 A78.223 F1000
G1 X-71.773 Y-88.707 Z310.739 F1000
G1 A71.626 F1000
G1 X-71.773 Y-88.707 Z330.739 F1000
G1 A64.765 F1000
G1 X-71.773 Y-88.707 Z350.739 F1000
G1 A57.491 F1000
G1 X-71.773 Y-88.707 Z370.739 F1000
G1 A49.568 F1000
G1 X-71.773 Y-88.707 Z390.739 F1000
G1 A40.566 F1000
G1 X-71.773 Y-88.707 Z410.739 F1000
G1 A29.451 F1000
G1 X-71.773 Y-88.707 Z430.739 F1000
G1 A10.923 F1000
G1 X-71.773 Y-88.707 Z450.739 F1000
G1 A0.0 F1000
G1 X-71.773 Y-88.707 Z470.739 F1000
G1 A0.0 F1000
G1 X-71.773 Y-88.707 Z490.739 F1000
G1 A79.973 F1000
G1 X-0.5 Y-0.866 Z510.739 F1000
G1 A90 F1000
G1 X-0.5 Y-0.866 Z530.739 F1000
G1 A90 F1000
G1 X-0.5 Y-0.866 Z550.739 F1000
G1 X-150.0 Y-259.808 F8000
M992
G3 X-151.221 Y-259.099 I150.0 J259.808 F8000
G1 Z490.739 F8000
M991
G1 A78.877 F1000
G1 X-51.773 Y-88.707 Z490.739 F1000
G1 A78.877 F1000
G1 X-0.326 Y-0.946 Z510.739 F1000
G1 A90 F1000
G1 X-0.326 Y-0.946 Z530.739 F1000
G1 A90 F1000
G1 X-0.326 Y-0.946 Z550.739 F1000
G1 X-97.67 Y-283.656 F8000
M992
G3 X-84.163 Y-287.952 I97.67 J283.656 F8000
G1 Z330.739 F8000
M991
G1 A64.765 F1000
G1 X-31.773 Y-108.707 Z330.739 F1000
G1 A64.765 F1000
G1 X-31.773 Y-108.707 Z350.739 F1000
G1 A57.491 F1000
G1 X-31.773 Y-108.707 Z370.739 F1000
G1 A49.568 F1000
G1 X-31.773 Y-108.707 Z390.739 F1000
G1 A40.566 F1000
G1 X-31.773 Y-88.707 Z490.739 F1000
G1 A77.894 F1000
G1 X-0.139 Y-0.99 Z510.739 F1000
G1 A90 F1000
G1 X-0.139 Y-0.99 Z530.739 F1000
G1 A90 F1000
G1 X-0.139 Y-0.99 Z550.739 F1000
G1 X-41.752 Y-297.08 F8000
M992
G3 X-39.469 Y-297.392 I41.752 J297.08 F8000
G1 Z490.739 F8000
M991
G1 A77.265 F1000
G1 X-11.773 Y-88.707 Z490.739 F1000
G1 A77.265 F1000
G1 X0.0 Y-1.0 Z510.739 F1000
G1 A90 F1000
G1 X0.0 Y-1.0 Z530.739 F1000
G1 A90 F1000
G1 X0.0 Y-1.0 Z550.739 F1000
G1 X0.0 Y-300.0 F8000
M992
G3 X-39.469 Y-297.392 I-0.0 J300.0 F8000
G1 Z490.739 F8000
M991
G1 A77.269 F1000
G1 X-11.773 Y-88.707 Z490.739 F1000
G1 A77.269 F1000
G1 X0.191 Y-0.982 Z510.739 F1000
G1 A90 F1000
G1 X0.191 Y-0.982 Z530.739 F1000
G1 A90 F1000
G1 X0.191 Y-0.982 Z550.739 F1000
G1 X57.243 Y-294.488 F8000
M992
G3 X90.967 Y-285.876 I-57.243 J294.488 F8000
G1 Z490.739 F8000
M991
G1 A77.747 F1000
G1 X28.227 Y-88.707 Z490.739 F1000
G1 A77.747 F1000
G1 X0.375 Y-0.927 Z510.739 F1000
G1 A90 F1000
G1 X0.375 Y-0.927 Z530.739 F1000
G1 A90 F1000
G1 X0.375 Y-0.927 Z550.739 F1000
G1 X112.382 Y-278.155 F8000
M992
G3 X143.292 Y-263.567 I-112.382 J278.155 F8000
G1 Z490.739 F8000
M991
G1 A78.687 F1000
G1 X48.227 Y-88.707 Z490.739 F1000
G1 A78.687 F1000
G1 X0.545 Y-0.839 Z510.739 F1000
G1 A90 F1000
G1 X0.545 Y-0.839 Z530.739 F1000
G1 A90 F1000
G1 X0.545 Y-0.839 Z550.739 F1000
G1 X163.392 Y-251.601 F8000
M992
G3 X182.898 Y-237.799 I-163.392 J251.601 F8000
G1 Z290.739 F8000
M991
G1 A78.223 F1000
G1 X68.227 Y-88.707 Z290.739 F1000
G1 A78.223 F1000
G1 X68.227 Y-88.707 Z310.739 F1000
G1 A71.626 F1000
G1 X68.227 Y-88.707 Z330.739 F1000
G1 A64.765 F1000
G1 X68.227 Y-88.707 Z350.739 F1000
G1 A57.491 F1000
G1 X68.227 Y-88.707 Z370.739 F1000
G1 A49.568 F1000
G1 X68.227 Y-88.707 Z390.739 F1000
G1 A40.566 F1000
G1 X68.227 Y-88.707 Z410.739 F1000
G1 A29.451 F1000
G1 X68.227 Y-88.707 Z430.739 F1000
G1 A10.923 F1000
G1 X68.227 Y-88.707 Z450.739 F1000
G1 A0.0 F1000
G1 X68.227 Y-88.707 Z470.739 F1000
G1 A0.0 F1000
G1 X68.227 Y-88.707 Z490.739 F1000
G1 A79.778 F1000
G1 X0.695 Y-0.719 Z510.739 F1000
G1 A90 F1000
G1 X0.695 Y-0.719 Z530.739 F1000
G1 A90 F1000
G1 X0.695 Y-0.719 Z550.739 F1000
G1 X208.398 Y-215.802 F8000
M992
G3 X262.635 Y-144.992 I-208.398 J215.802 F8000
G1 Z490.739 F8000
M991
G1 A78.666 F1000
G1 X88.227 Y-48.707 Z490.739 F1000
G1 A78.666 F1000
G1 X0.819 Y-0.574 Z510.739 F1000
G1 A90 F1000
G1 X0.819 Y-0.574 Z530.739 F1000
G1 A90 F1000
G1 X0.819 Y-0.574 Z550.739 F1000
G1 X245.746 Y-172.073 F8000
M992
G3 X285.279 Y-92.823 I-245.746 J172.073 F8000
G1 Z490.739 F8000
M991
G1 A77.707 F1000
G1 X88.227 Y-28.707 Z490.739 F1000
G1 A77.707 F1000
G1 X0.914 Y-0.407 Z510.739 F1000
G1 A90 F1000
G1 X0.914 Y-0.407 Z530.739 F1000
G1 A90 F1000
G1 X0.914 Y-0.407 Z550.739 F1000
G1 X274.064 Y-122.021 F8000
M992
G3 X298.55 Y-29.464 I-274.064 J122.021 F8000
G1 Z490.739 F8000
M991
G1 A77.148 F1000
G1 X88.227 Y-8.707 Z490.739 F1000
G1 A77.148 F1000
G1 X0.974 Y-0.225 Z510.739 F1000
G1 A90 F1000
G1 X0.974 Y-0.225 Z530.739 F1000
G1 A90 F1000
G1 X0.974 Y-0.225 Z550.739 F1000
G1 X292.311 Y-67.485 F8000
M992
G3 X297.572 Y38.089 I-292.311 J67.485 F8000
G1 Z490.739 F8000
M991
G1 A77.19 F1000
G1 X88.227 Y11.293 Z490.739 F1000
G1 A77.19 F1000
G1 X0.999 Y-0.035 Z510.739 F1000
G1 A90 F1000
G1 X0.999 Y-0.035 Z530.739 F1000
G1 A90 F1000
G1 X0.999 Y-0.035 Z550.739 F1000
G1 X299.817 Y-10.47 F8000
M992
G3 X282.742 Y100.285 I-299.817 J10.47 F8000
G1 Z490.739 F8000
M991
G1 A77.816 F1000
G1 X88.227 Y31.293 Z490.739 F1000
G1 A77.816 F1000
G1 X0.988 Y0.156 Z510.739 F1000
G1 A90 F1000
G1 X0.988 Y0.156 Z530.739 F1000
G1 A90 F1000
G1 X0.988 Y0.156 Z550.739 F1000
G1 X296.307 Y46.93 F8000
M992
G3 X259.355 Y150.782 I-296.307 J-46.93 F8000
G1 Z490.739 F8000
M991
G1 A78.806 F1000
G1 X88.227 Y51.293 Z490.739 F1000
G1 A78.806 F1000
G1 X0.94 Y0.342 Z510.739 F1000
G1 A90 F1000
G1 X0.94 Y0.342 Z530.739 F1000
G1 A90 F1000
G1 X0.94 Y0.342 Z550.739 F1000
G1 X281.908 Y102.606 F8000
M992
G3 X208.479 Y215.723 I-281.908 J-102.606 F8000
G1 Z290.739 F8000
M991
G1 A78.223 F1000
G1 X88.227 Y91.293 Z290.739 F1000
G1 A78.223 F1000
G1 X88.227 Y91.293 Z310.739 F1000
G1 A71.626 F1000
G1 X88.227 Y91.293 Z330.739 F1000
G1 A64.765 F1000
G1 X88.227 Y91.293 Z350.739 F1000
G1 A57.491 F1000
G1 X88.227 Y91.293 Z370.739 F1000
G1 A49.568 F1000
G1 X88.227 Y91.293 Z390.739 F1000
G1 A40.566 F1000
G1 X88.227 Y91.293 Z410.739 F1000
G1 A29.451 F1000
G1 X88.227 Y91.293 Z430.739 F1000
G1 A10.923 F1000
G1 X88.227 Y91.293 Z450.739 F1000
G1 A0.0 F1000
G1 X88.227 Y91.293 Z470.739 F1000
G1 A0.0 F1000
G1 X88.227 Y91.293 Z490.739 F1000
G1 A80.979 F1000
G1 X0.857 Y0.515 Z510.739 F1000
G1 A90 F1000
G1 X0.857 Y0.515 Z530.739 F1000
G1 A90 F1000
G1 X0.857 Y0.515 Z550.739 F1000
G1 X257.15 Y154.511 F8000
M992
G3 X186.367 Y235.09 I-257.15 J-154.511 F8000
G1 Z290.739 F8000
M991
G1 A78.223 F1000
G1 X88.227 Y111.293 Z290.739 F1000
G1 A78.223 F1000
G1 X88.227 Y111.293 Z310.739 F1000
G1 A71.626 F1000
G1 X88.227 Y111.293 Z330.739 F1000
G1 A64.765 F1000
G1 X88.227 Y111.293 Z350.739 F1000
G1 A57.491 F1000
G1 X88.227 Y111.293 Z370.739 F1000
G1 A49.568 F1000
G1 X88.227 Y111.293 Z390.739 F1000
G1 A40.566 F1000
G1 X88.227 Y111.293 Z410.739 F1000
G1 A29.451 F1000
G1 X88.227 Y111.293 Z430.739 F1000
G1 A10.923 F1000
G1 X88.227 Y111.293 Z450.739 F1000
G1 A0.0 F1000
G1 X88.227 Y111.293 Z470.739 F1000
G1 A0.0 F1000
G1 X88.227 Y111.293 Z490.739 F1000
G1 A81.929 F1000
G1 X0.743 Y0.669 Z510.739 F1000
G1 A90 F1000
G1 X0.743 Y0.669 Z530.739 F1000
G1 A90 F1000
G1 X0.743 Y0.669 Z550.739 F1000
G1 X222.943 Y200.739 F8000
M992
G3 X119.282 Y275.267 I-222.943 J-200.739 F8000
G1 Z290.739 F8000
M991
G1 A78.223 F1000
G1 X48.227 Y111.293 Z290.739 F1000
G1 A78.223 F1000
G1 X48.227 Y111.293 Z310.739 F1000
G1 A71.626 F1000
G1 X48.227 Y111.293 Z330.739 F1000
G1 A64.765 F1000
G1 X48.227 Y111.293 Z350.739 F1000
G1 A57.491 F1000
G1 X48.227 Y111.293 Z370.739 F1000
G1 A49.568 F1000
G1 X48.227 Y111.293 Z390.739 F1000
G1 A40.566 F1000
G1 X48.227 Y111.293 Z410.739 F1000
G1 A29.451 F1000
G1 X48.227 Y111.293 Z430.739 F1000
G1 A10.923 F1000
G1 X48.227 Y111.293 Z450.739 F1000
G1 A0.0 F1000
G1 X48.227 Y111.293 Z470.739 F1000
G1 A0.0 F1000
G1 X48.227 Y111.293 Z490.739 F1000
G1 A77.715 F1000
G1 X-11.773 Y11.293 Z510.739 F1000
G1 A90 F1000
G1 X-11.773 Y11.293 Z530.739 F1000
G1 A90 F1000
G1 X-11.773 Y11.293 Z550.739 F1000
G1 X-216.501 Y207.672 F8000
M992
G3 X73.753 Y290.793 I216.501 J-207.672 F8000
G1 Z290.739 F8000
M991
G1 A78.223 F1000
G1 X28.227 Y111.293 Z290.739 F1000
G1 A78.223 F1000
G1 X28.227 Y111.293 Z310.739 F1000
G1 A71.626 F1000
G1 X28.227 Y111.293 Z330.739 F1000
G1 A64.765 F1000
G1 X28.227 Y111.293 Z350.739 F1000
G1 A57.491 F1000
G1 X28.227 Y111.293 Z370.739 F1000
G1 A49.568 F1000
G1 X28.227 Y111.293 Z390.739 F1000
G1 A40.566 F1000
G1 X28.227 Y111.293 Z410.739 F1000
G1 A29.451 F1000
G1 X28.227 Y111.293 Z430.739 F1000
G1 A10.923 F1000
G1 X28.227 Y111.293 Z450.739 F1000
G1 A0.0 F1000
G1 X28.227 Y111.293 Z470.739 F1000
G1 A0.0 F1000
G1 X28.227 Y111.293 Z490.739 F1000
G1 A77.065 F1000
G1 X-11.773 Y11.293 Z510.739 F1000
G1 A90 F1000
G1 X-11.773 Y11.293 Z530.739 F1000
G1 A90 F1000
G1 X-11.773 Y11.293 Z550.739 F1000
G1 X-216.501 Y207.672 F8000
M992
G3 X22.116 Y299.184 I216.501 J-207.672 F8000
G1 Z290.739 F8000
M991
G1 A78.223 F1000
G1 X8.227 Y111.293 Z290.739 F1000
G1 A78.223 F1000
G1 X8.227 Y111.293 Z310.739 F1000
G1 A71.626 F1000
G1 X8.227 Y111.293 Z330.739 F1000
G1 A64.765 F1000
G1 X8.227 Y111.293 Z350.739 F1000
G1 A57.491 F1000
G1 X8.227 Y111.293 Z370.739 F1000
G1 A49.568 F1000
G1 X8.227 Y111.293 Z390.739 F1000
G1 A40.566 F1000
G1 X8.227 Y111.293 Z410.739 F1000
G1 A29.451 F1000
G1 X8.227 Y111.293 Z430.739 F1000
G1 A10.923 F1000
G1 X8.227 Y111.293 Z450.739 F1000
G1 A0.0 F1000
G1 X8.227 Y111.293 Z470.739 F1000
G1 A0.0 F1000
G1 X8.227 Y111.293 Z490.739 F1000
G1 A76.861 F1000
G1 X-11.773 Y11.293 Z510.739 F1000
G1 A90 F1000
G1 X-11.773 Y11.293 Z530.739 F1000
G1 A90 F1000
G1 X-11.773 Y11.293 Z550.739 F1000
G1 X-216.501 Y207.672 F8000
M992
G3 X-31.559 Y298.335 I216.501 J-207.672 F8000
G1 Z290.739 F8000
M991
G1 A78.223 F1000
G1 X-11.773 Y111.293 Z290.739 F1000
G1 A78.223 F1000
G1 X-11.773 Y111.293 Z310.739 F1000
G1 A71.626 F1000
G1 X-11.773 Y111.293 Z330.739 F1000
G1 A64.765 F1000
G1 X-11.773 Y111.293 Z350.739 F1000
G1 A57.491 F1000
G1 X-11.773 Y111.293 Z370.739 F1000
G1 A49.568 F1000
G1 X-11.773 Y111.293 Z390.739 F1000
G1 A40.566 F1000
G1 X-11.773 Y111.293 Z410.739 F1000
G1 A29.451 F1000
G1 X-11.773 Y111.293 Z430.739 F1000
G1 A10.923 F1000
G1 X-11.773 Y111.293 Z450.739 F1000
G1 A0.0 F1000
G1 X-11.773 Y111.293 Z470.739 F1000
G1 A0.0 F1000
G1 X-11.773 Y111.293 Z490.739 F1000
G1 A77.198 F1000
G1 X-11.773 Y11.293 Z510.739 F1000
G1 A90 F1000
G1 X-11.773 Y11.293 Z530.739 F1000
G1 A90 F1000
G1 X-11.773 Y11.293 Z550.739 F1000
G1 X-216.501 Y207.672 F8000
M992
G3 X-82.357 Y288.474 I216.501 J-207.672 F8000
G1 Z290.739 F8000
M991
G1 A78.223 F1000
G1 X-31.773 Y111.293 Z290.739 F1000
G1 A78.223 F1000
G1 X-31.773 Y131.293 Z310.739 F1000
G1 A71.626 F1000
G1 X-31.773 Y131.293 Z330.739 F1000
G1 A64.765 F1000
G1 X-31.773 Y131.293 Z350.739 F1000
G1 A57.491 F1000
G1 X-31.773 Y131.293 Z370.739 F1000
G1 A49.568 F1000
G1 X-31.773 Y131.293 Z390.739 F1000
G1 A40.566 F1000
G1 X-31.773 Y131.293 Z410.739 F1000
G1 A29.451 F1000
G1 X-31.773 Y131.293 Z430.739 F1000
G1 A10.923 F1000
G1 X-31.773 Y131.293 Z450.739 F1000
G1 A43.414 F1000
G1 X-31.773 Y111.293 Z470.739 F1000
G1 A0.0 F1000
G1 X-31.773 Y111.293 Z490.739 F1000
G1 A77.991 F1000
G1 X-11.773 Y11.293 Z510.739 F1000
G1 A90 F1000
G1 X-11.773 Y11.293 Z530.739 F1000
G1 A90 F1000
G1 X-11.773 Y11.293 Z550.739 F1000
G1 X-216.501 Y207.672 F8000
M992
G3 X-126.537 Y272.008 I216.501 J-207.672 F8000
G1 Z290.739 F8000
M991
G1 A78.223 F1000
G1 X-51.773 Y111.293 Z290.739 F1000
G1 A78.223 F1000
G1 X-51.773 Y111.293 Z310.739 F1000
G1 A71.626 F1000
G1 X-51.773 Y111.293 Z330.739 F1000
G1 A64.765 F1000
G1 X-51.773 Y111.293 Z350.739 F1000
G1 A57.491 F1000
G1 X-51.773 Y111.293 Z370.739 F1000
G1 A49.568 F1000
G1 X-51.773 Y111.293 Z390.739 F1000
G1 A40.566 F1000
G1 X-51.773 Y111.293 Z410.739 F1000
G1 A29.451 F1000
G1 X-51.773 Y111.293 Z430.739 F1000
G1 A10.923 F1000
G1 X-51.773 Y111.293 Z450.739 F1000
G1 A0.0 F1000
G1 X-51.773 Y111.293 Z470.739 F1000
G1 A0.0 F1000
G1 X-51.773 Y111.293 Z490.739 F1000
G1 A79.025 F1000
G1 X-11.773 Y11.293 Z510.739 F1000
G1 A90 F1000
G1 X-11.773 Y11.293 Z530.739 F1000
G1 A90 F1000
G1 X-11.773 Y11.293 Z550.739 F1000
G1 X-216.501 Y207.672 F8000
M992
G3 X-162.592 Y252.119 I216.501 J-207.672 F8000
G1 Z290.739 F8000
M991
G1 A78.223 F1000
G1 X-71.773 Y111.293 Z290.739 F1000
G1 A78.223 F1000
G1 X-71.773 Y111.293 Z310.739 F1000
G1 A71.626 F1000
G1 X-71.773 Y111.293 Z330.739 F1000
G1 A64.765 F1000
G1 X-71.773 Y111.293 Z350.739 F1000
G1 A57.491 F1000
G1 X-71.773 Y111.293 Z370.739 F1000
G1 A49.568 F1000
G1 X-71.773 Y111.293 Z390.739 F1000
G1 A40.566 F1000
G1 X-71.773 Y111.293 Z410.739 F1000
G1 A29.451 F1000
G1 X-71.773 Y111.293 Z430.739 F1000
G1 A10.923 F1000
G1 X-71.773 Y111.293 Z450.739 F1000
G1 A0.0 F1000
G1 X-71.773 Y111.293 Z470.739 F1000
G1 A0.0 F1000
G1 X-71.773 Y111.293 Z490.739 F1000
G1 A80.095 F1000
G1 X-11.773 Y11.293 Z510.739 F1000
G1 A90 F1000
G1 X-11.773 Y11.293 Z530.739 F1000
G1 A90 F1000
G1 X-11.773 Y11.293 Z550.739 F1000
G1 X-216.501 Y207.672 F8000
M992
G3 X-212.588 Y211.675 I216.501 J-207.672 F8000
G1 Z290.739 F8000
M991
G1 A78.223 F1000
G1 X-111.773 Y111.293 Z290.739 F1000
G1 A78.223 F1000
G1 X-111.773 Y111.293 Z310.739 F1000
G1 A71.626 F1000
G1 X-111.773 Y111.293 Z330.739 F1000
G1 A64.765 F1000
G1 X-111.773 Y111.293 Z350.739 F1000
G1 A57.491 F1000
G1 X-111.773 Y111.293 Z370.739 F1000
G1 A49.568 F1000
G1 X-111.773 Y111.293 Z390.739 F1000
G1 A40.566 F1000
G1 X-111.773 Y111.293 Z410.739 F1000
G1 A29.451 F1000
G1 X-111.773 Y111.293 Z430.739 F1000
G1 A10.923 F1000
G1 X-111.773 Y111.293 Z450.739 F1000
G1 A0.0 F1000
G1 X-111.773 Y111.293 Z470.739 F1000
G1 A0.0 F1000
G1 X-111.773 Y111.293 Z490.739 F1000
G1 A81.95 F1000
G1 X-11.773 Y11.293 Z510.739 F1000
G1 A90 F1000
G1 X-11.773 Y11.293 Z530.739 F1000
G1 A90 F1000
G1 X-11.773 Y11.293 Z550.739 F1000
G1 X-216.501 Y207.672 F8000
M992
G3 X-212.588 Y211.675 I216.501 J-207.672 F8000
G1 Z290.739 F8000
M991
G1 A78.223 F1000
G1 X-111.773 Y111.293 Z290.739 F1000
G1 A78.223 F1000
G1 X-111.773 Y111.293 Z310.739 F1000
G1 A71.626 F1000
G1 X-111.773 Y111.293 Z330.739 F1000
G1 A64.765 F1000
G1 X-111.773 Y111.293 Z350.739 F1000
G1 A57.491 F1000
G1 X-111.773 Y111.293 Z370.739 F1000
G1 A49.568 F1000
G1 X-111.773 Y111.293 Z390.739 F1000
G1 A40.566 F1000
G1 X-111.773 Y111.293 Z410.739 F1000
G1 A29.451 F1000
G1 X-111.773 Y111.293 Z430.739 F1000
G1 A10.923 F1000
G1 X-111.773 Y111.293 Z450.739 F1000
G1 A0.0 F1000
G1 X-111.773 Y111.293 Z470.739 F1000
G1 A0.0 F1000
G1 X-111.773 Y111.293 Z490.739 F1000
G1 A81.95 F1000
G1 X-11.773 Y11.293 Z510.739 F1000
G1 A90 F1000
G1 X-11.773 Y11.293 Z530.739 F1000
G1 A90 F1000
G1 X-11.773 Y11.293 Z550.739 F1000
G1 X-216.501 Y207.672 F8000
M992
G3 X-252.93 Y161.328 I216.501 J-207.672 F8000
G1 Z290.739 F8000
M991
G1 A78.223 F1000
G1 X-111.773 Y71.293 Z290.739 F1000
G1 A78.223 F1000
G1 X-111.773 Y71.293 Z310.739 F1000
G1 A71.626 F1000
G1 X-111.773 Y71.293 Z330.739 F1000
G1 A64.765 F1000
G1 X-111.773 Y71.293 Z350.739 F1000
G1 A57.491 F1000
G1 X-111.773 Y71.293 Z370.739 F1000
G1 A49.568 F1000
G1 X-111.773 Y71.293 Z390.739 F1000
G1 A40.566 F1000
G1 X-111.773 Y71.293 Z410.739 F1000
G1 A29.451 F1000
G1 X-111.773 Y71.293 Z430.739 F1000
G1 A10.923 F1000
G1 X-111.773 Y71.293 Z450.739 F1000
G1 A0.0 F1000
G1 X-111.773 Y71.293 Z470.739 F1000
G1 A0.0 F1000
G1 X-111.773 Y71.293 Z490.739 F1000
G1 A80.144 F1000
G1 X-11.773 Y11.293 Z510.739 F1000
G1 A90 F1000
G1 X-11.773 Y11.293 Z530.739 F1000
G1 A90 F1000
G1 X-11.773 Y11.293 Z550.739 F1000
G1 X-216.501 Y207.672 F8000
M992
G3 X-272.661 Y125.125 I216.501 J-207.672 F8000
G1 Z290.739 F8000
M991
G1 A78.223 F1000
G1 X-111.773 Y51.293 Z290.739 F1000
G1 A78.223 F1000
G1 X-111.773 Y51.293 Z310.739 F1000
G1 A71.626 F1000
G1 X-111.773 Y51.293 Z330.739 F1000
G1 A64.765 F1000
G1 X-111.773 Y51.293 Z350.739 F1000
G1 A57.491 F1000
G1 X-111.773 Y51.293 Z370.739 F1000
G1 A49.568 F1000
G1 X-111.773 Y51.293 Z390.739 F1000
G1 A40.566 F1000
G1 X-111.773 Y51.293 Z410.739 F1000
G1 A29.451 F1000
G1 X-111.773 Y51.293 Z430.739 F1000
G1 A10.923 F1000
G1 X-111.773 Y51.293 Z450.739 F1000
G1 A0.0 F1000
G1 X-111.773 Y51.293 Z470.739 F1000
G1 A0.0 F1000
G1 X-111.773 Y51.293 Z490.739 F1000
G1 A79.105 F1000
G1 X-11.773 Y11.293 Z510.739 F1000
G1 A90 F1000
G1 X-11.773 Y11.293 Z530.739 F1000
G1 A90 F1000
G1 X-11.773 Y11.293 Z550.739 F1000
G1 X-216.501 Y207.672 F8000
M992
G3 X-288.892 Y80.88 I216.501 J-207.672 F8000
G1 Z290.739 F8000
M991
G1 A78.223 F1000
G1 X-111.773 Y31.293 Z290.739 F1000
G1 A78.223 F1000
G1 X-111.773 Y31.293 Z310.739 F1000
G1 A71.626 F1000
G1 X-111.773 Y31.293 Z330.739 F1000
G1 A64.765 F1000
G1 X-131.773 Y31.293 Z350.739 F1000
G1 A57.491 F1000
G1 X-131.773 Y31.293 Z370.739 F1000
G1 A49.568 F1000
G1 X-131.773 Y31.293 Z390.739 F1000
G1 A40.566 F1000
G1 X-131.773 Y31.293 Z410.739 F1000
G1 A29.451 F1000
G1 X-131.773 Y31.293 Z430.739 F1000
G1 A10.923 F1000
G1 X-131.773 Y31.293 Z450.739 F1000
G1 A0.0 F1000
G1 X-131.773 Y31.293 Z470.739 F1000
G1 A43.47 F1000
G1 X-111.773 Y31.293 Z490.739 F1000
G1 A78.099 F1000
G1 X-11.773 Y11.293 Z510.739 F1000
G1 A90 F1000
G1 X-11.773 Y11.293 Z530.739 F1000
G1 A90 F1000
G1 X-11.773 Y11.293 Z550.739 F1000
G1 X-216.501 Y207.672 F8000
M992
G3 X-298.48 Y30.157 I216.501 J-207.672 F8000
G1 Z290.739 F8000
M991
G1 A78.223 F1000
G1 X-111.773 Y11.293 Z290.739 F1000
G1 A78.223 F1000
G1 X-111.773 Y11.293 Z310.739 F1000
G1 A71.626 F1000
G1 X-111.773 Y11.293 Z330.739 F1000
G1 A64.765 F1000
G1 X-111.773 Y11.293 Z350.739 F1000
G1 A57.491 F1000
G1 X-111.773 Y11.293 Z370.739 F1000
G1 A49.568 F1000
G1 X-111.773 Y11.293 Z390.739 F1000
G1 A40.566 F1000
G1 X-111.773 Y11.293 Z410.739 F1000
G1 A29.451 F1000
G1 X-111.773 Y11.293 Z430.739 F1000
G1 A10.923 F1000
G1 X-111.773 Y11.293 Z450.739 F1000
G1 A0.0 F1000
G1 X-111.773 Y11.293 Z470.739 F1000
G1 A0.0 F1000
G1 X-111.773 Y11.293 Z490.739 F1000
G1 A77.321 F1000
G1 X-11.773 Y11.293 Z510.739 F1000
G1 A90 F1000
G1 X-11.773 Y11.293 Z530.739 F1000
G1 A90 F1000
G1 X-11.773 Y11.293 Z550.739 F1000
G1 X-216.501 Y207.672 F8000
M992
G3 X-299.094 Y-23.299 I216.501 J-207.672 F8000
G1 Z290.739 F8000
M991
G1 A78.223 F1000
G1 X-111.773 Y-8.707 Z290.739 F1000
G1 A78.223 F1000
G1 X-111.773 Y-8.707 Z310.739 F1000
G1 A71.626 F1000
G1 X-111.773 Y-8.707 Z330.739 F1000
G1 A64.765 F1000
G1 X-111.773 Y-8.707 Z350.739 F1000
G1 A57.491 F1000
G1 X-111.773 Y-8.707 Z370.739 F1000
G1 A49.568 F1000
G1 X-111.773 Y-8.707 Z390.739 F1000
G1 A40.566 F1000
G1 X-111.773 Y-8.707 Z410.739 F1000
G1 A29.451 F1000
G1 X-111.773 Y-8.707 Z430.739 F1000
G1 A10.923 F1000
G1 X-111.773 Y-8.707 Z450.739 F1000
G1 A0.0 F1000
G1 X-111.773 Y-8.707 Z470.739 F1000
G1 A0.0 F1000
G1 X-111.773 Y-8.707 Z490.739 F1000
G1 A76.98 F1000
G1 X-11.773 Y11.293 Z510.739 F1000
G1 A90 F1000
G1 X-11.773 Y11.293 Z530.739 F1000
G1 A90 F1000
G1 X-11.773 Y11.293 Z550.739 F1000
G1 X-216.501 Y207.672 F8000
M992
G3 X-290.57 Y-74.628 I216.501 J-207.672 F8000
G1 Z290.739 F8000
M991
G1 A78.223 F1000
G1 X-111.773 Y-28.707 Z290.739 F1000
G1 A78.223 F1000
G1 X-111.773 Y-28.707 Z310.739 F1000
G1 A71.626 F1000
G1 X-111.773 Y-28.707 Z330.739 F1000
G1 A64.765 F1000
G1 X-111.773 Y-28.707 Z350.739 F1000
G1 A57.491 F1000
G1 X-111.773 Y-28.707 Z370.739 F1000
G1 A49.568 F1000
G1 X-111.773 Y-28.707 Z390.739 F1000
G1 A40.566 F1000
G1 X-111.773 Y-28.707 Z410.739 F1000
G1 A29.451 F1000
G1 X-111.773 Y-28.707 Z430.739 F1000
G1 A10.923 F1000
G1 X-111.773 Y-28.707 Z450.739 F1000
G1 A0.0 F1000
G1 X-111.773 Y-28.707 Z470.739 F1000
G1 A0.0 F1000
G1 X-111.773 Y-28.707 Z490.739 F1000
G1 A77.164 F1000
G1 X-11.773 Y11.293 Z510.739 F1000
G1 A90 F1000
G1 X-11.773 Y11.293 Z530.739 F1000
G1 A90 F1000
G1 X-11.773 Y11.293 Z550.739 F1000
G1 X-216.501 Y207.672 F8000
M992
G3 X-275.022 Y-119.846 I216.501 J-207.672 F8000
G1 Z290.739 F8000
M991
G1 A78.223 F1000
G1 X-111.773 Y-48.707 Z290.739 F1000
G1 A78.223 F1000
G1 X-111.773 Y-48.707 Z310.739 F1000
G1 A71.626 F1000
G1 X-111.773 Y-48.707 Z330.739 F1000
G1 A64.765 F1000
G1 X-111.773 Y-48.707 Z350.739 F1000
G1 A57.491 F1000
G1 X-111.773 Y-48.707 Z370.739 F1000
G1 A49.568 F1000
G1 X-111.773 Y-48.707 Z390.739 F1000
G1 A40.566 F1000
G1 X-111.773 Y-48.707 Z410.739 F1000
G1 A29.451 F1000
G1 X-111.773 Y-48.707 Z430.739 F1000
G1 A10.923 F1000
G1 X-111.773 Y-48.707 Z450.739 F1000
G1 A0.0 F1000
G1 X-111.773 Y-48.707 Z470.739 F1000
G1 A0.0 F1000
G1 X-111.773 Y-48.707 Z490.739 F1000
G1 A77.786 F1000
G1 X-11.773 Y11.293 Z510.739 F1000
G1 A90 F1000
G1 X-11.773 Y11.293 Z530.739 F1000
G1 A90 F1000
G1 X-11.773 Y11.293 Z550.739 F1000
G1 X-216.501 Y207.672 F8000
M992
G3 X-234.988 Y-186.495 I216.501 J-207.672 F8000
G1 Z290.739 F8000
M991
G1 A78.223 F1000
G1 X-111.773 Y-88.707 Z290.739 F1000
G1 A78.223 F1000
G1 X-111.773 Y-88.707 Z310.739 F1000
G1 A71.626 F1000
G1 X-111.773 Y-88.707 Z330.739 F1000
G1 A64.765 F1000
G1 X-111.773 Y-88.707 Z350.739 F1000
G1 A57.491 F1000
G1 X-111.773 Y-88.707 Z370.739 F1000
G1 A49.568 F1000
G1 X-111.773 Y-88.707 Z390.739 F1000
G1 A40.566 F1000
G1 X-111.773 Y-88.707 Z410.739 F1000
G1 A29.451 F1000
G1 X-111.773 Y-88.707 Z430.739 F1000
G1 A10.923 F1000
G1 X-111.773 Y-88.707 Z450.739 F1000
G1 A0.0 F1000
G1 X-111.773 Y-88.707 Z470.739 F1000
G1 A0.0 F1000
G1 X-111.773 Y-88.707 Z490.739 F1000
G1 A81.967 F1000
G1 X-0.656 Y-0.755 Z510.739 F1000
G1 A90 F1000
G1 X-0.656 Y-0.755 Z530.739 F1000
G1 A90 F1000
G1 X-0.656 Y-0.755 Z550.739 F1000
G1 X-196.818 Y-226.413 F8000
M992
G3 X-188.7 Y-233.222 I196.818 J226.413 F8000
G1 Z290.739 F8000
M991
G1 A78.223 F1000
G1 X-71.773 Y-88.707 Z290.739 F1000
G1 A78.223 F1000
G1 X-71.773 Y-88.707 Z310.739 F1000
G1 A71.626 F1000
G1 X-71.773 Y-88.707 Z330.739 F1000
G1 A64.765 F1000
G1 X-71.773 Y-88.707 Z350.739 F1000
G1 A57.491 F1000
G1 X-71.773 Y-88.707 Z370.739 F1000
G1 A49.568 F1000
G1 X-71.773 Y-88.707 Z390.739 F1000
G1 A40.566 F1000
G1 X-71.773 Y-88.707 Z410.739 F1000
G1 A29.451 F1000
G1 X-71.773 Y-88.707 Z430.739 F1000
G1 A10.923 F1000
G1 X-71.773 Y-88.707 Z450.739 F1000
G1 A0.0 F1000
G1 X-71.773 Y-88.707 Z470.739 F1000
G1 A0.0 F1000
G1 X-71.773 Y-88.707 Z490.739 F1000
G1 A79.973 F1000
G1 X-0.5 Y-0.866 Z510.739 F1000
G1 A90 F1000
G1 X-0.5 Y-0.866 Z530.739 F1000
G1 A90 F1000
G1 X-0.5 Y-0.866 Z550.739 F1000
G1 X-150.0 Y-259.808 F8000
M992
G3 X-151.221 Y-259.099 I150.0 J259.808 F8000
G1 Z490.739 F8000
M991
G1 A78.877 F1000
G1 X-51.773 Y-88.707 Z490.739 F1000
G1 A78.877 F1000
G1 X-0.326 Y-0.946 Z510.739 F1000
G1 A90 F1000
G1 X-0.326 Y-0.946 Z530.739 F1000
G1 A90 F1000
G1 X-0.326 Y-0.946 Z550.739 F1000
G1 X-97.67 Y-283.656 F8000
M992
G3 X-101.16 Y-282.43 I97.67 J283.656 F8000
G1 Z490.739 F8000
M991
G1 A77.894 F1000
G1 X-31.773 Y-88.707 Z490.739 F1000
G1 A77.894 F1000
G1 X-0.139 Y-0.99 Z510.739 F1000
G1 A90 F1000
G1 X-0.139 Y-0.99 Z530.739 F1000
G1 A90 F1000
G1 X-0.139 Y-0.99 Z550.739 F1000
G1 X-41.752 Y-297.08 F8000
M992
G3 X-39.469 Y-297.392 I41.752 J297.08 F8000
G1 Z490.739 F8000
M991
G1 A77.265 F1000
G1 X-11.773 Y-88.707 Z490.739 F1000
G1 A77.265 F1000
G1 X0.0 Y-1.0 Z510.739 F1000
G1 A90 F1000
G1 X0.0 Y-1.0 Z530.739 F1000
G1 A90 F1000
G1 X0.0 Y-1.0 Z550.739 F1000
G1 X0.0 Y-300.0 F8000
M992
G3 X27.704 Y-298.718 I-0.0 J300.0 F8000
G1 Z490.739 F8000
M991
G1 A77.209 F1000
G1 X8.227 Y-88.707 Z490.739 F1000
G1 A77.209 F1000
G1 X0.208 Y-0.978 Z510.739 F1000
G1 A90 F1000
G1 X0.208 Y-0.978 Z530.739 F1000
G1 A90 F1000
G1 X0.208 Y-0.978 Z550.739 F1000
G1 X62.374 Y-293.444 F8000
M992
G3 X90.967 Y-285.876 I-62.374 J293.444 F8000
G1 Z490.739 F8000
M991
G1 A77.747 F1000
G1 X28.227 Y-88.707 Z490.739 F1000
G1 A77.747 F1000
G1 X0.407 Y-0.914 Z510.739 F1000
G1 A90 F1000
G1 X0.407 Y-0.914 Z530.739 F1000
G1 A90 F1000
G1 X0.407 Y-0.914 Z550.739 F1000
G1 X122.021 Y-274.064 F8000
M992
G3 X143.292 Y-263.567 I-122.021 J274.064 F8000
G1 Z490.739 F8000
M991
G1 A78.687 F1000
G1 X48.227 Y-88.707 Z490.739 F1000
G1 A78.687 F1000
G1 X0.588 Y-0.809 Z510.739 F1000
G1 A90 F1000
G1 X0.588 Y-0.809 Z530.739 F1000
G1 A90 F1000
G1 X0.588 Y-0.809 Z550.739 F1000
G1 X176.336 Y-242.705 F8000
M992
G3 X236.694 Y-184.326 I-176.336 J242.705 F8000
G1 Z290.739 F8000
M991
G1 A78.223 F1000
G1 X88.227 Y-68.707 Z290.739 F1000
G1 A78.223 F1000
G1 X88.227 Y-68.707 Z310.739 F1000
G1 A71.626 F1000
G1 X88.227 Y-68.707 Z330.739 F1000
G1 A64.765 F1000
G1 X88.227 Y-68.707 Z350.739 F1000
G1 A57.491 F1000
G1 X88.227 Y-68.707 Z370.739 F1000
G1 A49.568 F1000
G1 X88.227 Y-68.707 Z390.739 F1000
G1 A40.566 F1000
G1 X88.227 Y-68.707 Z410.739 F1000
G1 A29.451 F1000
G1 X88.227 Y-68.707 Z430.739 F1000
G1 A10.923 F1000
G1 X88.227 Y-68.707 Z450.739 F1000
G1 A0.0 F1000
G1 X88.227 Y-68.707 Z470.739 F1000
G1 A0.0 F1000
G1 X88.227 Y-68.707 Z490.739 F1000
G1 A79.77 F1000
G1 X0.743 Y-0.669 Z510.739 F1000
G1 A90 F1000
G1 X0.743 Y-0.669 Z530.739 F1000
G1 A90 F1000
G1 X0.743 Y-0.669 Z550.739 F1000
G1 X222.943 Y-200.739 F8000
M992
G3 X285.279 Y-92.823 I-222.943 J200.739 F8000
G1 Z490.739 F8000
M991
G1 A77.709 F1000
G1 X88.227 Y-28.707 Z490.739 F1000
G1 A77.709 F1000
G1 X0.866 Y-0.5 Z510.739 F1000
G1 A90 F1000
G1 X0.866 Y-0.5 Z530.739 F1000
G1 A90 F1000
G1 X0.866 Y-0.5 Z550.739 F1000
G1 X259.808 Y-150.0 F8000
M992
G3 X298.55 Y-29.464 I-259.808 J150.0 F8000
G1 Z490.739 F8000
M991
G1 A77.15 F1000
G1 X88.227 Y-8.707 Z490.739 F1000
G1 A77.15 F1000
G1 X0.951 Y-0.309 Z510.739 F1000
G1 A90 F1000
G1 X0.951 Y-0.309 Z530.739 F1000
G1 A90 F1000
G1 X0.951 Y-0.309 Z550.739 F1000
G1 X285.317 Y-92.705 F8000
M992
G3 X297.572 Y38.089 I-285.317 J92.705 F8000
G1 Z490.739 F8000
M991
G1 A77.191 F1000
G1 X88.227 Y11.293 Z490.739 F1000
G1 A77.191 F1000
G1 X0.995 Y-0.105 Z510.739 F1000
G1 A90 F1000
G1 X0.995 Y-0.105 Z530.739 F1000
G1 A90 F1000
G1 X0.995 Y-0.105 Z550.739 F1000
G1 X298.357 Y-31.359 F8000
M992
G3 X282.742 Y100.285 I-298.357 J31.359 F8000
G1 Z490.739 F8000
M991
G1 A77.817 F1000
G1 X88.227 Y31.293 Z490.739 F1000
G1 A77.817 F1000
G1 X0.995 Y0.105 Z510.739 F1000
G1 A90 F1000
G1 X0.995 Y0.105 Z530.739 F1000
G1 A90 F1000
G1 X0.995 Y0.105 Z550.739 F1000
G1 X298.357 Y31.359 F8000
M992
G3 X259.355 Y150.782 I-298.357 J-31.359 F8000
G1 Z490.739 F8000
M991
G1 A78.807 F1000
G1 X88.227 Y51.293 Z490.739 F1000
G1 A78.807 F1000
G1 X0.951 Y0.309 Z510.739 F1000
G1 A90 F1000
G1 X0.951 Y0.309 Z530.739 F1000
G1 A90 F1000
G1 X0.951 Y0.309 Z550.739 F1000
G1 X285.317 Y92.705 F8000
M992
G3 X233.34 Y188.553 I-285.317 J-92.705 F8000
G1 Z290.739 F8000
M991
G1 A78.223 F1000
G1 X88.227 Y71.293 Z290.739 F1000
G1 A78.223 F1000
G1 X88.227 Y71.293 Z310.739 F1000
G1 A71.626 F1000
G1 X88.227 Y71.293 Z330.739 F1000
G1 A64.765 F1000
G1 X88.227 Y71.293 Z350.739 F1000
G1 A57.491 F1000
G1 X88.227 Y71.293 Z370.739 F1000
G1 A49.568 F1000
G1 X88.227 Y71.293 Z390.739 F1000
G1 A40.566 F1000
G1 X88.227 Y71.293 Z410.739 F1000
G1 A29.451 F1000
G1 X88.227 Y71.293 Z430.739 F1000
G1 A10.923 F1000
G1 X88.227 Y71.293 Z450.739 F1000
G1 A0.0 F1000
G1 X88.227 Y71.293 Z470.739 F1000
G1 A0.0 F1000
G1 X88.227 Y71.293 Z490.739 F1000
G1 A79.914 F1000
G1 X0.866 Y0.5 Z510.739 F1000
G1 A90 F1000
G1 X0.866 Y0.5 Z530.739 F1000
G1 A90 F1000
G1 X0.866 Y0.5 Z550.739 F1000
G1 X259.808 Y150.0 F8000
M992
G3 X186.367 Y235.09 I-259.808 J-150.0 F8000
G1 Z290.739 F8000
M991
G1 A78.223 F1000
G1 X88.227 Y111.293 Z290.739 F1000
G1 A78.223 F1000
G1 X88.227 Y111.293 Z310.739 F1000
G1 A71.626 F1000
G1 X88.227 Y111.293 Z330.739 F1000
G1 A64.765 F1000
G1 X88.227 Y111.293 Z350.739 F1000
G1 A57.491 F1000
G1 X88.227 Y111.293 Z370.739 F1000
G1 A49.568 F1000
G1 X88.227 Y111.293 Z390.739 F1000
G1 A40.566 F1000
G1 X88.227 Y111.293 Z410.739 F1000
G1 A29.451 F1000
G1 X88.227 Y111.293 Z430.739 F1000
G1 A10.923 F1000
G1 X88.227 Y111.293 Z450.739 F1000
G1 A0.0 F1000
G1 X88.227 Y111.293 Z470.739 F1000
G1 A0.0 F1000
G1 X88.227 Y111.293 Z490.739 F1000
G1 A81.929 F1000
G1 X0.743 Y0.669 Z510.739 F1000
G1 A90 F1000
G1 X0.743 Y0.669 Z530.739 F1000
G1 A90 F1000
G1 X0.743 Y0.669 Z550.739 F1000
G1 X222.943 Y200.739 F8000
M992
G3 X119.282 Y275.267 I-222.943 J-200.739 F8000
G1 Z290.739 F8000
M991
G1 A78.223 F1000
G1 X48.227 Y111.293 Z290.739 F1000
G1 A78.223 F1000
G1 X48.227 Y111.293 Z310.739 F1000
G1 A71.626 F1000
G1 X48.227 Y111.293 Z330.739 F1000
G1 A64.765 F1000
G1 X48.227 Y111.293 Z350.739 F1000
G1 A57.491 F1000
G1 X48.227 Y111.293 Z370.739 F1000
G1 A49.568 F1000
G1 X48.227 Y111.293 Z390.739 F1000
G1 A40.566 F1000
G1 X48.227 Y111.293 Z410.739 F1000
G1 A29.451 F1000
G1 X48.227 Y111.293 Z430.739 F1000
G1 A10.923 F1000
G1 X48.227 Y111.293 Z450.739 F1000
G1 A0.0 F1000
G1 X48.227 Y111.293 Z470.739 F1000
G1 A0.0 F1000
G1 X48.227 Y111.293 Z490.739 F1000
G1 A77.715 F1000
G1 X-11.773 Y11.293 Z510.739 F1000
G1 A90 F1000
G1 X-11.773 Y11.293 Z530.739 F1000
G1 A90 F1000
G1 X-11.773 Y11.293 Z550.739 F1000
G1 X-216.501 Y207.672 F8000
M992
G3 X73.753 Y290.793 I216.501 J-207.672 F8000
G1 Z290.739 F8000
M991
G1 A78.223 F1000
G1 X28.227 Y111.293 Z290.739 F1000
G1 A78.223 F1000
G1 X28.227 Y111.293 Z310.739 F1000
G1 A71.626 F1000
G1 X28.227 Y111.293 Z330.739 F1000
G1 A64.765 F1000
G1 X28.227 Y111.293 Z350.739 F1000
G1 A57.491 F1000
G1 X28.227 Y111.293 Z370.739 F1000
G1 A49.568 F1000
G1 X28.227 Y111.293 Z390.739 F1000
G1 A40.566 F1000
G1 X28.227 Y111.293 Z410.739 F1000
G1 A29.451 F1000
G1 X28.227 Y111.293 Z430.739 F1000
G1 A10.923 F1000
G1 X28.227 Y111.293 Z450.739 F1000
G1 A0.0 F1000
G1 X28.227 Y111.293 Z470.739 F1000
G1 A0.0 F1000
G1 X28.227 Y111.293 Z490.739 F1000
G1 A77.065 F1000
G1 X-11.773 Y11.293 Z510.739 F1000
G1 A90 F1000
G1 X-11.773 Y11.293 Z530.739 F1000
G1 A90 F1000
G1 X-11.773 Y11.293 Z550.739 F1000
G1 X-216.501 Y207.672 F8000
M992
G3 X22.116 Y299.184 I216.501 J-207.672 F8000
G1 Z290.739 F8000
M991
G1 A78.223 F1000
G1 X8.227 Y111.293 Z290.739 F1000
G1 A78.223 F1000
G1 X8.227 Y111.293 Z310.739 F1000
G1 A71.626 F1000
G1 X8.227 Y111.293 Z330.739 F1000
G1 A64.765 F1000
G1 X8.227 Y111.293 Z350.739 F1000
G1 A57.491 F1000
G1 X8.227 Y111.293 Z370.739 F1000
G1 A49.568 F1000
G1 X8.227 Y111.293 Z390.739 F1000
G1 A40.566 F1000
G1 X8.227 Y111.293 Z410.739 F1000
G1 A29.451 F1000
G1 X8.227 Y111.293 Z430.739 F1000
G1 A10.923 F1000
G1 X8.227 Y111.293 Z450.739 F1000
G1 A0.0 F1000
G1 X8.227 Y111.293 Z470.739 F1000
G1 A0.0 F1000
G1 X8.227 Y111.293 Z490.739 F1000
G1 A76.861 F1000
G1 X-11.773 Y11.293 Z510.739 F1000
G1 A90 F1000
G1 X-11.773 Y11.293 Z530.739 F1000
G1 A90 F1000
G1 X-11.773 Y11.293 Z550.739 F1000
G1 X-216.501 Y207.672 F8000
M992
G3 X-31.559 Y298.335 I216.501 J-207.672 F8000
G1 Z290.739 F8000
M991
G1 A78.223 F1000
G1 X-11.773 Y111.293 Z290.739 F1000
G1 A78.223 F1000
G1 X-11.773 Y111.293 Z310.739 F1000
G1 A71.626 F1000
G1 X-11.773 Y111.293 Z330.739 F1000
G1 A64.765 F1000
G1 X-11.773 Y111.293 Z350.739 F1000
G1 A57.491 F1000
G1 X-11.773 Y111.293 Z370.739 F1000
G1 A49.568 F1000
G1 X-11.773 Y111.293 Z390.739 F1000
G1 A40.566 F1000
G1 X-11.773 Y111.293 Z410.739 F1000
G1 A29.451 F1000
G1 X-11.773 Y111.293 Z430.739 F1000
G1 A10.923 F1000
G1 X-11.773 Y111.293 Z450.739 F1000
G1 A0.0 F1000
G1 X-11.773 Y111.293 Z470.739 F1000
G1 A0.0 F1000
G1 X-11.773 Y111.293 Z490.739 F1000
G1 A77.198 F1000
G1 X-11.773 Y11.293 Z510.739 F1000
G1 A90 F1000
G1 X-11.773 Y11.293 Z530.739 F1000
G1 A90 F1000
G1 X-11.773 Y11.293 Z550.739 F1000
G1 X-216.501 Y207.672 F8000
M992
G3 X-126.537 Y272.008 I216.501 J-207.672 F8000
G1 Z290.739 F8000
M991
G1 A78.223 F1000
G1 X-51.773 Y111.293 Z290.739 F1000
G1 A78.223 F1000
G1 X-51.773 Y111.293 Z310.739 F1000
G1 A71.626 F1000
G1 X-51.773 Y111.293 Z330.739 F1000
G1 A64.765 F1000
G1 X-51.773 Y111.293 Z350.739 F1000
G1 A57.491 F1000
G1 X-51.773 Y111.293 Z370.739 F1000
G1 A49.568 F1000
G1 X-51.773 Y111.293 Z390.739 F1000
G1 A40.566 F1000
G1 X-51.773 Y111.293 Z410.739 F1000
G1 A29.451 F1000
G1 X-51.773 Y111.293 Z430.739 F1000
G1 A10.923 F1000
G1 X-51.773 Y111.293 Z450.739 F1000
G1 A0.0 F1000
G1 X-51.773 Y111.293 Z470.739 F1000
G1 A0.0 F1000
G1 X-51.773 Y111.293 Z490.739 F1000
G1 A79.025 F1000
G1 X-11.773 Y11.293 Z510.739 F1000
G1 A90 F1000
G1 X-11.773 Y11.293 Z530.739 F1000
G1 A90 F1000
G1 X-11.773 Y11.293 Z550.739 F1000
G1 X-216.501 Y207.672 F8000
M992
G3 X-162.592 Y252.119 I216.501 J-207.672 F8000
G1 Z290.739 F8000
M991
G1 A78.223 F1000
G1 X-71.773 Y111.293 Z290.739 F1000
G1 A78.223 F1000
G1 X-71.773 Y111.293 Z310.739 F1000
G1 A71.626 F1000
G1 X-71.773 Y111.293 Z330.739 F1000
G1 A64.765 F1000
G1 X-71.773 Y111.293 Z350.739 F1000
G1 A57.491 F1000
G1 X-71.773 Y111.293 Z370.739 F1000
G1 A49.568 F1000
G1 X-71.773 Y111.293 Z390.739 F1000
G1 A40.566 F1000
G1 X-71.773 Y111.293 Z410.739 F1000
G1 A29.451 F1000
G1 X-71.773 Y111.293 Z430.739 F1000
G1 A10.923 F1000
G1 X-71.773 Y111.293 Z450.739 F1000
G1 A0.0 F1000
G1 X-71.773 Y111.293 Z470.739 F1000
G1 A0.0 F1000
G1 X-71.773 Y111.293 Z490.739 F1000
G1 A80.095 F1000
G1 X-11.773 Y11.293 Z510.739 F1000
G1 A90 F1000
G1 X-11.773 Y11.293 Z530.739 F1000
G1 A90 F1000
G1 X-11.773 Y11.293 Z550.739 F1000
G1 X-216.501 Y207.672 F8000
M992
G3 X-190.861 Y231.457 I216.501 J-207.672 F8000
G1 Z290.739 F8000
M991
G1 A78.223 F1000
G1 X-91.773 Y111.293 Z290.739 F1000
G1 A78.223 F1000
G1 X-91.773 Y111.293 Z310.739 F1000
G1 A71.626 F1000
G1 X-91.773 Y111.293 Z330.739 F1000
G1 A64.765 F1000
G1 X-91.773 Y111.293 Z350.739 F1000
G1 A57.491 F1000
G1 X-91.773 Y111.293 Z370.739 F1000
G1 A49.568 F1000
G1 X-91.773 Y111.293 Z390.739 F1000
G1 A40.566 F1000
G1 X-91.773 Y111.293 Z410.739 F1000
G1 A29.451 F1000
G1 X-91.773 Y111.293 Z430.739 F1000
G1 A10.923 F1000
G1 X-91.773 Y111.293 Z450.739 F1000
G1 A0.0 F1000
G1 X-91.773 Y111.293 Z470.739 F1000
G1 A0.0 F1000
G1 X-91.773 Y111.293 Z490.739 F1000
G1 A81.083 F1000
G1 X-11.773 Y11.293 Z510.739 F1000
G1 A90 F1000
G1 X-11.773 Y11.293 Z530.739 F1000
G1 A90 F1000
G1 X-11.773 Y11.293 Z550.739 F1000
G1 X-216.501 Y207.672 F8000
M992
G3 X-212.588 Y211.675 I216.501 J-207.672 F8000
G1 Z290.739 F8000
M991
G1 A78.223 F1000
G1 X-111.773 Y111.293 Z290.739 F1000
G1 A78.223 F1000
G1 X-111.773 Y111.293 Z310.739 F1000
G1 A71.626 F1000
G1 X-111.773 Y111.293 Z330.739 F1000
G1 A64.765 F1000
G1 X-111.773 Y111.293 Z350.739 F1000
G1 A57.491 F1000
G1 X-111.773 Y111.293 Z370.739 F1000
G1 A49.568 F1000
G1 X-111.773 Y111.293 Z390.739 F1000
G1 A40.566 F1000
G1 X-111.773 Y111.293 Z410.739 F1000
G1 A29.451 F1000
G1 X-111.773 Y111.293 Z430.739 F1000
G1 A10.923 F1000
G1 X-111.773 Y111.293 Z450.739 F1000
G1 A0.0 F1000
G1 X-111.773 Y111.293 Z470.739 F1000
G1 A0.0 F1000
G1 X-111.773 Y111.293 Z490.739 F1000
G1 A81.95 F1000
G1 X-11.773 Y11.293 Z510.739 F1000
G1 A90 F1000
G1 X-11.773 Y11.293 Z530.739 F1000
G1 A90 F1000
G1 X-11.773 Y11.293 Z550.739 F1000
G1 X-216.501 Y207.672 F8000
M992
G3 X-252.93 Y161.328 I216.501 J-207.672 F8000
G1 Z290.739 F8000
M991
G1 A78.223 F1000
G1 X-111.773 Y71.293 Z290.739 F1000
G1 A78.223 F1000
G1 X-111.773 Y71.293 Z310.739 F1000
G1 A71.626 F1000
G1 X-111.773 Y71.293 Z330.739 F1000
G1 A64.765 F1000
G1 X-111.773 Y71.293 Z350.739 F1000
G1 A57.491 F1000
G1 X-111.773 Y71.293 Z370.739 F1000
G1 A49.568 F1000
G1 X-111.773 Y71.293 Z390.739 F1000
G1 A40.566 F1000
G1 X-111.773 Y71.293 Z410.739 F1000
G1 A29.451 F1000
G1 X-111.773 Y71.293 Z430.739 F1000
G1 A10.923 F1000
G1 X-111.773 Y71.293 Z450.739 F1000
G1 A0.0 F1000
G1 X-111.773 Y71.293 Z470.739 F1000
G1 A0.0 F1000
G1 X-111.773 Y71.293 Z490.739 F1000
G1 A80.144 F1000
G1 X-11.773 Y11.293 Z510.739 F1000
G1 A90 F1000
G1 X-11.773 Y11.293 Z530.739 F1000
G1 A90 F1000
G1 X-11.773 Y11.293 Z550.739 F1000
G1 X-216.501 Y207.672 F8000
M992
G3 X-272.661 Y125.125 I216.501 J-207.672 F8000
G1 Z290.739 F8000
M991
G1 A78.223 F1000
G1 X-111.773 Y51.293 Z290.739 F1000
G1 A78.223 F1000
G1 X-111.773 Y51.293 Z310.739 F1000
G1 A71.626 F1000
G1 X-111.773 Y51.293 Z330.739 F1000
G1 A64.765 F1000
G1 X-111.773 Y51.293 Z350.739 F1000
G1 A57.491 F1000
G1 X-111.773 Y51.293 Z370.739 F1000
G1 A49.568 F1000
G1 X-111.773 Y51.293 Z390.739 F1000
G1 A40.566 F1000
G1 X-111.773 Y51.293 Z410.739 F1000
G1 A29.451 F1000
G1 X-111.773 Y51.293 Z430.739 F1000
G1 A10.923 F1000
G1 X-111.773 Y51.293 Z450.739 F1000
G1 A0.0 F1000
G1 X-111.773 Y51.293 Z470.739 F1000
G1 A0.0 F1000
G1 X-111.773 Y51.293 Z490.739 F1000
G1 A79.105 F1000
G1 X-11.773 Y11.293 Z510.739 F1000
G1 A90 F1000
G1 X-11.773 Y11.293 Z530.739 F1000
G1 A90 F1000
G1 X-11.773 Y11.293 Z550.739 F1000
G1 X-216.501 Y207.672 F8000
M992
G3 X-288.892 Y80.88 I216.501 J-207.672 F8000
G1 Z290.739 F8000
M991
G1 A78.223 F1000
G1 X-111.773 Y31.293 Z290.739 F1000
G1 A78.223 F1000
G1 X-111.773 Y31.293 Z310.739 F1000
G1 A71.626 F1000
G1 X-111.773 Y31.293 Z330.739 F1000
G1 A64.765 F1000
G1 X-111.773 Y31.293 Z350.739 F1000
G1 A57.491 F1000
G1 X-111.773 Y31.293 Z370.739 F1000
G1 A49.568 F1000
G1 X-111.773 Y31.293 Z390.739 F1000
G1 A40.566 F1000
G1 X-111.773 Y31.293 Z410.739 F1000
G1 A29.451 F1000
G1 X-111.773 Y31.293 Z430.739 F1000
G1 A10.923 F1000
G1 X-111.773 Y31.293 Z450.739 F1000
G1 A0.0 F1000
G1 X-111.773 Y31.293 Z470.739 F1000
G1 A0.0 F1000
G1 X-111.773 Y31.293 Z490.739 F1000
G1 A78.099 F1000
G1 X-11.773 Y11.293 Z510.739 F1000
G1 A90 F1000
G1 X-11.773 Y11.293 Z530.739 F1000
G1 A90 F1000
G1 X-11.773 Y11.293 Z550.739 F1000
G1 X-216.501 Y207.672 F8000
M992
G3 X-298.48 Y30.157 I216.501 J-207.672 F8000
G1 Z290.739 F8000
M991
G1 A78.223 F1000
G1 X-111.773 Y11.293 Z290.739 F1000
G1 A78.223 F1000
G1 X-111.773 Y11.293 Z310.739 F1000
G1 A71.626 F1000
G1 X-111.773 Y11.293 Z330.739 F1000
G1 A64.765 F1000
G1 X-111.773 Y11.293 Z350.739 F1000
G1 A57.491 F1000
G1 X-111.773 Y11.293 Z370.739 F1000
G1 A49.568 F1000
G1 X-111.773 Y11.293 Z390.739 F1000
G1 A40.566 F1000
G1 X-111.773 Y11.293 Z410.739 F1000
G1 A29.451 F1000
G1 X-111.773 Y11.293 Z430.739 F1000
G1 A10.923 F1000
G1 X-111.773 Y11.293 Z450.739 F1000
G1 A0.0 F1000
G1 X-111.773 Y11.293 Z470.739 F1000
G1 A0.0 F1000
G1 X-111.773 Y11.293 Z490.739 F1000
G1 A77.321 F1000
G1 X-11.773 Y11.293 Z510.739 F1000
G1 A90 F1000
G1 X-11.773 Y11.293 Z530.739 F1000
G1 A90 F1000
G1 X-11.773 Y11.293 Z550.739 F1000
G1 X-216.501 Y207.672 F8000
M992
G3 X-299.094 Y-23.299 I216.501 J-207.672 F8000
G1 Z290.739 F8000
M991
G1 A78.223 F1000
G1 X-111.773 Y-8.707 Z290.739 F1000
G1 A78.223 F1000
G1 X-111.773 Y-8.707 Z310.739 F1000
G1 A71.626 F1000
G1 X-111.773 Y-8.707 Z330.739 F1000
G1 A64.765 F1000
G1 X-111.773 Y-8.707 Z350.739 F1000
G1 A57.491 F1000
G1 X-111.773 Y-8.707 Z370.739 F1000
G1 A49.568 F1000
G1 X-111.773 Y-8.707 Z390.739 F1000
G1 A40.566 F1000
G1 X-111.773 Y-8.707 Z410.739 F1000
G1 A29.451 F1000
G1 X-111.773 Y-8.707 Z430.739 F1000
G1 A10.923 F1000
G1 X-111.773 Y-8.707 Z450.739 F1000
G1 A0.0 F1000
G1 X-111.773 Y-8.707 Z470.739 F1000
G1 A0.0 F1000
G1 X-111.773 Y-8.707 Z490.739 F1000
G1 A76.98 F1000
G1 X-11.773 Y11.293 Z510.739 F1000
G1 A90 F1000
G1 X-11.773 Y11.293 Z530.739 F1000
G1 A90 F1000
G1 X-11.773 Y11.293 Z550.739 F1000
G1 X-216.501 Y207.672 F8000
M992
G3 X-290.57 Y-74.628 I216.501 J-207.672 F8000
G1 Z290.739 F8000
M991
G1 A78.223 F1000
G1 X-111.773 Y-28.707 Z290.739 F1000
G1 A78.223 F1000
G1 X-111.773 Y-28.707 Z310.739 F1000
G1 A71.626 F1000
G1 X-111.773 Y-28.707 Z330.739 F1000
G1 A64.765 F1000
G1 X-111.773 Y-28.707 Z350.739 F1000
G1 A57.491 F1000
G1 X-111.773 Y-28.707 Z370.739 F1000
G1 A49.568 F1000
G1 X-111.773 Y-28.707 Z390.739 F1000
G1 A40.566 F1000
G1 X-111.773 Y-28.707 Z410.739 F1000
G1 A29.451 F1000
G1 X-111.773 Y-28.707 Z430.739 F1000
G1 A10.923 F1000
G1 X-111.773 Y-28.707 Z450.739 F1000
G1 A0.0 F1000
G1 X-111.773 Y-28.707 Z470.739 F1000
G1 A0.0 F1000
G1 X-111.773 Y-28.707 Z490.739 F1000
G1 A77.164 F1000
G1 X-11.773 Y11.293 Z510.739 F1000
G1 A90 F1000
G1 X-11.773 Y11.293 Z530.739 F1000
G1 A90 F1000
G1 X-11.773 Y11.293 Z550.739 F1000
G1 X-216.501 Y207.672 F8000
M992
G3 X-255.575 Y-157.103 I216.501 J-207.672 F8000
G1 Z290.739 F8000
M991
G1 A78.223 F1000
G1 X-111.773 Y-68.707 Z290.739 F1000
G1 A78.223 F1000
G1 X-111.773 Y-68.707 Z310.739 F1000
G1 A71.626 F1000
G1 X-111.773 Y-68.707 Z330.739 F1000
G1 A64.765 F1000
G1 X-111.773 Y-68.707 Z350.739 F1000
G1 A57.491 F1000
G1 X-111.773 Y-68.707 Z370.739 F1000
G1 A49.568 F1000
G1 X-111.773 Y-68.707 Z390.739 F1000
G1 A40.566 F1000
G1 X-111.773 Y-68.707 Z410.739 F1000
G1 A29.451 F1000
G1 X-111.773 Y-68.707 Z430.739 F1000
G1 A10.923 F1000
G1 X-111.773 Y-68.707 Z450.739 F1000
G1 A0.0 F1000
G1 X-111.773 Y-68.707 Z470.739 F1000
G1 A0.0 F1000
G1 X-111.773 Y-68.707 Z490.739 F1000
G1 A78.663 F1000
G1 X-11.773 Y11.293 Z510.739 F1000
G1 A90 F1000
G1 X-11.773 Y11.293 Z530.739 F1000
G1 A90 F1000
G1 X-11.773 Y11.293 Z550.739 F1000
G1 X-216.501 Y207.672 F8000
M992
G3 X-215.705 Y-208.498 I216.501 J-207.672 F8000
G1 Z290.739 F8000
M991
G1 A78.223 F1000
G1 X-91.773 Y-88.707 Z290.739 F1000
G1 A78.223 F1000
G1 X-91.773 Y-88.707 Z310.739 F1000
G1 A71.626 F1000
G1 X-91.773 Y-88.707 Z330.739 F1000
G1 A64.765 F1000
G1 X-91.773 Y-88.707 Z350.739 F1000
G1 A57.491 F1000
G1 X-91.773 Y-88.707 Z370.739 F1000
G1 A49.568 F1000
G1 X-91.773 Y-88.707 Z390.739 F1000
G1 A40.566 F1000
G1 X-91.773 Y-88.707 Z410.739 F1000
G1 A29.451 F1000
G1 X-91.773 Y-88.707 Z430.739 F1000
G1 A10.923 F1000
G1 X-91.773 Y-88.707 Z450.739 F1000
G1 A0.0 F1000
G1 X-91.773 Y-88.707 Z470.739 F1000
G1 A0.0 F1000
G1 X-91.773 Y-88.707 Z490.739 F1000
G1 A81.026 F1000
G1 X-0.588 Y-0.809 Z510.739 F1000
G1 A90 F1000
G1 X-0.588 Y-0.809 Z530.739 F1000
G1 A90 F1000
G1 X-0.588 Y-0.809 Z550.739 F1000
G1 X-176.336 Y-242.705 F8000
M992
G3 X-188.7 Y-233.222 I176.336 J242.705 F8000
G1 Z290.739 F8000
M991
G1 A78.223 F1000
G1 X-71.773 Y-88.707 Z290.739 F1000
G1 A78.223 F1000
G1 X-71.773 Y-88.707 Z310.739 F1000
G1 A71.626 F1000
G1 X-71.773 Y-88.707 Z330.739 F1000
G1 A64.765 F1000
G1 X-71.773 Y-88.707 Z350.739 F1000
G1 A57.491 F1000
G1 X-71.773 Y-88.707 Z370.739 F1000
G1 A49.568 F1000
G1 X-71.773 Y-88.707 Z390.739 F1000
G1 A40.566 F1000
G1 X-71.773 Y-88.707 Z410.739 F1000
G1 A29.451 F1000
G1 X-71.773 Y-88.707 Z430.739 F1000
G1 A10.923 F1000
G1 X-71.773 Y-88.707 Z450.739 F1000
G1 A0.0 F1000
G1 X-71.773 Y-88.707 Z470.739 F1000
G1 A0.0 F1000
G1 X-71.773 Y-88.707 Z490.739 F1000
G1 A79.974 F1000
G1 X-0.407 Y-0.914 Z510.739 F1000
G1 A90 F1000
G1 X-0.407 Y-0.914 Z530.739 F1000
G1 A90 F1000
G1 X-0.407 Y-0.914 Z550.739 F1000
G1 X-122.021 Y-274.064 F8000
M992
G3 X-151.221 Y-259.099 I122.021 J274.064 F8000
G1 Z490.739 F8000
M991
G1 A78.88 F1000
G1 X-51.773 Y-88.707 Z490.739 F1000
G1 A78.88 F1000
G1 X-0.208 Y-0.978 Z510.739 F1000
G1 A90 F1000
G1 X-0.208 Y-0.978 Z530.739 F1000
G1 A90 F1000
G1 X-0.208 Y-0.978 Z550.739 F1000
G1 X-62.374 Y-293.444 F8000
M992
G3 X-39.469 Y-297.392 I62.374 J293.444 F8000
G1 Z490.739 F8000
M991
G1 A77.265 F1000
G1 X-11.773 Y-88.707 Z490.739 F1000
G1 A77.265 F1000
G1 X0.0 Y-1.0 Z510.739 F1000
G1 A90 F1000
G1 X0.0 Y-1.0 Z530.739 F1000
G1 A90 F1000
G1 X0.0 Y-1.0 Z550.739 F1000
G1 X0.0 Y-300.0 F8000
M992
G3 X27.704 Y-298.718 I-0.0 J300.0 F8000
G1 Z490.739 F8000
M991
G1 A77.209 F1000
G1 X8.227 Y-88.707 Z490.739 F1000
G1 A77.209 F1000
G1 X0.208 Y-0.978 Z510.739 F1000
G1 A90 F1000
G1 X0.208 Y-0.978 Z530.739 F1000
G1 A90 F1000
G1 X0.208 Y-0.978 Z550.739 F1000
G1 X62.374 Y-293.444 F8000
M992
G3 X90.967 Y-285.876 I-62.374 J293.444 F8000
G1 Z490.739 F8000
M991
G1 A77.747 F1000
G1 X28.227 Y-88.707 Z490.739 F1000
G1 A77.747 F1000
G1 X0.407 Y-0.914 Z510.739 F1000
G1 A90 F1000
G1 X0.407 Y-0.914 Z530.739 F1000
G1 A90 F1000
G1 X0.407 Y-0.914 Z550.739 F1000
G1 X122.021 Y-274.064 F8000
M992
G3 X143.292 Y-263.567 I-122.021 J274.064 F8000
G1 Z490.739 F8000
M991
G1 A78.687 F1000
G1 X48.227 Y-88.707 Z490.739 F1000
G1 A78.687 F1000
G1 X0.588 Y-0.809 Z510.739 F1000
G1 A90 F1000
G1 X0.588 Y-0.809 Z530.739 F1000
G1 A90 F1000
G1 X0.588 Y-0.809 Z550.739 F1000
G1 X176.336 Y-242.705 F8000
M992
G3 X236.694 Y-184.326 I-176.336 J242.705 F8000
G1 Z290.739 F8000
M991
G1 A78.223 F1000
G1 X88.227 Y-68.707 Z290.739 F1000
G1 A78.223 F1000
G1 X88.227 Y-68.707 Z310.739 F1000
G1 A71.626 F1000
G1 X88.227 Y-68.707 Z330.739 F1000
G1 A64.765 F1000
G1 X88.227 Y-68.707 Z350.739 F1000
G1 A57.491 F1000
G1 X88.227 Y-68.707 Z370.739 F1000
G1 A49.568 F1000
G1 X88.227 Y-68.707 Z390.739 F1000
G1 A40.566 F1000
G1 X88.227 Y-68.707 Z410.739 F1000
G1 A29.451 F1000
G1 X88.227 Y-68.707 Z430.739 F1000
G1 A10.923 F1000
G1 X88.227 Y-68.707 Z450.739 F1000
G1 A0.0 F1000
G1 X88.227 Y-68.707 Z470.739 F1000
G1 A0.0 F1000
G1 X88.227 Y-68.707 Z490.739 F1000
G1 A79.77 F1000
G1 X0.743 Y-0.669 Z510.739 F1000
G1 A90 F1000
G1 X0.743 Y-0.669 Z530.739 F1000
G1 A90 F1000
G1 X0.743 Y-0.669 Z550.739 F1000
G1 X222.943 Y-200.739 F8000
M992
G3 X285.279 Y-92.823 I-222.943 J200.739 F8000
G1 Z490.739 F8000
M991
G1 A77.709 F1000
G1 X88.227 Y-28.707 Z490.739 F1000
G1 A77.709 F1000
G1 X0.866 Y-0.5 Z510.739 F1000
G1 A90 F1000
G1 X0.866 Y-0.5 Z530.739 F1000
G1 A90 F1000
G1 X0.866 Y-0.5 Z550.739 F1000
G1 X259.808 Y-150.0 F8000
M992
G3 X298.55 Y-29.464 I-259.808 J150.0 F8000
G1 Z490.739 F8000
M991
G1 A77.15 F1000
G1 X88.227 Y-8.707 Z490.739 F1000
G1 A77.15 F1000
G1 X0.951 Y-0.309 Z510.739 F1000
G1 A90 F1000
G1 X0.951 Y-0.309 Z530.739 F1000
G1 A90 F1000
G1 X0.951 Y-0.309 Z550.739 F1000
G1 X285.317 Y-92.705 F8000
M992
G3 X297.572 Y38.089 I-285.317 J92.705 F8000
G1 Z490.739 F8000
M991
G1 A77.191 F1000
G1 X88.227 Y11.293 Z490.739 F1000
G1 A77.191 F1000
G1 X0.995 Y-0.105 Z510.739 F1000
G1 A90 F1000
G1 X0.995 Y-0.105 Z530.739 F1000
G1 A90 F1000
G1 X0.995 Y-0.105 Z550.739 F1000
G1 X298.357 Y-31.359 F8000
M992
G3 X282.742 Y100.285 I-298.357 J31.359 F8000
G1 Z490.739 F8000
M991
G1 A77.817 F1000
G1 X88.227 Y31.293 Z490.739 F1000
G1 A77.817 F1000
G1 X0.995 Y0.105 Z510.739 F1000
G1 A90 F1000
G1 X0.995 Y0.105 Z530.739 F1000
G1 A90 F1000
G1 X0.995 Y0.105 Z550.739 F1000
G1 X298.357 Y31.359 F8000
M992
G3 X259.355 Y150.782 I-298.357 J-31.359 F8000
G1 Z490.739 F8000
M991
G1 A78.807 F1000
G1 X88.227 Y51.293 Z490.739 F1000
G1 A78.807 F1000
G1 X0.951 Y0.309 Z510.739 F1000
G1 A90 F1000
G1 X0.951 Y0.309 Z530.739 F1000
G1 A90 F1000
G1 X0.951 Y0.309 Z550.739 F1000
G1 X285.317 Y92.705 F8000
M992
G3 X233.34 Y188.553 I-285.317 J-92.705 F8000
G1 Z290.739 F8000
M991
G1 A78.223 F1000
G1 X88.227 Y71.293 Z290.739 F1000
G1 A78.223 F1000
G1 X88.227 Y71.293 Z310.739 F1000
G1 A71.626 F1000
G1 X88.227 Y71.293 Z330.739 F1000
G1 A64.765 F1000
G1 X88.227 Y71.293 Z350.739 F1000
G1 A57.491 F1000
G1 X88.227 Y71.293 Z370.739 F1000
G1 A49.568 F1000
G1 X88.227 Y71.293 Z390.739 F1000
G1 A40.566 F1000
G1 X88.227 Y71.293 Z410.739 F1000
G1 A29.451 F1000
G1 X88.227 Y71.293 Z430.739 F1000
G1 A10.923 F1000
G1 X88.227 Y71.293 Z450.739 F1000
G1 A0.0 F1000
G1 X88.227 Y71.293 Z470.739 F1000
G1 A0.0 F1000
G1 X88.227 Y71.293 Z490.739 F1000
G1 A79.914 F1000
G1 X0.866 Y0.5 Z510.739 F1000
G1 A90 F1000
G1 X0.866 Y0.5 Z530.739 F1000
G1 A90 F1000
G1 X0.866 Y0.5 Z550.739 F1000
G1 X259.808 Y150.0 F8000
M992
G3 X186.367 Y235.09 I-259.808 J-150.0 F8000
G1 Z290.739 F8000
M991
G1 A78.223 F1000
G1 X88.227 Y111.293 Z290.739 F1000
G1 A78.223 F1000
G1 X88.227 Y111.293 Z310.739 F1000
G1 A71.626 F1000
G1 X88.227 Y111.293 Z330.739 F1000
G1 A64.765 F1000
G1 X88.227 Y111.293 Z350.739 F1000
G1 A57.491 F1000
G1 X88.227 Y111.293 Z370.739 F1000
G1 A49.568 F1000
G1 X88.227 Y111.293 Z390.739 F1000
G1 A40.566 F1000
G1 X88.227 Y111.293 Z410.739 F1000
G1 A29.451 F1000
G1 X88.227 Y111.293 Z430.739 F1000
G1 A10.923 F1000
G1 X88.227 Y111.293 Z450.739 F1000
G1 A0.0 F1000
G1 X88.227 Y111.293 Z470.739 F1000
G1 A0.0 F1000
G1 X88.227 Y111.293 Z490.739 F1000
G1 A81.929 F1000
G1 X0.743 Y0.669 Z510.739 F1000
G1 A90 F1000
G1 X0.743 Y0.669 Z530.739 F1000
G1 A90 F1000
G1 X0.743 Y0.669 Z550.739 F1000
G1 X222.943 Y200.739 F8000
M992
G3 X119.282 Y275.267 I-222.943 J-200.739 F8000
G1 Z290.739 F8000
M991
G1 A78.223 F1000
G1 X48.227 Y111.293 Z290.739 F1000
G1 A78.223 F1000
G1 X48.227 Y111.293 Z310.739 F1000
G1 A71.626 F1000
G1 X48.227 Y111.293 Z330.739 F1000
G1 A64.765 F1000
G1 X48.227 Y111.293 Z350.739 F1000
G1 A57.491 F1000
G1 X48.227 Y111.293 Z370.739 F1000
G1 A49.568 F1000
G1 X48.227 Y111.293 Z390.739 F1000
G1 A40.566 F1000
G1 X48.227 Y111.293 Z410.739 F1000
G1 A29.451 F1000
G1 X48.227 Y111.293 Z430.739 F1000
G1 A10.923 F1000
G1 X48.227 Y111.293 Z450.739 F1000
G1 A0.0 F1000
G1 X48.227 Y111.293 Z470.739 F1000
G1 A0.0 F1000
G1 X48.227 Y111.293 Z490.739 F1000
G1 A77.715 F1000
G1 X-11.773 Y11.293 Z510.739 F1000
G1 A90 F1000
G1 X-11.773 Y11.293 Z530.739 F1000
G1 A90 F1000
G1 X-11.773 Y11.293 Z550.739 F1000
G1 X-216.501 Y207.672 F8000
M992
G3 X73.753 Y290.793 I216.501 J-207.672 F8000
G1 Z290.739 F8000
M991
G1 A78.223 F1000
G1 X28.227 Y111.293 Z290.739 F1000
G1 A78.223 F1000
G1 X28.227 Y111.293 Z310.739 F1000
G1 A71.626 F1000
G1 X28.227 Y111.293 Z330.739 F1000
G1 A64.765 F1000
G1 X28.227 Y111.293 Z350.739 F1000
G1 A57.491 F1000
G1 X28.227 Y111.293 Z370.739 F1000
G1 A49.568 F1000
G1 X28.227 Y111.293 Z390.739 F1000
G1 A40.566 F1000
G1 X28.227 Y111.293 Z410.739 F1000
G1 A29.451 F1000
G1 X28.227 Y111.293 Z430.739 F1000
G1 A10.923 F1000
G1 X28.227 Y111.293 Z450.739 F1000
G1 A0.0 F1000
G1 X28.227 Y111.293 Z470.739 F1000
G1 A0.0 F1000
G1 X28.227 Y111.293 Z490.739 F1000
G1 A77.065 F1000
G1 X-11.773 Y11.293 Z510.739 F1000
G1 A90 F1000
G1 X-11.773 Y11.293 Z530.739 F1000
G1 A90 F1000
G1 X-11.773 Y11.293 Z550.739 F1000
G1 X-216.501 Y207.672 F8000
M992
G3 X22.116 Y299.184 I216.501 J-207.672 F8000
G1 Z290.739 F8000
M991
G1 A78.223 F1000
G1 X8.227 Y111.293 Z290.739 F1000
G1 A78.223 F1000
G1 X8.227 Y111.293 Z310.739 F1000
G1 A71.626 F1000
G1 X8.227 Y111.293 Z330.739 F1000
G1 A64.765 F1000
G1 X8.227 Y111.293 Z350.739 F1000
G1 A57.491 F1000
G1 X8.227 Y111.293 Z370.739 F1000
G1 A49.568 F1000
G1 X8.227 Y111.293 Z390.739 F1000
G1 A40.566 F1000
G1 X8.227 Y111.293 Z410.739 F1000
G1 A29.451 F1000
G1 X8.227 Y111.293 Z430.739 F1000
G1 A10.923 F1000
G1 X8.227 Y111.293 Z450.739 F1000
G1 A0.0 F1000
G1 X8.227 Y111.293 Z470.739 F1000
G1 A0.0 F1000
G1 X8.227 Y111.293 Z490.739 F1000
G1 A76.861 F1000
G1 X-11.773 Y11.293 Z510.739 F1000
G1 A90 F1000
G1 X-11.773 Y11.293 Z530.739 F1000
G1 A90 F1000
G1 X-11.773 Y11.293 Z550.739 F1000
G1 X-216.501 Y207.672 F8000
M992
G3 X-31.559 Y298.335 I216.501 J-207.672 F8000
G1 Z290.739 F8000
M991
G1 A78.223 F1000
G1 X-11.773 Y111.293 Z290.739 F1000
G1 A78.223 F1000
G1 X-11.773 Y111.293 Z310.739 F1000
G1 A71.626 F1000
G1 X-11.773 Y111.293 Z330.739 F1000
G1 A64.765 F1000
G1 X-11.773 Y111.293 Z350.739 F1000
G1 A57.491 F1000
G1 X-11.773 Y111.293 Z370.739 F1000
G1 A49.568 F1000
G1 X-11.773 Y111.293 Z390.739 F1000
G1 A40.566 F1000
G1 X-11.773 Y111.293 Z410.739 F1000
G1 A29.451 F1000
G1 X-11.773 Y111.293 Z430.739 F1000
G1 A10.923 F1000
G1 X-11.773 Y111.293 Z450.739 F1000
G1 A0.0 F1000
G1 X-11.773 Y111.293 Z470.739 F1000
G1 A0.0 F1000
G1 X-11.773 Y111.293 Z490.739 F1000
G1 A77.198 F1000
G1 X-11.773 Y11.293 Z510.739 F1000
G1 A90 F1000
G1 X-11.773 Y11.293 Z530.739 F1000
G1 A90 F1000
G1 X-11.773 Y11.293 Z550.739 F1000
G1 X-216.501 Y207.672 F8000
M992
G3 X-126.537 Y272.008 I216.501 J-207.672 F8000
G1 Z290.739 F8000
M991
G1 A78.223 F1000
G1 X-51.773 Y111.293 Z290.739 F1000
G1 A78.223 F1000
G1 X-51.773 Y111.293 Z310.739 F1000
G1 A71.626 F1000
G1 X-51.773 Y111.293 Z330.739 F1000
G1 A64.765 F1000
G1 X-51.773 Y111.293 Z350.739 F1000
G1 A57.491 F1000
G1 X-51.773 Y111.293 Z370.739 F1000
G1 A49.568 F1000
G1 X-51.773 Y111.293 Z390.739 F1000
G1 A40.566 F1000
G1 X-51.773 Y111.293 Z410.739 F1000
G1 A29.451 F1000
G1 X-51.773 Y111.293 Z430.739 F1000
G1 A10.923 F1000
G1 X-51.773 Y111.293 Z450.739 F1000
G1 A0.0 F1000
G1 X-51.773 Y111.293 Z470.739 F1000
G1 A0.0 F1000
G1 X-51.773 Y111.293 Z490.739 F1000
G1 A79.025 F1000
G1 X-11.773 Y11.293 Z510.739 F1000
G1 A90 F1000
G1 X-11.773 Y11.293 Z530.739 F1000
G1 A90 F1000
G1 X-11.773 Y11.293 Z550.739 F1000
G1 X-216.501 Y207.672 F8000
M992
G3 X-162.592 Y252.119 I216.501 J-207.672 F8000
G1 Z290.739 F8000
M991
G1 A78.223 F1000
G1 X-71.773 Y111.293 Z290.739 F1000
G1 A78.223 F1000
G1 X-71.773 Y111.293 Z310.739 F1000
G1 A71.626 F1000
G1 X-71.773 Y111.293 Z330.739 F1000
G1 A64.765 F1000
G1 X-71.773 Y111.293 Z350.739 F1000
G1 A57.491 F1000
G1 X-71.773 Y111.293 Z370.739 F1000
G1 A49.568 F1000
G1 X-71.773 Y111.293 Z390.739 F1000
G1 A40.566 F1000
G1 X-71.773 Y111.293 Z410.739 F1000
G1 A29.451 F1000
G1 X-71.773 Y111.293 Z430.739 F1000
G1 A10.923 F1000
G1 X-71.773 Y111.293 Z450.739 F1000
G1 A0.0 F1000
G1 X-71.773 Y111.293 Z470.739 F1000
G1 A0.0 F1000
G1 X-71.773 Y111.293 Z490.739 F1000
G1 A80.095 F1000
G1 X-11.773 Y11.293 Z510.739 F1000
G1 A90 F1000
G1 X-11.773 Y11.293 Z530.739 F1000
G1 A90 F1000
G1 X-11.773 Y11.293 Z550.739 F1000
G1 X-216.501 Y207.672 F8000
M992
G3 X-190.861 Y231.457 I216.501 J-207.672 F8000
G1 Z290.739 F8000
M991
G1 A78.223 F1000
G1 X-91.773 Y111.293 Z290.739 F1000
G1 A78.223 F1000
G1 X-91.773 Y111.293 Z310.739 F1000
G1 A71.626 F1000
G1 X-91.773 Y111.293 Z330.739 F1000
G1 A64.765 F1000
G1 X-91.773 Y111.293 Z350.739 F1000
G1 A57.491 F1000
G1 X-91.773 Y111.293 Z370.739 F1000
G1 A49.568 F1000
G1 X-91.773 Y111.293 Z390.739 F1000
G1 A40.566 F1000
G1 X-91.773 Y111.293 Z410.739 F1000
G1 A29.451 F1000
G1 X-91.773 Y111.293 Z430.739 F1000
G1 A10.923 F1000
G1 X-91.773 Y111.293 Z450.739 F1000
G1 A0.0 F1000
G1 X-91.773 Y111.293 Z470.739 F1000
G1 A0.0 F1000
G1 X-91.773 Y111.293 Z490.739 F1000
G1 A81.083 F1000
G1 X-11.773 Y11.293 Z510.739 F1000
G1 A90 F1000
G1 X-11.773 Y11.293 Z530.739 F1000
G1 A90 F1000
G1 X-11.773 Y11.293 Z550.739 F1000
G1 X-216.501 Y207.672 F8000
M992
G3 X-212.588 Y211.675 I216.501 J-207.672 F8000
G1 Z290.739 F8000
M991
G1 A78.223 F1000
G1 X-111.773 Y111.293 Z290.739 F1000
G1 A78.223 F1000
G1 X-111.773 Y111.293 Z310.739 F1000
G1 A71.626 F1000
G1 X-111.773 Y111.293 Z330.739 F1000
G1 A64.765 F1000
G1 X-111.773 Y111.293 Z350.739 F1000
G1 A57.491 F1000
G1 X-111.773 Y111.293 Z370.739 F1000
G1 A49.568 F1000
G1 X-111.773 Y111.293 Z390.739 F1000
G1 A40.566 F1000
G1 X-111.773 Y111.293 Z410.739 F1000
G1 A29.451 F1000
G1 X-111.773 Y111.293 Z430.739 F1000
G1 A10.923 F1000
G1 X-111.773 Y111.293 Z450.739 F1000
G1 A0.0 F1000
G1 X-111.773 Y111.293 Z470.739 F1000
G1 A0.0 F1000
G1 X-111.773 Y111.293 Z490.739 F1000
G1 A81.95 F1000
G1 X-11.773 Y11.293 Z510.739 F1000
G1 A90 F1000
G1 X-11.773 Y11.293 Z530.739 F1000
G1 A90 F1000
G1 X-11.773 Y11.293 Z550.739 F1000
G1 X-216.501 Y207.672 F8000
M992
G3 X-252.93 Y161.328 I216.501 J-207.672 F8000
G1 Z290.739 F8000
M991
G1 A78.223 F1000
G1 X-111.773 Y71.293 Z290.739 F1000
G1 A78.223 F1000
G1 X-111.773 Y71.293 Z310.739 F1000
G1 A71.626 F1000
G1 X-111.773 Y71.293 Z330.739 F1000
G1 A64.765 F1000
G1 X-111.773 Y71.293 Z350.739 F1000
G1 A57.491 F1000
G1 X-111.773 Y71.293 Z370.739 F1000
G1 A49.568 F1000
G1 X-111.773 Y71.293 Z390.739 F1000
G1 A40.566 F1000
G1 X-111.773 Y71.293 Z410.739 F1000
G1 A29.451 F1000
G1 X-111.773 Y71.293 Z430.739 F1000
G1 A10.923 F1000
G1 X-111.773 Y71.293 Z450.739 F1000
G1 A0.0 F1000
G1 X-111.773 Y71.293 Z470.739 F1000
G1 A0.0 F1000
G1 X-111.773 Y71.293 Z490.739 F1000
G1 A80.144 F1000
G1 X-11.773 Y11.293 Z510.739 F1000
G1 A90 F1000
G1 X-11.773 Y11.293 Z530.739 F1000
G1 A90 F1000
G1 X-11.773 Y11.293 Z550.739 F1000
G1 X-216.501 Y207.672 F8000
M992
G3 X-272.661 Y125.125 I216.501 J-207.672 F8000
G1 Z290.739 F8000
M991
G1 A78.223 F1000
G1 X-111.773 Y51.293 Z290.739 F1000
G1 A78.223 F1000
G1 X-111.773 Y51.293 Z310.739 F1000
G1 A71.626 F1000
G1 X-111.773 Y51.293 Z330.739 F1000
G1 A64.765 F1000
G1 X-111.773 Y51.293 Z350.739 F1000
G1 A57.491 F1000
G1 X-111.773 Y51.293 Z370.739 F1000
G1 A49.568 F1000
G1 X-111.773 Y51.293 Z390.739 F1000
G1 A40.566 F1000
G1 X-111.773 Y51.293 Z410.739 F1000
G1 A29.451 F1000
G1 X-111.773 Y51.293 Z430.739 F1000
G1 A10.923 F1000
G1 X-111.773 Y51.293 Z450.739 F1000
G1 A0.0 F1000
G1 X-111.773 Y51.293 Z470.739 F1000
G1 A0.0 F1000
G1 X-111.773 Y51.293 Z490.739 F1000
G1 A79.105 F1000
G1 X-11.773 Y11.293 Z510.739 F1000
G1 A90 F1000
G1 X-11.773 Y11.293 Z530.739 F1000
G1 A90 F1000
G1 X-11.773 Y11.293 Z550.739 F1000
G1 X-216.501 Y207.672 F8000
M992
G3 X-288.892 Y80.88 I216.501 J-207.672 F8000
G1 Z290.739 F8000
M991
G1 A78.223 F1000
G1 X-111.773 Y31.293 Z290.739 F1000
G1 A78.223 F1000
G1 X-111.773 Y31.293 Z310.739 F1000
G1 A71.626 F1000
G1 X-111.773 Y31.293 Z330.739 F1000
G1 A64.765 F1000
G1 X-111.773 Y31.293 Z350.739 F1000
G1 A57.491 F1000
G1 X-111.773 Y31.293 Z370.739 F1000
G1 A49.568 F1000
G1 X-111.773 Y31.293 Z390.739 F1000
G1 A40.566 F1000
G1 X-111.773 Y31.293 Z410.739 F1000
G1 A29.451 F1000
G1 X-111.773 Y31.293 Z430.739 F1000
G1 A10.923 F1000
G1 X-111.773 Y31.293 Z450.739 F1000
G1 A0.0 F1000
G1 X-111.773 Y31.293 Z470.739 F1000
G1 A0.0 F1000
G1 X-111.773 Y31.293 Z490.739 F1000
G1 A78.099 F1000
G1 X-11.773 Y11.293 Z510.739 F1000
G1 A90 F1000
G1 X-11.773 Y11.293 Z530.739 F1000
G1 A90 F1000
G1 X-11.773 Y11.293 Z550.739 F1000
G1 X-216.501 Y207.672 F8000
M992
G3 X-298.48 Y30.157 I216.501 J-207.672 F8000
G1 Z290.739 F8000
M991
G1 A78.223 F1000
G1 X-111.773 Y11.293 Z290.739 F1000
G1 A78.223 F1000
G1 X-111.773 Y11.293 Z310.739 F1000
G1 A71.626 F1000
G1 X-111.773 Y11.293 Z330.739 F1000
G1 A64.765 F1000
G1 X-111.773 Y11.293 Z350.739 F1000
G1 A57.491 F1000
G1 X-111.773 Y11.293 Z370.739 F1000
G1 A49.568 F1000
G1 X-111.773 Y11.293 Z390.739 F1000
G1 A40.566 F1000
G1 X-111.773 Y11.293 Z410.739 F1000
G1 A29.451 F1000
G1 X-111.773 Y11.293 Z430.739 F1000
G1 A10.923 F1000
G1 X-111.773 Y11.293 Z450.739 F1000
G1 A0.0 F1000
G1 X-111.773 Y11.293 Z470.739 F1000
G1 A0.0 F1000
G1 X-111.773 Y11.293 Z490.739 F1000
G1 A77.321 F1000
G1 X-11.773 Y11.293 Z510.739 F1000
G1 A90 F1000
G1 X-11.773 Y11.293 Z530.739 F1000
G1 A90 F1000
G1 X-11.773 Y11.293 Z550.739 F1000
G1 X-216.501 Y207.672 F8000
M992
G3 X-299.094 Y-23.299 I216.501 J-207.672 F8000
G1 Z290.739 F8000
M991
G1 A78.223 F1000
G1 X-111.773 Y-8.707 Z290.739 F1000
G1 A78.223 F1000
G1 X-111.773 Y-8.707 Z310.739 F1000
G1 A71.626 F1000
G1 X-111.773 Y-8.707 Z330.739 F1000
G1 A64.765 F1000
G1 X-111.773 Y-8.707 Z350.739 F1000
G1 A57.491 F1000
G1 X-111.773 Y-8.707 Z370.739 F1000
G1 A49.568 F1000
G1 X-111.773 Y-8.707 Z390.739 F1000
G1 A40.566 F1000
G1 X-111.773 Y-8.707 Z410.739 F1000
G1 A29.451 F1000
G1 X-111.773 Y-8.707 Z430.739 F1000
G1 A10.923 F1000
G1 X-111.773 Y-8.707 Z450.739 F1000
G1 A0.0 F1000
G1 X-111.773 Y-8.707 Z470.739 F1000
G1 A0.0 F1000
G1 X-111.773 Y-8.707 Z490.739 F1000
G1 A76.98 F1000
G1 X-11.773 Y11.293 Z510.739 F1000
G1 A90 F1000
G1 X-11.773 Y11.293 Z530.739 F1000
G1 A90 F1000
G1 X-11.773 Y11.293 Z550.739 F1000
G1 X-216.501 Y207.672 F8000
M992
G3 X-290.57 Y-74.628 I216.501 J-207.672 F8000
G1 Z290.739 F8000
M991
G1 A78.223 F1000
G1 X-111.773 Y-28.707 Z290.739 F1000
G1 A78.223 F1000
G1 X-111.773 Y-28.707 Z310.739 F1000
G1 A71.626 F1000
G1 X-111.773 Y-28.707 Z330.739 F1000
G1 A64.765 F1000
G1 X-111.773 Y-28.707 Z350.739 F1000
G1 A57.491 F1000
G1 X-111.773 Y-28.707 Z370.739 F1000
G1 A49.568 F1000
G1 X-111.773 Y-28.707 Z390.739 F1000
G1 A40.566 F1000
G1 X-111.773 Y-28.707 Z410.739 F1000
G1 A29.451 F1000
G1 X-111.773 Y-28.707 Z430.739 F1000
G1 A10.923 F1000
G1 X-111.773 Y-28.707 Z450.739 F1000
G1 A0.0 F1000
G1 X-111.773 Y-28.707 Z470.739 F1000
G1 A0.0 F1000
G1 X-111.773 Y-28.707 Z490.739 F1000
G1 A77.164 F1000
G1 X-11.773 Y11.293 Z510.739 F1000
G1 A90 F1000
G1 X-11.773 Y11.293 Z530.739 F1000
G1 A90 F1000
G1 X-11.773 Y11.293 Z550.739 F1000
G1 X-216.501 Y207.672 F8000
M992
G3 X-255.575 Y-157.103 I216.501 J-207.672 F8000
G1 Z290.739 F8000
M991
G1 A78.223 F1000
G1 X-111.773 Y-68.707 Z290.739 F1000
G1 A78.223 F1000
G1 X-111.773 Y-68.707 Z310.739 F1000
G1 A71.626 F1000
G1 X-111.773 Y-68.707 Z330.739 F1000
G1 A64.765 F1000
G1 X-111.773 Y-68.707 Z350.739 F1000
G1 A57.491 F1000
G1 X-111.773 Y-68.707 Z370.739 F1000
G1 A49.568 F1000
G1 X-111.773 Y-68.707 Z390.739 F1000
G1 A40.566 F1000
G1 X-111.773 Y-68.707 Z410.739 F1000
G1 A29.451 F1000
G1 X-111.773 Y-68.707 Z430.739 F1000
G1 A10.923 F1000
G1 X-111.773 Y-68.707 Z450.739 F1000
G1 A0.0 F1000
G1 X-111.773 Y-68.707 Z470.739 F1000
G1 A0.0 F1000
G1 X-111.773 Y-68.707 Z490.739 F1000
G1 A78.663 F1000
G1 X-11.773 Y11.293 Z510.739 F1000
G1 A90 F1000
G1 X-11.773 Y11.293 Z530.739 F1000
G1 A90 F1000
G1 X-11.773 Y11.293 Z550.739 F1000
G1 X-216.501 Y207.672 F8000
M992
G3 X-215.705 Y-208.498 I216.501 J-207.672 F8000
G1 Z290.739 F8000
M991
G1 A78.223 F1000
G1 X-91.773 Y-88.707 Z290.739 F1000
G1 A78.223 F1000
G1 X-91.773 Y-88.707 Z310.739 F1000
G1 A71.626 F1000
G1 X-91.773 Y-88.707 Z330.739 F1000
G1 A64.765 F1000
G1 X-91.773 Y-88.707 Z350.739 F1000
G1 A57.491 F1000
G1 X-91.773 Y-88.707 Z370.739 F1000
G1 A49.568 F1000
G1 X-91.773 Y-88.707 Z390.739 F1000
G1 A40.566 F1000
G1 X-91.773 Y-88.707 Z410.739 F1000
G1 A29.451 F1000
G1 X-91.773 Y-88.707 Z430.739 F1000
G1 A10.923 F1000
G1 X-91.773 Y-88.707 Z450.739 F1000
G1 A0.0 F1000
G1 X-91.773 Y-88.707 Z470.739 F1000
G1 A0.0 F1000
G1 X-91.773 Y-88.707 Z490.739 F1000
G1 A81.026 F1000
G1 X-0.588 Y-0.809 Z510.739 F1000
G1 A90 F1000
G1 X-0.588 Y-0.809 Z530.739 F1000
G1 A90 F1000
G1 X-0.588 Y-0.809 Z550.739 F1000
G1 X-176.336 Y-242.705 F8000
M992
G3 X-188.7 Y-233.222 I176.336 J242.705 F8000
G1 Z290.739 F8000
M991
G1 A78.223 F1000
G1 X-71.773 Y-88.707 Z290.739 F1000
G1 A78.223 F1000
G1 X-71.773 Y-88.707 Z310.739 F1000
G1 A71.626 F1000
G1 X-71.773 Y-88.707 Z330.739 F1000
G1 A64.765 F1000
G1 X-71.773 Y-88.707 Z350.739 F1000
G1 A57.491 F1000
G1 X-71.773 Y-88.707 Z370.739 F1000
G1 A49.568 F1000
G1 X-71.773 Y-88.707 Z390.739 F1000
G1 A40.566 F1000
G1 X-71.773 Y-88.707 Z410.739 F1000
G1 A29.451 F1000
G1 X-71.773 Y-88.707 Z430.739 F1000
G1 A10.923 F1000
G1 X-71.773 Y-88.707 Z450.739 F1000
G1 A0.0 F1000
G1 X-71.773 Y-88.707 Z470.739 F1000
G1 A0.0 F1000
G1 X-71.773 Y-88.707 Z490.739 F1000
G1 A79.974 F1000
G1 X-0.407 Y-0.914 Z510.739 F1000
G1 A90 F1000
G1 X-0.407 Y-0.914 Z530.739 F1000
G1 A90 F1000
G1 X-0.407 Y-0.914 Z550.739 F1000
G1 X-122.021 Y-274.064 F8000
M992
G3 X-151.221 Y-259.099 I122.021 J274.064 F8000
G1 Z490.739 F8000
M991
G1 A78.88 F1000
G1 X-51.773 Y-88.707 Z490.739 F1000
G1 A78.88 F1000
G1 X-0.208 Y-0.978 Z510.739 F1000
G1 A90 F1000
G1 X-0.208 Y-0.978 Z530.739 F1000
G1 A90 F1000
G1 X-0.208 Y-0.978 Z550.739 F1000
G1 X-62.374 Y-293.444 F8000
M992
G3 X-39.469 Y-297.392 I62.374 J293.444 F8000
G1 Z490.739 F8000
M991
G1 A77.265 F1000
G1 X-11.773 Y-88.707 Z490.739 F1000
G1 A77.265 F1000
G1 X0.0 Y-1.0 Z510.739 F1000
G1 A90 F1000
G1 X0.0 Y-1.0 Z530.739 F1000
G1 A90 F1000
G1 X0.0 Y-1.0 Z550.739 F1000
G1 X0.0 Y-300.0 F8000
M992
G3 X27.704 Y-298.718 I-0.0 J300.0 F8000
G1 Z490.739 F8000
M991
G1 A77.209 F1000
G1 X8.227 Y-88.707 Z490.739 F1000
G1 A77.209 F1000
G1 X0.208 Y-0.978 Z510.739 F1000
G1 A90 F1000
G1 X0.208 Y-0.978 Z530.739 F1000
G1 A90 F1000
G1 X0.208 Y-0.978 Z550.739 F1000
G1 X62.374 Y-293.444 F8000
M992
G3 X90.967 Y-285.876 I-62.374 J293.444 F8000
G1 Z490.739 F8000
M991
G1 A77.747 F1000
G1 X28.227 Y-88.707 Z490.739 F1000
G1 A77.747 F1000
G1 X0.407 Y-0.914 Z510.739 F1000
G1 A90 F1000
G1 X0.407 Y-0.914 Z530.739 F1000
G1 A90 F1000
G1 X0.407 Y-0.914 Z550.739 F1000
G1 X122.021 Y-274.064 F8000
M992
G3 X143.292 Y-263.567 I-122.021 J274.064 F8000
G1 Z490.739 F8000
M991
G1 A78.687 F1000
G1 X48.227 Y-88.707 Z490.739 F1000
G1 A78.687 F1000
G1 X0.588 Y-0.809 Z510.739 F1000
G1 A90 F1000
G1 X0.588 Y-0.809 Z530.739 F1000
G1 A90 F1000
G1 X0.588 Y-0.809 Z550.739 F1000
G1 X176.336 Y-242.705 F8000
M992
G3 X236.694 Y-184.326 I-176.336 J242.705 F8000
G1 Z290.739 F8000
M991
G1 A78.223 F1000
G1 X88.227 Y-68.707 Z290.739 F1000
G1 A78.223 F1000
G1 X88.227 Y-68.707 Z310.739 F1000
G1 A71.626 F1000
G1 X88.227 Y-68.707 Z330.739 F1000
G1 A64.765 F1000
G1 X88.227 Y-68.707 Z350.739 F1000
G1 A57.491 F1000
G1 X88.227 Y-68.707 Z370.739 F1000
G1 A49.568 F1000
G1 X88.227 Y-68.707 Z390.739 F1000
G1 A40.566 F1000
G1 X88.227 Y-68.707 Z410.739 F1000
G1 A29.451 F1000
G1 X88.227 Y-68.707 Z430.739 F1000
G1 A10.923 F1000
G1 X88.227 Y-68.707 Z450.739 F1000
G1 A0.0 F1000
G1 X88.227 Y-68.707 Z470.739 F1000
G1 A0.0 F1000
G1 X88.227 Y-68.707 Z490.739 F1000
G1 A79.77 F1000
G1 X0.743 Y-0.669 Z510.739 F1000
G1 A90 F1000
G1 X0.743 Y-0.669 Z530.739 F1000
G1 A90 F1000
G1 X0.743 Y-0.669 Z550.739 F1000
G1 X222.943 Y-200.739 F8000
M992
G3 X285.279 Y-92.823 I-222.943 J200.739 F8000
G1 Z490.739 F8000
M991
G1 A77.709 F1000
G1 X88.227 Y-28.707 Z490.739 F1000
G1 A77.709 F1000
G1 X0.866 Y-0.5 Z510.739 F1000
G1 A90 F1000
G1 X0.866 Y-0.5 Z530.739 F1000
G1 A90 F1000
G1 X0.866 Y-0.5 Z550.739 F1000
G1 X259.808 Y-150.0 F8000
M992
G3 X298.55 Y-29.464 I-259.808 J150.0 F8000
G1 Z490.739 F8000
M991
G1 A77.15 F1000
G1 X88.227 Y-8.707 Z490.739 F1000
G1 A77.15 F1000
G1 X0.951 Y-0.309 Z510.739 F1000
G1 A90 F1000
G1 X0.951 Y-0.309 Z530.739 F1000
G1 A90 F1000
G1 X0.951 Y-0.309 Z550.739 F1000
G1 X285.317 Y-92.705 F8000
M992
G3 X297.572 Y38.089 I-285.317 J92.705 F8000
G1 Z490.739 F8000
M991
G1 A77.191 F1000
G1 X88.227 Y11.293 Z490.739 F1000
G1 A77.191 F1000
G1 X0.995 Y-0.105 Z510.739 F1000
G1 A90 F1000
G1 X0.995 Y-0.105 Z530.739 F1000
G1 A90 F1000
G1 X0.995 Y-0.105 Z550.739 F1000
G1 X298.357 Y-31.359 F8000
M992
G3 X282.742 Y100.285 I-298.357 J31.359 F8000
G1 Z490.739 F8000
M991
G1 A77.817 F1000
G1 X88.227 Y31.293 Z490.739 F1000
G1 A77.817 F1000
G1 X0.995 Y0.105 Z510.739 F1000
G1 A90 F1000
G1 X0.995 Y0.105 Z530.739 F1000
G1 A90 F1000
G1 X0.995 Y0.105 Z550.739 F1000
G1 X298.357 Y31.359 F8000
M992
G3 X259.355 Y150.782 I-298.357 J-31.359 F8000
G1 Z490.739 F8000
M991
G1 A78.807 F1000
G1 X88.227 Y51.293 Z490.739 F1000
G1 A78.807 F1000
G1 X0.951 Y0.309 Z510.739 F1000
G1 A90 F1000
G1 X0.951 Y0.309 Z530.739 F1000
G1 A90 F1000
G1 X0.951 Y0.309 Z550.739 F1000
G1 X285.317 Y92.705 F8000
M992
G3 X233.34 Y188.553 I-285.317 J-92.705 F8000
G1 Z290.739 F8000
M991
G1 A78.223 F1000
G1 X88.227 Y71.293 Z290.739 F1000
G1 A78.223 F1000
G1 X88.227 Y71.293 Z310.739 F1000
G1 A71.626 F1000
G1 X88.227 Y71.293 Z330.739 F1000
G1 A64.765 F1000
G1 X88.227 Y71.293 Z350.739 F1000
G1 A57.491 F1000
G1 X88.227 Y71.293 Z370.739 F1000
G1 A49.568 F1000
G1 X88.227 Y71.293 Z390.739 F1000
G1 A40.566 F1000
G1 X88.227 Y71.293 Z410.739 F1000
G1 A29.451 F1000
G1 X88.227 Y71.293 Z430.739 F1000
G1 A10.923 F1000
G1 X88.227 Y71.293 Z450.739 F1000
G1 A0.0 F1000
G1 X88.227 Y71.293 Z470.739 F1000
G1 A0.0 F1000
G1 X88.227 Y71.293 Z490.739 F1000
G1 A79.914 F1000
G1 X0.866 Y0.5 Z510.739 F1000
G1 A90 F1000
G1 X0.866 Y0.5 Z530.739 F1000
G1 A90 F1000
G1 X0.866 Y0.5 Z550.739 F1000
G1 X259.808 Y150.0 F8000
M992
G3 X186.367 Y235.09 I-259.808 J-150.0 F8000
G1 Z290.739 F8000
M991
G1 A78.223 F1000
G1 X88.227 Y111.293 Z290.739 F1000
G1 A78.223 F1000
G1 X88.227 Y111.293 Z310.739 F1000
G1 A71.626 F1000
G1 X88.227 Y111.293 Z330.739 F1000
G1 A64.765 F1000
G1 X88.227 Y111.293 Z350.739 F1000
G1 A57.491 F1000
G1 X88.227 Y111.293 Z370.739 F1000
G1 A49.568 F1000
G1 X88.227 Y111.293 Z390.739 F1000
G1 A40.566 F1000
G1 X88.227 Y111.293 Z410.739 F1000
G1 A29.451 F1000
G1 X88.227 Y111.293 Z430.739 F1000
G1 A10.923 F1000
G1 X88.227 Y111.293 Z450.739 F1000
G1 A0.0 F1000
G1 X88.227 Y111.293 Z470.739 F1000
G1 A0.0 F1000
G1 X88.227 Y111.293 Z490.739 F1000
G1 A81.929 F1000
G1 X0.743 Y0.669 Z510.739 F1000
G1 A90 F1000
G1 X0.743 Y0.669 Z530.739 F1000
G1 A90 F1000
G1 X0.743 Y0.669 Z550.739 F1000
G1 X222.943 Y200.739 F8000
M992
G3 X119.282 Y275.267 I-222.943 J-200.739 F8000
G1 Z290.739 F8000
M991
G1 A78.223 F1000
G1 X48.227 Y111.293 Z290.739 F1000
G1 A78.223 F1000
G1 X48.227 Y111.293 Z310.739 F1000
G1 A71.626 F1000
G1 X48.227 Y111.293 Z330.739 F1000
G1 A64.765 F1000
G1 X48.227 Y111.293 Z350.739 F1000
G1 A57.491 F1000
G1 X48.227 Y111.293 Z370.739 F1000
G1 A49.568 F1000
G1 X48.227 Y111.293 Z390.739 F1000
G1 A40.566 F1000
G1 X48.227 Y111.293 Z410.739 F1000
G1 A29.451 F1000
G1 X48.227 Y111.293 Z430.739 F1000
G1 A10.923 F1000
G1 X48.227 Y111.293 Z450.739 F1000
G1 A0.0 F1000
G1 X48.227 Y111.293 Z470.739 F1000
G1 A0.0 F1000
G1 X48.227 Y111.293 Z490.739 F1000
G1 A77.715 F1000
G1 X-11.773 Y11.293 Z510.739 F1000
G1 A90 F1000
G1 X-11.773 Y11.293 Z530.739 F1000
G1 A90 F1000
G1 X-11.773 Y11.293 Z550.739 F1000
G1 X-216.501 Y207.672 F8000
M992
G3 X73.753 Y290.793 I216.501 J-207.672 F8000
G1 Z290.739 F8000
M991
G1 A78.223 F1000
G1 X28.227 Y111.293 Z290.739 F1000
G1 A78.223 F1000
G1 X28.227 Y111.293 Z310.739 F1000
G1 A71.626 F1000
G1 X28.227 Y111.293 Z330.739 F1000
G1 A64.765 F1000
G1 X28.227 Y111.293 Z350.739 F1000
G1 A57.491 F1000
G1 X28.227 Y111.293 Z370.739 F1000
G1 A49.568 F1000
G1 X28.227 Y111.293 Z390.739 F1000
G1 A40.566 F1000
G1 X28.227 Y111.293 Z410.739 F1000
G1 A29.451 F1000
G1 X28.227 Y111.293 Z430.739 F1000
G1 A10.923 F1000
G1 X28.227 Y111.293 Z450.739 F1000
G1 A0.0 F1000
G1 X28.227 Y111.293 Z470.739 F1000
G1 A0.0 F1000
G1 X28.227 Y111.293 Z490.739 F1000
G1 A77.065 F1000
G1 X-11.773 Y11.293 Z510.739 F1000
G1 A90 F1000
G1 X-11.773 Y11.293 Z530.739 F1000
G1 A90 F1000
G1 X-11.773 Y11.293 Z550.739 F1000
G1 X-216.501 Y207.672 F8000
M992
G3 X22.116 Y299.184 I216.501 J-207.672 F8000
G1 Z290.739 F8000
M991
G1 A78.223 F1000
G1 X8.227 Y111.293 Z290.739 F1000
G1 A78.223 F1000
G1 X8.227 Y111.293 Z310.739 F1000
G1 A71.626 F1000
G1 X8.227 Y111.293 Z330.739 F1000
G1 A64.765 F1000
G1 X8.227 Y111.293 Z350.739 F1000
G1 A57.491 F1000
G1 X8.227 Y111.293 Z370.739 F1000
G1 A49.568 F1000
G1 X8.227 Y111.293 Z390.739 F1000
G1 A40.566 F1000
G1 X8.227 Y111.293 Z410.739 F1000
G1 A29.451 F1000
G1 X8.227 Y111.293 Z430.739 F1000
G1 A10.923 F1000
G1 X8.227 Y111.293 Z450.739 F1000
G1 A0.0 F1000
G1 X8.227 Y111.293 Z470.739 F1000
G1 A0.0 F1000
G1 X8.227 Y111.293 Z490.739 F1000
G1 A76.861 F1000
G1 X-11.773 Y11.293 Z510.739 F1000
G1 A90 F1000
G1 X-11.773 Y11.293 Z530.739 F1000
G1 A90 F1000
G1 X-11.773 Y11.293 Z550.739 F1000
G1 X-216.501 Y207.672 F8000
M992
G3 X-31.559 Y298.335 I216.501 J-207.672 F8000
G1 Z290.739 F8000
M991
G1 A78.223 F1000
G1 X-11.773 Y111.293 Z290.739 F1000
G1 A78.223 F1000
G1 X-11.773 Y111.293 Z310.739 F1000
G1 A71.626 F1000
G1 X-11.773 Y111.293 Z330.739 F1000
G1 A64.765 F1000
G1 X-11.773 Y111.293 Z350.739 F1000
G1 A57.491 F1000
G1 X-11.773 Y111.293 Z370.739 F1000
G1 A49.568 F1000
G1 X-11.773 Y111.293 Z390.739 F1000
G1 A40.566 F1000
G1 X-11.773 Y111.293 Z410.739 F1000
G1 A29.451 F1000
G1 X-11.773 Y111.293 Z430.739 F1000
G1 A10.923 F1000
G1 X-11.773 Y111.293 Z450.739 F1000
G1 A0.0 F1000
G1 X-11.773 Y111.293 Z470.739 F1000
G1 A0.0 F1000
G1 X-11.773 Y111.293 Z490.739 F1000
G1 A77.198 F1000
G1 X-11.773 Y11.293 Z510.739 F1000
G1 A90 F1000
G1 X-11.773 Y11.293 Z530.739 F1000
G1 A90 F1000
G1 X-11.773 Y11.293 Z550.739 F1000
G1 X-216.501 Y207.672 F8000
M992
G3 X-126.537 Y272.008 I216.501 J-207.672 F8000
G1 Z290.739 F8000
M991
G1 A78.223 F1000
G1 X-51.773 Y111.293 Z290.739 F1000
G1 A78.223 F1000
G1 X-51.773 Y111.293 Z310.739 F1000
G1 A71.626 F1000
G1 X-51.773 Y111.293 Z330.739 F1000
G1 A64.765 F1000
G1 X-51.773 Y111.293 Z350.739 F1000
G1 A57.491 F1000
G1 X-51.773 Y111.293 Z370.739 F1000
G1 A49.568 F1000
G1 X-51.773 Y111.293 Z390.739 F1000
G1 A40.566 F1000
G1 X-51.773 Y111.293 Z410.739 F1000
G1 A29.451 F1000
G1 X-51.773 Y111.293 Z430.739 F1000
G1 A10.923 F1000
G1 X-51.773 Y111.293 Z450.739 F1000
G1 A0.0 F1000
G1 X-51.773 Y111.293 Z470.739 F1000
G1 A0.0 F1000
G1 X-51.773 Y111.293 Z490.739 F1000
G1 A79.025 F1000
G1 X-11.773 Y11.293 Z510.739 F1000
G1 A90 F1000
G1 X-11.773 Y11.293 Z530.739 F1000
G1 A90 F1000
G1 X-11.773 Y11.293 Z550.739 F1000
G1 X-216.501 Y207.672 F8000
M992
G3 X-162.592 Y252.119 I216.501 J-207.672 F8000
G1 Z290.739 F8000
M991
G1 A78.223 F1000
G1 X-71.773 Y111.293 Z290.739 F1000
G1 A78.223 F1000
G1 X-71.773 Y111.293 Z310.739 F1000
G1 A71.626 F1000
G1 X-71.773 Y111.293 Z330.739 F1000
G1 A64.765 F1000
G1 X-71.773 Y111.293 Z350.739 F1000
G1 A57.491 F1000
G1 X-71.773 Y111.293 Z370.739 F1000
G1 A49.568 F1000
G1 X-71.773 Y111.293 Z390.739 F1000
G1 A40.566 F1000
G1 X-71.773 Y111.293 Z410.739 F1000
G1 A29.451 F1000
G1 X-71.773 Y111.293 Z430.739 F1000
G1 A10.923 F1000
G1 X-71.773 Y111.293 Z450.739 F1000
G1 A0.0 F1000
G1 X-71.773 Y111.293 Z470.739 F1000
G1 A0.0 F1000
G1 X-71.773 Y111.293 Z490.739 F1000
G1 A80.095 F1000
G1 X-11.773 Y11.293 Z510.739 F1000
G1 A90 F1000
G1 X-11.773 Y11.293 Z530.739 F1000
G1 A90 F1000
G1 X-11.773 Y11.293 Z550.739 F1000
G1 X-216.501 Y207.672 F8000
M992
G3 X-190.861 Y231.457 I216.501 J-207.672 F8000
G1 Z290.739 F8000
M991
G1 A78.223 F1000
G1 X-91.773 Y111.293 Z290.739 F1000
G1 A78.223 F1000
G1 X-91.773 Y111.293 Z310.739 F1000
G1 A71.626 F1000
G1 X-91.773 Y111.293 Z330.739 F1000
G1 A64.765 F1000
G1 X-91.773 Y111.293 Z350.739 F1000
G1 A57.491 F1000
G1 X-91.773 Y111.293 Z370.739 F1000
G1 A49.568 F1000
G1 X-91.773 Y111.293 Z390.739 F1000
G1 A40.566 F1000
G1 X-91.773 Y111.293 Z410.739 F1000
G1 A29.451 F1000
G1 X-91.773 Y111.293 Z430.739 F1000
G1 A10.923 F1000
G1 X-91.773 Y111.293 Z450.739 F1000
G1 A0.0 F1000
G1 X-91.773 Y111.293 Z470.739 F1000
G1 A0.0 F1000
G1 X-91.773 Y111.293 Z490.739 F1000
G1 A81.083 F1000
G1 X-11.773 Y11.293 Z510.739 F1000
G1 A90 F1000
G1 X-11.773 Y11.293 Z530.739 F1000
G1 A90 F1000
G1 X-11.773 Y11.293 Z550.739 F1000
G1 X-216.501 Y207.672 F8000
M992
G3 X-212.588 Y211.675 I216.501 J-207.672 F8000
G1 Z290.739 F8000
M991
G1 A78.223 F1000
G1 X-111.773 Y111.293 Z290.739 F1000
G1 A78.223 F1000
G1 X-111.773 Y111.293 Z310.739 F1000
G1 A71.626 F1000
G1 X-111.773 Y111.293 Z330.739 F1000
G1 A64.765 F1000
G1 X-111.773 Y111.293 Z350.739 F1000
G1 A57.491 F1000
G1 X-111.773 Y111.293 Z370.739 F1000
G1 A49.568 F1000
G1 X-111.773 Y111.293 Z390.739 F1000
G1 A40.566 F1000
G1 X-111.773 Y111.293 Z410.739 F1000
G1 A29.451 F1000
G1 X-111.773 Y111.293 Z430.739 F1000
G1 A10.923 F1000
G1 X-111.773 Y111.293 Z450.739 F1000
G1 A0.0 F1000
G1 X-111.773 Y111.293 Z470.739 F1000
G1 A0.0 F1000
G1 X-111.773 Y111.293 Z490.739 F1000
G1 A81.95 F1000
G1 X-11.773 Y11.293 Z510.739 F1000
G1 A90 F1000
G1 X-11.773 Y11.293 Z530.739 F1000
G1 A90 F1000
G1 X-11.773 Y11.293 Z550.739 F1000
G1 X-216.501 Y207.672 F8000
M992
G3 X-252.93 Y161.328 I216.501 J-207.672 F8000
G1 Z290.739 F8000
M991
G1 A78.223 F1000
G1 X-111.773 Y71.293 Z290.739 F1000
G1 A78.223 F1000
G1 X-111.773 Y71.293 Z310.739 F1000
G1 A71.626 F1000
G1 X-111.773 Y71.293 Z330.739 F1000
G1 A64.765 F1000
G1 X-111.773 Y71.293 Z350.739 F1000
G1 A57.491 F1000
G1 X-111.773 Y71.293 Z370.739 F1000
G1 A49.568 F1000
G1 X-111.773 Y71.293 Z390.739 F1000
G1 A40.566 F1000
G1 X-111.773 Y71.293 Z410.739 F1000
G1 A29.451 F1000
G1 X-111.773 Y71.293 Z430.739 F1000
G1 A10.923 F1000
G1 X-111.773 Y71.293 Z450.739 F1000
G1 A0.0 F1000
G1 X-111.773 Y71.293 Z470.739 F1000
G1 A0.0 F1000
G1 X-111.773 Y71.293 Z490.739 F1000
G1 A80.144 F1000
G1 X-11.773 Y11.293 Z510.739 F1000
G1 A90 F1000
G1 X-11.773 Y11.293 Z530.739 F1000
G1 A90 F1000
G1 X-11.773 Y11.293 Z550.739 F1000
G1 X-216.501 Y207.672 F8000
M992
G3 X-272.661 Y125.125 I216.501 J-207.672 F8000
G1 Z290.739 F8000
M991
G1 A78.223 F1000
G1 X-111.773 Y51.293 Z290.739 F1000
G1 A78.223 F1000
G1 X-111.773 Y51.293 Z310.739 F1000
G1 A71.626 F1000
G1 X-111.773 Y51.293 Z330.739 F1000
G1 A64.765 F1000
G1 X-111.773 Y51.293 Z350.739 F1000
G1 A57.491 F1000
G1 X-111.773 Y51.293 Z370.739 F1000
G1 A49.568 F1000
G1 X-111.773 Y51.293 Z390.739 F1000
G1 A40.566 F1000
G1 X-111.773 Y51.293 Z410.739 F1000
G1 A29.451 F1000
G1 X-111.773 Y51.293 Z430.739 F1000
G1 A10.923 F1000
G1 X-111.773 Y51.293 Z450.739 F1000
G1 A0.0 F1000
G1 X-111.773 Y51.293 Z470.739 F1000
G1 A0.0 F1000
G1 X-111.773 Y51.293 Z490.739 F1000
G1 A79.105 F1000
G1 X-11.773 Y11.293 Z510.739 F1000
G1 A90 F1000
G1 X-11.773 Y11.293 Z530.739 F1000
G1 A90 F1000
G1 X-11.773 Y11.293 Z550.739 F1000
G1 X-216.501 Y207.672 F8000
M992
G3 X-288.892 Y80.88 I216.501 J-207.672 F8000
G1 Z290.739 F8000
M991
G1 A78.223 F1000
G1 X-111.773 Y31.293 Z290.739 F1000
G1 A78.223 F1000
G1 X-111.773 Y31.293 Z310.739 F1000
G1 A71.626 F1000
G1 X-111.773 Y31.293 Z330.739 F1000
G1 A64.765 F1000
G1 X-111.773 Y31.293 Z350.739 F1000
G1 A57.491 F1000
G1 X-111.773 Y31.293 Z370.739 F1000
G1 A49.568 F1000
G1 X-111.773 Y31.293 Z390.739 F1000
G1 A40.566 F1000
G1 X-111.773 Y31.293 Z410.739 F1000
G1 A29.451 F1000
G1 X-111.773 Y31.293 Z430.739 F1000
G1 A10.923 F1000
G1 X-111.773 Y31.293 Z450.739 F1000
G1 A0.0 F1000
G1 X-111.773 Y31.293 Z470.739 F1000
G1 A0.0 F1000
G1 X-111.773 Y31.293 Z490.739 F1000
G1 A78.099 F1000
G1 X-11.773 Y11.293 Z510.739 F1000
G1 A90 F1000
G1 X-11.773 Y11.293 Z530.739 F1000
G1 A90 F1000
G1 X-11.773 Y11.293 Z550.739 F1000
G1 X-216.501 Y207.672 F8000
M992
G3 X-298.48 Y30.157 I216.501 J-207.672 F8000
G1 Z290.739 F8000
M991
G1 A78.223 F1000
G1 X-111.773 Y11.293 Z290.739 F1000
G1 A78.223 F1000
G1 X-111.773 Y11.293 Z310.739 F1000
G1 A71.626 F1000
G1 X-111.773 Y11.293 Z330.739 F1000
G1 A64.765 F1000
G1 X-111.773 Y11.293 Z350.739 F1000
G1 A57.491 F1000
G1 X-111.773 Y11.293 Z370.739 F1000
G1 A49.568 F1000
G1 X-111.773 Y11.293 Z390.739 F1000
G1 A40.566 F1000
G1 X-111.773 Y11.293 Z410.739 F1000
G1 A29.451 F1000
G1 X-111.773 Y11.293 Z430.739 F1000
G1 A10.923 F1000
G1 X-111.773 Y11.293 Z450.739 F1000
G1 A0.0 F1000
G1 X-111.773 Y11.293 Z470.739 F1000
G1 A0.0 F1000
G1 X-111.773 Y11.293 Z490.739 F1000
G1 A77.321 F1000
G1 X-11.773 Y11.293 Z510.739 F1000
G1 A90 F1000
G1 X-11.773 Y11.293 Z530.739 F1000
G1 A90 F1000
G1 X-11.773 Y11.293 Z550.739 F1000
G1 X-216.501 Y207.672 F8000
M992
G3 X-299.094 Y-23.299 I216.501 J-207.672 F8000
G1 Z290.739 F8000
M991
G1 A78.223 F1000
G1 X-111.773 Y-8.707 Z290.739 F1000
G1 A78.223 F1000
G1 X-111.773 Y-8.707 Z310.739 F1000
G1 A71.626 F1000
G1 X-111.773 Y-8.707 Z330.739 F1000
G1 A64.765 F1000
G1 X-111.773 Y-8.707 Z350.739 F1000
G1 A57.491 F1000
G1 X-111.773 Y-8.707 Z370.739 F1000
G1 A49.568 F1000
G1 X-111.773 Y-8.707 Z390.739 F1000
G1 A40.566 F1000
G1 X-111.773 Y-8.707 Z410.739 F1000
G1 A29.451 F1000
G1 X-111.773 Y-8.707 Z430.739 F1000
G1 A10.923 F1000
G1 X-111.773 Y-8.707 Z450.739 F1000
G1 A0.0 F1000
G1 X-111.773 Y-8.707 Z470.739 F1000
G1 A0.0 F1000
G1 X-111.773 Y-8.707 Z490.739 F1000
G1 A76.98 F1000
G1 X-11.773 Y11.293 Z510.739 F1000
G1 A90 F1000
G1 X-11.773 Y11.293 Z530.739 F1000
G1 A90 F1000
G1 X-11.773 Y11.293 Z550.739 F1000
G1 X-216.501 Y207.672 F8000
M992
G3 X-290.57 Y-74.628 I216.501 J-207.672 F8000
G1 Z290.739 F8000
M991
G1 A78.223 F1000
G1 X-111.773 Y-28.707 Z290.739 F1000
G1 A78.223 F1000
G1 X-111.773 Y-28.707 Z310.739 F1000
G1 A71.626 F1000
G1 X-111.773 Y-28.707 Z330.739 F1000
G1 A64.765 F1000
G1 X-111.773 Y-28.707 Z350.739 F1000
G1 A57.491 F1000
G1 X-111.773 Y-28.707 Z370.739 F1000
G1 A49.568 F1000
G1 X-111.773 Y-28.707 Z390.739 F1000
G1 A40.566 F1000
G1 X-111.773 Y-28.707 Z410.739 F1000
G1 A29.451 F1000
G1 X-111.773 Y-28.707 Z430.739 F1000
G1 A10.923 F1000
G1 X-111.773 Y-28.707 Z450.739 F1000
G1 A0.0 F1000
G1 X-111.773 Y-28.707 Z470.739 F1000
G1 A0.0 F1000
G1 X-111.773 Y-28.707 Z490.739 F1000
G1 A77.164 F1000
G1 X-11.773 Y11.293 Z510.739 F1000
G1 A90 F1000
G1 X-11.773 Y11.293 Z530.739 F1000
G1 A90 F1000
G1 X-11.773 Y11.293 Z550.739 F1000
G1 X-216.501 Y207.672 F8000
M992
G3 X-255.575 Y-157.103 I216.501 J-207.672 F8000
G1 Z290.739 F8000
M991
G1 A78.223 F1000
G1 X-111.773 Y-68.707 Z290.739 F1000
G1 A78.223 F1000
G1 X-111.773 Y-68.707 Z310.739 F1000
G1 A71.626 F1000
G1 X-111.773 Y-68.707 Z330.739 F1000
G1 A64.765 F1000
G1 X-111.773 Y-68.707 Z350.739 F1000
G1 A57.491 F1000
G1 X-111.773 Y-68.707 Z370.739 F1000
G1 A49.568 F1000
G1 X-111.773 Y-68.707 Z390.739 F1000
G1 A40.566 F1000
G1 X-111.773 Y-68.707 Z410.739 F1000
G1 A29.451 F1000
G1 X-111.773 Y-68.707 Z430.739 F1000
G1 A10.923 F1000
G1 X-111.773 Y-68.707 Z450.739 F1000
G1 A0.0 F1000
G1 X-111.773 Y-68.707 Z470.739 F1000
G1 A0.0 F1000
G1 X-111.773 Y-68.707 Z490.739 F1000
G1 A78.663 F1000
G1 X-11.773 Y11.293 Z510.739 F1000
G1 A90 F1000
G1 X-11.773 Y11.293 Z530.739 F1000
G1 A90 F1000
G1 X-11.773 Y11.293 Z550.739 F1000
G1 X-216.501 Y207.672 F8000
M992
G3 X-215.705 Y-208.498 I216.501 J-207.672 F8000
G1 Z290.739 F8000
M991
G1 A78.223 F1000
G1 X-91.773 Y-88.707 Z290.739 F1000
G1 A78.223 F1000
G1 X-91.773 Y-88.707 Z310.739 F1000
G1 A71.626 F1000
G1 X-91.773 Y-88.707 Z330.739 F1000
G1 A64.765 F1000
G1 X-91.773 Y-88.707 Z350.739 F1000
G1 A57.491 F1000
G1 X-91.773 Y-88.707 Z370.739 F1000
G1 A49.568 F1000
G1 X-91.773 Y-88.707 Z390.739 F1000
G1 A40.566 F1000
G1 X-91.773 Y-88.707 Z410.739 F1000
G1 A29.451 F1000
G1 X-91.773 Y-88.707 Z430.739 F1000
G1 A10.923 F1000
G1 X-91.773 Y-88.707 Z450.739 F1000
G1 A0.0 F1000
G1 X-91.773 Y-88.707 Z470.739 F1000
G1 A0.0 F1000
G1 X-91.773 Y-88.707 Z490.739 F1000
G1 A81.026 F1000
G1 X-0.588 Y-0.809 Z510.739 F1000
G1 A90 F1000
G1 X-0.588 Y-0.809 Z530.739 F1000
G1 A90 F1000
G1 X-0.588 Y-0.809 Z550.739 F1000
G1 X-176.336 Y-242.705 F8000
M992
G3 X-188.7 Y-233.222 I176.336 J242.705 F8000
G1 Z290.739 F8000
M991
G1 A78.223 F1000
G1 X-71.773 Y-88.707 Z290.739 F1000
G1 A78.223 F1000
G1 X-71.773 Y-88.707 Z310.739 F1000
G1 A71.626 F1000
G1 X-71.773 Y-88.707 Z330.739 F1000
G1 A64.765 F1000
G1 X-71.773 Y-88.707 Z350.739 F1000
G1 A57.491 F1000
G1 X-71.773 Y-88.707 Z370.739 F1000
G1 A49.568 F1000
G1 X-71.773 Y-88.707 Z390.739 F1000
G1 A40.566 F1000
G1 X-71.773 Y-88.707 Z410.739 F1000
G1 A29.451 F1000
G1 X-71.773 Y-88.707 Z430.739 F1000
G1 A10.923 F1000
G1 X-71.773 Y-88.707 Z450.739 F1000
G1 A0.0 F1000
G1 X-71.773 Y-88.707 Z470.739 F1000
G1 A0.0 F1000
G1 X-71.773 Y-88.707 Z490.739 F1000
G1 A79.974 F1000
G1 X-0.407 Y-0.914 Z510.739 F1000
G1 A90 F1000
G1 X-0.407 Y-0.914 Z530.739 F1000
G1 A90 F1000
G1 X-0.407 Y-0.914 Z550.739 F1000
G1 X-122.021 Y-274.064 F8000
M992
G3 X-151.221 Y-259.099 I122.021 J274.064 F8000
G1 Z490.739 F8000
M991
G1 A78.88 F1000
G1 X-51.773 Y-88.707 Z490.739 F1000
G1 A78.88 F1000
G1 X-0.208 Y-0.978 Z510.739 F1000
G1 A90 F1000
G1 X-0.208 Y-0.978 Z530.739 F1000
G1 A90 F1000
G1 X-0.208 Y-0.978 Z550.739 F1000
G1 X-62.374 Y-293.444 F8000
M992
G3 X-39.469 Y-297.392 I62.374 J293.444 F8000
G1 Z490.739 F8000
M991
G1 A77.265 F1000
G1 X-11.773 Y-88.707 Z490.739 F1000
G1 A77.265 F1000
G1 X0.0 Y-1.0 Z510.739 F1000
G1 A90 F1000
G1 X0.0 Y-1.0 Z530.739 F1000
G1 A90 F1000
G1 X0.0 Y-1.0 Z550.739 F1000
G1 X0.0 Y-300.0 F8000
M992
G3 X27.704 Y-298.718 I-0.0 J300.0 F8000
G1 Z490.739 F8000
M991
G1 A77.209 F1000
G1 X8.227 Y-88.707 Z490.739 F1000
G1 A77.209 F1000
G1 X0.225 Y-0.974 Z510.739 F1000
G1 A90 F1000
G1 X0.225 Y-0.974 Z530.739 F1000
G1 A90 F1000
G1 X0.225 Y-0.974 Z550.739 F1000
G1 X67.485 Y-292.311 F8000
M992
G3 X90.967 Y-285.876 I-67.485 J292.311 F8000
G1 Z490.739 F8000
M991
G1 A77.748 F1000
G1 X28.227 Y-88.707 Z490.739 F1000
G1 A77.748 F1000
G1 X0.438 Y-0.899 Z510.739 F1000
G1 A90 F1000
G1 X0.438 Y-0.899 Z530.739 F1000
G1 A90 F1000
G1 X0.438 Y-0.899 Z550.739 F1000
G1 X131.511 Y-269.638 F8000
M992
G3 X182.898 Y-237.799 I-131.511 J269.638 F8000
G1 Z290.739 F8000
M991
G1 A78.223 F1000
G1 X68.227 Y-88.707 Z290.739 F1000
G1 A78.223 F1000
G1 X68.227 Y-88.707 Z310.739 F1000
G1 A71.626 F1000
G1 X68.227 Y-88.707 Z330.739 F1000
G1 A64.765 F1000
G1 X68.227 Y-88.707 Z350.739 F1000
G1 A57.491 F1000
G1 X68.227 Y-88.707 Z370.739 F1000
G1 A49.568 F1000
G1 X68.227 Y-88.707 Z390.739 F1000
G1 A40.566 F1000
G1 X68.227 Y-88.707 Z410.739 F1000
G1 A29.451 F1000
G1 X68.227 Y-88.707 Z430.739 F1000
G1 A10.923 F1000
G1 X68.227 Y-88.707 Z450.739 F1000
G1 A0.0 F1000
G1 X68.227 Y-88.707 Z470.739 F1000
G1 A0.0 F1000
G1 X68.227 Y-88.707 Z490.739 F1000
G1 A79.778 F1000
G1 X0.629 Y-0.777 Z510.739 F1000
G1 A90 F1000
G1 X0.629 Y-0.777 Z530.739 F1000
G1 A90 F1000
G1 X0.629 Y-0.777 Z550.739 F1000
G1 X188.796 Y-233.144 F8000
M992
G3 X262.635 Y-144.992 I-188.796 J233.144 F8000
G1 Z490.739 F8000
M991
G1 A78.667 F1000
G1 X88.227 Y-48.707 Z490.739 F1000
G1 A78.667 F1000
G1 X0.788 Y-0.616 Z510.739 F1000
G1 A90 F1000
G1 X0.788 Y-0.616 Z530.739 F1000
G1 A90 F1000
G1 X0.788 Y-0.616 Z550.739 F1000
G1 X236.403 Y-184.698 F8000
M992
G3 X285.279 Y-92.823 I-236.403 J184.698 F8000
G1 Z490.739 F8000
M991
G1 A77.707 F1000
G1 X88.227 Y-28.707 Z490.739 F1000
G1 A77.707 F1000
G1 X0.906 Y-0.423 Z510.739 F1000
G1 A90 F1000
G1 X0.906 Y-0.423 Z530.739 F1000
G1 A90 F1000
G1 X0.906 Y-0.423 Z550.739 F1000
G1 X271.892 Y-126.785 F8000
M992
G3 X298.55 Y-29.464 I-271.892 J126.785 F8000
G1 Z490.739 F8000
M991
G1 A77.148 F1000
G1 X88.227 Y-8.707 Z490.739 F1000
G1 A77.148 F1000
G1 X0.978 Y-0.208 Z510.739 F1000
G1 A90 F1000
G1 X0.978 Y-0.208 Z530.739 F1000
G1 A90 F1000
G1 X0.978 Y-0.208 Z550.739 F1000
G1 X293.444 Y-62.374 F8000
M992
G3 X282.742 Y100.285 I-293.444 J62.374 F8000
G1 Z490.739 F8000
M991
G1 A77.819 F1000
G1 X88.227 Y31.293 Z490.739 F1000
G1 A77.819 F1000
G1 X1.0 Y0.017 Z510.739 F1000
G1 A90 F1000
G1 X1.0 Y0.017 Z530.739 F1000
G1 A90 F1000
G1 X1.0 Y0.017 Z550.739 F1000
G1 X299.954 Y5.236 F8000
M992
G3 X259.355 Y150.782 I-299.954 J-5.236 F8000
G1 Z490.739 F8000
M991
G1 A78.808 F1000
G1 X88.227 Y51.293 Z490.739 F1000
G1 A78.808 F1000
G1 X0.97 Y0.242 Z510.739 F1000
G1 A90 F1000
G1 X0.97 Y0.242 Z530.739 F1000
G1 A90 F1000
G1 X0.97 Y0.242 Z550.739 F1000
G1 X291.089 Y72.577 F8000
M992
G3 X233.34 Y188.553 I-291.089 J-72.577 F8000
G1 Z290.739 F8000
M991
G1 A78.223 F1000
G1 X88.227 Y71.293 Z290.739 F1000
G1 A78.223 F1000
G1 X88.227 Y71.293 Z310.739 F1000
G1 A71.626 F1000
G1 X88.227 Y71.293 Z330.739 F1000
G1 A64.765 F1000
G1 X88.227 Y71.293 Z350.739 F1000
G1 A57.491 F1000
G1 X88.227 Y71.293 Z370.739 F1000
G1 A49.568 F1000
G1 X88.227 Y71.293 Z390.739 F1000
G1 A40.566 F1000
G1 X88.227 Y71.293 Z410.739 F1000
G1 A29.451 F1000
G1 X88.227 Y71.293 Z430.739 F1000
G1 A10.923 F1000
G1 X88.227 Y71.293 Z450.739 F1000
G1 A0.0 F1000
G1 X88.227 Y71.293 Z470.739 F1000
G1 A0.0 F1000
G1 X88.227 Y71.293 Z490.739 F1000
G1 A79.915 F1000
G1 X0.891 Y0.454 Z510.739 F1000
G1 A90 F1000
G1 X0.891 Y0.454 Z530.739 F1000
G1 A90 F1000
G1 X0.891 Y0.454 Z550.739 F1000
G1 X267.302 Y136.197 F8000
M992
G3 X186.367 Y235.09 I-267.302 J-136.197 F8000
G1 Z290.739 F8000
M991
G1 A78.223 F1000
G1 X88.227 Y111.293 Z290.739 F1000
G1 A78.223 F1000
G1 X88.227 Y111.293 Z310.739 F1000
G1 A71.626 F1000
G1 X88.227 Y111.293 Z330.739 F1000
G1 A64.765 F1000
G1 X88.227 Y111.293 Z350.739 F1000
G1 A57.491 F1000
G1 X88.227 Y111.293 Z370.739 F1000
G1 A49.568 F1000
G1 X88.227 Y111.293 Z390.739 F1000
G1 A40.566 F1000
G1 X88.227 Y111.293 Z410.739 F1000
G1 A29.451 F1000
G1 X88.227 Y111.293 Z430.739 F1000
G1 A10.923 F1000
G1 X88.227 Y111.293 Z450.739 F1000
G1 A0.0 F1000
G1 X88.227 Y111.293 Z470.739 F1000
G1 A0.0 F1000
G1 X88.227 Y111.293 Z490.739 F1000
G1 A81.929 F1000
G1 X0.766 Y0.643 Z510.739 F1000
G1 A90 F1000
G1 X0.766 Y0.643 Z530.739 F1000
G1 A90 F1000
G1 X0.766 Y0.643 Z550.739 F1000
G1 X229.813 Y192.836 F8000
M992
G3 X119.282 Y275.267 I-229.813 J-192.836 F8000
G1 Z290.739 F8000
M991
G1 A78.223 F1000
G1 X48.227 Y111.293 Z290.739 F1000
G1 A78.223 F1000
G1 X48.227 Y111.293 Z310.739 F1000
G1 A71.626 F1000
G1 X48.227 Y111.293 Z330.739 F1000
G1 A64.765 F1000
G1 X48.227 Y111.293 Z350.739 F1000
G1 A57.491 F1000
G1 X48.227 Y111.293 Z370.739 F1000
G1 A49.568 F1000
G1 X48.227 Y111.293 Z390.739 F1000
G1 A40.566 F1000
G1 X48.227 Y111.293 Z410.739 F1000
G1 A29.451 F1000
G1 X48.227 Y111.293 Z430.739 F1000
G1 A10.923 F1000
G1 X48.227 Y111.293 Z450.739 F1000
G1 A0.0 F1000
G1 X48.227 Y111.293 Z470.739 F1000
G1 A0.0 F1000
G1 X48.227 Y111.293 Z490.739 F1000
G1 A77.715 F1000
G1 X-11.773 Y11.293 Z510.739 F1000
G1 A90 F1000
G1 X-11.773 Y11.293 Z530.739 F1000
G1 A90 F1000
G1 X-11.773 Y11.293 Z550.739 F1000
G1 X-216.501 Y207.672 F8000
M992
G3 X73.753 Y290.793 I216.501 J-207.672 F8000
G1 Z290.739 F8000
M991
G1 A78.223 F1000
G1 X28.227 Y111.293 Z290.739 F1000
G1 A78.223 F1000
G1 X28.227 Y111.293 Z310.739 F1000
G1 A71.626 F1000
G1 X28.227 Y111.293 Z330.739 F1000
G1 A64.765 F1000
G1 X28.227 Y111.293 Z350.739 F1000
G1 A57.491 F1000
G1 X28.227 Y111.293 Z370.739 F1000
G1 A49.568 F1000
G1 X28.227 Y111.293 Z390.739 F1000
G1 A40.566 F1000
G1 X28.227 Y111.293 Z410.739 F1000
G1 A29.451 F1000
G1 X28.227 Y111.293 Z430.739 F1000
G1 A10.923 F1000
G1 X28.227 Y111.293 Z450.739 F1000
G1 A0.0 F1000
G1 X28.227 Y111.293 Z470.739 F1000
G1 A0.0 F1000
G1 X28.227 Y111.293 Z490.739 F1000
G1 A77.065 F1000
G1 X-11.773 Y11.293 Z510.739 F1000
G1 A90 F1000
G1 X-11.773 Y11.293 Z530.739 F1000
G1 A90 F1000
G1 X-11.773 Y11.293 Z550.739 F1000
G1 X-216.501 Y207.672 F8000
M992
G3 X-31.559 Y298.335 I216.501 J-207.672 F8000
G1 Z290.739 F8000
M991
G1 A78.223 F1000
G1 X-11.773 Y111.293 Z290.739 F1000
G1 A78.223 F1000
G1 X-11.773 Y111.293 Z310.739 F1000
G1 A71.626 F1000
G1 X-11.773 Y111.293 Z330.739 F1000
G1 A64.765 F1000
G1 X-11.773 Y111.293 Z350.739 F1000
G1 A57.491 F1000
G1 X-11.773 Y111.293 Z370.739 F1000
G1 A49.568 F1000
G1 X-11.773 Y111.293 Z390.739 F1000
G1 A40.566 F1000
G1 X-11.773 Y111.293 Z410.739 F1000
G1 A29.451 F1000
G1 X-11.773 Y111.293 Z430.739 F1000
G1 A10.923 F1000
G1 X-11.773 Y111.293 Z450.739 F1000
G1 A0.0 F1000
G1 X-11.773 Y111.293 Z470.739 F1000
G1 A0.0 F1000
G1 X-11.773 Y111.293 Z490.739 F1000
G1 A77.198 F1000
G1 X-11.773 Y11.293 Z510.739 F1000
G1 A90 F1000
G1 X-11.773 Y11.293 Z530.739 F1000
G1 A90 F1000
G1 X-11.773 Y11.293 Z550.739 F1000
G1 X-216.501 Y207.672 F8000
M992
G3 X-82.357 Y288.474 I216.501 J-207.672 F8000
G1 Z290.739 F8000
M991
G1 A78.223 F1000
G1 X-31.773 Y111.293 Z290.739 F1000
G1 A78.223 F1000
G1 X-31.773 Y111.293 Z310.739 F1000
G1 A71.626 F1000
G1 X-31.773 Y111.293 Z330.739 F1000
G1 A64.765 F1000
G1 X-31.773 Y111.293 Z350.739 F1000
G1 A57.491 F1000
G1 X-31.773 Y111.293 Z370.739 F1000
G1 A49.568 F1000
G1 X-31.773 Y111.293 Z390.739 F1000
G1 A40.566 F1000
G1 X-31.773 Y111.293 Z410.739 F1000
G1 A29.451 F1000
G1 X-31.773 Y111.293 Z430.739 F1000
G1 A10.923 F1000
G1 X-31.773 Y111.293 Z450.739 F1000
G1 A0.0 F1000
G1 X-31.773 Y111.293 Z470.739 F1000
G1 A0.0 F1000
G1 X-31.773 Y111.293 Z490.739 F1000
G1 A77.991 F1000
G1 X-11.773 Y11.293 Z510.739 F1000
G1 A90 F1000
G1 X-11.773 Y11.293 Z530.739 F1000
G1 A90 F1000
G1 X-11.773 Y11.293 Z550.739 F1000
G1 X-216.501 Y207.672 F8000
M992
G3 X-126.537 Y272.008 I216.501 J-207.672 F8000
G1 Z290.739 F8000
M991
G1 A78.223 F1000
G1 X-51.773 Y111.293 Z290.739 F1000
G1 A78.223 F1000
G1 X-51.773 Y111.293 Z310.739 F1000
G1 A71.626 F1000
G1 X-51.773 Y111.293 Z330.739 F1000
G1 A64.765 F1000
G1 X-51.773 Y111.293 Z350.739 F1000
G1 A57.491 F1000
G1 X-51.773 Y111.293 Z370.739 F1000
G1 A49.568 F1000
G1 X-51.773 Y111.293 Z390.739 F1000
G1 A40.566 F1000
G1 X-51.773 Y111.293 Z410.739 F1000
G1 A29.451 F1000
G1 X-51.773 Y111.293 Z430.739 F1000
G1 A10.923 F1000
G1 X-51.773 Y111.293 Z450.739 F1000
G1 A0.0 F1000
G1 X-51.773 Y111.293 Z470.739 F1000
G1 A0.0 F1000
G1 X-51.773 Y111.293 Z490.739 F1000
G1 A79.025 F1000
G1 X-11.773 Y11.293 Z510.739 F1000
G1 A90 F1000
G1 X-11.773 Y11.293 Z530.739 F1000
G1 A90 F1000
G1 X-11.773 Y11.293 Z550.739 F1000
G1 X-216.501 Y207.672 F8000
M992
G3 X-162.592 Y252.119 I216.501 J-207.672 F8000
G1 Z290.739 F8000
M991
G1 A78.223 F1000
G1 X-71.773 Y111.293 Z290.739 F1000
G1 A78.223 F1000
G1 X-71.773 Y111.293 Z310.739 F1000
G1 A71.626 F1000
G1 X-71.773 Y111.293 Z330.739 F1000
G1 A64.765 F1000
G1 X-71.773 Y111.293 Z350.739 F1000
G1 A57.491 F1000
G1 X-71.773 Y111.293 Z370.739 F1000
G1 A49.568 F1000
G1 X-71.773 Y111.293 Z390.739 F1000
G1 A40.566 F1000
G1 X-71.773 Y111.293 Z410.739 F1000
G1 A29.451 F1000
G1 X-71.773 Y111.293 Z430.739 F1000
G1 A10.923 F1000
G1 X-71.773 Y111.293 Z450.739 F1000
G1 A0.0 F1000
G1 X-71.773 Y111.293 Z470.739 F1000
G1 A0.0 F1000
G1 X-71.773 Y111.293 Z490.739 F1000
G1 A80.095 F1000
G1 X-11.773 Y11.293 Z510.739 F1000
G1 A90 F1000
G1 X-11.773 Y11.293 Z530.739 F1000
G1 A90 F1000
G1 X-11.773 Y11.293 Z550.739 F1000
G1 X-216.501 Y207.672 F8000
M992
G3 X-212.588 Y211.675 I216.501 J-207.672 F8000
G1 Z290.739 F8000
M991
G1 A78.223 F1000
G1 X-111.773 Y111.293 Z290.739 F1000
G1 A78.223 F1000
G1 X-111.773 Y111.293 Z310.739 F1000
G1 A71.626 F1000
G1 X-111.773 Y111.293 Z330.739 F1000
G1 A64.765 F1000
G1 X-111.773 Y111.293 Z350.739 F1000
G1 A57.491 F1000
G1 X-111.773 Y111.293 Z370.739 F1000
G1 A49.568 F1000
G1 X-111.773 Y111.293 Z390.739 F1000
G1 A40.566 F1000
G1 X-111.773 Y111.293 Z410.739 F1000
G1 A29.451 F1000
G1 X-111.773 Y111.293 Z430.739 F1000
G1 A10.923 F1000
G1 X-111.773 Y111.293 Z450.739 F1000
G1 A0.0 F1000
G1 X-111.773 Y111.293 Z470.739 F1000
G1 A0.0 F1000
G1 X-111.773 Y111.293 Z490.739 F1000
G1 A81.95 F1000
G1 X-11.773 Y11.293 Z510.739 F1000
G1 A90 F1000
G1 X-11.773 Y11.293 Z530.739 F1000
G1 A90 F1000
G1 X-11.773 Y11.293 Z550.739 F1000
G1 X-216.501 Y207.672 F8000
M992
G3 X-232.348 Y189.775 I216.501 J-207.672 F8000
G1 Z290.739 F8000
M991
G1 A78.223 F1000
G1 X-111.773 Y91.293 Z290.739 F1000
G1 A78.223 F1000
G1 X-111.773 Y91.293 Z310.739 F1000
G1 A71.626 F1000
G1 X-111.773 Y91.293 Z330.739 F1000
G1 A64.765 F1000
G1 X-111.773 Y91.293 Z350.739 F1000
G1 A57.491 F1000
G1 X-111.773 Y91.293 Z370.739 F1000
G1 A49.568 F1000
G1 X-111.773 Y91.293 Z390.739 F1000
G1 A40.566 F1000
G1 X-111.773 Y91.293 Z410.739 F1000
G1 A29.451 F1000
G1 X-111.773 Y91.293 Z430.739 F1000
G1 A10.923 F1000
G1 X-111.773 Y91.293 Z450.739 F1000
G1 A0.0 F1000
G1 X-111.773 Y91.293 Z470.739 F1000
G1 A0.0 F1000
G1 X-111.773 Y91.293 Z490.739 F1000
G1 A81.105 F1000
G1 X-11.773 Y11.293 Z510.739 F1000
G1 A90 F1000
G1 X-11.773 Y11.293 Z530.739 F1000
G1 A90 F1000
G1 X-11.773 Y11.293 Z550.739 F1000
G1 X-216.501 Y207.672 F8000
M992
G3 X-252.93 Y161.328 I216.501 J-207.672 F8000
G1 Z290.739 F8000
M991
G1 A78.223 F1000
G1 X-111.773 Y71.293 Z290.739 F1000
G1 A78.223 F1000
G1 X-111.773 Y71.293 Z310.739 F1000
G1 A71.626 F1000
G1 X-111.773 Y71.293 Z330.739 F1000
G1 A64.765 F1000
G1 X-111.773 Y71.293 Z350.739 F1000
G1 A57.491 F1000
G1 X-111.773 Y71.293 Z370.739 F1000
G1 A49.568 F1000
G1 X-111.773 Y71.293 Z390.739 F1000
G1 A40.566 F1000
G1 X-111.773 Y71.293 Z410.739 F1000
G1 A29.451 F1000
G1 X-111.773 Y71.293 Z430.739 F1000
G1 A10.923 F1000
G1 X-111.773 Y71.293 Z450.739 F1000
G1 A0.0 F1000
G1 X-111.773 Y71.293 Z470.739 F1000
G1 A0.0 F1000
G1 X-111.773 Y71.293 Z490.739 F1000
G1 A80.144 F1000
G1 X-11.773 Y11.293 Z510.739 F1000
G1 A90 F1000
G1 X-11.773 Y11.293 Z530.739 F1000
G1 A90 F1000
G1 X-11.773 Y11.293 Z550.739 F1000
G1 X-216.501 Y207.672 F8000
M992
G3 X-288.892 Y80.88 I216.501 J-207.672 F8000
G1 Z290.739 F8000
M991
G1 A78.223 F1000
G1 X-111.773 Y31.293 Z290.739 F1000
G1 A78.223 F1000
G1 X-111.773 Y31.293 Z310.739 F1000
G1 A71.626 F1000
G1 X-111.773 Y31.293 Z330.739 F1000
G1 A64.765 F1000
G1 X-111.773 Y31.293 Z350.739 F1000
G1 A57.491 F1000
G1 X-111.773 Y31.293 Z370.739 F1000
G1 A49.568 F1000
G1 X-111.773 Y31.293 Z390.739 F1000
G1 A40.566 F1000
G1 X-111.773 Y31.293 Z410.739 F1000
G1 A29.451 F1000
G1 X-111.773 Y31.293 Z430.739 F1000
G1 A10.923 F1000
G1 X-111.773 Y31.293 Z450.739 F1000
G1 A0.0 F1000
G1 X-111.773 Y31.293 Z470.739 F1000
G1 A0.0 F1000
G1 X-111.773 Y31.293 Z490.739 F1000
G1 A78.099 F1000
G1 X-11.773 Y11.293 Z510.739 F1000
G1 A90 F1000
G1 X-11.773 Y11.293 Z530.739 F1000
G1 A90 F1000
G1 X-11.773 Y11.293 Z550.739 F1000
G1 X-216.501 Y207.672 F8000
M992
G3 X-298.48 Y30.157 I216.501 J-207.672 F8000
G1 Z290.739 F8000
M991
G1 A78.223 F1000
G1 X-111.773 Y11.293 Z290.739 F1000
G1 A78.223 F1000
G1 X-111.773 Y11.293 Z310.739 F1000
G1 A71.626 F1000
G1 X-111.773 Y11.293 Z330.739 F1000
G1 A64.765 F1000
G1 X-111.773 Y11.293 Z350.739 F1000
G1 A57.491 F1000
G1 X-111.773 Y11.293 Z370.739 F1000
G1 A49.568 F1000
G1 X-111.773 Y11.293 Z390.739 F1000
G1 A40.566 F1000
G1 X-111.773 Y11.293 Z410.739 F1000
G1 A29.451 F1000
G1 X-111.773 Y11.293 Z430.739 F1000
G1 A10.923 F1000
G1 X-111.773 Y11.293 Z450.739 F1000
G1 A0.0 F1000
G1 X-111.773 Y11.293 Z470.739 F1000
G1 A0.0 F1000
G1 X-111.773 Y11.293 Z490.739 F1000
G1 A77.321 F1000
G1 X-11.773 Y11.293 Z510.739 F1000
G1 A90 F1000
G1 X-11.773 Y11.293 Z530.739 F1000
G1 A90 F1000
G1 X-11.773 Y11.293 Z550.739 F1000
G1 X-216.501 Y207.672 F8000
M992
G3 X-299.094 Y-23.299 I216.501 J-207.672 F8000
G1 Z290.739 F8000
M991
G1 A78.223 F1000
G1 X-111.773 Y-8.707 Z290.739 F1000
G1 A78.223 F1000
G1 X-111.773 Y-8.707 Z310.739 F1000
G1 A71.626 F1000
G1 X-111.773 Y-8.707 Z330.739 F1000
G1 A64.765 F1000
G1 X-111.773 Y-8.707 Z350.739 F1000
G1 A57.491 F1000
G1 X-111.773 Y-8.707 Z370.739 F1000
G1 A49.568 F1000
G1 X-111.773 Y-8.707 Z390.739 F1000
G1 A40.566 F1000
G1 X-111.773 Y-8.707 Z410.739 F1000
G1 A29.451 F1000
G1 X-111.773 Y-8.707 Z430.739 F1000
G1 A10.923 F1000
G1 X-111.773 Y-8.707 Z450.739 F1000
G1 A0.0 F1000
G1 X-111.773 Y-8.707 Z470.739 F1000
G1 A0.0 F1000
G1 X-111.773 Y-8.707 Z490.739 F1000
G1 A76.98 F1000
G1 X-11.773 Y11.293 Z510.739 F1000
G1 A90 F1000
G1 X-11.773 Y11.293 Z530.739 F1000
G1 A90 F1000
G1 X-11.773 Y11.293 Z550.739 F1000
G1 X-216.501 Y207.672 F8000
M992
G3 X-290.57 Y-74.628 I216.501 J-207.672 F8000
G1 Z290.739 F8000
M991
G1 A78.223 F1000
G1 X-111.773 Y-28.707 Z290.739 F1000
G1 A78.223 F1000
G1 X-111.773 Y-28.707 Z310.739 F1000
G1 A71.626 F1000
G1 X-111.773 Y-28.707 Z330.739 F1000
G1 A64.765 F1000
G1 X-111.773 Y-28.707 Z350.739 F1000
G1 A57.491 F1000
G1 X-111.773 Y-28.707 Z370.739 F1000
G1 A49.568 F1000
G1 X-111.773 Y-28.707 Z390.739 F1000
G1 A40.566 F1000
G1 X-111.773 Y-28.707 Z410.739 F1000
G1 A29.451 F1000
G1 X-111.773 Y-28.707 Z430.739 F1000
G1 A10.923 F1000
G1 X-111.773 Y-28.707 Z450.739 F1000
G1 A0.0 F1000
G1 X-111.773 Y-28.707 Z470.739 F1000
G1 A0.0 F1000
G1 X-111.773 Y-28.707 Z490.739 F1000
G1 A77.164 F1000
G1 X-11.773 Y11.293 Z510.739 F1000
G1 A90 F1000
G1 X-11.773 Y11.293 Z530.739 F1000
G1 A90 F1000
G1 X-11.773 Y11.293 Z550.739 F1000
G1 X-216.501 Y207.672 F8000
M992
G3 X-255.575 Y-157.103 I216.501 J-207.672 F8000
G1 Z290.739 F8000
M991
G1 A78.223 F1000
G1 X-111.773 Y-68.707 Z290.739 F1000
G1 A78.223 F1000
G1 X-111.773 Y-68.707 Z310.739 F1000
G1 A71.626 F1000
G1 X-111.773 Y-68.707 Z330.739 F1000
G1 A64.765 F1000
G1 X-111.773 Y-68.707 Z350.739 F1000
G1 A57.491 F1000
G1 X-111.773 Y-68.707 Z370.739 F1000
G1 A49.568 F1000
G1 X-111.773 Y-68.707 Z390.739 F1000
G1 A40.566 F1000
G1 X-111.773 Y-68.707 Z410.739 F1000
G1 A29.451 F1000
G1 X-111.773 Y-68.707 Z430.739 F1000
G1 A10.923 F1000
G1 X-111.773 Y-68.707 Z450.739 F1000
G1 A0.0 F1000
G1 X-111.773 Y-68.707 Z470.739 F1000
G1 A0.0 F1000
G1 X-111.773 Y-68.707 Z490.739 F1000
G1 A78.663 F1000
G1 X-11.773 Y11.293 Z510.739 F1000
G1 A90 F1000
G1 X-11.773 Y11.293 Z530.739 F1000
G1 A90 F1000
G1 X-11.773 Y11.293 Z550.739 F1000
G1 X-216.501 Y207.672 F8000
M992
G3 X-215.705 Y-208.498 I216.501 J-207.672 F8000
G1 Z290.739 F8000
M991
G1 A78.223 F1000
G1 X-91.773 Y-88.707 Z290.739 F1000
G1 A78.223 F1000
G1 X-91.773 Y-88.707 Z310.739 F1000
G1 A71.626 F1000
G1 X-91.773 Y-88.707 Z330.739 F1000
G1 A64.765 F1000
G1 X-91.773 Y-88.707 Z350.739 F1000
G1 A57.491 F1000
G1 X-91.773 Y-88.707 Z370.739 F1000
G1 A49.568 F1000
G1 X-91.773 Y-88.707 Z390.739 F1000
G1 A40.566 F1000
G1 X-91.773 Y-88.707 Z410.739 F1000
G1 A29.451 F1000
G1 X-91.773 Y-88.707 Z430.739 F1000
G1 A10.923 F1000
G1 X-91.773 Y-88.707 Z450.739 F1000
G1 A0.0 F1000
G1 X-91.773 Y-88.707 Z470.739 F1000
G1 A0.0 F1000
G1 X-91.773 Y-88.707 Z490.739 F1000
G1 A81.026 F1000
G1 X-0.574 Y-0.819 Z510.739 F1000
G1 A90 F1000
G1 X-0.574 Y-0.819 Z530.739 F1000
G1 A90 F1000
G1 X-0.574 Y-0.819 Z550.739 F1000
G1 X-172.073 Y-245.746 F8000
M992
G3 X-188.7 Y-233.222 I172.073 J245.746 F8000
G1 Z290.739 F8000
M991
G1 A78.223 F1000
G1 X-71.773 Y-88.707 Z290.739 F1000
G1 A78.223 F1000
G1 X-71.773 Y-88.707 Z310.739 F1000
G1 A71.626 F1000
G1 X-71.773 Y-88.707 Z330.739 F1000
G1 A64.765 F1000
G1 X-71.773 Y-88.707 Z350.739 F1000
G1 A57.491 F1000
G1 X-71.773 Y-88.707 Z370.739 F1000
G1 A49.568 F1000
G1 X-71.773 Y-88.707 Z390.739 F1000
G1 A40.566 F1000
G1 X-71.773 Y-88.707 Z410.739 F1000
G1 A29.451 F1000
G1 X-71.773 Y-88.707 Z430.739 F1000
G1 A10.923 F1000
G1 X-71.773 Y-88.707 Z450.739 F1000
G1 A0.0 F1000
G1 X-71.773 Y-88.707 Z470.739 F1000
G1 A0.0 F1000
G1 X-71.773 Y-88.707 Z490.739 F1000
G1 A79.975 F1000
G1 X-0.375 Y-0.927 Z510.739 F1000
G1 A90 F1000
G1 X-0.375 Y-0.927 Z530.739 F1000
G1 A90 F1000
G1 X-0.375 Y-0.927 Z550.739 F1000
G1 X-112.382 Y-278.155 F8000
M992
G3 X-101.16 Y-282.43 I112.382 J278.155 F8000
G1 Z490.739 F8000
M991
G1 A77.893 F1000
G1 X-31.773 Y-88.707 Z490.739 F1000
G1 A77.893 F1000
G1 X-0.156 Y-0.988 Z510.739 F1000
G1 A90 F1000
G1 X-0.156 Y-0.988 Z530.739 F1000
G1 A90 F1000
G1 X-0.156 Y-0.988 Z550.739 F1000
G1 X-46.93 Y-296.307 F8000
M992
G3 X-39.469 Y-297.392 I46.93 J296.307 F8000
G1 Z490.739 F8000
M991
G1 A77.265 F1000
G1 X-11.773 Y-88.707 Z490.739 F1000
G1 A77.265 F1000
G1 X0.0 Y-1.0 Z510.739 F1000
G1 A90 F1000
G1 X0.0 Y-1.0 Z530.739 F1000
G1 A90 F1000
G1 X0.0 Y-1.0 Z550.739 F1000
G1 X0.0 Y-300.0 F8000
M992
G3 X27.704 Y-298.718 I-0.0 J300.0 F8000
G1 Z490.739 F8000
M991
G1 A77.209 F1000
G1 X8.227 Y-88.707 Z490.739 F1000
G1 A77.209 F1000
G1 X0.225 Y-0.974 Z510.739 F1000
G1 A90 F1000
G1 X0.225 Y-0.974 Z530.739 F1000
G1 A90 F1000
G1 X0.225 Y-0.974 Z550.739 F1000
G1 X67.485 Y-292.311 F8000
M992
G3 X90.967 Y-285.876 I-67.485 J292.311 F8000
G1 Z490.739 F8000
M991
G1 A77.748 F1000
G1 X28.227 Y-88.707 Z490.739 F1000
G1 A77.748 F1000
G1 X0.438 Y-0.899 Z510.739 F1000
G1 A90 F1000
G1 X0.438 Y-0.899 Z530.739 F1000
G1 A90 F1000
G1 X0.438 Y-0.899 Z550.739 F1000
G1 X131.511 Y-269.638 F8000
M992
G3 X182.898 Y-237.799 I-131.511 J269.638 F8000
G1 Z290.739 F8000
M991
G1 A78.223 F1000
G1 X68.227 Y-88.707 Z290.739 F1000
G1 A78.223 F1000
G1 X68.227 Y-88.707 Z310.739 F1000
G1 A71.626 F1000
G1 X68.227 Y-88.707 Z330.739 F1000
G1 A64.765 F1000
G1 X68.227 Y-88.707 Z350.739 F1000
G1 A57.491 F1000
G1 X68.227 Y-88.707 Z370.739 F1000
G1 A49.568 F1000
G1 X68.227 Y-88.707 Z390.739 F1000
G1 A40.566 F1000
G1 X68.227 Y-88.707 Z410.739 F1000
G1 A29.451 F1000
G1 X68.227 Y-88.707 Z430.739 F1000
G1 A10.923 F1000
G1 X68.227 Y-88.707 Z450.739 F1000
G1 A0.0 F1000
G1 X68.227 Y-88.707 Z470.739 F1000
G1 A0.0 F1000
G1 X68.227 Y-88.707 Z490.739 F1000
G1 A79.778 F1000
G1 X0.629 Y-0.777 Z510.739 F1000
G1 A90 F1000
G1 X0.629 Y-0.777 Z530.739 F1000
G1 A90 F1000
G1 X0.629 Y-0.777 Z550.739 F1000
G1 X188.796 Y-233.144 F8000
M992
G3 X262.635 Y-144.992 I-188.796 J233.144 F8000
G1 Z490.739 F8000
M991
G1 A78.667 F1000
G1 X88.227 Y-48.707 Z490.739 F1000
G1 A78.667 F1000
G1 X0.788 Y-0.616 Z510.739 F1000
G1 A90 F1000
G1 X0.788 Y-0.616 Z530.739 F1000
G1 A90 F1000
G1 X0.788 Y-0.616 Z550.739 F1000
G1 X236.403 Y-184.698 F8000
M992
G3 X285.279 Y-92.823 I-236.403 J184.698 F8000
G1 Z490.739 F8000
M991
G1 A77.707 F1000
G1 X88.227 Y-28.707 Z490.739 F1000
G1 A77.707 F1000
G1 X0.906 Y-0.423 Z510.739 F1000
G1 A90 F1000
G1 X0.906 Y-0.423 Z530.739 F1000
G1 A90 F1000
G1 X0.906 Y-0.423 Z550.739 F1000
G1 X271.892 Y-126.785 F8000
M992
G3 X298.55 Y-29.464 I-271.892 J126.785 F8000
G1 Z490.739 F8000
M991
G1 A77.148 F1000
G1 X88.227 Y-8.707 Z490.739 F1000
G1 A77.148 F1000
G1 X0.978 Y-0.208 Z510.739 F1000
G1 A90 F1000
G1 X0.978 Y-0.208 Z530.739 F1000
G1 A90 F1000
G1 X0.978 Y-0.208 Z550.739 F1000
G1 X293.444 Y-62.374 F8000
M992
G3 X282.742 Y100.285 I-293.444 J62.374 F8000
G1 Z490.739 F8000
M991
G1 A77.819 F1000
G1 X88.227 Y31.293 Z490.739 F1000
G1 A77.819 F1000
G1 X1.0 Y0.017 Z510.739 F1000
G1 A90 F1000
G1 X1.0 Y0.017 Z530.739 F1000
G1 A90 F1000
G1 X1.0 Y0.017 Z550.739 F1000
G1 X299.954 Y5.236 F8000
M992
G3 X259.355 Y150.782 I-299.954 J-5.236 F8000
G1 Z490.739 F8000
M991
G1 A78.808 F1000
G1 X88.227 Y51.293 Z490.739 F1000
G1 A78.808 F1000
G1 X0.97 Y0.242 Z510.739 F1000
G1 A90 F1000
G1 X0.97 Y0.242 Z530.739 F1000
G1 A90 F1000
G1 X0.97 Y0.242 Z550.739 F1000
G1 X291.089 Y72.577 F8000
M992
G3 X233.34 Y188.553 I-291.089 J-72.577 F8000
G1 Z290.739 F8000
M991
G1 A78.223 F1000
G1 X88.227 Y71.293 Z290.739 F1000
G1 A78.223 F1000
G1 X88.227 Y71.293 Z310.739 F1000
G1 A71.626 F1000
G1 X88.227 Y71.293 Z330.739 F1000
G1 A64.765 F1000
G1 X88.227 Y71.293 Z350.739 F1000
G1 A57.491 F1000
G1 X88.227 Y71.293 Z370.739 F1000
G1 A49.568 F1000
G1 X88.227 Y71.293 Z390.739 F1000
G1 A40.566 F1000
G1 X88.227 Y71.293 Z410.739 F1000
G1 A29.451 F1000
G1 X88.227 Y71.293 Z430.739 F1000
G1 A10.923 F1000
G1 X88.227 Y71.293 Z450.739 F1000
G1 A0.0 F1000
G1 X88.227 Y71.293 Z470.739 F1000
G1 A0.0 F1000
G1 X88.227 Y71.293 Z490.739 F1000
G1 A79.915 F1000
G1 X0.891 Y0.454 Z510.739 F1000
G1 A90 F1000
G1 X0.891 Y0.454 Z530.739 F1000
G1 A90 F1000
G1 X0.891 Y0.454 Z550.739 F1000
G1 X267.302 Y136.197 F8000
M992
G3 X186.367 Y235.09 I-267.302 J-136.197 F8000
G1 Z290.739 F8000
M991
G1 A78.223 F1000
G1 X88.227 Y111.293 Z290.739 F1000
G1 A78.223 F1000
G1 X88.227 Y111.293 Z310.739 F1000
G1 A71.626 F1000
G1 X88.227 Y111.293 Z330.739 F1000
G1 A64.765 F1000
G1 X88.227 Y111.293 Z350.739 F1000
G1 A57.491 F1000
G1 X88.227 Y111.293 Z370.739 F1000
G1 A49.568 F1000
G1 X88.227 Y111.293 Z390.739 F1000
G1 A40.566 F1000
G1 X88.227 Y111.293 Z410.739 F1000
G1 A29.451 F1000
G1 X88.227 Y111.293 Z430.739 F1000
G1 A10.923 F1000
G1 X88.227 Y111.293 Z450.739 F1000
G1 A0.0 F1000
G1 X88.227 Y111.293 Z470.739 F1000
G1 A0.0 F1000
G1 X88.227 Y111.293 Z490.739 F1000
G1 A81.929 F1000
G1 X0.766 Y0.643 Z510.739 F1000
G1 A90 F1000
G1 X0.766 Y0.643 Z530.739 F1000
G1 A90 F1000
G1 X0.766 Y0.643 Z550.739 F1000
G1 X229.813 Y192.836 F8000
M992
G3 X119.282 Y275.267 I-229.813 J-192.836 F8000
G1 Z290.739 F8000
M991
G1 A78.223 F1000
G1 X48.227 Y111.293 Z290.739 F1000
G1 A78.223 F1000
G1 X48.227 Y111.293 Z310.739 F1000
G1 A71.626 F1000
G1 X48.227 Y111.293 Z330.739 F1000
G1 A64.765 F1000
G1 X48.227 Y111.293 Z350.739 F1000
G1 A57.491 F1000
G1 X48.227 Y111.293 Z370.739 F1000
G1 A49.568 F1000
G1 X48.227 Y111.293 Z390.739 F1000
G1 A40.566 F1000
G1 X48.227 Y111.293 Z410.739 F1000
G1 A29.451 F1000
G1 X48.227 Y111.293 Z430.739 F1000
G1 A10.923 F1000
G1 X48.227 Y111.293 Z450.739 F1000
G1 A0.0 F1000
G1 X48.227 Y111.293 Z470.739 F1000
G1 A0.0 F1000
G1 X48.227 Y111.293 Z490.739 F1000
G1 A77.715 F1000
G1 X-11.773 Y11.293 Z510.739 F1000
G1 A90 F1000
G1 X-11.773 Y11.293 Z530.739 F1000
G1 A90 F1000
G1 X-11.773 Y11.293 Z550.739 F1000
G1 X-216.501 Y207.672 F8000
M992
G3 X73.753 Y290.793 I216.501 J-207.672 F8000
G1 Z290.739 F8000
M991
G1 A78.223 F1000
G1 X28.227 Y111.293 Z290.739 F1000
G1 A78.223 F1000
G1 X28.227 Y111.293 Z310.739 F1000
G1 A71.626 F1000
G1 X28.227 Y111.293 Z330.739 F1000
G1 A64.765 F1000
G1 X28.227 Y111.293 Z350.739 F1000
G1 A57.491 F1000
G1 X28.227 Y111.293 Z370.739 F1000
G1 A49.568 F1000
G1 X28.227 Y111.293 Z390.739 F1000
G1 A40.566 F1000
G1 X28.227 Y111.293 Z410.739 F1000
G1 A29.451 F1000
G1 X28.227 Y111.293 Z430.739 F1000
G1 A10.923 F1000
G1 X28.227 Y111.293 Z450.739 F1000
G1 A0.0 F1000
G1 X28.227 Y111.293 Z470.739 F1000
G1 A0.0 F1000
G1 X28.227 Y111.293 Z490.739 F1000
G1 A77.065 F1000
G1 X-11.773 Y11.293 Z510.739 F1000
G1 A90 F1000
G1 X-11.773 Y11.293 Z530.739 F1000
G1 A90 F1000
G1 X-11.773 Y11.293 Z550.739 F1000
G1 X-216.501 Y207.672 F8000
M992
G3 X-31.559 Y298.335 I216.501 J-207.672 F8000
G1 Z290.739 F8000
M991
G1 A78.223 F1000
G1 X-11.773 Y111.293 Z290.739 F1000
G1 A78.223 F1000
G1 X-11.773 Y111.293 Z310.739 F1000
G1 A71.626 F1000
G1 X-11.773 Y111.293 Z330.739 F1000
G1 A64.765 F1000
G1 X-11.773 Y111.293 Z350.739 F1000
G1 A57.491 F1000
G1 X-11.773 Y111.293 Z370.739 F1000
G1 A49.568 F1000
G1 X-11.773 Y111.293 Z390.739 F1000
G1 A40.566 F1000
G1 X-11.773 Y111.293 Z410.739 F1000
G1 A29.451 F1000
G1 X-11.773 Y111.293 Z430.739 F1000
G1 A10.923 F1000
G1 X-11.773 Y111.293 Z450.739 F1000
G1 A0.0 F1000
G1 X-11.773 Y111.293 Z470.739 F1000
G1 A0.0 F1000
G1 X-11.773 Y111.293 Z490.739 F1000
G1 A77.198 F1000
G1 X-11.773 Y11.293 Z510.739 F1000
G1 A90 F1000
G1 X-11.773 Y11.293 Z530.739 F1000
G1 A90 F1000
G1 X-11.773 Y11.293 Z550.739 F1000
G1 X-216.501 Y207.672 F8000
M992
G3 X-82.357 Y288.474 I216.501 J-207.672 F8000
G1 Z290.739 F8000
M991
G1 A78.223 F1000
G1 X-31.773 Y111.293 Z290.739 F1000
G1 A78.223 F1000
G1 X-31.773 Y111.293 Z310.739 F1000
G1 A71.626 F1000
G1 X-31.773 Y111.293 Z330.739 F1000
G1 A64.765 F1000
G1 X-31.773 Y111.293 Z350.739 F1000
G1 A57.491 F1000
G1 X-31.773 Y111.293 Z370.739 F1000
G1 A49.568 F1000
G1 X-31.773 Y111.293 Z390.739 F1000
G1 A40.566 F1000
G1 X-31.773 Y111.293 Z410.739 F1000
G1 A29.451 F1000
G1 X-31.773 Y111.293 Z430.739 F1000
G1 A10.923 F1000
G1 X-31.773 Y111.293 Z450.739 F1000
G1 A0.0 F1000
G1 X-31.773 Y111.293 Z470.739 F1000
G1 A0.0 F1000
G1 X-31.773 Y111.293 Z490.739 F1000
G1 A77.991 F1000
G1 X-11.773 Y11.293 Z510.739 F1000
G1 A90 F1000
G1 X-11.773 Y11.293 Z530.739 F1000
G1 A90 F1000
G1 X-11.773 Y11.293 Z550.739 F1000
G1 X-216.501 Y207.672 F8000
M992
G3 X-126.537 Y272.008 I216.501 J-207.672 F8000
G1 Z290.739 F8000
M991
G1 A78.223 F1000
G1 X-51.773 Y111.293 Z290.739 F1000
G1 A78.223 F1000
G1 X-51.773 Y111.293 Z310.739 F1000
G1 A71.626 F1000
G1 X-51.773 Y111.293 Z330.739 F1000
G1 A64.765 F1000
G1 X-51.773 Y111.293 Z350.739 F1000
G1 A57.491 F1000
G1 X-51.773 Y111.293 Z370.739 F1000
G1 A49.568 F1000
G1 X-51.773 Y111.293 Z390.739 F1000
G1 A40.566 F1000
G1 X-51.773 Y111.293 Z410.739 F1000
G1 A29.451 F1000
G1 X-51.773 Y111.293 Z430.739 F1000
G1 A10.923 F1000
G1 X-51.773 Y111.293 Z450.739 F1000
G1 A0.0 F1000
G1 X-51.773 Y111.293 Z470.739 F1000
G1 A0.0 F1000
G1 X-51.773 Y111.293 Z490.739 F1000
G1 A79.025 F1000
G1 X-11.773 Y11.293 Z510.739 F1000
G1 A90 F1000
G1 X-11.773 Y11.293 Z530.739 F1000
G1 A90 F1000
G1 X-11.773 Y11.293 Z550.739 F1000
G1 X-216.501 Y207.672 F8000
M992
G3 X-162.592 Y252.119 I216.501 J-207.672 F8000
G1 Z290.739 F8000
M991
G1 A78.223 F1000
G1 X-71.773 Y111.293 Z290.739 F1000
G1 A78.223 F1000
G1 X-71.773 Y111.293 Z310.739 F1000
G1 A71.626 F1000
G1 X-71.773 Y111.293 Z330.739 F1000
G1 A64.765 F1000
G1 X-71.773 Y111.293 Z350.739 F1000
G1 A57.491 F1000
G1 X-71.773 Y111.293 Z370.739 F1000
G1 A49.568 F1000
G1 X-71.773 Y111.293 Z390.739 F1000
G1 A40.566 F1000
G1 X-71.773 Y111.293 Z410.739 F1000
G1 A29.451 F1000
G1 X-71.773 Y111.293 Z430.739 F1000
G1 A10.923 F1000
G1 X-71.773 Y111.293 Z450.739 F1000
G1 A0.0 F1000
G1 X-71.773 Y111.293 Z470.739 F1000
G1 A0.0 F1000
G1 X-71.773 Y111.293 Z490.739 F1000
G1 A80.095 F1000
G1 X-11.773 Y11.293 Z510.739 F1000
G1 A90 F1000
G1 X-11.773 Y11.293 Z530.739 F1000
G1 A90 F1000
G1 X-11.773 Y11.293 Z550.739 F1000
G1 X-216.501 Y207.672 F8000
M992
G3 X-212.588 Y211.675 I216.501 J-207.672 F8000
G1 Z290.739 F8000
M991
G1 A78.223 F1000
G1 X-111.773 Y111.293 Z290.739 F1000
G1 A78.223 F1000
G1 X-111.773 Y111.293 Z310.739 F1000
G1 A71.626 F1000
G1 X-111.773 Y111.293 Z330.739 F1000
G1 A64.765 F1000
G1 X-111.773 Y111.293 Z350.739 F1000
G1 A57.491 F1000
G1 X-111.773 Y111.293 Z370.739 F1000
G1 A49.568 F1000
G1 X-111.773 Y111.293 Z390.739 F1000
G1 A40.566 F1000
G1 X-111.773 Y111.293 Z410.739 F1000
G1 A29.451 F1000
G1 X-111.773 Y111.293 Z430.739 F1000
G1 A10.923 F1000
G1 X-111.773 Y111.293 Z450.739 F1000
G1 A0.0 F1000
G1 X-111.773 Y111.293 Z470.739 F1000
G1 A0.0 F1000
G1 X-111.773 Y111.293 Z490.739 F1000
G1 A81.95 F1000
G1 X-11.773 Y11.293 Z510.739 F1000
G1 A90 F1000
G1 X-11.773 Y11.293 Z530.739 F1000
G1 A90 F1000
G1 X-11.773 Y11.293 Z550.739 F1000
G1 X-216.501 Y207.672 F8000
M992
G3 X-232.348 Y189.775 I216.501 J-207.672 F8000
G1 Z290.739 F8000
M991
G1 A78.223 F1000
G1 X-111.773 Y91.293 Z290.739 F1000
G1 A78.223 F1000
G1 X-111.773 Y91.293 Z310.739 F1000
G1 A71.626 F1000
G1 X-111.773 Y91.293 Z330.739 F1000
G1 A64.765 F1000
G1 X-111.773 Y91.293 Z350.739 F1000
G1 A57.491 F1000
G1 X-111.773 Y91.293 Z370.739 F1000
G1 A49.568 F1000
G1 X-111.773 Y91.293 Z390.739 F1000
G1 A40.566 F1000
G1 X-111.773 Y91.293 Z410.739 F1000
G1 A29.451 F1000
G1 X-111.773 Y91.293 Z430.739 F1000
G1 A10.923 F1000
G1 X-111.773 Y91.293 Z450.739 F1000
G1 A0.0 F1000
G1 X-111.773 Y91.293 Z470.739 F1000
G1 A0.0 F1000
G1 X-111.773 Y91.293 Z490.739 F1000
G1 A81.105 F1000
G1 X-11.773 Y11.293 Z510.739 F1000
G1 A90 F1000
G1 X-11.773 Y11.293 Z530.739 F1000
G1 A90 F1000
G1 X-11.773 Y11.293 Z550.739 F1000
G1 X-216.501 Y207.672 F8000
M992
G3 X-252.93 Y161.328 I216.501 J-207.672 F8000
G1 Z290.739 F8000
M991
G1 A78.223 F1000
G1 X-111.773 Y71.293 Z290.739 F1000
G1 A78.223 F1000
G1 X-111.773 Y71.293 Z310.739 F1000
G1 A71.626 F1000
G1 X-111.773 Y71.293 Z330.739 F1000
G1 A64.765 F1000
G1 X-111.773 Y71.293 Z350.739 F1000
G1 A57.491 F1000
G1 X-111.773 Y71.293 Z370.739 F1000
G1 A49.568 F1000
G1 X-111.773 Y71.293 Z390.739 F1000
G1 A40.566 F1000
G1 X-111.773 Y71.293 Z410.739 F1000
G1 A29.451 F1000
G1 X-111.773 Y71.293 Z430.739 F1000
G1 A10.923 F1000
G1 X-111.773 Y71.293 Z450.739 F1000
G1 A0.0 F1000
G1 X-111.773 Y71.293 Z470.739 F1000
G1 A0.0 F1000
G1 X-111.773 Y71.293 Z490.739 F1000
G1 A80.144 F1000
G1 X-11.773 Y11.293 Z510.739 F1000
G1 A90 F1000
G1 X-11.773 Y11.293 Z530.739 F1000
G1 A90 F1000
G1 X-11.773 Y11.293 Z550.739 F1000
G1 X-216.501 Y207.672 F8000
M992
G3 X-288.892 Y80.88 I216.501 J-207.672 F8000
G1 Z290.739 F8000
M991
G1 A78.223 F1000
G1 X-111.773 Y31.293 Z290.739 F1000
G1 A78.223 F1000
G1 X-111.773 Y31.293 Z310.739 F1000
G1 A71.626 F1000
G1 X-111.773 Y31.293 Z330.739 F1000
G1 A64.765 F1000
G1 X-111.773 Y31.293 Z350.739 F1000
G1 A57.491 F1000
G1 X-111.773 Y31.293 Z370.739 F1000
G1 A49.568 F1000
G1 X-111.773 Y31.293 Z390.739 F1000
G1 A40.566 F1000
G1 X-111.773 Y31.293 Z410.739 F1000
G1 A29.451 F1000
G1 X-111.773 Y31.293 Z430.739 F1000
G1 A10.923 F1000
G1 X-111.773 Y31.293 Z450.739 F1000
G1 A0.0 F1000
G1 X-111.773 Y31.293 Z470.739 F1000
G1 A0.0 F1000
G1 X-111.773 Y31.293 Z490.739 F1000
G1 A78.099 F1000
G1 X-11.773 Y11.293 Z510.739 F1000
G1 A90 F1000
G1 X-11.773 Y11.293 Z530.739 F1000
G1 A90 F1000
G1 X-11.773 Y11.293 Z550.739 F1000
G1 X-216.501 Y207.672 F8000
M992
G3 X-298.48 Y30.157 I216.501 J-207.672 F8000
G1 Z290.739 F8000
M991
G1 A78.223 F1000
G1 X-111.773 Y11.293 Z290.739 F1000
G1 A78.223 F1000
G1 X-111.773 Y11.293 Z310.739 F1000
G1 A71.626 F1000
G1 X-111.773 Y11.293 Z330.739 F1000
G1 A64.765 F1000
G1 X-111.773 Y11.293 Z350.739 F1000
G1 A57.491 F1000
G1 X-111.773 Y11.293 Z370.739 F1000
G1 A49.568 F1000
G1 X-111.773 Y11.293 Z390.739 F1000
G1 A40.566 F1000
G1 X-111.773 Y11.293 Z410.739 F1000
G1 A29.451 F1000
G1 X-111.773 Y11.293 Z430.739 F1000
G1 A10.923 F1000
G1 X-111.773 Y11.293 Z450.739 F1000
G1 A0.0 F1000
G1 X-111.773 Y11.293 Z470.739 F1000
G1 A0.0 F1000
G1 X-111.773 Y11.293 Z490.739 F1000
G1 A77.321 F1000
G1 X-11.773 Y11.293 Z510.739 F1000
G1 A90 F1000
G1 X-11.773 Y11.293 Z530.739 F1000
G1 A90 F1000
G1 X-11.773 Y11.293 Z550.739 F1000
G1 X-216.501 Y207.672 F8000
M992
G3 X-299.094 Y-23.299 I216.501 J-207.672 F8000
G1 Z290.739 F8000
M991
G1 A78.223 F1000
G1 X-111.773 Y-8.707 Z290.739 F1000
G1 A78.223 F1000
G1 X-111.773 Y-8.707 Z310.739 F1000
G1 A71.626 F1000
G1 X-111.773 Y-8.707 Z330.739 F1000
G1 A64.765 F1000
G1 X-111.773 Y-8.707 Z350.739 F1000
G1 A57.491 F1000
G1 X-111.773 Y-8.707 Z370.739 F1000
G1 A49.568 F1000
G1 X-111.773 Y-8.707 Z390.739 F1000
G1 A40.566 F1000
G1 X-111.773 Y-8.707 Z410.739 F1000
G1 A29.451 F1000
G1 X-111.773 Y-8.707 Z430.739 F1000
G1 A10.923 F1000
G1 X-111.773 Y-8.707 Z450.739 F1000
G1 A0.0 F1000
G1 X-111.773 Y-8.707 Z470.739 F1000
G1 A0.0 F1000
G1 X-111.773 Y-8.707 Z490.739 F1000
G1 A76.98 F1000
G1 X-11.773 Y11.293 Z510.739 F1000
G1 A90 F1000
G1 X-11.773 Y11.293 Z530.739 F1000
G1 A90 F1000
G1 X-11.773 Y11.293 Z550.739 F1000
G1 X-216.501 Y207.672 F8000
M992
G3 X-290.57 Y-74.628 I216.501 J-207.672 F8000
G1 Z290.739 F8000
M991
G1 A78.223 F1000
G1 X-111.773 Y-28.707 Z290.739 F1000
G1 A78.223 F1000
G1 X-111.773 Y-28.707 Z310.739 F1000
G1 A71.626 F1000
G1 X-111.773 Y-28.707 Z330.739 F1000
G1 A64.765 F1000
G1 X-111.773 Y-28.707 Z350.739 F1000
G1 A57.491 F1000
G1 X-111.773 Y-28.707 Z370.739 F1000
G1 A49.568 F1000
G1 X-111.773 Y-28.707 Z390.739 F1000
G1 A40.566 F1000
G1 X-111.773 Y-28.707 Z410.739 F1000
G1 A29.451 F1000
G1 X-111.773 Y-28.707 Z430.739 F1000
G1 A10.923 F1000
G1 X-111.773 Y-28.707 Z450.739 F1000
G1 A0.0 F1000
G1 X-111.773 Y-28.707 Z470.739 F1000
G1 A0.0 F1000
G1 X-111.773 Y-28.707 Z490.739 F1000
G1 A77.164 F1000
G1 X-11.773 Y11.293 Z510.739 F1000
G1 A90 F1000
G1 X-11.773 Y11.293 Z530.739 F1000
G1 A90 F1000
G1 X-11.773 Y11.293 Z550.739 F1000
G1 X-216.501 Y207.672 F8000
M992
G3 X-255.575 Y-157.103 I216.501 J-207.672 F8000
G1 Z290.739 F8000
M991
G1 A78.223 F1000
G1 X-111.773 Y-68.707 Z290.739 F1000
G1 A78.223 F1000
G1 X-111.773 Y-68.707 Z310.739 F1000
G1 A71.626 F1000
G1 X-111.773 Y-68.707 Z330.739 F1000
G1 A64.765 F1000
G1 X-111.773 Y-68.707 Z350.739 F1000
G1 A57.491 F1000
G1 X-111.773 Y-68.707 Z370.739 F1000
G1 A49.568 F1000
G1 X-111.773 Y-68.707 Z390.739 F1000
G1 A40.566 F1000
G1 X-111.773 Y-68.707 Z410.739 F1000
G1 A29.451 F1000
G1 X-111.773 Y-68.707 Z430.739 F1000
G1 A10.923 F1000
G1 X-111.773 Y-68.707 Z450.739 F1000
G1 A0.0 F1000
G1 X-111.773 Y-68.707 Z470.739 F1000
G1 A0.0 F1000
G1 X-111.773 Y-68.707 Z490.739 F1000
G1 A78.663 F1000
G1 X-11.773 Y11.293 Z510.739 F1000
G1 A90 F1000
G1 X-11.773 Y11.293 Z530.739 F1000
G1 A90 F1000
G1 X-11.773 Y11.293 Z550.739 F1000
G1 X-216.501 Y207.672 F8000
M992
G3 X-215.705 Y-208.498 I216.501 J-207.672 F8000
G1 Z290.739 F8000
M991
G1 A78.223 F1000
G1 X-91.773 Y-88.707 Z290.739 F1000
G1 A78.223 F1000
G1 X-91.773 Y-88.707 Z310.739 F1000
G1 A71.626 F1000
G1 X-91.773 Y-88.707 Z330.739 F1000
G1 A64.765 F1000
G1 X-91.773 Y-88.707 Z350.739 F1000
G1 A57.491 F1000
G1 X-91.773 Y-88.707 Z370.739 F1000
G1 A49.568 F1000
G1 X-91.773 Y-88.707 Z390.739 F1000
G1 A40.566 F1000
G1 X-91.773 Y-88.707 Z410.739 F1000
G1 A29.451 F1000
G1 X-91.773 Y-88.707 Z430.739 F1000
G1 A10.923 F1000
G1 X-91.773 Y-88.707 Z450.739 F1000
G1 A0.0 F1000
G1 X-91.773 Y-88.707 Z470.739 F1000
G1 A0.0 F1000
G1 X-91.773 Y-88.707 Z490.739 F1000
G1 A81.026 F1000
G1 X-0.574 Y-0.819 Z510.739 F1000
G1 A90 F1000
G1 X-0.574 Y-0.819 Z530.739 F1000
G1 A90 F1000
G1 X-0.574 Y-0.819 Z550.739 F1000
G1 X-172.073 Y-245.746 F8000
M992
G3 X-188.7 Y-233.222 I172.073 J245.746 F8000
G1 Z290.739 F8000
M991
G1 A78.223 F1000
G1 X-71.773 Y-88.707 Z290.739 F1000
G1 A78.223 F1000
G1 X-71.773 Y-88.707 Z310.739 F1000
G1 A71.626 F1000
G1 X-71.773 Y-88.707 Z330.739 F1000
G1 A64.765 F1000
G1 X-71.773 Y-88.707 Z350.739 F1000
G1 A57.491 F1000
G1 X-71.773 Y-88.707 Z370.739 F1000
G1 A49.568 F1000
G1 X-71.773 Y-88.707 Z390.739 F1000
G1 A40.566 F1000
G1 X-71.773 Y-88.707 Z410.739 F1000
G1 A29.451 F1000
G1 X-71.773 Y-88.707 Z430.739 F1000
G1 A10.923 F1000
G1 X-71.773 Y-88.707 Z450.739 F1000
G1 A0.0 F1000
G1 X-71.773 Y-88.707 Z470.739 F1000
G1 A0.0 F1000
G1 X-71.773 Y-88.707 Z490.739 F1000
G1 A79.975 F1000
G1 X-0.375 Y-0.927 Z510.739 F1000
G1 A90 F1000
G1 X-0.375 Y-0.927 Z530.739 F1000
G1 A90 F1000
G1 X-0.375 Y-0.927 Z550.739 F1000
G1 X-112.382 Y-278.155 F8000
M992
G3 X-101.16 Y-282.43 I112.382 J278.155 F8000
G1 Z490.739 F8000
M991
G1 A77.893 F1000
G1 X-31.773 Y-88.707 Z490.739 F1000
G1 A77.893 F1000
G1 X-0.156 Y-0.988 Z510.739 F1000
G1 A90 F1000
G1 X-0.156 Y-0.988 Z530.739 F1000
G1 A90 F1000
G1 X-0.156 Y-0.988 Z550.739 F1000
G1 X-46.93 Y-296.307 F8000
M992
G3 X-39.469 Y-297.392 I46.93 J296.307 F8000
G1 Z490.739 F8000
M991
G1 A77.265 F1000
G1 X-11.773 Y-88.707 Z490.739 F1000
G1 A77.265 F1000
G1 X0.0 Y-1.0 Z510.739 F1000
G1 A90 F1000
G1 X0.0 Y-1.0 Z530.739 F1000
G1 A90 F1000
G1 X0.0 Y-1.0 Z550.739 F1000
G1 X0.0 Y-300.0 F8000
M992
G3 X27.704 Y-298.718 I-0.0 J300.0 F8000
G1 Z490.739 F8000
M991
G1 A77.209 F1000
G1 X8.227 Y-88.707 Z490.739 F1000
G1 A77.209 F1000
G1 X0.225 Y-0.974 Z510.739 F1000
G1 A90 F1000
G1 X0.225 Y-0.974 Z530.739 F1000
G1 A90 F1000
G1 X0.225 Y-0.974 Z550.739 F1000
G1 X67.485 Y-292.311 F8000
M992
G3 X90.967 Y-285.876 I-67.485 J292.311 F8000
G1 Z490.739 F8000
M991
G1 A77.748 F1000
G1 X28.227 Y-88.707 Z490.739 F1000
G1 A77.748 F1000
G1 X0.438 Y-0.899 Z510.739 F1000
G1 A90 F1000
G1 X0.438 Y-0.899 Z530.739 F1000
G1 A90 F1000
G1 X0.438 Y-0.899 Z550.739 F1000
G1 X131.511 Y-269.638 F8000
M992
G3 X182.898 Y-237.799 I-131.511 J269.638 F8000
G1 Z290.739 F8000
M991
G1 A78.223 F1000
G1 X68.227 Y-88.707 Z290.739 F1000
G1 A78.223 F1000
G1 X68.227 Y-88.707 Z310.739 F1000
G1 A71.626 F1000
G1 X68.227 Y-88.707 Z330.739 F1000
G1 A64.765 F1000
G1 X68.227 Y-88.707 Z350.739 F1000
G1 A57.491 F1000
G1 X68.227 Y-88.707 Z370.739 F1000
G1 A49.568 F1000
G1 X68.227 Y-88.707 Z390.739 F1000
G1 A40.566 F1000
G1 X68.227 Y-88.707 Z410.739 F1000
G1 A29.451 F1000
G1 X68.227 Y-88.707 Z430.739 F1000
G1 A10.923 F1000
G1 X68.227 Y-88.707 Z450.739 F1000
G1 A0.0 F1000
G1 X68.227 Y-88.707 Z470.739 F1000
G1 A0.0 F1000
G1 X68.227 Y-88.707 Z490.739 F1000
G1 A79.778 F1000
G1 X0.629 Y-0.777 Z510.739 F1000
G1 A90 F1000
G1 X0.629 Y-0.777 Z530.739 F1000
G1 A90 F1000
G1 X0.629 Y-0.777 Z550.739 F1000
G1 X188.796 Y-233.144 F8000
M992
G3 X262.635 Y-144.992 I-188.796 J233.144 F8000
G1 Z490.739 F8000
M991
G1 A78.667 F1000
G1 X88.227 Y-48.707 Z490.739 F1000
G1 A78.667 F1000
G1 X0.788 Y-0.616 Z510.739 F1000
G1 A90 F1000
G1 X0.788 Y-0.616 Z530.739 F1000
G1 A90 F1000
G1 X0.788 Y-0.616 Z550.739 F1000
G1 X236.403 Y-184.698 F8000
M992
G3 X285.279 Y-92.823 I-236.403 J184.698 F8000
G1 Z490.739 F8000
M991
G1 A77.707 F1000
G1 X88.227 Y-28.707 Z490.739 F1000
G1 A77.707 F1000
G1 X0.906 Y-0.423 Z510.739 F1000
G1 A90 F1000
G1 X0.906 Y-0.423 Z530.739 F1000
G1 A90 F1000
G1 X0.906 Y-0.423 Z550.739 F1000
G1 X271.892 Y-126.785 F8000
M992
G3 X298.55 Y-29.464 I-271.892 J126.785 F8000
G1 Z490.739 F8000
M991
G1 A77.148 F1000
G1 X88.227 Y-8.707 Z490.739 F1000
G1 A77.148 F1000
G1 X0.978 Y-0.208 Z510.739 F1000
G1 A90 F1000
G1 X0.978 Y-0.208 Z530.739 F1000
G1 A90 F1000
G1 X0.978 Y-0.208 Z550.739 F1000
G1 X293.444 Y-62.374 F8000
M992
G3 X282.742 Y100.285 I-293.444 J62.374 F8000
G1 Z490.739 F8000
M991
G1 A77.819 F1000
G1 X88.227 Y31.293 Z490.739 F1000
G1 A77.819 F1000
G1 X1.0 Y0.017 Z510.739 F1000
G1 A90 F1000
G1 X1.0 Y0.017 Z530.739 F1000
G1 A90 F1000
G1 X1.0 Y0.017 Z550.739 F1000
G1 X299.954 Y5.236 F8000
M992
G3 X259.355 Y150.782 I-299.954 J-5.236 F8000
G1 Z490.739 F8000
M991
G1 A78.808 F1000
G1 X88.227 Y51.293 Z490.739 F1000
G1 A78.808 F1000
G1 X0.97 Y0.242 Z510.739 F1000
G1 A90 F1000
G1 X0.97 Y0.242 Z530.739 F1000
G1 A90 F1000
G1 X0.97 Y0.242 Z550.739 F1000
G1 X291.089 Y72.577 F8000
M992
G3 X233.34 Y188.553 I-291.089 J-72.577 F8000
G1 Z290.739 F8000
M991
G1 A78.223 F1000
G1 X88.227 Y71.293 Z290.739 F1000
G1 A78.223 F1000
G1 X88.227 Y71.293 Z310.739 F1000
G1 A71.626 F1000
G1 X88.227 Y71.293 Z330.739 F1000
G1 A64.765 F1000
G1 X88.227 Y71.293 Z350.739 F1000
G1 A57.491 F1000
G1 X88.227 Y71.293 Z370.739 F1000
G1 A49.568 F1000
G1 X88.227 Y71.293 Z390.739 F1000
G1 A40.566 F1000
G1 X88.227 Y71.293 Z410.739 F1000
G1 A29.451 F1000
G1 X88.227 Y71.293 Z430.739 F1000
G1 A10.923 F1000
G1 X88.227 Y71.293 Z450.739 F1000
G1 A0.0 F1000
G1 X88.227 Y71.293 Z470.739 F1000
G1 A0.0 F1000
G1 X88.227 Y71.293 Z490.739 F1000
G1 A79.915 F1000
G1 X0.891 Y0.454 Z510.739 F1000
G1 A90 F1000
G1 X0.891 Y0.454 Z530.739 F1000
G1 A90 F1000
G1 X0.891 Y0.454 Z550.739 F1000
G1 X267.302 Y136.197 F8000
M992
G3 X186.367 Y235.09 I-267.302 J-136.197 F8000
G1 Z290.739 F8000
M991
G1 A78.223 F1000
G1 X88.227 Y111.293 Z290.739 F1000
G1 A78.223 F1000
G1 X88.227 Y111.293 Z310.739 F1000
G1 A71.626 F1000
G1 X88.227 Y111.293 Z330.739 F1000
G1 A64.765 F1000
G1 X88.227 Y111.293 Z350.739 F1000
G1 A57.491 F1000
G1 X88.227 Y111.293 Z370.739 F1000
G1 A49.568 F1000
G1 X88.227 Y111.293 Z390.739 F1000
G1 A40.566 F1000
G1 X88.227 Y111.293 Z410.739 F1000
G1 A29.451 F1000
G1 X88.227 Y111.293 Z430.739 F1000
G1 A10.923 F1000
G1 X88.227 Y111.293 Z450.739 F1000
G1 A0.0 F1000
G1 X88.227 Y111.293 Z470.739 F1000
G1 A0.0 F1000
G1 X88.227 Y111.293 Z490.739 F1000
G1 A81.929 F1000
G1 X0.766 Y0.643 Z510.739 F1000
G1 A90 F1000
G1 X0.766 Y0.643 Z530.739 F1000
G1 A90 F1000
G1 X0.766 Y0.643 Z550.739 F1000
G1 X229.813 Y192.836 F8000
M992
G3 X119.282 Y275.267 I-229.813 J-192.836 F8000
G1 Z290.739 F8000
M991
G1 A78.223 F1000
G1 X48.227 Y111.293 Z290.739 F1000
G1 A78.223 F1000
G1 X48.227 Y111.293 Z310.739 F1000
G1 A71.626 F1000
G1 X48.227 Y111.293 Z330.739 F1000
G1 A64.765 F1000
G1 X48.227 Y111.293 Z350.739 F1000
G1 A57.491 F1000
G1 X48.227 Y111.293 Z370.739 F1000
G1 A49.568 F1000
G1 X48.227 Y111.293 Z390.739 F1000
G1 A40.566 F1000
G1 X48.227 Y111.293 Z410.739 F1000
G1 A29.451 F1000
G1 X48.227 Y111.293 Z430.739 F1000
G1 A10.923 F1000
G1 X48.227 Y111.293 Z450.739 F1000
G1 A0.0 F1000
G1 X48.227 Y111.293 Z470.739 F1000
G1 A0.0 F1000
G1 X48.227 Y111.293 Z490.739 F1000
G1 A77.715 F1000
G1 X-11.773 Y11.293 Z510.739 F1000
G1 A90 F1000
G1 X-11.773 Y11.293 Z530.739 F1000
G1 A90 F1000
G1 X-11.773 Y11.293 Z550.739 F1000
G1 X-216.501 Y207.672 F8000
M992
G3 X73.753 Y290.793 I216.501 J-207.672 F8000
G1 Z290.739 F8000
M991
G1 A78.223 F1000
G1 X28.227 Y111.293 Z290.739 F1000
G1 A78.223 F1000
G1 X28.227 Y111.293 Z310.739 F1000
G1 A71.626 F1000
G1 X28.227 Y111.293 Z330.739 F1000
G1 A64.765 F1000
G1 X28.227 Y111.293 Z350.739 F1000
G1 A57.491 F1000
G1 X28.227 Y111.293 Z370.739 F1000
G1 A49.568 F1000
G1 X28.227 Y111.293 Z390.739 F1000
G1 A40.566 F1000
G1 X28.227 Y111.293 Z410.739 F1000
G1 A29.451 F1000
G1 X28.227 Y111.293 Z430.739 F1000
G1 A10.923 F1000
G1 X28.227 Y111.293 Z450.739 F1000
G1 A0.0 F1000
G1 X28.227 Y111.293 Z470.739 F1000
G1 A0.0 F1000
G1 X28.227 Y111.293 Z490.739 F1000
G1 A77.065 F1000
G1 X-11.773 Y11.293 Z510.739 F1000
G1 A90 F1000
G1 X-11.773 Y11.293 Z530.739 F1000
G1 A90 F1000
G1 X-11.773 Y11.293 Z550.739 F1000
G1 X-216.501 Y207.672 F8000
M992
G3 X-31.559 Y298.335 I216.501 J-207.672 F8000
G1 Z290.739 F8000
M991
G1 A78.223 F1000
G1 X-11.773 Y111.293 Z290.739 F1000
G1 A78.223 F1000
G1 X-11.773 Y111.293 Z310.739 F1000
G1 A71.626 F1000
G1 X-11.773 Y111.293 Z330.739 F1000
G1 A64.765 F1000
G1 X-11.773 Y111.293 Z350.739 F1000
G1 A57.491 F1000
G1 X-11.773 Y111.293 Z370.739 F1000
G1 A49.568 F1000
G1 X-11.773 Y111.293 Z390.739 F1000
G1 A40.566 F1000
G1 X-11.773 Y111.293 Z410.739 F1000
G1 A29.451 F1000
G1 X-11.773 Y111.293 Z430.739 F1000
G1 A10.923 F1000
G1 X-11.773 Y111.293 Z450.739 F1000
G1 A0.0 F1000
G1 X-11.773 Y111.293 Z470.739 F1000
G1 A0.0 F1000
G1 X-11.773 Y111.293 Z490.739 F1000
G1 A77.198 F1000
G1 X-11.773 Y11.293 Z510.739 F1000
G1 A90 F1000
G1 X-11.773 Y11.293 Z530.739 F1000
G1 A90 F1000
G1 X-11.773 Y11.293 Z550.739 F1000
G1 X-216.501 Y207.672 F8000
M992
G3 X-82.357 Y288.474 I216.501 J-207.672 F8000
G1 Z290.739 F8000
M991
G1 A78.223 F1000
G1 X-31.773 Y111.293 Z290.739 F1000
G1 A78.223 F1000
G1 X-31.773 Y111.293 Z310.739 F1000
G1 A71.626 F1000
G1 X-31.773 Y111.293 Z330.739 F1000
G1 A64.765 F1000
G1 X-31.773 Y111.293 Z350.739 F1000
G1 A57.491 F1000
G1 X-31.773 Y111.293 Z370.739 F1000
G1 A49.568 F1000
G1 X-31.773 Y111.293 Z390.739 F1000
G1 A40.566 F1000
G1 X-31.773 Y111.293 Z410.739 F1000
G1 A29.451 F1000
G1 X-31.773 Y111.293 Z430.739 F1000
G1 A10.923 F1000
G1 X-31.773 Y111.293 Z450.739 F1000
G1 A0.0 F1000
G1 X-31.773 Y111.293 Z470.739 F1000
G1 A0.0 F1000
G1 X-31.773 Y111.293 Z490.739 F1000
G1 A77.991 F1000
G1 X-11.773 Y11.293 Z510.739 F1000
G1 A90 F1000
G1 X-11.773 Y11.293 Z530.739 F1000
G1 A90 F1000
G1 X-11.773 Y11.293 Z550.739 F1000
G1 X-216.501 Y207.672 F8000
M992
G3 X-126.537 Y272.008 I216.501 J-207.672 F8000
G1 Z290.739 F8000
M991
G1 A78.223 F1000
G1 X-51.773 Y111.293 Z290.739 F1000
G1 A78.223 F1000
G1 X-51.773 Y111.293 Z310.739 F1000
G1 A71.626 F1000
G1 X-51.773 Y111.293 Z330.739 F1000
G1 A64.765 F1000
G1 X-51.773 Y111.293 Z350.739 F1000
G1 A57.491 F1000
G1 X-51.773 Y111.293 Z370.739 F1000
G1 A49.568 F1000
G1 X-51.773 Y111.293 Z390.739 F1000
G1 A40.566 F1000
G1 X-51.773 Y111.293 Z410.739 F1000
G1 A29.451 F1000
G1 X-51.773 Y111.293 Z430.739 F1000
G1 A10.923 F1000
G1 X-51.773 Y111.293 Z450.739 F1000
G1 A0.0 F1000
G1 X-51.773 Y111.293 Z470.739 F1000
G1 A0.0 F1000
G1 X-51.773 Y111.293 Z490.739 F1000
G1 A79.025 F1000
G1 X-11.773 Y11.293 Z510.739 F1000
G1 A90 F1000
G1 X-11.773 Y11.293 Z530.739 F1000
G1 A90 F1000
G1 X-11.773 Y11.293 Z550.739 F1000
G1 X-216.501 Y207.672 F8000
M992
G3 X-162.592 Y252.119 I216.501 J-207.672 F8000
G1 Z290.739 F8000
M991
G1 A78.223 F1000
G1 X-71.773 Y111.293 Z290.739 F1000
G1 A78.223 F1000
G1 X-71.773 Y111.293 Z310.739 F1000
G1 A71.626 F1000
G1 X-71.773 Y111.293 Z330.739 F1000
G1 A64.765 F1000
G1 X-71.773 Y111.293 Z350.739 F1000
G1 A57.491 F1000
G1 X-71.773 Y111.293 Z370.739 F1000
G1 A49.568 F1000
G1 X-71.773 Y111.293 Z390.739 F1000
G1 A40.566 F1000
G1 X-71.773 Y111.293 Z410.739 F1000
G1 A29.451 F1000
G1 X-71.773 Y111.293 Z430.739 F1000
G1 A10.923 F1000
G1 X-71.773 Y111.293 Z450.739 F1000
G1 A0.0 F1000
G1 X-71.773 Y111.293 Z470.739 F1000
G1 A0.0 F1000
G1 X-71.773 Y111.293 Z490.739 F1000
G1 A80.095 F1000
G1 X-11.773 Y11.293 Z510.739 F1000
G1 A90 F1000
G1 X-11.773 Y11.293 Z530.739 F1000
G1 A90 F1000
G1 X-11.773 Y11.293 Z550.739 F1000
G1 X-216.501 Y207.672 F8000
M992
G3 X-212.588 Y211.675 I216.501 J-207.672 F8000
G1 Z290.739 F8000
M991
G1 A78.223 F1000
G1 X-111.773 Y111.293 Z290.739 F1000
G1 A78.223 F1000
G1 X-111.773 Y111.293 Z310.739 F1000
G1 A71.626 F1000
G1 X-111.773 Y111.293 Z330.739 F1000
G1 A64.765 F1000
G1 X-111.773 Y111.293 Z350.739 F1000
G1 A57.491 F1000
G1 X-111.773 Y111.293 Z370.739 F1000
G1 A49.568 F1000
G1 X-111.773 Y111.293 Z390.739 F1000
G1 A40.566 F1000
G1 X-111.773 Y111.293 Z410.739 F1000
G1 A29.451 F1000
G1 X-111.773 Y111.293 Z430.739 F1000
G1 A10.923 F1000
G1 X-111.773 Y111.293 Z450.739 F1000
G1 A0.0 F1000
G1 X-111.773 Y111.293 Z470.739 F1000
G1 A0.0 F1000
G1 X-111.773 Y111.293 Z490.739 F1000
G1 A81.95 F1000
G1 X-11.773 Y11.293 Z510.739 F1000
G1 A90 F1000
G1 X-11.773 Y11.293 Z530.739 F1000
G1 A90 F1000
G1 X-11.773 Y11.293 Z550.739 F1000
G1 X-216.501 Y207.672 F8000
M992
G3 X-232.348 Y189.775 I216.501 J-207.672 F8000
G1 Z290.739 F8000
M991
G1 A78.223 F1000
G1 X-111.773 Y91.293 Z290.739 F1000
G1 A78.223 F1000
G1 X-111.773 Y91.293 Z310.739 F1000
G1 A71.626 F1000
G1 X-111.773 Y91.293 Z330.739 F1000
G1 A64.765 F1000
G1 X-111.773 Y91.293 Z350.739 F1000
G1 A57.491 F1000
G1 X-111.773 Y91.293 Z370.739 F1000
G1 A49.568 F1000
G1 X-111.773 Y91.293 Z390.739 F1000
G1 A40.566 F1000
G1 X-111.773 Y91.293 Z410.739 F1000
G1 A29.451 F1000
G1 X-111.773 Y91.293 Z430.739 F1000
G1 A10.923 F1000
G1 X-111.773 Y91.293 Z450.739 F1000
G1 A0.0 F1000
G1 X-111.773 Y91.293 Z470.739 F1000
G1 A0.0 F1000
G1 X-111.773 Y91.293 Z490.739 F1000
G1 A81.105 F1000
G1 X-11.773 Y11.293 Z510.739 F1000
G1 A90 F1000
G1 X-11.773 Y11.293 Z530.739 F1000
G1 A90 F1000
G1 X-11.773 Y11.293 Z550.739 F1000
G1 X-216.501 Y207.672 F8000
M992
G3 X-252.93 Y161.328 I216.501 J-207.672 F8000
G1 Z290.739 F8000
M991
G1 A78.223 F1000
G1 X-111.773 Y71.293 Z290.739 F1000
G1 A78.223 F1000
G1 X-111.773 Y71.293 Z310.739 F1000
G1 A71.626 F1000
G1 X-111.773 Y71.293 Z330.739 F1000
G1 A64.765 F1000
G1 X-111.773 Y71.293 Z350.739 F1000
G1 A57.491 F1000
G1 X-111.773 Y71.293 Z370.739 F1000
G1 A49.568 F1000
G1 X-111.773 Y71.293 Z390.739 F1000
G1 A40.566 F1000
G1 X-111.773 Y71.293 Z410.739 F1000
G1 A29.451 F1000
G1 X-111.773 Y71.293 Z430.739 F1000
G1 A10.923 F1000
G1 X-111.773 Y71.293 Z450.739 F1000
G1 A0.0 F1000
G1 X-111.773 Y71.293 Z470.739 F1000
G1 A0.0 F1000
G1 X-111.773 Y71.293 Z490.739 F1000
G1 A80.144 F1000
G1 X-11.773 Y11.293 Z510.739 F1000
G1 A90 F1000
G1 X-11.773 Y11.293 Z530.739 F1000
G1 A90 F1000
G1 X-11.773 Y11.293 Z550.739 F1000
G1 X-216.501 Y207.672 F8000
M992
G3 X-288.892 Y80.88 I216.501 J-207.672 F8000
G1 Z290.739 F8000
M991
G1 A78.223 F1000
G1 X-111.773 Y31.293 Z290.739 F1000
G1 A78.223 F1000
G1 X-111.773 Y31.293 Z310.739 F1000
G1 A71.626 F1000
G1 X-111.773 Y31.293 Z330.739 F1000
G1 A64.765 F1000
G1 X-111.773 Y31.293 Z350.739 F1000
G1 A57.491 F1000
G1 X-111.773 Y31.293 Z370.739 F1000
G1 A49.568 F1000
G1 X-111.773 Y31.293 Z390.739 F1000
G1 A40.566 F1000
G1 X-111.773 Y31.293 Z410.739 F1000
G1 A29.451 F1000
G1 X-111.773 Y31.293 Z430.739 F1000
G1 A10.923 F1000
G1 X-111.773 Y31.293 Z450.739 F1000
G1 A0.0 F1000
G1 X-111.773 Y31.293 Z470.739 F1000
G1 A0.0 F1000
G1 X-111.773 Y31.293 Z490.739 F1000
G1 A78.099 F1000
G1 X-11.773 Y11.293 Z510.739 F1000
G1 A90 F1000
G1 X-11.773 Y11.293 Z530.739 F1000
G1 A90 F1000
G1 X-11.773 Y11.293 Z550.739 F1000
G1 X-216.501 Y207.672 F8000
M992
G3 X-298.48 Y30.157 I216.501 J-207.672 F8000
G1 Z290.739 F8000
M991
G1 A78.223 F1000
G1 X-111.773 Y11.293 Z290.739 F1000
G1 A78.223 F1000
G1 X-111.773 Y11.293 Z310.739 F1000
G1 A71.626 F1000
G1 X-111.773 Y11.293 Z330.739 F1000
G1 A64.765 F1000
G1 X-111.773 Y11.293 Z350.739 F1000
G1 A57.491 F1000
G1 X-111.773 Y11.293 Z370.739 F1000
G1 A49.568 F1000
G1 X-111.773 Y11.293 Z390.739 F1000
G1 A40.566 F1000
G1 X-111.773 Y11.293 Z410.739 F1000
G1 A29.451 F1000
G1 X-111.773 Y11.293 Z430.739 F1000
G1 A10.923 F1000
G1 X-111.773 Y11.293 Z450.739 F1000
G1 A0.0 F1000
G1 X-111.773 Y11.293 Z470.739 F1000
G1 A0.0 F1000
G1 X-111.773 Y11.293 Z490.739 F1000
G1 A77.321 F1000
G1 X-11.773 Y11.293 Z510.739 F1000
G1 A90 F1000
G1 X-11.773 Y11.293 Z530.739 F1000
G1 A90 F1000
G1 X-11.773 Y11.293 Z550.739 F1000
G1 X-216.501 Y207.672 F8000
M992
G3 X-299.094 Y-23.299 I216.501 J-207.672 F8000
G1 Z290.739 F8000
M991
G1 A78.223 F1000
G1 X-111.773 Y-8.707 Z290.739 F1000
G1 A78.223 F1000
G1 X-111.773 Y-8.707 Z310.739 F1000
G1 A71.626 F1000
G1 X-111.773 Y-8.707 Z330.739 F1000
G1 A64.765 F1000
G1 X-111.773 Y-8.707 Z350.739 F1000
G1 A57.491 F1000
G1 X-111.773 Y-8.707 Z370.739 F1000
G1 A49.568 F1000
G1 X-111.773 Y-8.707 Z390.739 F1000
G1 A40.566 F1000
G1 X-111.773 Y-8.707 Z410.739 F1000
G1 A29.451 F1000
G1 X-111.773 Y-8.707 Z430.739 F1000
G1 A10.923 F1000
G1 X-111.773 Y-8.707 Z450.739 F1000
G1 A0.0 F1000
G1 X-111.773 Y-8.707 Z470.739 F1000
G1 A0.0 F1000
G1 X-111.773 Y-8.707 Z490.739 F1000
G1 A76.98 F1000
G1 X-11.773 Y11.293 Z510.739 F1000
G1 A90 F1000
G1 X-11.773 Y11.293 Z530.739 F1000
G1 A90 F1000
G1 X-11.773 Y11.293 Z550.739 F1000
G1 X-216.501 Y207.672 F8000
M992
G3 X-290.57 Y-74.628 I216.501 J-207.672 F8000
G1 Z290.739 F8000
M991
G1 A78.223 F1000
G1 X-111.773 Y-28.707 Z290.739 F1000
G1 A78.223 F1000
G1 X-111.773 Y-28.707 Z310.739 F1000
G1 A71.626 F1000
G1 X-111.773 Y-28.707 Z330.739 F1000
G1 A64.765 F1000
G1 X-111.773 Y-28.707 Z350.739 F1000
G1 A57.491 F1000
G1 X-111.773 Y-28.707 Z370.739 F1000
G1 A49.568 F1000
G1 X-111.773 Y-28.707 Z390.739 F1000
G1 A40.566 F1000
G1 X-111.773 Y-28.707 Z410.739 F1000
G1 A29.451 F1000
G1 X-111.773 Y-28.707 Z430.739 F1000
G1 A10.923 F1000
G1 X-111.773 Y-28.707 Z450.739 F1000
G1 A0.0 F1000
G1 X-111.773 Y-28.707 Z470.739 F1000
G1 A0.0 F1000
G1 X-111.773 Y-28.707 Z490.739 F1000
G1 A77.164 F1000
G1 X-11.773 Y11.293 Z510.739 F1000
G1 A90 F1000
G1 X-11.773 Y11.293 Z530.739 F1000
G1 A90 F1000
G1 X-11.773 Y11.293 Z550.739 F1000
G1 X-216.501 Y207.672 F8000
M992
G3 X-255.575 Y-157.103 I216.501 J-207.672 F8000
G1 Z290.739 F8000
M991
G1 A78.223 F1000
G1 X-111.773 Y-68.707 Z290.739 F1000
G1 A78.223 F1000
G1 X-111.773 Y-68.707 Z310.739 F1000
G1 A71.626 F1000
G1 X-111.773 Y-68.707 Z330.739 F1000
G1 A64.765 F1000
G1 X-111.773 Y-68.707 Z350.739 F1000
G1 A57.491 F1000
G1 X-111.773 Y-68.707 Z370.739 F1000
G1 A49.568 F1000
G1 X-111.773 Y-68.707 Z390.739 F1000
G1 A40.566 F1000
G1 X-111.773 Y-68.707 Z410.739 F1000
G1 A29.451 F1000
G1 X-111.773 Y-68.707 Z430.739 F1000
G1 A10.923 F1000
G1 X-111.773 Y-68.707 Z450.739 F1000
G1 A0.0 F1000
G1 X-111.773 Y-68.707 Z470.739 F1000
G1 A0.0 F1000
G1 X-111.773 Y-68.707 Z490.739 F1000
G1 A78.663 F1000
G1 X-11.773 Y11.293 Z510.739 F1000
G1 A90 F1000
G1 X-11.773 Y11.293 Z530.739 F1000
G1 A90 F1000
G1 X-11.773 Y11.293 Z550.739 F1000
G1 X-216.501 Y207.672 F8000
M992
G3 X-215.705 Y-208.498 I216.501 J-207.672 F8000
G1 Z290.739 F8000
M991
G1 A78.223 F1000
G1 X-91.773 Y-88.707 Z290.739 F1000
G1 A78.223 F1000
G1 X-91.773 Y-88.707 Z310.739 F1000
G1 A71.626 F1000
G1 X-91.773 Y-88.707 Z330.739 F1000
G1 A64.765 F1000
G1 X-91.773 Y-88.707 Z350.739 F1000
G1 A57.491 F1000
G1 X-91.773 Y-88.707 Z370.739 F1000
G1 A49.568 F1000
G1 X-91.773 Y-88.707 Z390.739 F1000
G1 A40.566 F1000
G1 X-91.773 Y-88.707 Z410.739 F1000
G1 A29.451 F1000
G1 X-91.773 Y-88.707 Z430.739 F1000
G1 A10.923 F1000
G1 X-91.773 Y-88.707 Z450.739 F1000
G1 A0.0 F1000
G1 X-91.773 Y-88.707 Z470.739 F1000
G1 A0.0 F1000
G1 X-91.773 Y-88.707 Z490.739 F1000
G1 A81.026 F1000
G1 X-0.574 Y-0.819 Z510.739 F1000
G1 A90 F1000
G1 X-0.574 Y-0.819 Z530.739 F1000
G1 A90 F1000
G1 X-0.574 Y-0.819 Z550.739 F1000
G1 X-172.073 Y-245.746 F8000
M992
G3 X-188.7 Y-233.222 I172.073 J245.746 F8000
G1 Z290.739 F8000
M991
G1 A78.223 F1000
G1 X-71.773 Y-88.707 Z290.739 F1000
G1 A78.223 F1000
G1 X-71.773 Y-88.707 Z310.739 F1000
G1 A71.626 F1000
G1 X-71.773 Y-88.707 Z330.739 F1000
G1 A64.765 F1000
G1 X-71.773 Y-88.707 Z350.739 F1000
G1 A57.491 F1000
G1 X-71.773 Y-88.707 Z370.739 F1000
G1 A49.568 F1000
G1 X-71.773 Y-88.707 Z390.739 F1000
G1 A40.566 F1000
G1 X-71.773 Y-88.707 Z410.739 F1000
G1 A29.451 F1000
G1 X-71.773 Y-88.707 Z430.739 F1000
G1 A10.923 F1000
G1 X-71.773 Y-88.707 Z450.739 F1000
G1 A0.0 F1000
G1 X-71.773 Y-88.707 Z470.739 F1000
G1 A0.0 F1000
G1 X-71.773 Y-88.707 Z490.739 F1000
G1 A79.975 F1000
G1 X-0.375 Y-0.927 Z510.739 F1000
G1 A90 F1000
G1 X-0.375 Y-0.927 Z530.739 F1000
G1 A90 F1000
G1 X-0.375 Y-0.927 Z550.739 F1000
G1 X-112.382 Y-278.155 F8000
M992
G3 X-101.16 Y-282.43 I112.382 J278.155 F8000
G1 Z490.739 F8000
M991
G1 A77.893 F1000
G1 X-31.773 Y-88.707 Z490.739 F1000
G1 A77.893 F1000
G1 X-0.156 Y-0.988 Z510.739 F1000
G1 A90 F1000
G1 X-0.156 Y-0.988 Z530.739 F1000
G1 A90 F1000
G1 X-0.156 Y-0.988 Z550.739 F1000
G1 X-46.93 Y-296.307 F8000
M992
G0 A0 X0 Y0 Z813 ; rapid end state
M84 ; disable steppers
