G90 ; absolute positions
G21 ; mm system units
G1 X0.0 Y-300.0 F8000
G3 X-18.951 Y-299.401 I-0.0 J300.0 F8000
G1 Z199.159 F8000
M991
G1 A109.756 F1000
G1 X-10.23 Y-161.62 Z199.159 F1000
G1 X-10.23 Y-194.953 Z215.825 F1000
G1 X-10.23 Y-194.953 Z232.492 F1000
G1 A98.791 F1000
G1 X-10.23 Y-194.953 Z249.159 F1000
G1 X-10.23 Y-194.953 Z265.825 F1000
G1 A88.145 F1000
G1 X-10.23 Y-194.953 Z282.492 F1000
G1 X-10.23 Y-211.62 Z299.159 F1000
G1 A77.435 F1000
G1 X-10.23 Y-211.62 Z315.825 F1000
G1 X-10.23 Y-211.62 Z332.492 F1000
G1 A66.251 F1000
G1 X-10.23 Y-211.62 Z349.159 F1000
G1 X-10.23 Y-228.287 Z365.825 F1000
G1 A53.991 F1000
G1 X-10.23 Y-228.287 Z382.492 F1000
G1 X-10.23 Y-228.287 Z399.159 F1000
G1 A39.367 F1000
G1 X-10.23 Y-228.287 Z415.825 F1000
G1 A30.038 F1000
G1 X-10.23 Y-228.287 Z432.492 F1000
G1 A16.607 F1000
G1 X-10.23 Y-244.953 Z449.159 F1000
G1 X-10.23 Y-244.953 Z465.825 F1000
G1 X-10.23 Y-244.953 Z482.492 F1000
G1 X-10.23 Y-244.953 Z499.159 F1000
G1 A44.95 F1000
G1 X-10.23 Y-228.287 Z515.825 F1000
G1 A15.0 F1000
G1 X-10.23 Y-228.287 Z532.492 F1000
G1 A44.943 F1000
G1 X-10.23 Y-211.62 Z549.159 F1000
G1 X-10.23 Y-194.953 Z565.825 F1000
G1 A63.278 F1000
G1 X-10.23 Y-161.62 Z582.492 F1000
G1 A44.886 F1000
G1 X-10.23 Y-144.953 Z599.159 F1000
G1 A63.152 F1000
G1 X-10.23 Y-111.62 Z615.825 F1000
G1 X-10.23 Y-78.287 Z632.492 F1000
G1 X-10.23 Y-28.287 Z649.159 F1000
G1 X-102.028 Y-282.118 F8000
M992
G3 X11.939 Y-299.762 I102.028 J282.118 F8000
G1 Z199.159 F8000
M991
G1 A109.756 F1000
G1 X6.437 Y-161.62 Z199.159 F1000
G1 X6.437 Y-194.953 Z215.825 F1000
G1 X6.437 Y-194.953 Z232.492 F1000
G1 A98.791 F1000
G1 X6.437 Y-194.953 Z249.159 F1000
G1 X6.437 Y-194.953 Z265.825 F1000
G1 A88.145 F1000
G1 X6.437 Y-194.953 Z282.492 F1000
G1 X23.103 Y-211.62 Z299.159 F1000
G1 A77.435 F1000
G1 X23.103 Y-211.62 Z315.825 F1000
G1 X23.103 Y-211.62 Z332.492 F1000
G1 A66.251 F1000
G1 X23.103 Y-211.62 Z349.159 F1000
G1 X23.103 Y-211.62 Z365.825 F1000
G1 A53.991 F1000
G1 X23.103 Y-228.287 Z382.492 F1000
G1 X23.103 Y-228.287 Z399.159 F1000
G1 A39.367 F1000
G1 X23.103 Y-228.287 Z415.825 F1000
G1 A30.038 F1000
G1 X23.103 Y-228.287 Z432.492 F1000
G1 A16.607 F1000
G1 X23.103 Y-228.287 Z449.159 F1000
G1 X23.103 Y-228.287 Z465.825 F1000
G1 X23.103 Y-228.287 Z482.492 F1000
G1 A44.71 F1000
G1 X23.103 Y-211.62 Z499.159 F1000
G1 A15.0 F1000
G1 X23.103 Y-211.62 Z515.825 F1000
G1 X23.103 Y-211.62 Z532.492 F1000
G1 A39.539 F1000
G1 X6.437 Y-194.953 Z549.159 F1000
G1 X6.437 Y-178.287 Z565.825 F1000
G1 X6.437 Y-161.62 Z582.492 F1000
G1 A63.344 F1000
G1 X6.437 Y-128.287 Z599.159 F1000
G1 X-10.23 Y-94.953 Z615.825 F1000
G1 A74.701 F1000
G1 X-10.23 Y-28.287 Z632.492 F1000
G1 A58.642 F1000
G1 X0.469 Y-2.963 Z649.159 F1000
G1 X46.93 Y-296.307 F8000
M992
G3 X59.964 Y-293.946 I-46.93 J296.307 F8000
G1 Z215.825 F8000
M991
G1 A104.206 F1000
G1 X39.77 Y-194.953 Z215.825 F1000
G1 X39.77 Y-194.953 Z232.492 F1000
G1 X39.77 Y-194.953 Z249.159 F1000
G1 A93.453 F1000
G1 X39.77 Y-194.953 Z265.825 F1000
G1 X39.77 Y-194.953 Z282.492 F1000
G1 A82.822 F1000
G1 X39.77 Y-194.953 Z299.159 F1000
G1 X39.77 Y-194.953 Z315.825 F1000
G1 A71.932 F1000
G1 X56.437 Y-211.62 Z332.492 F1000
G1 X56.437 Y-211.62 Z349.159 F1000
G1 A60.309 F1000
G1 X56.437 Y-211.62 Z365.825 F1000
G1 X56.437 Y-211.62 Z382.492 F1000
G1 A47.116 F1000
G1 X56.437 Y-211.62 Z399.159 F1000
G1 X56.437 Y-211.62 Z415.825 F1000
G1 A30.038 F1000
G1 X56.437 Y-211.62 Z432.492 F1000
G1 A16.607 F1000
G1 X56.437 Y-211.62 Z449.159 F1000
G1 X56.437 Y-211.62 Z465.825 F1000
G1 X56.437 Y-211.62 Z482.492 F1000
G1 X56.437 Y-211.62 Z499.159 F1000
G1 A44.961 F1000
G1 X39.77 Y-194.953 Z515.825 F1000
G1 A15.0 F1000
G1 X39.77 Y-194.953 Z532.492 F1000
G1 A43.855 F1000
G1 X39.77 Y-178.287 Z549.159 F1000
G1 X39.77 Y-161.62 Z565.825 F1000
G1 X23.103 Y-144.953 Z582.492 F1000
G1 A62.04 F1000
G1 X23.103 Y-111.62 Z599.159 F1000
G1 X6.437 Y-78.287 Z615.825 F1000
G1 A44.808 F1000
G1 X6.437 Y-61.62 Z632.492 F1000
G1 A90 F1000
G1 X6.437 Y-78.287 Z649.159 F1000
G1 X24.583 Y-298.991 F8000
M992
G3 X125.477 Y-272.499 I-24.583 J298.991 F8000
G1 Z215.825 F8000
M991
G1 A104.206 F1000
G1 X89.77 Y-194.953 Z215.825 F1000
G1 X89.77 Y-194.953 Z232.492 F1000
G1 X89.77 Y-194.953 Z249.159 F1000
G1 A93.453 F1000
G1 X89.77 Y-194.953 Z265.825 F1000
G1 X89.77 Y-194.953 Z282.492 F1000
G1 A82.822 F1000
G1 X89.77 Y-194.953 Z299.159 F1000
G1 X89.77 Y-194.953 Z315.825 F1000
G1 A71.932 F1000
G1 X89.77 Y-194.953 Z332.492 F1000
G1 X89.77 Y-194.953 Z349.159 F1000
G1 A60.309 F1000
G1 X89.77 Y-194.953 Z365.825 F1000
G1 X89.77 Y-194.953 Z382.492 F1000
G1 A47.116 F1000
G1 X89.77 Y-194.953 Z399.159 F1000
G1 X89.77 Y-194.953 Z415.825 F1000
G1 A30.038 F1000
G1 X89.77 Y-194.953 Z432.492 F1000
G1 A16.607 F1000
G1 X89.77 Y-194.953 Z449.159 F1000
G1 X89.77 Y-194.953 Z465.825 F1000
G1 X89.77 Y-194.953 Z482.492 F1000
G1 X89.77 Y-194.953 Z499.159 F1000
G1 X89.77 Y-194.953 Z515.825 F1000
G1 X89.77 Y-194.953 Z532.492 F1000
G1 A65.839 F1000
G1 X73.103 Y-161.62 Z549.159 F1000
G1 A49.816 F1000
G1 X56.437 Y-144.953 Z565.825 F1000
G1 A41.218 F1000
G1 X56.437 Y-128.287 Z582.492 F1000
G1 A65.751 F1000
G1 X39.77 Y-94.953 Z599.159 F1000
G1 X23.103 Y-61.62 Z615.825 F1000
G1 X6.437 Y-28.287 Z632.492 F1000
G1 A90 F1000
G1 X6.437 Y-44.953 Z649.159 F1000
G1 X42.523 Y-296.971 F8000
M992
G3 X160.175 Y-253.661 I-42.523 J296.971 F8000
G1 Z215.825 F8000
M991
G1 A104.206 F1000
G1 X123.103 Y-194.953 Z215.825 F1000
G1 X123.103 Y-194.953 Z232.492 F1000
G1 X123.103 Y-194.953 Z249.159 F1000
G1 A93.453 F1000
G1 X123.103 Y-194.953 Z265.825 F1000
G1 X123.103 Y-194.953 Z282.492 F1000
G1 A82.822 F1000
G1 X123.103 Y-194.953 Z299.159 F1000
G1 X123.103 Y-194.953 Z315.825 F1000
G1 A71.932 F1000
G1 X123.103 Y-194.953 Z332.492 F1000
G1 X123.103 Y-194.953 Z349.159 F1000
G1 A60.309 F1000
G1 X123.103 Y-194.953 Z365.825 F1000
G1 X123.103 Y-194.953 Z382.492 F1000
G1 A47.116 F1000
G1 X123.103 Y-194.953 Z399.159 F1000
G1 X123.103 Y-194.953 Z415.825 F1000
G1 A30.038 F1000
G1 X123.103 Y-194.953 Z432.492 F1000
G1 A16.607 F1000
G1 X123.103 Y-194.953 Z449.159 F1000
G1 X123.103 Y-194.953 Z465.825 F1000
G1 X123.103 Y-194.953 Z482.492 F1000
G1 X123.103 Y-194.953 Z499.159 F1000
G1 X123.103 Y-194.953 Z515.825 F1000
G1 X123.103 Y-194.953 Z532.492 F1000
G1 A74.435 F1000
G1 X89.77 Y-144.953 Z549.159 F1000
G1 A52.639 F1000
G1 X73.103 Y-128.287 Z565.825 F1000
G1 A37.905 F1000
G1 X73.103 Y-111.62 Z582.492 F1000
G1 A53.064 F1000
G1 X56.437 Y-94.953 Z599.159 F1000
G1 A74.225 F1000
G1 X23.103 Y-44.953 Z615.825 F1000
G1 A90 F1000
G1 X23.103 Y-44.953 Z632.492 F1000
G1 A51.024 F1000
G1 X6.437 Y-28.287 Z649.159 F1000
G1 X66.565 Y-292.522 F8000
M992
G3 X208.647 Y-215.56 I-66.565 J292.522 F8000
G1 Z215.825 F8000
M991
G1 A104.206 F1000
G1 X156.437 Y-161.62 Z215.825 F1000
G1 X173.103 Y-178.287 Z232.492 F1000
G1 X173.103 Y-178.287 Z249.159 F1000
G1 A93.453 F1000
G1 X189.77 Y-194.953 Z265.825 F1000
G1 X189.77 Y-194.953 Z282.492 F1000
G1 A82.822 F1000
G1 X189.77 Y-194.953 Z299.159 F1000
G1 X189.77 Y-194.953 Z315.825 F1000
G1 A71.932 F1000
G1 X189.77 Y-194.953 Z332.492 F1000
G1 X189.77 Y-194.953 Z349.159 F1000
G1 A60.309 F1000
G1 X189.77 Y-194.953 Z365.825 F1000
G1 X189.77 Y-194.953 Z382.492 F1000
G1 A47.116 F1000
G1 X189.77 Y-194.953 Z399.159 F1000
G1 X189.77 Y-194.953 Z415.825 F1000
G1 A30.038 F1000
G1 X189.77 Y-194.953 Z432.492 F1000
G1 A16.607 F1000
G1 X189.77 Y-194.953 Z449.159 F1000
G1 X189.77 Y-194.953 Z465.825 F1000
G1 X189.77 Y-194.953 Z482.492 F1000
G1 X189.77 Y-194.953 Z499.159 F1000
G1 X189.77 Y-194.953 Z515.825 F1000
G1 X189.77 Y-194.953 Z532.492 F1000
G1 A81.914 F1000
G1 X106.437 Y-111.62 Z549.159 F1000
G1 A54.713 F1000
G1 X89.77 Y-94.953 Z565.825 F1000
G1 A15.0 F1000
G1 X89.77 Y-94.953 Z582.492 F1000
G1 A70.465 F1000
G1 X56.437 Y-61.62 Z599.159 F1000
G1 A54.658 F1000
G1 X39.77 Y-44.953 Z615.825 F1000
G1 X23.103 Y-28.287 Z632.492 F1000
G1 X6.437 Y-11.62 Z649.159 F1000
G1 X145.368 Y-262.427 F8000
M992
G3 X248.538 Y-168.014 I-145.368 J262.427 F8000
G1 Z215.825 F8000
M991
G1 A104.206 F1000
G1 X189.77 Y-128.287 Z215.825 F1000
G1 X189.77 Y-128.287 Z232.492 F1000
G1 X189.77 Y-128.287 Z249.159 F1000
G1 A93.453 F1000
G1 X189.77 Y-128.287 Z265.825 F1000
G1 X189.77 Y-128.287 Z282.492 F1000
G1 A82.822 F1000
G1 X189.77 Y-128.287 Z299.159 F1000
G1 X189.77 Y-128.287 Z315.825 F1000
G1 A71.932 F1000
G1 X189.77 Y-128.287 Z332.492 F1000
G1 X189.77 Y-128.287 Z349.159 F1000
G1 A60.309 F1000
G1 X189.77 Y-128.287 Z365.825 F1000
G1 X189.77 Y-128.287 Z382.492 F1000
G1 A47.116 F1000
G1 X189.77 Y-128.287 Z399.159 F1000
G1 X189.77 Y-128.287 Z415.825 F1000
G1 A30.038 F1000
G1 X189.77 Y-128.287 Z432.492 F1000
G1 A16.607 F1000
G1 X189.77 Y-128.287 Z449.159 F1000
G1 X189.77 Y-128.287 Z465.825 F1000
G1 X189.77 Y-128.287 Z482.492 F1000
G1 X189.77 Y-128.287 Z499.159 F1000
G1 X189.77 Y-128.287 Z515.825 F1000
G1 X189.77 Y-128.287 Z532.492 F1000
G1 A64.833 F1000
G1 X156.437 Y-111.62 Z549.159 F1000
G1 A53.641 F1000
G1 X139.77 Y-94.953 Z565.825 F1000
G1 X123.103 Y-78.287 Z582.492 F1000
G1 A36.632 F1000
G1 X106.437 Y-78.287 Z599.159 F1000
G1 A68.756 F1000
G1 X73.103 Y-44.953 Z615.825 F1000
G1 X23.103 Y-11.62 Z632.492 F1000
G1 A90 F1000
G1 X23.103 Y-11.62 Z649.159 F1000
G1 X268.01 Y-134.798 F8000
M992
G3 X268.289 Y-134.241 I-268.01 J134.798 F8000
G1 Z215.825 F8000
M991
G1 A104.206 F1000
G1 X189.77 Y-94.953 Z215.825 F1000
G1 X189.77 Y-94.953 Z232.492 F1000
G1 X189.77 Y-94.953 Z249.159 F1000
G1 A93.453 F1000
G1 X189.77 Y-94.953 Z265.825 F1000
G1 X189.77 Y-94.953 Z282.492 F1000
G1 A82.822 F1000
G1 X189.77 Y-94.953 Z299.159 F1000
G1 X189.77 Y-94.953 Z315.825 F1000
G1 A71.932 F1000
G1 X189.77 Y-94.953 Z332.492 F1000
G1 X189.77 Y-94.953 Z349.159 F1000
G1 A60.309 F1000
G1 X189.77 Y-94.953 Z365.825 F1000
G1 X189.77 Y-94.953 Z382.492 F1000
G1 A47.116 F1000
G1 X189.77 Y-94.953 Z399.159 F1000
G1 X206.437 Y-94.953 Z415.825 F1000
G1 A30.038 F1000
G1 X206.437 Y-94.953 Z432.492 F1000
G1 A39.972 F1000
G1 X189.77 Y-94.953 Z449.159 F1000
G1 A15.0 F1000
G1 X189.77 Y-94.953 Z465.825 F1000
G1 X189.77 Y-94.953 Z482.492 F1000
G1 X189.77 Y-94.953 Z499.159 F1000
G1 X189.77 Y-94.953 Z515.825 F1000
G1 X189.77 Y-94.953 Z532.492 F1000
G1 A50.775 F1000
G1 X173.103 Y-78.287 Z549.159 F1000
G1 A15.0 F1000
G1 X173.103 Y-78.287 Z565.825 F1000
G1 X173.103 Y-78.287 Z582.492 F1000
G1 A40.112 F1000
G1 X156.437 Y-78.287 Z599.159 F1000
G1 A77.396 F1000
G1 X89.77 Y-44.953 Z615.825 F1000
G1 X39.77 Y-11.62 Z632.492 F1000
G1 A66.572 F1000
G1 X2.673 Y-1.362 Z649.159 F1000
G1 X267.302 Y-136.197 F8000
M992
G3 X291.921 Y-69.151 I-267.302 J136.197 F8000
G1 Z215.825 F8000
M991
G1 A104.206 F1000
G1 X189.77 Y-44.953 Z215.825 F1000
G1 X189.77 Y-44.953 Z232.492 F1000
G1 X189.77 Y-44.953 Z249.159 F1000
G1 A93.453 F1000
G1 X189.77 Y-44.953 Z265.825 F1000
G1 X189.77 Y-44.953 Z282.492 F1000
G1 A82.822 F1000
G1 X189.77 Y-44.953 Z299.159 F1000
G1 X189.77 Y-44.953 Z315.825 F1000
G1 A71.932 F1000
G1 X189.77 Y-44.953 Z332.492 F1000
G1 X189.77 Y-44.953 Z349.159 F1000
G1 A60.309 F1000
G1 X189.77 Y-44.953 Z365.825 F1000
G1 X189.77 Y-44.953 Z382.492 F1000
G1 A47.116 F1000
G1 X206.437 Y-61.62 Z399.159 F1000
G1 X206.437 Y-61.62 Z415.825 F1000
G1 A30.038 F1000
G1 X206.437 Y-61.62 Z432.492 F1000
G1 A16.607 F1000
G1 X206.437 Y-61.62 Z449.159 F1000
G1 X206.437 Y-61.62 Z465.825 F1000
G1 X206.437 Y-61.62 Z482.492 F1000
G1 A45.92 F1000
G1 X189.77 Y-44.953 Z499.159 F1000
G1 A15.0 F1000
G1 X189.77 Y-44.953 Z515.825 F1000
G1 X189.77 Y-44.953 Z532.492 F1000
G1 X189.77 Y-44.953 Z549.159 F1000
G1 A43.477 F1000
G1 X173.103 Y-44.953 Z565.825 F1000
G1 A15.0 F1000
G1 X173.103 Y-44.953 Z582.492 F1000
G1 A43.189 F1000
G1 X156.437 Y-44.953 Z599.159 F1000
G1 A73.629 F1000
G1 X89.77 Y-11.62 Z615.825 F1000
G1 X23.103 Y5.047 Z632.492 F1000
G1 A90 F1000
G1 X23.103 Y5.047 Z649.159 F1000
G1 X293.089 Y64.021 F8000
M992
G3 X299.439 Y-18.335 I-293.089 J-64.021 F8000
G1 Z215.825 F8000
M991
G1 A104.206 F1000
G1 X189.77 Y-11.62 Z215.825 F1000
G1 X189.77 Y-11.62 Z232.492 F1000
G1 X189.77 Y-11.62 Z249.159 F1000
G1 A93.453 F1000
G1 X189.77 Y-11.62 Z265.825 F1000
G1 X189.77 Y-11.62 Z282.492 F1000
G1 A82.822 F1000
G1 X189.77 Y-11.62 Z299.159 F1000
G1 X189.77 Y-11.62 Z315.825 F1000
G1 A71.932 F1000
G1 X189.77 Y-11.62 Z332.492 F1000
G1 X189.77 Y-11.62 Z349.159 F1000
G1 A60.309 F1000
G1 X189.77 Y-11.62 Z365.825 F1000
G1 X189.77 Y-11.62 Z382.492 F1000
G1 A47.116 F1000
G1 X206.437 Y-28.287 Z399.159 F1000
G1 X206.437 Y-28.287 Z415.825 F1000
G1 A30.038 F1000
G1 X206.437 Y-28.287 Z432.492 F1000
G1 A16.607 F1000
G1 X206.437 Y-28.287 Z449.159 F1000
G1 X206.437 Y-28.287 Z465.825 F1000
G1 X206.437 Y-28.287 Z482.492 F1000
G1 X206.437 Y-28.287 Z499.159 F1000
G1 X206.437 Y-28.287 Z515.825 F1000
G1 A40.571 F1000
G1 X189.77 Y-11.62 Z532.492 F1000
G1 A15.0 F1000
G1 X189.77 Y-11.62 Z549.159 F1000
G1 X189.77 Y-11.62 Z565.825 F1000
G1 A44.893 F1000
G1 X173.103 Y-11.62 Z582.492 F1000
G1 A63.179 F1000
G1 X139.77 Y-11.62 Z599.159 F1000
G1 A73.556 F1000
G1 X73.103 Y5.047 Z615.825 F1000
G1 A44.864 F1000
G1 X56.437 Y5.047 Z632.492 F1000
G1 A72.758 F1000
G1 X2.963 Y-0.469 Z649.159 F1000
G1 X296.307 Y-46.93 F8000
M992
G3 X299.894 Y7.975 I-296.307 J46.93 F8000
G1 Z215.825 F8000
M991
G1 A104.206 F1000
G1 X189.77 Y5.047 Z215.825 F1000
G1 X189.77 Y5.047 Z232.492 F1000
G1 X189.77 Y5.047 Z249.159 F1000
G1 A93.453 F1000
G1 X189.77 Y5.047 Z265.825 F1000
G1 X189.77 Y5.047 Z282.492 F1000
G1 A82.822 F1000
G1 X189.77 Y5.047 Z299.159 F1000
G1 X189.77 Y5.047 Z315.825 F1000
G1 A71.932 F1000
G1 X189.77 Y5.047 Z332.492 F1000
G1 X189.77 Y5.047 Z349.159 F1000
G1 A60.309 F1000
G1 X189.77 Y5.047 Z365.825 F1000
G1 X206.437 Y5.047 Z382.492 F1000
G1 A47.116 F1000
G1 X206.437 Y5.047 Z399.159 F1000
G1 X206.437 Y5.047 Z415.825 F1000
G1 A30.038 F1000
G1 X206.437 Y5.047 Z432.492 F1000
G1 A16.607 F1000
G1 X206.437 Y5.047 Z449.159 F1000
G1 X206.437 Y5.047 Z465.825 F1000
G1 X206.437 Y5.047 Z482.492 F1000
G1 X206.437 Y5.047 Z499.159 F1000
G1 X206.437 Y5.047 Z515.825 F1000
G1 X206.437 Y5.047 Z532.492 F1000
G1 A44.983 F1000
G1 X189.77 Y5.047 Z549.159 F1000
G1 A15.0 F1000
G1 X189.77 Y5.047 Z565.825 F1000
G1 A63.394 F1000
G1 X156.437 Y5.047 Z582.492 F1000
G1 X123.103 Y5.047 Z599.159 F1000
G1 A78.452 F1000
G1 X39.77 Y5.047 Z615.825 F1000
G1 A62.537 F1000
G1 X6.437 Y5.047 Z632.492 F1000
G1 X236.09 Y185.099 F8000
M992
G3 X294.047 Y59.469 I-236.09 J-185.099 F8000
G1 Z215.825 F8000
M991
G1 A104.206 F1000
G1 X189.77 Y38.38 Z215.825 F1000
G1 X189.77 Y38.38 Z232.492 F1000
G1 X189.77 Y38.38 Z249.159 F1000
G1 A93.453 F1000
G1 X189.77 Y38.38 Z265.825 F1000
G1 X189.77 Y38.38 Z282.492 F1000
G1 A82.822 F1000
G1 X189.77 Y38.38 Z299.159 F1000
G1 X189.77 Y38.38 Z315.825 F1000
G1 A71.932 F1000
G1 X189.77 Y38.38 Z332.492 F1000
G1 X189.77 Y38.38 Z349.159 F1000
G1 A60.309 F1000
G1 X206.437 Y55.047 Z365.825 F1000
G1 X206.437 Y55.047 Z382.492 F1000
G1 A47.116 F1000
G1 X206.437 Y55.047 Z399.159 F1000
G1 X206.437 Y55.047 Z415.825 F1000
G1 A30.038 F1000
G1 X206.437 Y55.047 Z432.492 F1000
G1 A16.607 F1000
G1 X206.437 Y55.047 Z449.159 F1000
G1 X206.437 Y55.047 Z465.825 F1000
G1 X206.437 Y55.047 Z482.492 F1000
G1 X206.437 Y55.047 Z499.159 F1000
G1 X206.437 Y55.047 Z515.825 F1000
G1 X206.437 Y55.047 Z532.492 F1000
G1 A44.96 F1000
G1 X189.77 Y38.38 Z549.159 F1000
G1 X173.103 Y38.38 Z565.825 F1000
G1 A60.835 F1000
G1 X139.77 Y38.38 Z582.492 F1000
G1 X106.437 Y38.38 Z599.159 F1000
G1 A75.209 F1000
G1 X39.77 Y21.713 Z615.825 F1000
G1 A38.362 F1000
G1 X23.103 Y21.713 Z632.492 F1000
G1 A90 F1000
G1 X23.103 Y21.713 Z649.159 F1000
G1 X218.607 Y205.453 F8000
M992
G3 X280.631 Y106.049 I-218.607 J-205.453 F8000
G1 Z215.825 F8000
M991
G1 A104.206 F1000
G1 X189.77 Y71.713 Z215.825 F1000
G1 X189.77 Y71.713 Z232.492 F1000
G1 X189.77 Y71.713 Z249.159 F1000
G1 A93.453 F1000
G1 X189.77 Y71.713 Z265.825 F1000
G1 X189.77 Y71.713 Z282.492 F1000
G1 A82.822 F1000
G1 X189.77 Y71.713 Z299.159 F1000
G1 X189.77 Y71.713 Z315.825 F1000
G1 A71.932 F1000
G1 X189.77 Y71.713 Z332.492 F1000
G1 X189.77 Y71.713 Z349.159 F1000
G1 A60.309 F1000
G1 X189.77 Y71.713 Z365.825 F1000
G1 X189.77 Y71.713 Z382.492 F1000
G1 A47.116 F1000
G1 X189.77 Y71.713 Z399.159 F1000
G1 X189.77 Y71.713 Z415.825 F1000
G1 A30.038 F1000
G1 X189.77 Y71.713 Z432.492 F1000
G1 A16.607 F1000
G1 X189.77 Y71.713 Z449.159 F1000
G1 X189.77 Y71.713 Z465.825 F1000
G1 X189.77 Y71.713 Z482.492 F1000
G1 X189.77 Y71.713 Z499.159 F1000
G1 X189.77 Y71.713 Z515.825 F1000
G1 X189.77 Y71.713 Z532.492 F1000
G1 A41.411 F1000
G1 X173.103 Y71.713 Z549.159 F1000
G1 X156.437 Y71.713 Z565.825 F1000
G1 A49.945 F1000
G1 X139.77 Y55.047 Z582.492 F1000
G1 A72.195 F1000
G1 X89.77 Y38.38 Z599.159 F1000
G1 X23.103 Y21.713 Z615.825 F1000
G1 A90 F1000
G1 X56.437 Y38.38 Z632.492 F1000
G1 A75.679 F1000
G1 X2.853 Y0.927 Z649.159 F1000
G1 X285.317 Y92.705 F8000
M992
G3 X252.524 Y161.962 I-285.317 J-92.705 F8000
G1 Z215.825 F8000
M991
G1 A104.206 F1000
G1 X189.77 Y121.713 Z215.825 F1000
G1 X189.77 Y121.713 Z232.492 F1000
G1 X189.77 Y121.713 Z249.159 F1000
G1 A93.453 F1000
G1 X189.77 Y121.713 Z265.825 F1000
G1 X189.77 Y121.713 Z282.492 F1000
G1 A82.822 F1000
G1 X189.77 Y121.713 Z299.159 F1000
G1 X189.77 Y121.713 Z315.825 F1000
G1 A71.932 F1000
G1 X189.77 Y121.713 Z332.492 F1000
G1 X189.77 Y121.713 Z349.159 F1000
G1 A60.309 F1000
G1 X189.77 Y121.713 Z365.825 F1000
G1 X189.77 Y121.713 Z382.492 F1000
G1 A47.116 F1000
G1 X189.77 Y121.713 Z399.159 F1000
G1 X189.77 Y121.713 Z415.825 F1000
G1 A30.038 F1000
G1 X189.77 Y121.713 Z432.492 F1000
G1 A16.607 F1000
G1 X189.77 Y121.713 Z449.159 F1000
G1 X189.77 Y121.713 Z465.825 F1000
G1 X189.77 Y121.713 Z482.492 F1000
G1 X189.77 Y121.713 Z499.159 F1000
G1 X189.77 Y121.713 Z515.825 F1000
G1 X189.77 Y121.713 Z532.492 F1000
G1 A65.187 F1000
G1 X156.437 Y105.047 Z549.159 F1000
G1 A53.242 F1000
G1 X139.77 Y88.38 Z565.825 F1000
G1 A36.702 F1000
G1 X123.103 Y88.38 Z582.492 F1000
G1 A74.375 F1000
G1 X73.103 Y55.047 Z599.159 F1000
G1 A64.683 F1000
G1 X23.103 Y38.38 Z615.825 F1000
G1 A90 F1000
G1 X23.103 Y38.38 Z632.492 F1000
G1 X154.72 Y257.025 F8000
M992
G3 X232.319 Y189.81 I-154.72 J-257.025 F8000
G1 Z215.825 F8000
M991
G1 A104.206 F1000
G1 X189.77 Y155.047 Z215.825 F1000
G1 X189.77 Y155.047 Z232.492 F1000
G1 X189.77 Y155.047 Z249.159 F1000
G1 A93.453 F1000
G1 X189.77 Y155.047 Z265.825 F1000
G1 X189.77 Y155.047 Z282.492 F1000
G1 A82.822 F1000
G1 X189.77 Y155.047 Z299.159 F1000
G1 X189.77 Y155.047 Z315.825 F1000
G1 A71.932 F1000
G1 X189.77 Y155.047 Z332.492 F1000
G1 X189.77 Y155.047 Z349.159 F1000
G1 A60.309 F1000
G1 X189.77 Y155.047 Z365.825 F1000
G1 X189.77 Y155.047 Z382.492 F1000
G1 A47.116 F1000
G1 X189.77 Y155.047 Z399.159 F1000
G1 X189.77 Y155.047 Z415.825 F1000
G1 A30.038 F1000
G1 X189.77 Y155.047 Z432.492 F1000
G1 A16.607 F1000
G1 X189.77 Y155.047 Z449.159 F1000
G1 X189.77 Y155.047 Z465.825 F1000
G1 X189.77 Y155.047 Z482.492 F1000
G1 X189.77 Y155.047 Z499.159 F1000
G1 X189.77 Y155.047 Z515.825 F1000
G1 X189.77 Y155.047 Z532.492 F1000
G1 A73.555 F1000
G1 X139.77 Y121.713 Z549.159 F1000
G1 A54.544 F1000
G1 X123.103 Y105.047 Z565.825 F1000
G1 A32.54 F1000
G1 X106.437 Y105.047 Z582.492 F1000
G1 A76.732 F1000
G1 X56.437 Y55.047 Z599.159 F1000
G1 A30.411 F1000
G1 X39.77 Y55.047 Z615.825 F1000
G1 A90 F1000
G1 X39.77 Y55.047 Z632.492 F1000
G1 X175.689 Y243.174 F8000
M992
G3 X202.038 Y221.767 I-175.689 J-243.174 F8000
G1 Z215.825 F8000
M991
G1 A104.206 F1000
G1 X156.437 Y171.713 Z215.825 F1000
G1 X173.103 Y188.38 Z232.492 F1000
G1 X189.77 Y205.047 Z249.159 F1000
G1 A93.453 F1000
G1 X189.77 Y205.047 Z265.825 F1000
G1 X189.77 Y205.047 Z282.492 F1000
G1 A82.822 F1000
G1 X189.77 Y205.047 Z299.159 F1000
G1 X189.77 Y205.047 Z315.825 F1000
G1 A71.932 F1000
G1 X189.77 Y205.047 Z332.492 F1000
G1 X189.77 Y205.047 Z349.159 F1000
G1 A60.309 F1000
G1 X189.77 Y205.047 Z365.825 F1000
G1 X189.77 Y205.047 Z382.492 F1000
G1 A47.116 F1000
G1 X189.77 Y205.047 Z399.159 F1000
G1 X189.77 Y205.047 Z415.825 F1000
G1 A30.038 F1000
G1 X189.77 Y205.047 Z432.492 F1000
G1 A16.607 F1000
G1 X189.77 Y205.047 Z449.159 F1000
G1 X189.77 Y205.047 Z465.825 F1000
G1 X189.77 Y205.047 Z482.492 F1000
G1 X189.77 Y205.047 Z499.159 F1000
G1 X189.77 Y205.047 Z515.825 F1000
G1 X189.77 Y205.047 Z532.492 F1000
G1 A79.735 F1000
G1 X123.103 Y138.38 Z549.159 F1000
G1 A54.598 F1000
G1 X106.437 Y121.713 Z565.825 F1000
G1 X89.77 Y105.047 Z582.492 F1000
G1 A76.013 F1000
G1 X39.77 Y55.047 Z599.159 F1000
G1 A90 F1000
G1 X56.437 Y71.713 Z615.825 F1000
G1 A15.0 F1000
G1 X56.437 Y71.713 Z632.492 F1000
G1 X185.531 Y235.751 F8000
M992
G3 X154.418 Y257.206 I-185.531 J-235.751 F8000
G1 Z215.825 F8000
M991
G1 A104.206 F1000
G1 X123.103 Y205.047 Z215.825 F1000
G1 X123.103 Y205.047 Z232.492 F1000
G1 X123.103 Y205.047 Z249.159 F1000
G1 A93.453 F1000
G1 X123.103 Y205.047 Z265.825 F1000
G1 X123.103 Y205.047 Z282.492 F1000
G1 A82.822 F1000
G1 X123.103 Y205.047 Z299.159 F1000
G1 X123.103 Y205.047 Z315.825 F1000
G1 A71.932 F1000
G1 X123.103 Y205.047 Z332.492 F1000
G1 X123.103 Y205.047 Z349.159 F1000
G1 A60.309 F1000
G1 X123.103 Y205.047 Z365.825 F1000
G1 X123.103 Y205.047 Z382.492 F1000
G1 A47.116 F1000
G1 X123.103 Y205.047 Z399.159 F1000
G1 X123.103 Y205.047 Z415.825 F1000
G1 A30.038 F1000
G1 X123.103 Y205.047 Z432.492 F1000
G1 A16.607 F1000
G1 X123.103 Y205.047 Z449.159 F1000
G1 X123.103 Y205.047 Z465.825 F1000
G1 X123.103 Y205.047 Z482.492 F1000
G1 X123.103 Y205.047 Z499.159 F1000
G1 X123.103 Y205.047 Z515.825 F1000
G1 X123.103 Y205.047 Z532.492 F1000
G1 A65.528 F1000
G1 X106.437 Y171.713 Z549.159 F1000
G1 A52.646 F1000
G1 X89.77 Y155.047 Z565.825 F1000
G1 X73.103 Y138.38 Z582.492 F1000
G1 A65.873 F1000
G1 X56.437 Y105.047 Z599.159 F1000
G1 X23.103 Y55.047 Z615.825 F1000
G1 A49.095 F1000
G1 X6.437 Y38.38 Z632.492 F1000
G1 A90 F1000
G1 X6.437 Y38.38 Z649.159 F1000
G1 X49.621 Y295.868 F8000
M992
G3 X120.316 Y274.817 I-49.621 J-295.868 F8000
G1 Z215.825 F8000
M991
G1 A104.206 F1000
G1 X89.77 Y205.047 Z215.825 F1000
G1 X89.77 Y205.047 Z232.492 F1000
G1 X89.77 Y205.047 Z249.159 F1000
G1 A93.453 F1000
G1 X89.77 Y205.047 Z265.825 F1000
G1 X89.77 Y205.047 Z282.492 F1000
G1 A82.822 F1000
G1 X89.77 Y205.047 Z299.159 F1000
G1 X89.77 Y205.047 Z315.825 F1000
G1 A71.932 F1000
G1 X89.77 Y205.047 Z332.492 F1000
G1 X89.77 Y205.047 Z349.159 F1000
G1 A60.309 F1000
G1 X89.77 Y205.047 Z365.825 F1000
G1 X89.77 Y205.047 Z382.492 F1000
G1 A47.116 F1000
G1 X89.77 Y205.047 Z399.159 F1000
G1 X89.77 Y205.047 Z415.825 F1000
G1 A30.038 F1000
G1 X89.77 Y205.047 Z432.492 F1000
G1 A16.607 F1000
G1 X89.77 Y205.047 Z449.159 F1000
G1 X89.77 Y205.047 Z465.825 F1000
G1 X89.77 Y205.047 Z482.492 F1000
G1 X89.77 Y205.047 Z499.159 F1000
G1 X89.77 Y205.047 Z515.825 F1000
G1 X89.77 Y205.047 Z532.492 F1000
G1 A49.502 F1000
G1 X73.103 Y188.38 Z549.159 F1000
G1 A41.24 F1000
G1 X73.103 Y171.713 Z565.825 F1000
G1 X56.437 Y155.047 Z582.492 F1000
G1 A65.079 F1000
G1 X39.77 Y121.713 Z599.159 F1000
G1 A74.852 F1000
G1 X6.437 Y55.047 Z615.825 F1000
G1 A90 F1000
G1 X6.437 Y55.047 Z632.492 F1000
G1 X6.437 Y55.047 Z649.159 F1000
G1 X34.843 Y297.97 F8000
M992
G3 X67.691 Y292.264 I-34.843 J-297.97 F8000
G1 Z199.159 F8000
M991
G1 A109.756 F1000
G1 X39.77 Y171.713 Z199.159 F1000
G1 X39.77 Y205.047 Z215.825 F1000
G1 X39.77 Y205.047 Z232.492 F1000
G1 A98.791 F1000
G1 X39.77 Y205.047 Z249.159 F1000
G1 X39.77 Y205.047 Z265.825 F1000
G1 A88.145 F1000
G1 X39.77 Y205.047 Z282.492 F1000
G1 X39.77 Y205.047 Z299.159 F1000
G1 A77.435 F1000
G1 X56.437 Y221.713 Z315.825 F1000
G1 X56.437 Y221.713 Z332.492 F1000
G1 A66.251 F1000
G1 X56.437 Y221.713 Z349.159 F1000
G1 X56.437 Y221.713 Z365.825 F1000
G1 A53.991 F1000
G1 X56.437 Y221.713 Z382.492 F1000
G1 X56.437 Y221.713 Z399.159 F1000
G1 A39.367 F1000
G1 X56.437 Y221.713 Z415.825 F1000
G1 A30.038 F1000
G1 X56.437 Y221.713 Z432.492 F1000
G1 A16.607 F1000
G1 X56.437 Y221.713 Z449.159 F1000
G1 X56.437 Y221.713 Z465.825 F1000
G1 X56.437 Y221.713 Z482.492 F1000
G1 X56.437 Y221.713 Z499.159 F1000
G1 X56.437 Y221.713 Z515.825 F1000
G1 X56.437 Y221.713 Z532.492 F1000
G1 A44.582 F1000
G1 X39.77 Y205.047 Z549.159 F1000
G1 X39.77 Y188.38 Z565.825 F1000
G1 X39.77 Y171.713 Z582.492 F1000
G1 A62.568 F1000
G1 X23.103 Y138.38 Z599.159 F1000
G1 X6.437 Y105.047 Z615.825 F1000
G1 X-10.23 Y55.047 Z632.492 F1000
G1 A90 F1000
G1 X-10.23 Y55.047 Z649.159 F1000
G1 X-54.814 Y294.95 F8000
M992
G3 X12.444 Y299.742 I54.814 J-294.95 F8000
G1 Z182.492 F8000
M991
G1 A115.506 F1000
G1 X6.437 Y155.047 Z182.492 F1000
G1 X6.437 Y171.713 Z199.159 F1000
G1 X6.437 Y205.047 Z215.825 F1000
G1 A104.206 F1000
G1 X6.437 Y205.047 Z232.492 F1000
G1 X6.437 Y205.047 Z249.159 F1000
G1 A93.453 F1000
G1 X6.437 Y205.047 Z265.825 F1000
G1 X23.103 Y221.713 Z282.492 F1000
G1 A82.822 F1000
G1 X23.103 Y221.713 Z299.159 F1000
G1 X23.103 Y221.713 Z315.825 F1000
G1 A71.932 F1000
G1 X23.103 Y238.38 Z332.492 F1000
G1 X23.103 Y238.38 Z349.159 F1000
G1 A60.309 F1000
G1 X23.103 Y238.38 Z365.825 F1000
G1 X23.103 Y238.38 Z382.492 F1000
G1 A47.116 F1000
G1 X23.103 Y238.38 Z399.159 F1000
G1 X23.103 Y238.38 Z415.825 F1000
G1 A30.038 F1000
G1 X23.103 Y238.38 Z432.492 F1000
G1 A16.607 F1000
G1 X23.103 Y238.38 Z449.159 F1000
G1 X23.103 Y238.38 Z465.825 F1000
G1 X23.103 Y238.38 Z482.492 F1000
G1 X23.103 Y238.38 Z499.159 F1000
G1 X23.103 Y238.38 Z515.825 F1000
G1 A44.733 F1000
G1 X23.103 Y221.713 Z532.492 F1000
G1 A15.0 F1000
G1 X23.103 Y221.713 Z549.159 F1000
G1 X23.103 Y221.713 Z565.825 F1000
G1 A58.695 F1000
G1 X6.437 Y188.38 Z582.492 F1000
G1 A71.465 F1000
G1 X6.437 Y138.38 Z599.159 F1000
G1 A56.573 F1000
G1 X-10.23 Y105.047 Z615.825 F1000
G1 X-10.23 Y71.713 Z632.492 F1000
G1 A15.0 F1000
G1 X-10.23 Y71.713 Z649.159 F1000
G1 X-42.366 Y296.993 F8000
M992
G3 X-19.751 Y299.349 I42.366 J-296.993 F8000
G1 Z199.159 F8000
M991
G1 A109.756 F1000
G1 X-10.23 Y155.047 Z199.159 F1000
G1 X-10.23 Y205.047 Z215.825 F1000
G1 X-10.23 Y205.047 Z232.492 F1000
G1 A98.791 F1000
G1 X-10.23 Y205.047 Z249.159 F1000
G1 X-10.23 Y205.047 Z265.825 F1000
G1 A88.145 F1000
G1 X-10.23 Y221.713 Z282.492 F1000
G1 X-10.23 Y238.38 Z299.159 F1000
G1 A77.435 F1000
G1 X-10.23 Y238.38 Z315.825 F1000
G1 X-10.23 Y255.047 Z332.492 F1000
G1 A66.251 F1000
G1 X-10.23 Y255.047 Z349.159 F1000
G1 X-10.23 Y255.047 Z365.825 F1000
G1 A53.991 F1000
G1 X-10.23 Y255.047 Z382.492 F1000
G1 X-10.23 Y255.047 Z399.159 F1000
G1 A39.367 F1000
G1 X-10.23 Y255.047 Z415.825 F1000
G1 A30.038 F1000
G1 X-10.23 Y255.047 Z432.492 F1000
G1 A16.607 F1000
G1 X-10.23 Y255.047 Z449.159 F1000
G1 X-10.23 Y255.047 Z465.825 F1000
G1 X-10.23 Y255.047 Z482.492 F1000
G1 X-10.23 Y255.047 Z499.159 F1000
G1 X-10.23 Y255.047 Z515.825 F1000
G1 X-10.23 Y255.047 Z532.492 F1000
G1 A44.954 F1000
G1 X-10.23 Y238.38 Z549.159 F1000
G1 X-10.23 Y221.713 Z565.825 F1000
G1 A63.313 F1000
G1 X-10.23 Y188.38 Z582.492 F1000
G1 X-10.23 Y155.047 Z599.159 F1000
G1 A75.475 F1000
G1 X-10.23 Y88.38 Z615.825 F1000
G1 X-10.23 Y38.38 Z632.492 F1000
G1 A90 F1000
G1 X-10.23 Y38.38 Z649.159 F1000
G1 X-77.265 Y289.879 F8000
M992
G3 X-62.345 Y293.45 I77.265 J-289.879 F8000
G1 Z215.825 F8000
M991
G1 A104.206 F1000
G1 X-43.563 Y205.047 Z215.825 F1000
G1 X-43.563 Y205.047 Z232.492 F1000
G1 X-43.563 Y205.047 Z249.159 F1000
G1 A93.453 F1000
G1 X-43.563 Y205.047 Z265.825 F1000
G1 X-43.563 Y205.047 Z282.492 F1000
G1 A82.822 F1000
G1 X-60.23 Y221.713 Z299.159 F1000
G1 X-60.23 Y221.713 Z315.825 F1000
G1 A71.932 F1000
G1 X-60.23 Y221.713 Z332.492 F1000
G1 X-60.23 Y221.713 Z349.159 F1000
G1 A60.309 F1000
G1 X-60.23 Y221.713 Z365.825 F1000
G1 X-60.23 Y221.713 Z382.492 F1000
G1 A47.116 F1000
G1 X-60.23 Y238.38 Z399.159 F1000
G1 X-60.23 Y238.38 Z415.825 F1000
G1 A30.038 F1000
G1 X-60.23 Y238.38 Z432.492 F1000
G1 A16.607 F1000
G1 X-60.23 Y238.38 Z449.159 F1000
G1 A43.28 F1000
G1 X-60.23 Y221.713 Z465.825 F1000
G1 A15.0 F1000
G1 X-60.23 Y221.713 Z482.492 F1000
G1 X-60.23 Y221.713 Z499.159 F1000
G1 X-60.23 Y221.713 Z515.825 F1000
G1 X-60.23 Y221.713 Z532.492 F1000
G1 X-60.23 Y221.713 Z549.159 F1000
G1 A45.114 F1000
G1 X-43.563 Y205.047 Z565.825 F1000
G1 A61.033 F1000
G1 X-43.563 Y171.713 Z582.492 F1000
G1 X-43.563 Y138.38 Z599.159 F1000
G1 X-26.897 Y105.047 Z615.825 F1000
G1 X-26.897 Y71.713 Z632.492 F1000
G1 A41.458 F1000
G1 X-26.897 Y55.047 Z649.159 F1000
G1 X-131.703 Y269.545 F8000
M992
G3 X-105.342 Y280.897 I131.703 J-269.545 F8000
G1 Z215.825 F8000
M991
G1 A104.206 F1000
G1 X-76.897 Y205.047 Z215.825 F1000
G1 X-76.897 Y205.047 Z232.492 F1000
G1 X-76.897 Y205.047 Z249.159 F1000
G1 A93.453 F1000
G1 X-76.897 Y205.047 Z265.825 F1000
G1 X-76.897 Y205.047 Z282.492 F1000
G1 A82.822 F1000
G1 X-76.897 Y205.047 Z299.159 F1000
G1 X-76.897 Y205.047 Z315.825 F1000
G1 A71.932 F1000
G1 X-76.897 Y205.047 Z332.492 F1000
G1 X-76.897 Y205.047 Z349.159 F1000
G1 A60.309 F1000
G1 X-76.897 Y205.047 Z365.825 F1000
G1 X-76.897 Y205.047 Z382.492 F1000
G1 A47.116 F1000
G1 X-76.897 Y205.047 Z399.159 F1000
G1 X-76.897 Y205.047 Z415.825 F1000
G1 A30.038 F1000
G1 X-76.897 Y205.047 Z432.492 F1000
G1 A16.607 F1000
G1 X-76.897 Y205.047 Z449.159 F1000
G1 X-76.897 Y205.047 Z465.825 F1000
G1 X-76.897 Y205.047 Z482.492 F1000
G1 X-76.897 Y205.047 Z499.159 F1000
G1 X-76.897 Y205.047 Z515.825 F1000
G1 X-76.897 Y205.047 Z532.492 F1000
G1 A41.459 F1000
G1 X-76.897 Y188.38 Z549.159 F1000
G1 X-76.897 Y171.713 Z565.825 F1000
G1 A15.0 F1000
G1 X-76.897 Y171.713 Z582.492 F1000
G1 A65.789 F1000
G1 X-60.23 Y138.38 Z599.159 F1000
G1 X-43.563 Y105.047 Z615.825 F1000
G1 A55.71 F1000
G1 X-43.563 Y71.713 Z632.492 F1000
G1 A15.0 F1000
G1 X-43.563 Y71.713 Z649.159 F1000
G1 X-155.754 Y256.4 F8000
M992
G3 X-157.873 Y255.1 I155.754 J-256.4 F8000
G1 Z215.825 F8000
M991
G1 A104.206 F1000
G1 X-126.897 Y205.047 Z215.825 F1000
G1 X-126.897 Y205.047 Z232.492 F1000
G1 X-126.897 Y205.047 Z249.159 F1000
G1 A93.453 F1000
G1 X-126.897 Y205.047 Z265.825 F1000
G1 X-126.897 Y205.047 Z282.492 F1000
G1 A82.822 F1000
G1 X-126.897 Y205.047 Z299.159 F1000
G1 X-126.897 Y205.047 Z315.825 F1000
G1 A71.932 F1000
G1 X-126.897 Y205.047 Z332.492 F1000
G1 X-126.897 Y205.047 Z349.159 F1000
G1 A60.309 F1000
G1 X-126.897 Y205.047 Z365.825 F1000
G1 X-126.897 Y205.047 Z382.492 F1000
G1 A47.116 F1000
G1 X-126.897 Y205.047 Z399.159 F1000
G1 X-126.897 Y205.047 Z415.825 F1000
G1 A30.038 F1000
G1 X-126.897 Y205.047 Z432.492 F1000
G1 A16.607 F1000
G1 X-126.897 Y205.047 Z449.159 F1000
G1 X-126.897 Y205.047 Z465.825 F1000
G1 X-126.897 Y205.047 Z482.492 F1000
G1 X-126.897 Y205.047 Z499.159 F1000
G1 X-126.897 Y205.047 Z515.825 F1000
G1 X-126.897 Y205.047 Z532.492 F1000
G1 A65.386 F1000
G1 X-110.23 Y171.713 Z549.159 F1000
G1 A52.916 F1000
G1 X-93.563 Y155.047 Z565.825 F1000
G1 A37.259 F1000
G1 X-93.563 Y138.38 Z582.492 F1000
G1 A53.29 F1000
G1 X-76.897 Y121.713 Z599.159 F1000
G1 A65.275 F1000
G1 X-60.23 Y88.38 Z615.825 F1000
G1 X-43.563 Y55.047 Z632.492 F1000
G1 A90 F1000
G1 X-43.563 Y55.047 Z649.159 F1000
G1 X-186.171 Y235.246 F8000
M992
G3 X-181.842 Y238.608 I186.171 J-235.246 F8000
G1 Z215.825 F8000
M991
G1 A104.206 F1000
G1 X-143.563 Y188.38 Z215.825 F1000
G1 X-160.23 Y205.047 Z232.492 F1000
G1 X-160.23 Y205.047 Z249.159 F1000
G1 A93.453 F1000
G1 X-160.23 Y205.047 Z265.825 F1000
G1 X-160.23 Y205.047 Z282.492 F1000
G1 A82.822 F1000
G1 X-160.23 Y205.047 Z299.159 F1000
G1 X-160.23 Y205.047 Z315.825 F1000
G1 A71.932 F1000
G1 X-160.23 Y205.047 Z332.492 F1000
G1 X-160.23 Y205.047 Z349.159 F1000
G1 A60.309 F1000
G1 X-160.23 Y205.047 Z365.825 F1000
G1 X-160.23 Y205.047 Z382.492 F1000
G1 A47.116 F1000
G1 X-160.23 Y205.047 Z399.159 F1000
G1 X-160.23 Y205.047 Z415.825 F1000
G1 A30.038 F1000
G1 X-160.23 Y205.047 Z432.492 F1000
G1 A16.607 F1000
G1 X-160.23 Y205.047 Z449.159 F1000
G1 X-160.23 Y205.047 Z465.825 F1000
G1 X-160.23 Y205.047 Z482.492 F1000
G1 X-160.23 Y205.047 Z499.159 F1000
G1 X-160.23 Y205.047 Z515.825 F1000
G1 X-160.23 Y205.047 Z532.492 F1000
G1 A78.634 F1000
G1 X-110.23 Y138.38 Z549.159 F1000
G1 A15.0 F1000
G1 X-110.23 Y138.38 Z565.825 F1000
G1 X-110.23 Y138.38 Z582.492 F1000
G1 A33.579 F1000
G1 X-110.23 Y121.713 Z599.159 F1000
G1 A70.331 F1000
G1 X-76.897 Y88.38 Z615.825 F1000
G1 X-43.563 Y38.38 Z632.492 F1000
G1 A90 F1000
G1 X-60.23 Y55.047 Z649.159 F1000
G1 X-221.447 Y202.389 F8000
M992
G3 X-215.262 Y208.955 I221.447 J-202.389 F8000
G1 Z215.825 F8000
M991
G1 A104.206 F1000
G1 X-176.897 Y171.713 Z215.825 F1000
G1 X-176.897 Y171.713 Z232.492 F1000
G1 X-193.563 Y188.38 Z249.159 F1000
G1 A93.453 F1000
G1 X-193.563 Y188.38 Z265.825 F1000
G1 X-193.563 Y188.38 Z282.492 F1000
G1 A82.822 F1000
G1 X-210.23 Y205.047 Z299.159 F1000
G1 X-210.23 Y205.047 Z315.825 F1000
G1 A71.932 F1000
G1 X-210.23 Y205.047 Z332.492 F1000
G1 X-210.23 Y205.047 Z349.159 F1000
G1 A60.309 F1000
G1 X-210.23 Y205.047 Z365.825 F1000
G1 X-210.23 Y205.047 Z382.492 F1000
G1 A47.116 F1000
G1 X-210.23 Y205.047 Z399.159 F1000
G1 X-210.23 Y205.047 Z415.825 F1000
G1 A30.038 F1000
G1 X-210.23 Y205.047 Z432.492 F1000
G1 A16.607 F1000
G1 X-210.23 Y205.047 Z449.159 F1000
G1 X-210.23 Y205.047 Z465.825 F1000
G1 X-210.23 Y205.047 Z482.492 F1000
G1 X-210.23 Y205.047 Z499.159 F1000
G1 X-210.23 Y205.047 Z515.825 F1000
G1 X-210.23 Y205.047 Z532.492 F1000
G1 A81.919 F1000
G1 X-126.897 Y121.713 Z549.159 F1000
G1 A15.0 F1000
G1 X-126.897 Y121.713 Z565.825 F1000
G1 A54.718 F1000
G1 X-110.23 Y105.047 Z582.492 F1000
G1 A15.0 F1000
G1 X-110.23 Y105.047 Z599.159 F1000
G1 A70.482 F1000
G1 X-76.897 Y71.713 Z615.825 F1000
G1 A15.0 F1000
G1 X-76.897 Y71.713 Z632.492 F1000
G1 X-76.897 Y71.713 Z649.159 F1000
G1 X-219.397 Y204.609 F8000
M992
G3 X-241.44 Y178.064 I219.397 J-204.609 F8000
G1 Z215.825 F8000
M991
G1 A104.206 F1000
G1 X-210.23 Y155.047 Z215.825 F1000
G1 X-210.23 Y155.047 Z232.492 F1000
G1 X-210.23 Y155.047 Z249.159 F1000
G1 A93.453 F1000
G1 X-210.23 Y155.047 Z265.825 F1000
G1 X-210.23 Y155.047 Z282.492 F1000
G1 A82.822 F1000
G1 X-210.23 Y155.047 Z299.159 F1000
G1 X-210.23 Y155.047 Z315.825 F1000
G1 A71.932 F1000
G1 X-210.23 Y155.047 Z332.492 F1000
G1 X-210.23 Y155.047 Z349.159 F1000
G1 A60.309 F1000
G1 X-210.23 Y155.047 Z365.825 F1000
G1 X-210.23 Y155.047 Z382.492 F1000
G1 A47.116 F1000
G1 X-210.23 Y155.047 Z399.159 F1000
G1 X-210.23 Y155.047 Z415.825 F1000
G1 A30.038 F1000
G1 X-210.23 Y155.047 Z432.492 F1000
G1 A16.607 F1000
G1 X-210.23 Y155.047 Z449.159 F1000
G1 X-210.23 Y155.047 Z465.825 F1000
G1 X-210.23 Y155.047 Z482.492 F1000
G1 X-210.23 Y155.047 Z499.159 F1000
G1 X-210.23 Y155.047 Z515.825 F1000
G1 X-210.23 Y155.047 Z532.492 F1000
G1 A74.268 F1000
G1 X-160.23 Y121.713 Z549.159 F1000
G1 A53.997 F1000
G1 X-143.563 Y105.047 Z565.825 F1000
G1 A15.0 F1000
G1 X-143.563 Y105.047 Z582.492 F1000
G1 X-143.563 Y105.047 Z599.159 F1000
G1 A64.16 F1000
G1 X-110.23 Y88.38 Z615.825 F1000
G1 X-76.897 Y55.047 Z632.492 F1000
G1 A15.0 F1000
G1 X-76.897 Y55.047 Z649.159 F1000
G1 X-243.939 Y174.624 F8000
M992
G3 X-259.627 Y150.312 I243.939 J-174.624 F8000
G1 Z215.825 F8000
M991
G1 A104.206 F1000
G1 X-210.23 Y121.713 Z215.825 F1000
G1 X-210.23 Y121.713 Z232.492 F1000
G1 X-210.23 Y121.713 Z249.159 F1000
G1 A93.453 F1000
G1 X-210.23 Y121.713 Z265.825 F1000
G1 X-210.23 Y121.713 Z282.492 F1000
G1 A82.822 F1000
G1 X-210.23 Y121.713 Z299.159 F1000
G1 X-210.23 Y121.713 Z315.825 F1000
G1 A71.932 F1000
G1 X-210.23 Y121.713 Z332.492 F1000
G1 X-210.23 Y121.713 Z349.159 F1000
G1 A60.309 F1000
G1 X-210.23 Y121.713 Z365.825 F1000
G1 X-210.23 Y121.713 Z382.492 F1000
G1 A47.116 F1000
G1 X-210.23 Y121.713 Z399.159 F1000
G1 X-210.23 Y121.713 Z415.825 F1000
G1 A30.038 F1000
G1 X-226.897 Y121.713 Z432.492 F1000
G1 A16.607 F1000
G1 X-226.897 Y121.713 Z449.159 F1000
G1 X-226.897 Y121.713 Z465.825 F1000
G1 A38.544 F1000
G1 X-210.23 Y121.713 Z482.492 F1000
G1 A15.0 F1000
G1 X-210.23 Y121.713 Z499.159 F1000
G1 X-210.23 Y121.713 Z515.825 F1000
G1 X-210.23 Y121.713 Z532.492 F1000
G1 A52.085 F1000
G1 X-193.563 Y105.047 Z549.159 F1000
G1 A38.425 F1000
G1 X-176.897 Y105.047 Z565.825 F1000
G1 A15.0 F1000
G1 X-176.897 Y105.047 Z582.492 F1000
G1 A52.299 F1000
G1 X-160.23 Y88.38 Z599.159 F1000
G1 A38.255 F1000
G1 X-143.563 Y88.38 Z615.825 F1000
G1 A74.364 F1000
G1 X-93.563 Y55.047 Z632.492 F1000
G1 A65.609 F1000
G1 X-60.23 Y38.38 Z649.159 F1000
G1 X-253.0 Y161.218 F8000
M992
G3 X-283.724 Y97.473 I253.0 J-161.218 F8000
G1 Z199.159 F8000
M991
G1 A109.756 F1000
G1 X-160.23 Y55.047 Z199.159 F1000
G1 X-210.23 Y71.713 Z215.825 F1000
G1 X-210.23 Y71.713 Z232.492 F1000
G1 A98.791 F1000
G1 X-226.897 Y88.38 Z249.159 F1000
G1 X-226.897 Y88.38 Z265.825 F1000
G1 A88.145 F1000
G1 X-226.897 Y88.38 Z282.492 F1000
G1 X-226.897 Y88.38 Z299.159 F1000
G1 A77.435 F1000
G1 X-226.897 Y88.38 Z315.825 F1000
G1 X-226.897 Y88.38 Z332.492 F1000
G1 A66.251 F1000
G1 X-226.897 Y88.38 Z349.159 F1000
G1 X-226.897 Y88.38 Z365.825 F1000
G1 A53.991 F1000
G1 X-243.563 Y88.38 Z382.492 F1000
G1 X-243.563 Y88.38 Z399.159 F1000
G1 A39.367 F1000
G1 X-243.563 Y88.38 Z415.825 F1000
G1 A30.038 F1000
G1 X-243.563 Y88.38 Z432.492 F1000
G1 A16.607 F1000
G1 X-243.563 Y88.38 Z449.159 F1000
G1 X-243.563 Y88.38 Z465.825 F1000
G1 X-243.563 Y88.38 Z482.492 F1000
G1 A41.659 F1000
G1 X-226.897 Y88.38 Z499.159 F1000
G1 A15.0 F1000
G1 X-226.897 Y88.38 Z515.825 F1000
G1 A48.377 F1000
G1 X-210.23 Y71.713 Z532.492 F1000
G1 A15.0 F1000
G1 X-210.23 Y71.713 Z549.159 F1000
G1 A42.009 F1000
G1 X-193.563 Y71.713 Z565.825 F1000
G1 A15.0 F1000
G1 X-193.563 Y71.713 Z582.492 F1000
G1 A41.534 F1000
G1 X-176.897 Y71.713 Z599.159 F1000
G1 X-160.23 Y55.047 Z615.825 F1000
G1 A57.769 F1000
G1 X-126.897 Y55.047 Z632.492 F1000
G1 A71.771 F1000
G1 X-76.897 Y38.38 Z649.159 F1000
G1 X-268.424 Y133.973 F8000
M992
G3 X-293.179 Y63.609 I268.424 J-133.973 F8000
G1 Z199.159 F8000
M991
G1 A109.756 F1000
G1 X-176.897 Y38.38 Z199.159 F1000
G1 X-210.23 Y38.38 Z215.825 F1000
G1 X-226.897 Y55.047 Z232.492 F1000
G1 A98.791 F1000
G1 X-226.897 Y55.047 Z249.159 F1000
G1 X-243.563 Y55.047 Z265.825 F1000
G1 A88.145 F1000
G1 X-243.563 Y55.047 Z282.492 F1000
G1 X-243.563 Y55.047 Z299.159 F1000
G1 A77.435 F1000
G1 X-243.563 Y55.047 Z315.825 F1000
G1 X-243.563 Y55.047 Z332.492 F1000
G1 A66.251 F1000
G1 X-260.23 Y55.047 Z349.159 F1000
G1 X-260.23 Y55.047 Z365.825 F1000
G1 A53.991 F1000
G1 X-260.23 Y55.047 Z382.492 F1000
G1 X-260.23 Y55.047 Z399.159 F1000
G1 A39.367 F1000
G1 X-260.23 Y55.047 Z415.825 F1000
G1 A30.038 F1000
G1 X-260.23 Y55.047 Z432.492 F1000
G1 A16.607 F1000
G1 X-260.23 Y55.047 Z449.159 F1000
G1 X-260.23 Y55.047 Z465.825 F1000
G1 X-260.23 Y55.047 Z482.492 F1000
G1 A43.773 F1000
G1 X-243.563 Y55.047 Z499.159 F1000
G1 A15.0 F1000
G1 X-243.563 Y55.047 Z515.825 F1000
G1 X-243.563 Y55.047 Z532.492 F1000
G1 A43.607 F1000
G1 X-226.897 Y55.047 Z549.159 F1000
G1 A15.0 F1000
G1 X-226.897 Y55.047 Z565.825 F1000
G1 A44.202 F1000
G1 X-210.23 Y38.38 Z582.492 F1000
G1 A15.0 F1000
G1 X-210.23 Y38.38 Z599.159 F1000
G1 A61.628 F1000
G1 X-176.897 Y38.38 Z615.825 F1000
G1 X-143.563 Y38.38 Z632.492 F1000
G1 A72.123 F1000
G1 X-93.563 Y21.713 Z649.159 F1000
G1 X-292.234 Y67.819 F8000
M992
G3 X-299.878 Y8.555 I292.234 J-67.819 F8000
G1 Z182.492 F8000
M991
G1 A115.506 F1000
G1 X-176.897 Y5.047 Z182.492 F1000
G1 X-210.23 Y5.047 Z199.159 F1000
G1 X-226.897 Y5.047 Z215.825 F1000
G1 A104.206 F1000
G1 X-226.897 Y5.047 Z232.492 F1000
G1 X-243.563 Y5.047 Z249.159 F1000
G1 A93.453 F1000
G1 X-243.563 Y5.047 Z265.825 F1000
G1 X-260.23 Y5.047 Z282.492 F1000
G1 A82.822 F1000
G1 X-260.23 Y5.047 Z299.159 F1000
G1 X-276.897 Y5.047 Z315.825 F1000
G1 A71.932 F1000
G1 X-276.897 Y5.047 Z332.492 F1000
G1 X-276.897 Y5.047 Z349.159 F1000
G1 A60.309 F1000
G1 X-276.897 Y5.047 Z365.825 F1000
G1 X-293.563 Y5.047 Z382.492 F1000
G1 A47.116 F1000
G1 X-293.563 Y5.047 Z399.159 F1000
G1 X-293.563 Y5.047 Z415.825 F1000
G1 A30.038 F1000
G1 X-293.563 Y5.047 Z432.492 F1000
G1 A44.992 F1000
G1 X-276.897 Y5.047 Z449.159 F1000
G1 A15.0 F1000
G1 X-276.897 Y5.047 Z465.825 F1000
G1 X-276.897 Y5.047 Z482.492 F1000
G1 X-276.897 Y5.047 Z499.159 F1000
G1 A44.99 F1000
G1 X-260.23 Y5.047 Z515.825 F1000
G1 A15.0 F1000
G1 X-260.23 Y5.047 Z532.492 F1000
G1 X-260.23 Y5.047 Z549.159 F1000
G1 A44.989 F1000
G1 X-243.563 Y5.047 Z565.825 F1000
G1 A15.0 F1000
G1 X-243.563 Y5.047 Z582.492 F1000
G1 A44.988 F1000
G1 X-226.897 Y5.047 Z599.159 F1000
G1 A63.407 F1000
G1 X-193.563 Y5.047 Z615.825 F1000
G1 A44.981 F1000
G1 X-176.897 Y5.047 Z632.492 F1000
G1 A78.574 F1000
G1 X-93.563 Y5.047 Z649.159 F1000
G1 X-299.565 Y16.158 F8000
M992
G3 X-299.355 Y-19.664 I299.565 J-16.158 F8000
G1 Z165.825 F8000
M991
G1 A121.547 F1000
G1 X-176.897 Y-11.62 Z165.825 F1000
G1 X-193.563 Y-11.62 Z182.492 F1000
G1 X-226.897 Y-28.287 Z199.159 F1000
G1 A109.756 F1000
G1 X-226.897 Y-28.287 Z215.825 F1000
G1 X-243.563 Y-28.287 Z232.492 F1000
G1 A98.791 F1000
G1 X-243.563 Y-28.287 Z249.159 F1000
G1 X-260.23 Y-28.287 Z265.825 F1000
G1 A88.145 F1000
G1 X-260.23 Y-28.287 Z282.492 F1000
G1 X-276.897 Y-28.287 Z299.159 F1000
G1 A77.435 F1000
G1 X-276.897 Y-28.287 Z315.825 F1000
G1 X-293.563 Y-28.287 Z332.492 F1000
G1 A66.251 F1000
G1 X-293.563 Y-28.287 Z349.159 F1000
G1 X-310.23 Y-28.287 Z365.825 F1000
G1 A53.991 F1000
G1 X-310.23 Y-28.287 Z382.492 F1000
G1 X-310.23 Y-28.287 Z399.159 F1000
G1 A39.367 F1000
G1 X-310.23 Y-28.287 Z415.825 F1000
G1 A30.038 F1000
G1 X-310.23 Y-28.287 Z432.492 F1000
G1 A44.764 F1000
G1 X-293.563 Y-28.287 Z449.159 F1000
G1 A15.0 F1000
G1 X-293.563 Y-28.287 Z465.825 F1000
G1 X-293.563 Y-28.287 Z482.492 F1000
G1 X-293.563 Y-28.287 Z499.159 F1000
G1 A44.736 F1000
G1 X-276.897 Y-28.287 Z515.825 F1000
G1 A15.0 F1000
G1 X-276.897 Y-28.287 Z532.492 F1000
G1 X-276.897 Y-28.287 Z549.159 F1000
G1 A44.704 F1000
G1 X-260.23 Y-28.287 Z565.825 F1000
G1 A15.0 F1000
G1 X-260.23 Y-28.287 Z582.492 F1000
G1 A62.772 F1000
G1 X-226.897 Y-28.287 Z599.159 F1000
G1 X-193.563 Y-11.62 Z615.825 F1000
G1 X-160.23 Y-11.62 Z632.492 F1000
G1 A79.269 F1000
G1 X-60.23 Y5.047 Z649.159 F1000
G1 X-298.952 Y25.049 F8000
M992
G3 X-292.223 Y-67.866 I298.952 J-25.049 F8000
G1 Z165.825 F8000
M991
G1 A121.547 F1000
G1 X-193.563 Y-44.953 Z165.825 F1000
G1 X-226.897 Y-61.62 Z182.492 F1000
G1 X-226.897 Y-61.62 Z199.159 F1000
G1 A109.756 F1000
G1 X-243.563 Y-61.62 Z215.825 F1000
G1 X-243.563 Y-61.62 Z232.492 F1000
G1 A98.791 F1000
G1 X-260.23 Y-61.62 Z249.159 F1000
G1 X-260.23 Y-61.62 Z265.825 F1000
G1 A88.145 F1000
G1 X-276.897 Y-78.287 Z282.492 F1000
G1 X-276.897 Y-78.287 Z299.159 F1000
G1 A77.435 F1000
G1 X-276.897 Y-78.287 Z315.825 F1000
G1 X-293.563 Y-78.287 Z332.492 F1000
G1 A66.251 F1000
G1 X-293.563 Y-78.287 Z349.159 F1000
G1 X-310.23 Y-78.287 Z365.825 F1000
G1 A53.991 F1000
G1 X-310.23 Y-78.287 Z382.492 F1000
G1 X-310.23 Y-78.287 Z399.159 F1000
G1 A39.367 F1000
G1 X-310.23 Y-78.287 Z415.825 F1000
G1 X-293.563 Y-78.287 Z432.492 F1000
G1 A16.607 F1000
G1 X-293.563 Y-78.287 Z449.159 F1000
G1 X-293.563 Y-78.287 Z465.825 F1000
G1 A43.097 F1000
G1 X-276.897 Y-78.287 Z482.492 F1000
G1 A15.0 F1000
G1 X-276.897 Y-78.287 Z499.159 F1000
G1 X-276.897 Y-78.287 Z515.825 F1000
G1 A45.451 F1000
G1 X-260.23 Y-61.62 Z532.492 F1000
G1 A15.0 F1000
G1 X-260.23 Y-61.62 Z549.159 F1000
G1 A43.478 F1000
G1 X-243.563 Y-61.62 Z565.825 F1000
G1 A15.0 F1000
G1 X-243.563 Y-61.62 Z582.492 F1000
G1 A63.086 F1000
G1 X-210.23 Y-44.953 Z599.159 F1000
G1 X-176.897 Y-44.953 Z615.825 F1000
G1 X-143.563 Y-28.287 Z632.492 F1000
G1 A76.07 F1000
G1 X-76.897 Y-11.62 Z649.159 F1000
G1 X-296.632 Y-44.825 F8000
M992
G3 X-274.335 Y-121.409 I296.632 J44.825 F8000
G1 Z165.825 F8000
M991
G1 A121.547 F1000
G1 X-176.897 Y-78.287 Z165.825 F1000
G1 X-193.563 Y-78.287 Z182.492 F1000
G1 X-210.23 Y-94.953 Z199.159 F1000
G1 A109.756 F1000
G1 X-210.23 Y-94.953 Z215.825 F1000
G1 X-226.897 Y-94.953 Z232.492 F1000
G1 A98.791 F1000
G1 X-243.563 Y-111.62 Z249.159 F1000
G1 X-243.563 Y-111.62 Z265.825 F1000
G1 A88.145 F1000
G1 X-243.563 Y-111.62 Z282.492 F1000
G1 X-260.23 Y-111.62 Z299.159 F1000
G1 A77.435 F1000
G1 X-260.23 Y-111.62 Z315.825 F1000
G1 X-276.897 Y-128.287 Z332.492 F1000
G1 A66.251 F1000
G1 X-276.897 Y-128.287 Z349.159 F1000
G1 X-276.897 Y-128.287 Z365.825 F1000
G1 A53.991 F1000
G1 X-276.897 Y-128.287 Z382.492 F1000
G1 X-276.897 Y-128.287 Z399.159 F1000
G1 A39.367 F1000
G1 X-276.897 Y-128.287 Z415.825 F1000
G1 A30.038 F1000
G1 X-276.897 Y-128.287 Z432.492 F1000
G1 A16.607 F1000
G1 X-276.897 Y-128.287 Z449.159 F1000
G1 A50.046 F1000
G1 X-260.23 Y-111.62 Z465.825 F1000
G1 A15.0 F1000
G1 X-260.23 Y-111.62 Z482.492 F1000
G1 X-260.23 Y-111.62 Z499.159 F1000
G1 A40.53 F1000
G1 X-243.563 Y-111.62 Z515.825 F1000
G1 A15.0 F1000
G1 X-243.563 Y-111.62 Z532.492 F1000
G1 X-243.563 Y-111.62 Z549.159 F1000
G1 A49.942 F1000
G1 X-226.897 Y-94.953 Z565.825 F1000
G1 A40.715 F1000
G1 X-210.23 Y-94.953 Z582.492 F1000
G1 A49.802 F1000
G1 X-193.563 Y-78.287 Z599.159 F1000
G1 A65.506 F1000
G1 X-160.23 Y-61.62 Z615.825 F1000
G1 X-110.23 Y-44.953 Z632.492 F1000
G1 X-60.23 Y-11.62 Z649.159 F1000
G1 X-294.568 Y-56.831 F8000
M992
G3 X-258.086 Y-152.944 I294.568 J56.831 F8000
G1 Z165.825 F8000
M991
G1 A121.547 F1000
G1 X-160.23 Y-94.953 Z165.825 F1000
G1 X-176.897 Y-111.62 Z182.492 F1000
G1 X-176.897 Y-111.62 Z199.159 F1000
G1 A109.756 F1000
G1 X-210.23 Y-128.287 Z215.825 F1000
G1 X-210.23 Y-128.287 Z232.492 F1000
G1 A98.791 F1000
G1 X-210.23 Y-128.287 Z249.159 F1000
G1 X-226.897 Y-144.953 Z265.825 F1000
G1 A88.145 F1000
G1 X-226.897 Y-144.953 Z282.492 F1000
G1 X-243.563 Y-161.62 Z299.159 F1000
G1 A77.435 F1000
G1 X-243.563 Y-161.62 Z315.825 F1000
G1 X-243.563 Y-161.62 Z332.492 F1000
G1 A66.251 F1000
G1 X-260.23 Y-161.62 Z349.159 F1000
G1 X-260.23 Y-161.62 Z365.825 F1000
G1 A53.991 F1000
G1 X-260.23 Y-161.62 Z382.492 F1000
G1 X-260.23 Y-161.62 Z399.159 F1000
G1 A39.367 F1000
G1 X-260.23 Y-161.62 Z415.825 F1000
G1 X-243.563 Y-161.62 Z432.492 F1000
G1 A16.607 F1000
G1 X-243.563 Y-161.62 Z449.159 F1000
G1 X-243.563 Y-161.62 Z465.825 F1000
G1 X-243.563 Y-161.62 Z482.492 F1000
G1 X-243.563 Y-161.62 Z499.159 F1000
G1 A53.158 F1000
G1 X-226.897 Y-144.953 Z515.825 F1000
G1 X-210.23 Y-128.287 Z532.492 F1000
G1 A15.0 F1000
G1 X-210.23 Y-128.287 Z549.159 F1000
G1 A52.521 F1000
G1 X-193.563 Y-111.62 Z565.825 F1000
G1 A37.775 F1000
G1 X-176.897 Y-111.62 Z582.492 F1000
G1 A52.785 F1000
G1 X-160.23 Y-94.953 Z599.159 F1000
G1 A65.582 F1000
G1 X-126.897 Y-78.287 Z615.825 F1000
G1 A52.609 F1000
G1 X-110.23 Y-61.62 Z632.492 F1000
G1 A73.878 F1000
G1 X-60.23 Y-28.287 Z649.159 F1000
G1 X-271.544 Y-127.53 F8000
M992
G3 X-225.257 Y-198.139 I271.544 J127.53 F8000
G1 Z165.825 F8000
M991
G1 A121.547 F1000
G1 X-126.897 Y-111.62 Z165.825 F1000
G1 X-143.563 Y-128.287 Z182.492 F1000
G1 X-143.563 Y-128.287 Z199.159 F1000
G1 A109.756 F1000
G1 X-210.23 Y-194.953 Z215.825 F1000
G1 X-210.23 Y-194.953 Z232.492 F1000
G1 A98.791 F1000
G1 X-210.23 Y-194.953 Z249.159 F1000
G1 X-210.23 Y-194.953 Z265.825 F1000
G1 A88.145 F1000
G1 X-210.23 Y-194.953 Z282.492 F1000
G1 X-210.23 Y-194.953 Z299.159 F1000
G1 A77.435 F1000
G1 X-226.897 Y-211.62 Z315.825 F1000
G1 X-226.897 Y-211.62 Z332.492 F1000
G1 A66.251 F1000
G1 X-226.897 Y-211.62 Z349.159 F1000
G1 X-226.897 Y-211.62 Z365.825 F1000
G1 A53.991 F1000
G1 X-226.897 Y-211.62 Z382.492 F1000
G1 X-226.897 Y-211.62 Z399.159 F1000
G1 A39.367 F1000
G1 X-226.897 Y-211.62 Z415.825 F1000
G1 A30.038 F1000
G1 X-226.897 Y-211.62 Z432.492 F1000
G1 A54.687 F1000
G1 X-210.23 Y-194.953 Z449.159 F1000
G1 A15.0 F1000
G1 X-210.23 Y-194.953 Z465.825 F1000
G1 X-210.23 Y-194.953 Z482.492 F1000
G1 X-210.23 Y-194.953 Z499.159 F1000
G1 X-210.23 Y-194.953 Z515.825 F1000
G1 X-210.23 Y-194.953 Z532.492 F1000
G1 A70.414 F1000
G1 X-176.897 Y-161.62 Z549.159 F1000
G1 A15.0 F1000
G1 X-176.897 Y-161.62 Z565.825 F1000
G1 A54.653 F1000
G1 X-160.23 Y-144.953 Z582.492 F1000
G1 A70.327 F1000
G1 X-126.897 Y-111.62 Z599.159 F1000
G1 A54.57 F1000
G1 X-110.23 Y-94.953 Z615.825 F1000
G1 A70.086 F1000
G1 X-76.897 Y-61.62 Z632.492 F1000
G1 A54.25 F1000
G1 X-60.23 Y-44.953 Z649.159 F1000
G1 X-240.419 Y-179.44 F8000
M992
G3 X-197.606 Y-225.725 I240.419 J179.44 F8000
G1 Z149.159 F8000
M991
G1 A128.009 F1000
G1 X-126.897 Y-144.953 Z149.159 F1000
G1 X-126.897 Y-144.953 Z165.825 F1000
G1 X-143.563 Y-161.62 Z182.492 F1000
G1 A115.506 F1000
G1 X-143.563 Y-161.62 Z199.159 F1000
G1 X-160.23 Y-194.953 Z215.825 F1000
G1 A104.206 F1000
G1 X-160.23 Y-194.953 Z232.492 F1000
G1 X-160.23 Y-194.953 Z249.159 F1000
G1 A93.453 F1000
G1 X-160.23 Y-194.953 Z265.825 F1000
G1 X-160.23 Y-194.953 Z282.492 F1000
G1 A82.822 F1000
G1 X-176.897 Y-211.62 Z299.159 F1000
G1 X-176.897 Y-211.62 Z315.825 F1000
G1 A71.932 F1000
G1 X-176.897 Y-211.62 Z332.492 F1000
G1 X-193.563 Y-228.287 Z349.159 F1000
G1 A60.309 F1000
G1 X-193.563 Y-228.287 Z365.825 F1000
G1 X-193.563 Y-228.287 Z382.492 F1000
G1 A47.116 F1000
G1 X-193.563 Y-228.287 Z399.159 F1000
G1 X-193.563 Y-228.287 Z415.825 F1000
G1 A30.038 F1000
G1 X-193.563 Y-228.287 Z432.492 F1000
G1 A16.607 F1000
G1 X-193.563 Y-228.287 Z449.159 F1000
G1 X-193.563 Y-228.287 Z465.825 F1000
G1 A54.463 F1000
G1 X-176.897 Y-211.62 Z482.492 F1000
G1 A15.0 F1000
G1 X-176.897 Y-211.62 Z499.159 F1000
G1 X-176.897 Y-211.62 Z515.825 F1000
G1 A54.415 F1000
G1 X-160.23 Y-194.953 Z532.492 F1000
G1 A15.0 F1000
G1 X-160.23 Y-194.953 Z549.159 F1000
G1 A54.353 F1000
G1 X-143.563 Y-178.287 Z565.825 F1000
G1 A33.418 F1000
G1 X-143.563 Y-161.62 Z582.492 F1000
G1 A54.594 F1000
G1 X-126.897 Y-144.953 Z599.159 F1000
G1 X-110.23 Y-128.287 Z615.825 F1000
G1 X-93.563 Y-94.953 Z632.492 F1000
G1 A70.524 F1000
G1 X-60.23 Y-61.62 Z649.159 F1000
G1 X-209.698 Y-214.538 F8000
M992
G3 X-162.693 Y-252.053 I209.698 J214.538 F8000
G1 Z165.825 F8000
M991
G1 A121.547 F1000
G1 X-93.563 Y-144.953 Z165.825 F1000
G1 X-110.23 Y-161.62 Z182.492 F1000
G1 X-110.23 Y-161.62 Z199.159 F1000
G1 A109.756 F1000
G1 X-126.897 Y-194.953 Z215.825 F1000
G1 X-126.897 Y-194.953 Z232.492 F1000
G1 A98.791 F1000
G1 X-126.897 Y-194.953 Z249.159 F1000
G1 X-126.897 Y-194.953 Z265.825 F1000
G1 A88.145 F1000
G1 X-126.897 Y-194.953 Z282.492 F1000
G1 X-126.897 Y-211.62 Z299.159 F1000
G1 A77.435 F1000
G1 X-126.897 Y-211.62 Z315.825 F1000
G1 X-126.897 Y-211.62 Z332.492 F1000
G1 A66.251 F1000
G1 X-143.563 Y-228.287 Z349.159 F1000
G1 X-143.563 Y-228.287 Z365.825 F1000
G1 A53.991 F1000
G1 X-143.563 Y-228.287 Z382.492 F1000
G1 X-143.563 Y-228.287 Z399.159 F1000
G1 A39.367 F1000
G1 X-143.563 Y-228.287 Z415.825 F1000
G1 A30.038 F1000
G1 X-143.563 Y-228.287 Z432.492 F1000
G1 A16.607 F1000
G1 X-143.563 Y-228.287 Z449.159 F1000
G1 X-143.563 Y-228.287 Z465.825 F1000
G1 X-143.563 Y-228.287 Z482.492 F1000
G1 X-143.563 Y-228.287 Z499.159 F1000
G1 A52.759 F1000
G1 X-126.897 Y-211.62 Z515.825 F1000
G1 A15.0 F1000
G1 X-126.897 Y-211.62 Z532.492 F1000
G1 A37.332 F1000
G1 X-126.897 Y-194.953 Z549.159 F1000
G1 A15.0 F1000
G1 X-126.897 Y-194.953 Z565.825 F1000
G1 A53.019 F1000
G1 X-110.23 Y-178.287 Z582.492 F1000
G1 A36.973 F1000
G1 X-110.23 Y-161.62 Z599.159 F1000
G1 A64.766 F1000
G1 X-93.563 Y-128.287 Z615.825 F1000
G1 A53.772 F1000
G1 X-76.897 Y-111.62 Z632.492 F1000
G1 A75.107 F1000
G1 X-43.563 Y-44.953 Z649.159 F1000
G1 X-208.775 Y-215.437 F8000
M992
G3 X-115.112 Y-277.037 I208.775 J215.437 F8000
G1 Z165.825 F8000
M991
G1 A121.547 F1000
G1 X-60.23 Y-144.953 Z165.825 F1000
G1 X-76.897 Y-161.62 Z182.492 F1000
G1 X-76.897 Y-161.62 Z199.159 F1000
G1 A109.756 F1000
G1 X-76.897 Y-194.953 Z215.825 F1000
G1 X-76.897 Y-194.953 Z232.492 F1000
G1 A98.791 F1000
G1 X-76.897 Y-194.953 Z249.159 F1000
G1 X-76.897 Y-194.953 Z265.825 F1000
G1 A88.145 F1000
G1 X-76.897 Y-194.953 Z282.492 F1000
G1 X-93.563 Y-211.62 Z299.159 F1000
G1 A77.435 F1000
G1 X-93.563 Y-211.62 Z315.825 F1000
G1 X-93.563 Y-211.62 Z332.492 F1000
G1 A66.251 F1000
G1 X-93.563 Y-228.287 Z349.159 F1000
G1 X-93.563 Y-228.287 Z365.825 F1000
G1 A53.991 F1000
G1 X-93.563 Y-228.287 Z382.492 F1000
G1 X-93.563 Y-228.287 Z399.159 F1000
G1 A39.367 F1000
G1 X-93.563 Y-228.287 Z415.825 F1000
G1 A30.038 F1000
G1 X-93.563 Y-244.953 Z432.492 F1000
G1 A16.607 F1000
G1 X-93.563 Y-244.953 Z449.159 F1000
G1 X-93.563 Y-244.953 Z465.825 F1000
G1 X-93.563 Y-244.953 Z482.492 F1000
G1 X-93.563 Y-244.953 Z499.159 F1000
G1 A41.343 F1000
G1 X-93.563 Y-228.287 Z515.825 F1000
G1 A15.0 F1000
G1 X-93.563 Y-228.287 Z532.492 F1000
G1 A40.866 F1000
G1 X-93.563 Y-211.62 Z549.159 F1000
G1 A49.597 F1000
G1 X-76.897 Y-194.953 Z565.825 F1000
G1 A41.131 F1000
G1 X-76.897 Y-178.287 Z582.492 F1000
G1 X-76.897 Y-161.62 Z599.159 F1000
G1 A50.3 F1000
G1 X-60.23 Y-144.953 Z615.825 F1000
G1 X-60.23 Y-111.62 Z632.492 F1000
G1 A77.272 F1000
G1 X-26.897 Y-44.953 Z649.159 F1000
G1 X-154.031 Y-257.438 F8000
M992
G3 X-78.076 Y-289.662 I154.031 J257.438 F8000
G1 Z182.492 F8000
M991
G1 A115.506 F1000
G1 X-43.563 Y-161.62 Z182.492 F1000
G1 X-43.563 Y-161.62 Z199.159 F1000
G1 X-43.563 Y-194.953 Z215.825 F1000
G1 A104.206 F1000
G1 X-43.563 Y-194.953 Z232.492 F1000
G1 X-43.563 Y-194.953 Z249.159 F1000
G1 A93.453 F1000
G1 X-43.563 Y-194.953 Z265.825 F1000
G1 X-43.563 Y-194.953 Z282.492 F1000
G1 A82.822 F1000
G1 X-60.23 Y-211.62 Z299.159 F1000
G1 X-60.23 Y-211.62 Z315.825 F1000
G1 A71.932 F1000
G1 X-60.23 Y-211.62 Z332.492 F1000
G1 X-60.23 Y-211.62 Z349.159 F1000
G1 A60.309 F1000
G1 X-60.23 Y-228.287 Z365.825 F1000
G1 X-60.23 Y-228.287 Z382.492 F1000
G1 A47.116 F1000
G1 X-60.23 Y-228.287 Z399.159 F1000
G1 X-60.23 Y-244.953 Z415.825 F1000
G1 A30.038 F1000
G1 X-60.23 Y-244.953 Z432.492 F1000
G1 A16.607 F1000
G1 X-60.23 Y-244.953 Z449.159 F1000
G1 X-60.23 Y-244.953 Z465.825 F1000
G1 X-60.23 Y-244.953 Z482.492 F1000
G1 X-60.23 Y-244.953 Z499.159 F1000
G1 X-60.23 Y-244.953 Z515.825 F1000
G1 A43.366 F1000
G1 X-60.23 Y-228.287 Z532.492 F1000
G1 X-60.23 Y-211.62 Z549.159 F1000
G1 X-43.563 Y-194.953 Z565.825 F1000
G1 X-43.563 Y-178.287 Z582.492 F1000
G1 X-43.563 Y-161.62 Z599.159 F1000
G1 A59.724 F1000
G1 X-43.563 Y-128.287 Z615.825 F1000
G1 X-26.897 Y-94.953 Z632.492 F1000
G1 X-26.897 Y-61.62 Z649.159 F1000
G1 X-120.012 Y-274.949 F8000
M992
G3 X-17.185 Y-299.507 I120.012 J274.949 F8000
G1 Z215.825 F8000
M991
G1 A104.206 F1000
G1 X-10.23 Y-178.287 Z215.825 F1000
G1 X-10.23 Y-178.287 Z232.492 F1000
G1 X-10.23 Y-178.287 Z249.159 F1000
G1 A93.453 F1000
G1 X-10.23 Y-178.287 Z265.825 F1000
G1 X-10.23 Y-178.287 Z282.492 F1000
G1 A82.822 F1000
G1 X-10.23 Y-194.953 Z299.159 F1000
G1 X-10.23 Y-194.953 Z315.825 F1000
G1 A71.932 F1000
G1 X-10.23 Y-194.953 Z332.492 F1000
G1 X-10.23 Y-194.953 Z349.159 F1000
G1 A60.309 F1000
G1 X-10.23 Y-194.953 Z365.825 F1000
G1 X-10.23 Y-194.953 Z382.492 F1000
G1 A47.116 F1000
G1 X-10.23 Y-194.953 Z399.159 F1000
G1 X-10.23 Y-194.953 Z415.825 F1000
G1 A30.038 F1000
G1 X-10.23 Y-194.953 Z432.492 F1000
G1 A16.607 F1000
G1 X-10.23 Y-194.953 Z449.159 F1000
G1 X-10.23 Y-194.953 Z465.825 F1000
G1 X-10.23 Y-194.953 Z482.492 F1000
G1 X-10.23 Y-194.953 Z499.159 F1000
G1 X-10.23 Y-194.953 Z515.825 F1000
G1 X-10.23 Y-194.953 Z532.492 F1000
G1 A78.303 F1000
G1 X-10.23 Y-111.62 Z549.159 F1000
G1 A44.761 F1000
G1 X-10.23 Y-94.953 Z565.825 F1000
G1 A62.783 F1000
G1 X-10.23 Y-61.62 Z582.492 F1000
G1 A44.232 F1000
G1 X-10.23 Y-44.953 Z599.159 F1000
G1 X-10.23 Y-28.287 Z615.825 F1000
G1 X-10.23 Y-11.62 Z632.492 F1000
G1 X-198.234 Y-225.174 F8000
M992
G3 X10.824 Y-299.805 I198.234 J225.174 F8000
G1 Z215.825 F8000
M991
G1 A104.206 F1000
G1 X6.437 Y-178.287 Z215.825 F1000
G1 X6.437 Y-178.287 Z232.492 F1000
G1 X6.437 Y-178.287 Z249.159 F1000
G1 A93.453 F1000
G1 X6.437 Y-178.287 Z265.825 F1000
G1 X6.437 Y-178.287 Z282.492 F1000
G1 A82.822 F1000
G1 X6.437 Y-194.953 Z299.159 F1000
G1 X6.437 Y-194.953 Z315.825 F1000
G1 A71.932 F1000
G1 X6.437 Y-194.953 Z332.492 F1000
G1 X6.437 Y-194.953 Z349.159 F1000
G1 A60.309 F1000
G1 X6.437 Y-194.953 Z365.825 F1000
G1 X6.437 Y-194.953 Z382.492 F1000
G1 A47.116 F1000
G1 X6.437 Y-194.953 Z399.159 F1000
G1 X6.437 Y-194.953 Z415.825 F1000
G1 A30.038 F1000
G1 X6.437 Y-194.953 Z432.492 F1000
G1 A16.607 F1000
G1 X6.437 Y-194.953 Z449.159 F1000
G1 X6.437 Y-194.953 Z465.825 F1000
G1 X6.437 Y-194.953 Z482.492 F1000
G1 X6.437 Y-194.953 Z499.159 F1000
G1 X6.437 Y-194.953 Z515.825 F1000
G1 X6.437 Y-194.953 Z532.492 F1000
G1 A78.001 F1000
G1 X-10.23 Y-94.953 Z549.159 F1000
G1 A62.783 F1000
G1 X-10.23 Y-61.62 Z565.825 F1000
G1 X-10.23 Y-28.287 Z582.492 F1000
G1 A90 F1000
G1 X-10.23 Y-28.287 Z599.159 F1000
G1 A58.642 F1000
G1 X0.469 Y-2.963 Z615.825 F1000
G1 A90 F1000
G1 X0.469 Y-2.963 Z632.492 F1000
G1 X46.93 Y-296.307 F8000
M992
G3 X65.315 Y-292.804 I-46.93 J296.307 F8000
G1 Z215.825 F8000
M991
G1 A104.206 F1000
G1 X39.77 Y-178.287 Z215.825 F1000
G1 X39.77 Y-178.287 Z232.492 F1000
G1 X39.77 Y-178.287 Z249.159 F1000
G1 A93.453 F1000
G1 X39.77 Y-178.287 Z265.825 F1000
G1 X39.77 Y-178.287 Z282.492 F1000
G1 A82.822 F1000
G1 X39.77 Y-178.287 Z299.159 F1000
G1 X39.77 Y-178.287 Z315.825 F1000
G1 A71.932 F1000
G1 X39.77 Y-194.953 Z332.492 F1000
G1 X39.77 Y-194.953 Z349.159 F1000
G1 A60.309 F1000
G1 X39.77 Y-194.953 Z365.825 F1000
G1 X39.77 Y-194.953 Z382.492 F1000
G1 A47.116 F1000
G1 X39.77 Y-194.953 Z399.159 F1000
G1 X39.77 Y-194.953 Z415.825 F1000
G1 A30.038 F1000
G1 X39.77 Y-194.953 Z432.492 F1000
G1 A16.607 F1000
G1 X39.77 Y-194.953 Z449.159 F1000
G1 X39.77 Y-194.953 Z465.825 F1000
G1 X39.77 Y-194.953 Z482.492 F1000
G1 X39.77 Y-194.953 Z499.159 F1000
G1 A43.855 F1000
G1 X39.77 Y-178.287 Z515.825 F1000
G1 A15.0 F1000
G1 X39.77 Y-178.287 Z532.492 F1000
G1 A79.286 F1000
G1 X6.437 Y-78.287 Z549.159 F1000
G1 A44.808 F1000
G1 X6.437 Y-61.62 Z565.825 F1000
G1 A90 F1000
G1 X6.437 Y-61.62 Z582.492 F1000
G1 X6.437 Y-61.62 Z599.159 F1000
G1 X6.437 Y-61.62 Z615.825 F1000
G1 X6.437 Y-61.62 Z649.159 F1000
G1 X31.168 Y-298.377 F8000
M992
G3 X113.814 Y-277.572 I-31.168 J298.377 F8000
G1 Z215.825 F8000
M991
G1 A104.206 F1000
G1 X73.103 Y-178.287 Z215.825 F1000
G1 X73.103 Y-178.287 Z232.492 F1000
G1 X73.103 Y-178.287 Z249.159 F1000
G1 A93.453 F1000
G1 X73.103 Y-178.287 Z265.825 F1000
G1 X73.103 Y-178.287 Z282.492 F1000
G1 A82.822 F1000
G1 X73.103 Y-178.287 Z299.159 F1000
G1 X73.103 Y-178.287 Z315.825 F1000
G1 A71.932 F1000
G1 X73.103 Y-178.287 Z332.492 F1000
G1 X73.103 Y-178.287 Z349.159 F1000
G1 A60.309 F1000
G1 X73.103 Y-178.287 Z365.825 F1000
G1 X73.103 Y-178.287 Z382.492 F1000
G1 A47.116 F1000
G1 X73.103 Y-178.287 Z399.159 F1000
G1 X73.103 Y-178.287 Z415.825 F1000
G1 A30.038 F1000
G1 X73.103 Y-178.287 Z432.492 F1000
G1 A16.607 F1000
G1 X73.103 Y-178.287 Z449.159 F1000
G1 X73.103 Y-178.287 Z465.825 F1000
G1 X73.103 Y-178.287 Z482.492 F1000
G1 X73.103 Y-178.287 Z499.159 F1000
G1 X73.103 Y-178.287 Z515.825 F1000
G1 X73.103 Y-178.287 Z532.492 F1000
G1 A82.465 F1000
G1 X23.103 Y-61.62 Z549.159 F1000
G1 A48.013 F1000
G1 X6.437 Y-44.953 Z565.825 F1000
G1 X6.437 Y-28.287 Z582.492 F1000
G1 A90 F1000
G1 X6.437 Y-28.287 Z599.159 F1000
G1 X6.437 Y-44.953 Z615.825 F1000
G1 X42.523 Y-296.971 F8000
M992
G3 X153.78 Y-257.588 I-42.523 J296.971 F8000
G1 Z215.825 F8000
M991
G1 A104.206 F1000
G1 X106.437 Y-178.287 Z215.825 F1000
G1 X106.437 Y-178.287 Z232.492 F1000
G1 X106.437 Y-178.287 Z249.159 F1000
G1 A93.453 F1000
G1 X106.437 Y-178.287 Z265.825 F1000
G1 X106.437 Y-178.287 Z282.492 F1000
G1 A82.822 F1000
G1 X106.437 Y-178.287 Z299.159 F1000
G1 X106.437 Y-178.287 Z315.825 F1000
G1 A71.932 F1000
G1 X106.437 Y-178.287 Z332.492 F1000
G1 X106.437 Y-178.287 Z349.159 F1000
G1 A60.309 F1000
G1 X106.437 Y-178.287 Z365.825 F1000
G1 X106.437 Y-178.287 Z382.492 F1000
G1 A47.116 F1000
G1 X106.437 Y-178.287 Z399.159 F1000
G1 X106.437 Y-178.287 Z415.825 F1000
G1 A30.038 F1000
G1 X106.437 Y-178.287 Z432.492 F1000
G1 A16.607 F1000
G1 X106.437 Y-178.287 Z449.159 F1000
G1 X106.437 Y-178.287 Z465.825 F1000
G1 X106.437 Y-178.287 Z482.492 F1000
G1 X106.437 Y-178.287 Z499.159 F1000
G1 X106.437 Y-178.287 Z515.825 F1000
G1 X106.437 Y-178.287 Z532.492 F1000
G1 A83.999 F1000
G1 X6.437 Y-28.287 Z549.159 F1000
G1 X6.437 Y-28.287 Z565.825 F1000
G1 X23.103 Y-44.953 Z582.492 F1000
G1 X23.103 Y-44.953 Z599.159 F1000
G1 A51.024 F1000
G1 X6.437 Y-28.287 Z615.825 F1000
G1 X66.565 Y-292.522 F8000
M992
G3 X208.647 Y-215.56 I-66.565 J292.522 F8000
G1 Z232.492 F8000
M991
G1 A98.791 F1000
G1 X156.437 Y-161.62 Z232.492 F1000
G1 X156.437 Y-161.62 Z249.159 F1000
G1 X173.103 Y-178.287 Z265.825 F1000
G1 A88.145 F1000
G1 X173.103 Y-178.287 Z282.492 F1000
G1 X173.103 Y-178.287 Z299.159 F1000
G1 A77.435 F1000
G1 X173.103 Y-178.287 Z315.825 F1000
G1 X173.103 Y-178.287 Z332.492 F1000
G1 A66.251 F1000
G1 X173.103 Y-178.287 Z349.159 F1000
G1 X173.103 Y-178.287 Z365.825 F1000
G1 A53.991 F1000
G1 X173.103 Y-178.287 Z382.492 F1000
G1 X173.103 Y-178.287 Z399.159 F1000
G1 A39.367 F1000
G1 X173.103 Y-178.287 Z415.825 F1000
G1 A30.038 F1000
G1 X173.103 Y-178.287 Z432.492 F1000
G1 A16.607 F1000
G1 X173.103 Y-178.287 Z449.159 F1000
G1 X173.103 Y-178.287 Z465.825 F1000
G1 X173.103 Y-178.287 Z482.492 F1000
G1 X173.103 Y-178.287 Z499.159 F1000
G1 X173.103 Y-178.287 Z515.825 F1000
G1 X173.103 Y-178.287 Z532.492 F1000
G1 A85.429 F1000
G1 X23.103 Y-28.287 Z549.159 F1000
G1 X23.103 Y-28.287 Z565.825 F1000
G1 X23.103 Y-28.287 Z582.492 F1000
G1 X23.103 Y-28.287 Z599.159 F1000
G1 X23.103 Y-28.287 Z615.825 F1000
G1 A54.329 F1000
G1 X6.437 Y-11.62 Z632.492 F1000
G1 X145.368 Y-262.427 F8000
M992
G3 X252.129 Y-162.577 I-145.368 J262.427 F8000
G1 Z215.825 F8000
M991
G1 A104.206 F1000
G1 X173.103 Y-111.62 Z215.825 F1000
G1 X173.103 Y-111.62 Z232.492 F1000
G1 X173.103 Y-111.62 Z249.159 F1000
G1 A93.453 F1000
G1 X173.103 Y-111.62 Z265.825 F1000
G1 X173.103 Y-111.62 Z282.492 F1000
G1 A82.822 F1000
G1 X173.103 Y-111.62 Z299.159 F1000
G1 X173.103 Y-111.62 Z315.825 F1000
G1 A71.932 F1000
G1 X173.103 Y-111.62 Z332.492 F1000
G1 X173.103 Y-111.62 Z349.159 F1000
G1 A60.309 F1000
G1 X173.103 Y-111.62 Z365.825 F1000
G1 X173.103 Y-111.62 Z382.492 F1000
G1 A47.116 F1000
G1 X173.103 Y-111.62 Z399.159 F1000
G1 X173.103 Y-111.62 Z415.825 F1000
G1 A30.038 F1000
G1 X173.103 Y-111.62 Z432.492 F1000
G1 A16.607 F1000
G1 X173.103 Y-111.62 Z449.159 F1000
G1 X173.103 Y-111.62 Z465.825 F1000
G1 X173.103 Y-111.62 Z482.492 F1000
G1 X173.103 Y-111.62 Z499.159 F1000
G1 X173.103 Y-111.62 Z515.825 F1000
G1 X173.103 Y-111.62 Z532.492 F1000
G1 A82.834 F1000
G1 X56.437 Y-28.287 Z549.159 F1000
G1 A39.209 F1000
G1 X39.77 Y-28.287 Z565.825 F1000
G1 A53.621 F1000
G1 X23.103 Y-11.62 Z582.492 F1000
G1 A90 F1000
G1 X23.103 Y-11.62 Z599.159 F1000
G1 X23.103 Y-11.62 Z615.825 F1000
G1 X268.01 Y-134.798 F8000
M992
G3 X273.345 Y-123.622 I-268.01 J134.798 F8000
G1 Z215.825 F8000
M991
G1 A104.206 F1000
G1 X173.103 Y-78.287 Z215.825 F1000
G1 X173.103 Y-78.287 Z232.492 F1000
G1 X173.103 Y-78.287 Z249.159 F1000
G1 A93.453 F1000
G1 X173.103 Y-78.287 Z265.825 F1000
G1 X173.103 Y-78.287 Z282.492 F1000
G1 A82.822 F1000
G1 X173.103 Y-78.287 Z299.159 F1000
G1 X173.103 Y-78.287 Z315.825 F1000
G1 A71.932 F1000
G1 X173.103 Y-78.287 Z332.492 F1000
G1 X173.103 Y-78.287 Z349.159 F1000
G1 A60.309 F1000
G1 X173.103 Y-78.287 Z365.825 F1000
G1 X173.103 Y-78.287 Z382.492 F1000
G1 A47.116 F1000
G1 X173.103 Y-78.287 Z399.159 F1000
G1 X189.77 Y-94.953 Z415.825 F1000
G1 A30.038 F1000
G1 X189.77 Y-94.953 Z432.492 F1000
G1 A50.775 F1000
G1 X173.103 Y-78.287 Z449.159 F1000
G1 A15.0 F1000
G1 X173.103 Y-78.287 Z465.825 F1000
G1 X173.103 Y-78.287 Z482.492 F1000
G1 X173.103 Y-78.287 Z499.159 F1000
G1 X173.103 Y-78.287 Z515.825 F1000
G1 X173.103 Y-78.287 Z532.492 F1000
G1 A81.235 F1000
G1 X73.103 Y-28.287 Z549.159 F1000
G1 A15.0 F1000
G1 X73.103 Y-28.287 Z565.825 F1000
G1 X73.103 Y-28.287 Z582.492 F1000
G1 A65.34 F1000
G1 X39.77 Y-11.62 Z599.159 F1000
G1 A90 F1000
G1 X39.77 Y-11.62 Z615.825 F1000
G1 X287.96 Y-84.137 F8000
M992
G3 X290.369 Y-75.406 I-287.96 J84.137 F8000
G1 Z215.825 F8000
M991
G1 A104.206 F1000
G1 X173.103 Y-44.953 Z215.825 F1000
G1 X173.103 Y-44.953 Z232.492 F1000
G1 X173.103 Y-44.953 Z249.159 F1000
G1 A93.453 F1000
G1 X173.103 Y-44.953 Z265.825 F1000
G1 X173.103 Y-44.953 Z282.492 F1000
G1 A82.822 F1000
G1 X173.103 Y-44.953 Z299.159 F1000
G1 X173.103 Y-44.953 Z315.825 F1000
G1 A71.932 F1000
G1 X173.103 Y-44.953 Z332.492 F1000
G1 X173.103 Y-44.953 Z349.159 F1000
G1 A60.309 F1000
G1 X173.103 Y-44.953 Z365.825 F1000
G1 X173.103 Y-44.953 Z382.492 F1000
G1 A47.116 F1000
G1 X189.77 Y-44.953 Z399.159 F1000
G1 X189.77 Y-44.953 Z415.825 F1000
G1 A30.038 F1000
G1 X189.77 Y-44.953 Z432.492 F1000
G1 A16.607 F1000
G1 X189.77 Y-44.953 Z449.159 F1000
G1 X189.77 Y-44.953 Z465.825 F1000
G1 X189.77 Y-44.953 Z482.492 F1000
G1 A43.477 F1000
G1 X173.103 Y-44.953 Z499.159 F1000
G1 A15.0 F1000
G1 X173.103 Y-44.953 Z515.825 F1000
G1 X173.103 Y-44.953 Z532.492 F1000
G1 A77.251 F1000
G1 X89.77 Y-11.62 Z549.159 F1000
G1 A44.528 F1000
G1 X73.103 Y-11.62 Z565.825 F1000
G1 A15.0 F1000
G1 X73.103 Y-11.62 Z582.492 F1000
G1 A44.294 F1000
G1 X56.437 Y-11.62 Z599.159 F1000
G1 A61.891 F1000
G1 X23.103 Y5.047 Z615.825 F1000
G1 X293.089 Y64.021 F8000
M992
G3 X299.326 Y-20.093 I-293.089 J-64.021 F8000
G1 Z215.825 F8000
M991
G1 A104.206 F1000
G1 X173.103 Y-11.62 Z215.825 F1000
G1 X173.103 Y-11.62 Z232.492 F1000
G1 X173.103 Y-11.62 Z249.159 F1000
G1 A93.453 F1000
G1 X173.103 Y-11.62 Z265.825 F1000
G1 X173.103 Y-11.62 Z282.492 F1000
G1 A82.822 F1000
G1 X173.103 Y-11.62 Z299.159 F1000
G1 X173.103 Y-11.62 Z315.825 F1000
G1 A71.932 F1000
G1 X173.103 Y-11.62 Z332.492 F1000
G1 X173.103 Y-11.62 Z349.159 F1000
G1 A60.309 F1000
G1 X173.103 Y-11.62 Z365.825 F1000
G1 X173.103 Y-11.62 Z382.492 F1000
G1 A47.116 F1000
G1 X189.77 Y-11.62 Z399.159 F1000
G1 X189.77 Y-11.62 Z415.825 F1000
G1 A30.038 F1000
G1 X189.77 Y-11.62 Z432.492 F1000
G1 A16.607 F1000
G1 X189.77 Y-11.62 Z449.159 F1000
G1 X189.77 Y-11.62 Z465.825 F1000
G1 X189.77 Y-11.62 Z482.492 F1000
G1 X189.77 Y-11.62 Z499.159 F1000
G1 X189.77 Y-11.62 Z515.825 F1000
G1 A44.893 F1000
G1 X173.103 Y-11.62 Z532.492 F1000
G1 A76.65 F1000
G1 X89.77 Y5.047 Z549.159 F1000
G1 A15.0 F1000
G1 X89.77 Y5.047 Z565.825 F1000
G1 A44.91 F1000
G1 X73.103 Y5.047 Z582.492 F1000
G1 A63.164 F1000
G1 X39.77 Y5.047 Z599.159 F1000
G1 X2.963 Y-0.469 Z615.825 F1000
G1 X296.307 Y-46.93 F8000
M992
G3 X299.873 Y8.742 I-296.307 J46.93 F8000
G1 Z215.825 F8000
M991
G1 A104.206 F1000
G1 X173.103 Y5.047 Z215.825 F1000
G1 X173.103 Y5.047 Z232.492 F1000
G1 X173.103 Y5.047 Z249.159 F1000
G1 A93.453 F1000
G1 X173.103 Y5.047 Z265.825 F1000
G1 X173.103 Y5.047 Z282.492 F1000
G1 A82.822 F1000
G1 X173.103 Y5.047 Z299.159 F1000
G1 X173.103 Y5.047 Z315.825 F1000
G1 A71.932 F1000
G1 X173.103 Y5.047 Z332.492 F1000
G1 X173.103 Y5.047 Z349.159 F1000
G1 A60.309 F1000
G1 X173.103 Y5.047 Z365.825 F1000
G1 X189.77 Y5.047 Z382.492 F1000
G1 A47.116 F1000
G1 X189.77 Y5.047 Z399.159 F1000
G1 X189.77 Y5.047 Z415.825 F1000
G1 A30.038 F1000
G1 X189.77 Y5.047 Z432.492 F1000
G1 A16.607 F1000
G1 X189.77 Y5.047 Z449.159 F1000
G1 X189.77 Y5.047 Z465.825 F1000
G1 X189.77 Y5.047 Z482.492 F1000
G1 X189.77 Y5.047 Z499.159 F1000
G1 X189.77 Y5.047 Z515.825 F1000
G1 X189.77 Y5.047 Z532.492 F1000
G1 A81.729 F1000
G1 X73.103 Y5.047 Z549.159 F1000
G1 A15.0 F1000
G1 X73.103 Y5.047 Z565.825 F1000
G1 A71.161 F1000
G1 X23.103 Y5.047 Z582.492 F1000
G1 A90 F1000
G1 X23.103 Y5.047 Z599.159 F1000
G1 A51.163 F1000
G1 X3.0 Y-0.0 Z615.825 F1000
G1 X300.0 Y-0.0 F8000
M992
G3 X292.887 Y64.938 I-300.0 J0.0 F8000
G1 Z215.825 F8000
M991
G1 A104.206 F1000
G1 X173.103 Y38.38 Z215.825 F1000
G1 X173.103 Y38.38 Z232.492 F1000
G1 X173.103 Y38.38 Z249.159 F1000
G1 A93.453 F1000
G1 X173.103 Y38.38 Z265.825 F1000
G1 X173.103 Y38.38 Z282.492 F1000
G1 A82.822 F1000
G1 X173.103 Y38.38 Z299.159 F1000
G1 X173.103 Y38.38 Z315.825 F1000
G1 A71.932 F1000
G1 X173.103 Y38.38 Z332.492 F1000
G1 X173.103 Y38.38 Z349.159 F1000
G1 A60.309 F1000
G1 X189.77 Y38.38 Z365.825 F1000
G1 X189.77 Y38.38 Z382.492 F1000
G1 A47.116 F1000
G1 X189.77 Y38.38 Z399.159 F1000
G1 X189.77 Y38.38 Z415.825 F1000
G1 A30.038 F1000
G1 X189.77 Y38.38 Z432.492 F1000
G1 A16.607 F1000
G1 X189.77 Y38.38 Z449.159 F1000
G1 X189.77 Y38.38 Z465.825 F1000
G1 X189.77 Y38.38 Z482.492 F1000
G1 X189.77 Y38.38 Z499.159 F1000
G1 X189.77 Y38.38 Z515.825 F1000
G1 X189.77 Y38.38 Z532.492 F1000
G1 A80.46 F1000
G1 X89.77 Y21.713 Z549.159 F1000
G1 A43.416 F1000
G1 X73.103 Y21.713 Z565.825 F1000
G1 A59.027 F1000
G1 X39.77 Y21.713 Z582.492 F1000
G1 A38.362 F1000
G1 X23.103 Y21.713 Z599.159 F1000
G1 A60.178 F1000
G1 X2.963 Y0.469 Z615.825 F1000
G1 A90 F1000
G1 X2.963 Y0.469 Z632.492 F1000
G1 X296.307 Y46.93 F8000
M992
G3 X277.157 Y114.821 I-296.307 J-46.93 F8000
G1 Z215.825 F8000
M991
G1 A104.206 F1000
G1 X173.103 Y71.713 Z215.825 F1000
G1 X173.103 Y71.713 Z232.492 F1000
G1 X173.103 Y71.713 Z249.159 F1000
G1 A93.453 F1000
G1 X173.103 Y71.713 Z265.825 F1000
G1 X173.103 Y71.713 Z282.492 F1000
G1 A82.822 F1000
G1 X173.103 Y71.713 Z299.159 F1000
G1 X173.103 Y71.713 Z315.825 F1000
G1 A71.932 F1000
G1 X173.103 Y71.713 Z332.492 F1000
G1 X173.103 Y71.713 Z349.159 F1000
G1 A60.309 F1000
G1 X173.103 Y71.713 Z365.825 F1000
G1 X173.103 Y71.713 Z382.492 F1000
G1 A47.116 F1000
G1 X173.103 Y71.713 Z399.159 F1000
G1 X173.103 Y71.713 Z415.825 F1000
G1 A30.038 F1000
G1 X173.103 Y71.713 Z432.492 F1000
G1 A16.607 F1000
G1 X173.103 Y71.713 Z449.159 F1000
G1 X173.103 Y71.713 Z465.825 F1000
G1 X173.103 Y71.713 Z482.492 F1000
G1 X173.103 Y71.713 Z499.159 F1000
G1 X173.103 Y71.713 Z515.825 F1000
G1 X173.103 Y71.713 Z532.492 F1000
G1 A80.144 F1000
G1 X73.103 Y38.38 Z549.159 F1000
G1 A38.761 F1000
G1 X56.437 Y38.38 Z565.825 F1000
G1 A64.788 F1000
G1 X23.103 Y21.713 Z582.492 F1000
G1 A90 F1000
G1 X56.437 Y38.38 Z599.159 F1000
G1 X248.072 Y168.702 F8000
M992
G3 X256.47 Y155.637 I-248.072 J-168.702 F8000
G1 Z215.825 F8000
M991
G1 A104.206 F1000
G1 X173.103 Y105.047 Z215.825 F1000
G1 X173.103 Y105.047 Z232.492 F1000
G1 X173.103 Y105.047 Z249.159 F1000
G1 A93.453 F1000
G1 X173.103 Y105.047 Z265.825 F1000
G1 X173.103 Y105.047 Z282.492 F1000
G1 A82.822 F1000
G1 X173.103 Y105.047 Z299.159 F1000
G1 X173.103 Y105.047 Z315.825 F1000
G1 A71.932 F1000
G1 X173.103 Y105.047 Z332.492 F1000
G1 X173.103 Y105.047 Z349.159 F1000
G1 A60.309 F1000
G1 X173.103 Y105.047 Z365.825 F1000
G1 X173.103 Y105.047 Z382.492 F1000
G1 A47.116 F1000
G1 X173.103 Y105.047 Z399.159 F1000
G1 X173.103 Y105.047 Z415.825 F1000
G1 A30.038 F1000
G1 X173.103 Y105.047 Z432.492 F1000
G1 A16.607 F1000
G1 X173.103 Y105.047 Z449.159 F1000
G1 X173.103 Y105.047 Z465.825 F1000
G1 X173.103 Y105.047 Z482.492 F1000
G1 X173.103 Y105.047 Z499.159 F1000
G1 X173.103 Y105.047 Z515.825 F1000
G1 X173.103 Y105.047 Z532.492 F1000
G1 A79.026 F1000
G1 X56.437 Y55.047 Z549.159 F1000
G1 A54.729 F1000
G1 X39.77 Y38.38 Z565.825 F1000
G1 A30.585 F1000
G1 X23.103 Y38.38 Z582.492 F1000
G1 A90 F1000
G1 X23.103 Y38.38 Z599.159 F1000
G1 X154.72 Y257.025 F8000
M992
G3 X234.329 Y187.324 I-154.72 J-257.025 F8000
G1 Z215.825 F8000
M991
G1 A104.206 F1000
G1 X173.103 Y138.38 Z215.825 F1000
G1 X173.103 Y138.38 Z232.492 F1000
G1 X173.103 Y138.38 Z249.159 F1000
G1 A93.453 F1000
G1 X173.103 Y138.38 Z265.825 F1000
G1 X173.103 Y138.38 Z282.492 F1000
G1 A82.822 F1000
G1 X173.103 Y138.38 Z299.159 F1000
G1 X173.103 Y138.38 Z315.825 F1000
G1 A71.932 F1000
G1 X173.103 Y138.38 Z332.492 F1000
G1 X173.103 Y138.38 Z349.159 F1000
G1 A60.309 F1000
G1 X173.103 Y138.38 Z365.825 F1000
G1 X173.103 Y138.38 Z382.492 F1000
G1 A47.116 F1000
G1 X173.103 Y138.38 Z399.159 F1000
G1 X173.103 Y138.38 Z415.825 F1000
G1 A30.038 F1000
G1 X173.103 Y138.38 Z432.492 F1000
G1 A16.607 F1000
G1 X173.103 Y138.38 Z449.159 F1000
G1 X173.103 Y138.38 Z465.825 F1000
G1 X173.103 Y138.38 Z482.492 F1000
G1 X173.103 Y138.38 Z499.159 F1000
G1 X173.103 Y138.38 Z515.825 F1000
G1 X173.103 Y138.38 Z532.492 F1000
G1 A82.767 F1000
G1 X23.103 Y38.38 Z549.159 F1000
G1 X23.103 Y38.38 Z565.825 F1000
G1 X39.77 Y55.047 Z582.492 F1000
G1 A68.561 F1000
G1 X6.437 Y21.713 Z599.159 F1000
G1 X85.266 Y287.628 F8000
M992
G3 X202.038 Y221.767 I-85.266 J-287.628 F8000
G1 Z232.492 F8000
M991
G1 A98.791 F1000
G1 X156.437 Y171.713 Z232.492 F1000
G1 X173.103 Y188.38 Z249.159 F1000
G1 X173.103 Y188.38 Z265.825 F1000
G1 A88.145 F1000
G1 X173.103 Y188.38 Z282.492 F1000
G1 X173.103 Y188.38 Z299.159 F1000
G1 A77.435 F1000
G1 X173.103 Y188.38 Z315.825 F1000
G1 X173.103 Y188.38 Z332.492 F1000
G1 A66.251 F1000
G1 X173.103 Y188.38 Z349.159 F1000
G1 X173.103 Y188.38 Z365.825 F1000
G1 A53.991 F1000
G1 X173.103 Y188.38 Z382.492 F1000
G1 X173.103 Y188.38 Z399.159 F1000
G1 A39.367 F1000
G1 X173.103 Y188.38 Z415.825 F1000
G1 A30.038 F1000
G1 X173.103 Y188.38 Z432.492 F1000
G1 A16.607 F1000
G1 X173.103 Y188.38 Z449.159 F1000
G1 X173.103 Y188.38 Z465.825 F1000
G1 X173.103 Y188.38 Z482.492 F1000
G1 X173.103 Y188.38 Z499.159 F1000
G1 X173.103 Y188.38 Z515.825 F1000
G1 X173.103 Y188.38 Z532.492 F1000
G1 A83.746 F1000
G1 X56.437 Y71.713 Z549.159 F1000
G1 A15.0 F1000
G1 X56.437 Y71.713 Z565.825 F1000
G1 X56.437 Y71.713 Z582.492 F1000
G1 A79.306 F1000
G1 X2.121 Y2.121 Z599.159 F1000
G1 X212.132 Y212.132 F8000
M992
G3 X147.576 Y261.192 I-212.132 J-212.132 F8000
G1 Z215.825 F8000
M991
G1 A104.206 F1000
G1 X106.437 Y188.38 Z215.825 F1000
G1 X106.437 Y188.38 Z232.492 F1000
G1 X106.437 Y188.38 Z249.159 F1000
G1 A93.453 F1000
G1 X106.437 Y188.38 Z265.825 F1000
G1 X106.437 Y188.38 Z282.492 F1000
G1 A82.822 F1000
G1 X106.437 Y188.38 Z299.159 F1000
G1 X106.437 Y188.38 Z315.825 F1000
G1 A71.932 F1000
G1 X106.437 Y188.38 Z332.492 F1000
G1 X106.437 Y188.38 Z349.159 F1000
G1 A60.309 F1000
G1 X106.437 Y188.38 Z365.825 F1000
G1 X106.437 Y188.38 Z382.492 F1000
G1 A47.116 F1000
G1 X106.437 Y188.38 Z399.159 F1000
G1 X106.437 Y188.38 Z415.825 F1000
G1 A30.038 F1000
G1 X106.437 Y188.38 Z432.492 F1000
G1 A16.607 F1000
G1 X106.437 Y188.38 Z449.159 F1000
G1 X106.437 Y188.38 Z465.825 F1000
G1 X106.437 Y188.38 Z482.492 F1000
G1 X106.437 Y188.38 Z499.159 F1000
G1 X106.437 Y188.38 Z515.825 F1000
G1 X106.437 Y188.38 Z532.492 F1000
G1 A81.019 F1000
G1 X23.103 Y71.713 Z549.159 F1000
G1 A42.302 F1000
G1 X23.103 Y55.047 Z565.825 F1000
G1 X6.437 Y38.38 Z582.492 F1000
G1 A90 F1000
G1 X23.103 Y55.047 Z599.159 F1000
G1 A49.095 F1000
G1 X6.437 Y38.38 Z615.825 F1000
G1 A65.227 F1000
G1 X1.763 Y2.427 Z632.492 F1000
G1 A90 F1000
G1 X1.763 Y2.427 Z649.159 F1000
G1 X176.336 Y242.705 F8000
M992
G3 X108.533 Y279.679 I-176.336 J-242.705 F8000
G1 Z215.825 F8000
M991
G1 A104.206 F1000
G1 X73.103 Y188.38 Z215.825 F1000
G1 X73.103 Y188.38 Z232.492 F1000
G1 X73.103 Y188.38 Z249.159 F1000
G1 A93.453 F1000
G1 X73.103 Y188.38 Z265.825 F1000
G1 X73.103 Y188.38 Z282.492 F1000
G1 A82.822 F1000
G1 X73.103 Y188.38 Z299.159 F1000
G1 X73.103 Y188.38 Z315.825 F1000
G1 A71.932 F1000
G1 X73.103 Y188.38 Z332.492 F1000
G1 X73.103 Y188.38 Z349.159 F1000
G1 A60.309 F1000
G1 X73.103 Y188.38 Z365.825 F1000
G1 X73.103 Y188.38 Z382.492 F1000
G1 A47.116 F1000
G1 X73.103 Y188.38 Z399.159 F1000
G1 X73.103 Y188.38 Z415.825 F1000
G1 A30.038 F1000
G1 X73.103 Y188.38 Z432.492 F1000
G1 A16.607 F1000
G1 X73.103 Y188.38 Z449.159 F1000
G1 X73.103 Y188.38 Z465.825 F1000
G1 X73.103 Y188.38 Z482.492 F1000
G1 X73.103 Y188.38 Z499.159 F1000
G1 X73.103 Y188.38 Z515.825 F1000
G1 X73.103 Y188.38 Z532.492 F1000
G1 A79.982 F1000
G1 X23.103 Y88.38 Z549.159 F1000
G1 A63.278 F1000
G1 X6.437 Y55.047 Z565.825 F1000
G1 A90 F1000
G1 X6.437 Y55.047 Z582.492 F1000
G1 X6.437 Y55.047 Z599.159 F1000
G1 A72.389 F1000
G1 X1.362 Y2.673 Z615.825 F1000
G1 X136.197 Y267.302 F8000
M992
G3 X61.969 Y293.53 I-136.197 J-267.302 F8000
G1 Z215.825 F8000
M991
G1 A104.206 F1000
G1 X39.77 Y188.38 Z215.825 F1000
G1 X39.77 Y188.38 Z232.492 F1000
G1 X39.77 Y188.38 Z249.159 F1000
G1 A93.453 F1000
G1 X39.77 Y188.38 Z265.825 F1000
G1 X39.77 Y188.38 Z282.492 F1000
G1 A82.822 F1000
G1 X39.77 Y188.38 Z299.159 F1000
G1 X39.77 Y205.047 Z315.825 F1000
G1 A71.932 F1000
G1 X39.77 Y205.047 Z332.492 F1000
G1 X39.77 Y205.047 Z349.159 F1000
G1 A60.309 F1000
G1 X39.77 Y205.047 Z365.825 F1000
G1 X39.77 Y205.047 Z382.492 F1000
G1 A47.116 F1000
G1 X39.77 Y205.047 Z399.159 F1000
G1 X39.77 Y205.047 Z415.825 F1000
G1 A30.038 F1000
G1 X39.77 Y205.047 Z432.492 F1000
G1 A16.607 F1000
G1 X39.77 Y205.047 Z449.159 F1000
G1 X39.77 Y205.047 Z465.825 F1000
G1 X39.77 Y205.047 Z482.492 F1000
G1 X39.77 Y205.047 Z499.159 F1000
G1 X39.77 Y205.047 Z515.825 F1000
G1 X39.77 Y205.047 Z532.492 F1000
G1 A78.342 F1000
G1 X6.437 Y105.047 Z549.159 F1000
G1 A44.893 F1000
G1 X6.437 Y88.38 Z565.825 F1000
G1 X6.437 Y71.713 Z582.492 F1000
G1 X-10.23 Y55.047 Z599.159 F1000
G1 A90 F1000
G1 X6.437 Y71.713 Z615.825 F1000
G1 X26.819 Y298.799 F8000
M992
G3 X10.245 Y299.825 I-26.819 J-298.799 F8000
G1 Z215.825 F8000
M991
G1 A104.206 F1000
G1 X6.437 Y188.38 Z215.825 F1000
G1 X6.437 Y188.38 Z232.492 F1000
G1 X6.437 Y188.38 Z249.159 F1000
G1 A93.453 F1000
G1 X6.437 Y188.38 Z265.825 F1000
G1 X6.437 Y205.047 Z282.492 F1000
G1 A82.822 F1000
G1 X6.437 Y205.047 Z299.159 F1000
G1 X6.437 Y205.047 Z315.825 F1000
G1 A71.932 F1000
G1 X6.437 Y205.047 Z332.492 F1000
G1 X6.437 Y205.047 Z349.159 F1000
G1 A60.309 F1000
G1 X6.437 Y205.047 Z365.825 F1000
G1 X6.437 Y205.047 Z382.492 F1000
G1 A47.116 F1000
G1 X6.437 Y205.047 Z399.159 F1000
G1 X6.437 Y205.047 Z415.825 F1000
G1 A30.038 F1000
G1 X6.437 Y205.047 Z432.492 F1000
G1 A16.607 F1000
G1 X6.437 Y205.047 Z449.159 F1000
G1 X6.437 Y205.047 Z465.825 F1000
G1 X6.437 Y205.047 Z482.492 F1000
G1 X6.437 Y205.047 Z499.159 F1000
G1 X6.437 Y205.047 Z515.825 F1000
G1 X6.437 Y205.047 Z532.492 F1000
G1 A78.55 F1000
G1 X6.437 Y121.713 Z549.159 F1000
G1 A15.0 F1000
G1 X6.437 Y121.713 Z565.825 F1000
G1 A56.816 F1000
G1 X-10.23 Y88.38 Z582.492 F1000
G1 A44.621 F1000
G1 X-10.23 Y71.713 Z599.159 F1000
G1 A15.0 F1000
G1 X-10.23 Y71.713 Z615.825 F1000
G1 X-42.366 Y296.993 F8000
M992
G3 X-16.267 Y299.559 I42.366 J-296.993 F8000
G1 Z215.825 F8000
M991
G1 A104.206 F1000
G1 X-10.23 Y188.38 Z215.825 F1000
G1 X-10.23 Y188.38 Z232.492 F1000
G1 X-10.23 Y188.38 Z249.159 F1000
G1 A93.453 F1000
G1 X-10.23 Y188.38 Z265.825 F1000
G1 X-10.23 Y205.047 Z282.492 F1000
G1 A82.822 F1000
G1 X-10.23 Y205.047 Z299.159 F1000
G1 X-10.23 Y205.047 Z315.825 F1000
G1 A71.932 F1000
G1 X-10.23 Y205.047 Z332.492 F1000
G1 X-10.23 Y205.047 Z349.159 F1000
G1 A60.309 F1000
G1 X-10.23 Y205.047 Z365.825 F1000
G1 X-10.23 Y205.047 Z382.492 F1000
G1 A47.116 F1000
G1 X-10.23 Y205.047 Z399.159 F1000
G1 X-10.23 Y205.047 Z415.825 F1000
G1 A30.038 F1000
G1 X-10.23 Y205.047 Z432.492 F1000
G1 A16.607 F1000
G1 X-10.23 Y205.047 Z449.159 F1000
G1 X-10.23 Y205.047 Z465.825 F1000
G1 X-10.23 Y205.047 Z482.492 F1000
G1 X-10.23 Y205.047 Z499.159 F1000
G1 X-10.23 Y205.047 Z515.825 F1000
G1 X-10.23 Y205.047 Z532.492 F1000
G1 A75.682 F1000
G1 X-10.23 Y138.38 Z549.159 F1000
G1 A44.844 F1000
G1 X-10.23 Y121.713 Z565.825 F1000
G1 A75.18 F1000
G1 X-10.23 Y55.047 Z582.492 F1000
G1 A90 F1000
G1 X-10.23 Y121.713 Z599.159 F1000
G1 A75.18 F1000
G1 X-10.23 Y55.047 Z615.825 F1000
G1 X-54.814 Y294.95 F8000
M992
G3 X-67.592 Y292.286 I54.814 J-294.95 F8000
G1 Z215.825 F8000
M991
G1 A104.206 F1000
G1 X-43.563 Y188.38 Z215.825 F1000
G1 X-43.563 Y188.38 Z232.492 F1000
G1 X-43.563 Y188.38 Z249.159 F1000
G1 A93.453 F1000
G1 X-43.563 Y188.38 Z265.825 F1000
G1 X-43.563 Y188.38 Z282.492 F1000
G1 A82.822 F1000
G1 X-43.563 Y205.047 Z299.159 F1000
G1 X-43.563 Y205.047 Z315.825 F1000
G1 A71.932 F1000
G1 X-43.563 Y205.047 Z332.492 F1000
G1 X-43.563 Y205.047 Z349.159 F1000
G1 A60.309 F1000
G1 X-43.563 Y205.047 Z365.825 F1000
G1 X-43.563 Y205.047 Z382.492 F1000
G1 A47.116 F1000
G1 X-43.563 Y205.047 Z399.159 F1000
G1 X-43.563 Y205.047 Z415.825 F1000
G1 A30.038 F1000
G1 X-43.563 Y205.047 Z432.492 F1000
G1 A16.607 F1000
G1 X-43.563 Y205.047 Z449.159 F1000
G1 X-43.563 Y205.047 Z465.825 F1000
G1 X-43.563 Y205.047 Z482.492 F1000
G1 X-43.563 Y205.047 Z499.159 F1000
G1 X-43.563 Y205.047 Z515.825 F1000
G1 X-43.563 Y205.047 Z532.492 F1000
G1 A73.571 F1000
G1 X-43.563 Y121.713 Z549.159 F1000
G1 A47.573 F1000
G1 X-26.897 Y105.047 Z565.825 F1000
G1 A60.052 F1000
G1 X-26.897 Y71.713 Z582.492 F1000
G1 A41.458 F1000
G1 X-26.897 Y55.047 Z599.159 F1000
G1 A90 F1000
G1 X-26.897 Y55.047 Z615.825 F1000
G1 X-26.897 Y55.047 Z632.492 F1000
G1 A39.444 F1000
G1 X-26.897 Y38.38 Z649.159 F1000
G1 X-172.17 Y245.678 F8000
M992
G3 X-113.378 Y277.751 I172.17 J-245.678 F8000
G1 Z215.825 F8000
M991
G1 A104.206 F1000
G1 X-76.897 Y188.38 Z215.825 F1000
G1 X-76.897 Y188.38 Z232.492 F1000
G1 X-76.897 Y188.38 Z249.159 F1000
G1 A93.453 F1000
G1 X-76.897 Y188.38 Z265.825 F1000
G1 X-76.897 Y188.38 Z282.492 F1000
G1 A82.822 F1000
G1 X-76.897 Y188.38 Z299.159 F1000
G1 X-76.897 Y188.38 Z315.825 F1000
G1 A71.932 F1000
G1 X-76.897 Y188.38 Z332.492 F1000
G1 X-76.897 Y188.38 Z349.159 F1000
G1 A60.309 F1000
G1 X-76.897 Y188.38 Z365.825 F1000
G1 X-76.897 Y188.38 Z382.492 F1000
G1 A47.116 F1000
G1 X-76.897 Y188.38 Z399.159 F1000
G1 X-76.897 Y188.38 Z415.825 F1000
G1 A30.038 F1000
G1 X-76.897 Y188.38 Z432.492 F1000
G1 A16.607 F1000
G1 X-76.897 Y188.38 Z449.159 F1000
G1 X-76.897 Y188.38 Z465.825 F1000
G1 X-76.897 Y188.38 Z482.492 F1000
G1 X-76.897 Y188.38 Z499.159 F1000
G1 X-76.897 Y188.38 Z515.825 F1000
G1 X-76.897 Y188.38 Z532.492 F1000
G1 A80.262 F1000
G1 X-43.563 Y88.38 Z549.159 F1000
G1 A39.364 F1000
G1 X-43.563 Y71.713 Z565.825 F1000
G1 A15.0 F1000
G1 X-43.563 Y71.713 Z582.492 F1000
G1 X-43.563 Y71.713 Z599.159 F1000
G1 X-43.563 Y71.713 Z615.825 F1000
G1 A65.476 F1000
G1 X-26.897 Y38.38 Z632.492 F1000
G1 A35.385 F1000
G1 X-26.897 Y21.713 Z649.159 F1000
G1 X-233.428 Y188.444 F8000
M992
G3 X-151.511 Y258.929 I233.428 J-188.444 F8000
G1 Z215.825 F8000
M991
G1 A104.206 F1000
G1 X-110.23 Y188.38 Z215.825 F1000
G1 X-110.23 Y188.38 Z232.492 F1000
G1 X-110.23 Y188.38 Z249.159 F1000
G1 A93.453 F1000
G1 X-110.23 Y188.38 Z265.825 F1000
G1 X-110.23 Y188.38 Z282.492 F1000
G1 A82.822 F1000
G1 X-110.23 Y188.38 Z299.159 F1000
G1 X-110.23 Y188.38 Z315.825 F1000
G1 A71.932 F1000
G1 X-110.23 Y188.38 Z332.492 F1000
G1 X-110.23 Y188.38 Z349.159 F1000
G1 A60.309 F1000
G1 X-110.23 Y188.38 Z365.825 F1000
G1 X-110.23 Y188.38 Z382.492 F1000
G1 A47.116 F1000
G1 X-110.23 Y188.38 Z399.159 F1000
G1 X-110.23 Y188.38 Z415.825 F1000
G1 A30.038 F1000
G1 X-110.23 Y188.38 Z432.492 F1000
G1 A16.607 F1000
G1 X-110.23 Y188.38 Z449.159 F1000
G1 X-110.23 Y188.38 Z465.825 F1000
G1 X-110.23 Y188.38 Z482.492 F1000
G1 X-110.23 Y188.38 Z499.159 F1000
G1 X-110.23 Y188.38 Z515.825 F1000
G1 X-110.23 Y188.38 Z532.492 F1000
G1 A79.676 F1000
G1 X-60.23 Y71.713 Z549.159 F1000
G1 A54.432 F1000
G1 X-43.563 Y55.047 Z565.825 F1000
G1 A33.675 F1000
G1 X-43.563 Y38.38 Z582.492 F1000
G1 A90 F1000
G1 X-43.563 Y55.047 Z599.159 F1000
G1 X-43.563 Y55.047 Z615.825 F1000
G1 A63.33 F1000
G1 X-26.897 Y21.713 Z632.492 F1000
G1 A90 F1000
G1 X-43.563 Y38.38 Z649.159 F1000
G1 X-225.101 Y198.317 F8000
M992
G3 X-192.426 Y230.157 I225.101 J-198.317 F8000
G1 Z215.825 F8000
M991
G1 A104.206 F1000
G1 X-143.563 Y171.713 Z215.825 F1000
G1 X-143.563 Y188.38 Z232.492 F1000
G1 X-143.563 Y188.38 Z249.159 F1000
G1 A93.453 F1000
G1 X-143.563 Y188.38 Z265.825 F1000
G1 X-143.563 Y188.38 Z282.492 F1000
G1 A82.822 F1000
G1 X-143.563 Y188.38 Z299.159 F1000
G1 X-143.563 Y188.38 Z315.825 F1000
G1 A71.932 F1000
G1 X-143.563 Y188.38 Z332.492 F1000
G1 X-143.563 Y188.38 Z349.159 F1000
G1 A60.309 F1000
G1 X-143.563 Y188.38 Z365.825 F1000
G1 X-143.563 Y188.38 Z382.492 F1000
G1 A47.116 F1000
G1 X-143.563 Y188.38 Z399.159 F1000
G1 X-143.563 Y188.38 Z415.825 F1000
G1 A30.038 F1000
G1 X-143.563 Y188.38 Z432.492 F1000
G1 A16.607 F1000
G1 X-143.563 Y188.38 Z449.159 F1000
G1 X-143.563 Y188.38 Z465.825 F1000
G1 X-143.563 Y188.38 Z482.492 F1000
G1 X-143.563 Y188.38 Z499.159 F1000
G1 X-143.563 Y188.38 Z515.825 F1000
G1 X-143.563 Y188.38 Z532.492 F1000
G1 A83.599 F1000
G1 X-43.563 Y38.38 Z549.159 F1000
G1 X-43.563 Y38.38 Z565.825 F1000
G1 X-60.23 Y55.047 Z582.492 F1000
G1 A15.0 F1000
G1 X-60.23 Y55.047 Z599.159 F1000
G1 X-60.23 Y55.047 Z615.825 F1000
G1 X-221.447 Y202.389 F8000
M992
G3 X-215.262 Y208.955 I221.447 J-202.389 F8000
G1 Z249.159 F8000
M991
G1 A93.453 F1000
G1 X-176.897 Y171.713 Z249.159 F1000
G1 X-176.897 Y171.713 Z265.825 F1000
G1 X-176.897 Y171.713 Z282.492 F1000
G1 A82.822 F1000
G1 X-193.563 Y188.38 Z299.159 F1000
G1 X-193.563 Y188.38 Z315.825 F1000
G1 A71.932 F1000
G1 X-193.563 Y188.38 Z332.492 F1000
G1 X-193.563 Y188.38 Z349.159 F1000
G1 A60.309 F1000
G1 X-193.563 Y188.38 Z365.825 F1000
G1 X-193.563 Y188.38 Z382.492 F1000
G1 A47.116 F1000
G1 X-193.563 Y188.38 Z399.159 F1000
G1 X-193.563 Y188.38 Z415.825 F1000
G1 A30.038 F1000
G1 X-193.563 Y188.38 Z432.492 F1000
G1 A16.607 F1000
G1 X-193.563 Y188.38 Z449.159 F1000
G1 X-193.563 Y188.38 Z465.825 F1000
G1 X-193.563 Y188.38 Z482.492 F1000
G1 X-193.563 Y188.38 Z499.159 F1000
G1 X-193.563 Y188.38 Z515.825 F1000
G1 X-193.563 Y188.38 Z532.492 F1000
G1 A84.18 F1000
G1 X-76.897 Y71.713 Z549.159 F1000
G1 A15.0 F1000
G1 X-76.897 Y71.713 Z565.825 F1000
G1 X-76.897 Y71.713 Z582.492 F1000
G1 X-76.897 Y71.713 Z599.159 F1000
G1 A70.431 F1000
G1 X-43.563 Y38.38 Z615.825 F1000
G1 X-225.101 Y198.317 F8000
M992
G3 X-244.048 Y174.472 I225.101 J-198.317 F8000
G1 Z215.825 F8000
M991
G1 A104.206 F1000
G1 X-193.563 Y138.38 Z215.825 F1000
G1 X-193.563 Y138.38 Z232.492 F1000
G1 X-193.563 Y138.38 Z249.159 F1000
G1 A93.453 F1000
G1 X-193.563 Y138.38 Z265.825 F1000
G1 X-193.563 Y138.38 Z282.492 F1000
G1 A82.822 F1000
G1 X-193.563 Y138.38 Z299.159 F1000
G1 X-193.563 Y138.38 Z315.825 F1000
G1 A71.932 F1000
G1 X-193.563 Y138.38 Z332.492 F1000
G1 X-193.563 Y138.38 Z349.159 F1000
G1 A60.309 F1000
G1 X-193.563 Y138.38 Z365.825 F1000
G1 X-193.563 Y138.38 Z382.492 F1000
G1 A47.116 F1000
G1 X-193.563 Y138.38 Z399.159 F1000
G1 X-193.563 Y138.38 Z415.825 F1000
G1 A30.038 F1000
G1 X-193.563 Y138.38 Z432.492 F1000
G1 A16.607 F1000
G1 X-193.563 Y138.38 Z449.159 F1000
G1 X-193.563 Y138.38 Z465.825 F1000
G1 X-193.563 Y138.38 Z482.492 F1000
G1 X-193.563 Y138.38 Z499.159 F1000
G1 X-193.563 Y138.38 Z515.825 F1000
G1 X-193.563 Y138.38 Z532.492 F1000
G1 A83.369 F1000
G1 X-76.897 Y55.047 Z549.159 F1000
G1 A15.0 F1000
G1 X-76.897 Y55.047 Z565.825 F1000
G1 X-76.897 Y55.047 Z582.492 F1000
G1 X-76.897 Y55.047 Z599.159 F1000
G1 X-93.563 Y71.713 Z615.825 F1000
G1 X-238.105 Y182.5 F8000
M992
G3 X-263.673 Y143.095 I238.105 J-182.5 F8000
G1 Z215.825 F8000
M991
G1 A104.206 F1000
G1 X-193.563 Y105.047 Z215.825 F1000
G1 X-193.563 Y105.047 Z232.492 F1000
G1 X-193.563 Y105.047 Z249.159 F1000
G1 A93.453 F1000
G1 X-193.563 Y105.047 Z265.825 F1000
G1 X-193.563 Y105.047 Z282.492 F1000
G1 A82.822 F1000
G1 X-193.563 Y105.047 Z299.159 F1000
G1 X-193.563 Y105.047 Z315.825 F1000
G1 A71.932 F1000
G1 X-193.563 Y105.047 Z332.492 F1000
G1 X-193.563 Y105.047 Z349.159 F1000
G1 A60.309 F1000
G1 X-193.563 Y105.047 Z365.825 F1000
G1 X-193.563 Y105.047 Z382.492 F1000
G1 A47.116 F1000
G1 X-193.563 Y105.047 Z399.159 F1000
G1 X-193.563 Y105.047 Z415.825 F1000
G1 A30.038 F1000
G1 X-210.23 Y121.713 Z432.492 F1000
G1 A16.607 F1000
G1 X-210.23 Y121.713 Z449.159 F1000
G1 X-210.23 Y121.713 Z465.825 F1000
G1 A52.085 F1000
G1 X-193.563 Y105.047 Z482.492 F1000
G1 A15.0 F1000
G1 X-193.563 Y105.047 Z499.159 F1000
G1 X-193.563 Y105.047 Z515.825 F1000
G1 X-193.563 Y105.047 Z532.492 F1000
G1 A81.307 F1000
G1 X-93.563 Y55.047 Z549.159 F1000
G1 A65.609 F1000
G1 X-60.23 Y38.38 Z565.825 F1000
G1 A90 F1000
G1 X-60.23 Y38.38 Z582.492 F1000
G1 X-60.23 Y38.38 Z599.159 F1000
G1 X-76.897 Y55.047 Z615.825 F1000
G1 A53.661 F1000
G1 X-60.23 Y38.38 Z632.492 F1000
G1 X-253.0 Y161.218 F8000
M992
G3 X-281.314 Y104.224 I253.0 J-161.218 F8000
G1 Z215.825 F8000
M991
G1 A104.206 F1000
G1 X-193.563 Y71.713 Z215.825 F1000
G1 X-193.563 Y71.713 Z232.492 F1000
G1 X-210.23 Y71.713 Z249.159 F1000
G1 A93.453 F1000
G1 X-210.23 Y71.713 Z265.825 F1000
G1 X-210.23 Y71.713 Z282.492 F1000
G1 A82.822 F1000
G1 X-210.23 Y71.713 Z299.159 F1000
G1 X-210.23 Y71.713 Z315.825 F1000
G1 A71.932 F1000
G1 X-210.23 Y71.713 Z332.492 F1000
G1 X-210.23 Y71.713 Z349.159 F1000
G1 A60.309 F1000
G1 X-210.23 Y71.713 Z365.825 F1000
G1 X-210.23 Y71.713 Z382.492 F1000
G1 A47.116 F1000
G1 X-210.23 Y71.713 Z399.159 F1000
G1 X-210.23 Y71.713 Z415.825 F1000
G1 A30.038 F1000
G1 X-210.23 Y71.713 Z432.492 F1000
G1 A16.607 F1000
G1 X-210.23 Y71.713 Z449.159 F1000
G1 X-210.23 Y71.713 Z465.825 F1000
G1 X-210.23 Y71.713 Z482.492 F1000
G1 X-210.23 Y71.713 Z499.159 F1000
G1 X-210.23 Y71.713 Z515.825 F1000
G1 A42.009 F1000
G1 X-193.563 Y71.713 Z532.492 F1000
G1 A79.379 F1000
G1 X-110.23 Y38.38 Z549.159 F1000
G1 A41.896 F1000
G1 X-93.563 Y38.38 Z565.825 F1000
G1 A15.0 F1000
G1 X-93.563 Y38.38 Z582.492 F1000
G1 A40.859 F1000
G1 X-76.897 Y38.38 Z599.159 F1000
G1 A50.752 F1000
G1 X-60.23 Y21.713 Z615.825 F1000
G1 A90 F1000
G1 X-76.897 Y38.38 Z632.492 F1000
G1 A50.752 F1000
G1 X-60.23 Y21.713 Z649.159 F1000
G1 X-282.221 Y101.742 F8000
M992
G3 X-294.271 Y58.348 I282.221 J-101.742 F8000
G1 Z215.825 F8000
M991
G1 A104.206 F1000
G1 X-193.563 Y38.38 Z215.825 F1000
G1 X-210.23 Y38.38 Z232.492 F1000
G1 X-210.23 Y38.38 Z249.159 F1000
G1 A93.453 F1000
G1 X-210.23 Y38.38 Z265.825 F1000
G1 X-210.23 Y38.38 Z282.492 F1000
G1 A82.822 F1000
G1 X-210.23 Y38.38 Z299.159 F1000
G1 X-210.23 Y38.38 Z315.825 F1000
G1 A71.932 F1000
G1 X-210.23 Y38.38 Z332.492 F1000
G1 X-210.23 Y38.38 Z349.159 F1000
G1 A60.309 F1000
G1 X-210.23 Y38.38 Z365.825 F1000
G1 X-210.23 Y38.38 Z382.492 F1000
G1 A47.116 F1000
G1 X-210.23 Y38.38 Z399.159 F1000
G1 X-210.23 Y38.38 Z415.825 F1000
G1 A30.038 F1000
G1 X-210.23 Y38.38 Z432.492 F1000
G1 A16.607 F1000
G1 X-210.23 Y38.38 Z449.159 F1000
G1 X-210.23 Y38.38 Z465.825 F1000
G1 X-210.23 Y38.38 Z482.492 F1000
G1 X-210.23 Y38.38 Z499.159 F1000
G1 X-210.23 Y38.38 Z515.825 F1000
G1 X-210.23 Y38.38 Z532.492 F1000
G1 A74.717 F1000
G1 X-126.897 Y38.38 Z549.159 F1000
G1 A15.0 F1000
G1 X-126.897 Y38.38 Z565.825 F1000
G1 A46.035 F1000
G1 X-110.23 Y21.713 Z582.492 F1000
G1 A15.0 F1000
G1 X-110.23 Y21.713 Z599.159 F1000
G1 A61.35 F1000
G1 X-76.897 Y21.713 Z615.825 F1000
G1 A15.0 F1000
G1 X-76.897 Y21.713 Z632.492 F1000
G1 X-76.897 Y21.713 Z649.159 F1000
G1 X-288.711 Y81.523 F8000
M992
G3 X-299.914 Y7.199 I288.711 J-81.523 F8000
G1 Z215.825 F8000
M991
G1 A104.206 F1000
G1 X-210.23 Y5.047 Z215.825 F1000
G1 X-210.23 Y5.047 Z232.492 F1000
G1 X-210.23 Y5.047 Z249.159 F1000
G1 A93.453 F1000
G1 X-210.23 Y5.047 Z265.825 F1000
G1 X-210.23 Y5.047 Z282.492 F1000
G1 A82.822 F1000
G1 X-210.23 Y5.047 Z299.159 F1000
G1 X-210.23 Y5.047 Z315.825 F1000
G1 A71.932 F1000
G1 X-210.23 Y5.047 Z332.492 F1000
G1 X-210.23 Y5.047 Z349.159 F1000
G1 A60.309 F1000
G1 X-210.23 Y5.047 Z365.825 F1000
G1 X-210.23 Y5.047 Z382.492 F1000
G1 A47.116 F1000
G1 X-210.23 Y5.047 Z399.159 F1000
G1 X-210.23 Y5.047 Z415.825 F1000
G1 A30.038 F1000
G1 X-210.23 Y5.047 Z432.492 F1000
G1 A16.607 F1000
G1 X-210.23 Y5.047 Z449.159 F1000
G1 X-210.23 Y5.047 Z465.825 F1000
G1 X-210.23 Y5.047 Z482.492 F1000
G1 X-210.23 Y5.047 Z499.159 F1000
G1 X-210.23 Y5.047 Z515.825 F1000
G1 X-210.23 Y5.047 Z532.492 F1000
G1 A71.516 F1000
G1 X-160.23 Y5.047 Z549.159 F1000
G1 A44.972 F1000
G1 X-143.563 Y5.047 Z565.825 F1000
G1 A15.0 F1000
G1 X-143.563 Y5.047 Z582.492 F1000
G1 A44.965 F1000
G1 X-126.897 Y5.047 Z599.159 F1000
G1 A63.345 F1000
G1 X-93.563 Y5.047 Z615.825 F1000
G1 A44.917 F1000
G1 X-76.897 Y5.047 Z632.492 F1000
G1 A63.19 F1000
G1 X-43.563 Y5.047 Z649.159 F1000
G1 X-298.007 Y34.523 F8000
M992
G3 X-299.543 Y-16.557 I298.007 J-34.523 F8000
G1 Z215.825 F8000
M991
G1 A104.206 F1000
G1 X-210.23 Y-11.62 Z215.825 F1000
G1 X-210.23 Y-11.62 Z232.492 F1000
G1 X-210.23 Y-11.62 Z249.159 F1000
G1 A93.453 F1000
G1 X-210.23 Y-11.62 Z265.825 F1000
G1 X-210.23 Y-11.62 Z282.492 F1000
G1 A82.822 F1000
G1 X-210.23 Y-11.62 Z299.159 F1000
G1 X-210.23 Y-11.62 Z315.825 F1000
G1 A71.932 F1000
G1 X-210.23 Y-11.62 Z332.492 F1000
G1 X-210.23 Y-11.62 Z349.159 F1000
G1 A60.309 F1000
G1 X-210.23 Y-11.62 Z365.825 F1000
G1 X-210.23 Y-11.62 Z382.492 F1000
G1 A47.116 F1000
G1 X-210.23 Y-11.62 Z399.159 F1000
G1 X-210.23 Y-11.62 Z415.825 F1000
G1 A30.038 F1000
G1 X-210.23 Y-11.62 Z432.492 F1000
G1 A16.607 F1000
G1 X-210.23 Y-11.62 Z449.159 F1000
G1 X-210.23 Y-11.62 Z465.825 F1000
G1 X-210.23 Y-11.62 Z482.492 F1000
G1 X-210.23 Y-11.62 Z499.159 F1000
G1 X-210.23 Y-11.62 Z515.825 F1000
G1 X-210.23 Y-11.62 Z532.492 F1000
G1 A63.261 F1000
G1 X-176.897 Y-11.62 Z549.159 F1000
G1 A44.877 F1000
G1 X-160.23 Y-11.62 Z565.825 F1000
G1 A15.0 F1000
G1 X-160.23 Y-11.62 Z582.492 F1000
G1 A63.136 F1000
G1 X-126.897 Y-11.62 Z599.159 F1000
G1 A73.817 F1000
G1 X-60.23 Y5.047 Z615.825 F1000
G1 A90 F1000
G1 X-60.23 Y5.047 Z632.492 F1000
G1 A63.038 F1000
G1 X-26.897 Y5.047 Z649.159 F1000
G1 X-294.855 Y55.323 F8000
M992
G3 X-293.368 Y-62.731 I294.855 J-55.323 F8000
G1 Z215.825 F8000
M991
G1 A104.206 F1000
G1 X-210.23 Y-44.953 Z215.825 F1000
G1 X-210.23 Y-44.953 Z232.492 F1000
G1 X-210.23 Y-44.953 Z249.159 F1000
G1 A93.453 F1000
G1 X-210.23 Y-44.953 Z265.825 F1000
G1 X-210.23 Y-44.953 Z282.492 F1000
G1 A82.822 F1000
G1 X-210.23 Y-44.953 Z299.159 F1000
G1 X-210.23 Y-44.953 Z315.825 F1000
G1 A71.932 F1000
G1 X-210.23 Y-44.953 Z332.492 F1000
G1 X-210.23 Y-44.953 Z349.159 F1000
G1 A60.309 F1000
G1 X-210.23 Y-44.953 Z365.825 F1000
G1 X-210.23 Y-44.953 Z382.492 F1000
G1 A47.116 F1000
G1 X-210.23 Y-44.953 Z399.159 F1000
G1 X-210.23 Y-44.953 Z415.825 F1000
G1 A30.038 F1000
G1 X-210.23 Y-44.953 Z432.492 F1000
G1 A16.607 F1000
G1 X-210.23 Y-44.953 Z449.159 F1000
G1 X-210.23 Y-44.953 Z465.825 F1000
G1 X-210.23 Y-44.953 Z482.492 F1000
G1 X-210.23 Y-44.953 Z499.159 F1000
G1 X-210.23 Y-44.953 Z515.825 F1000
G1 X-210.23 Y-44.953 Z532.492 F1000
G1 A71.367 F1000
G1 X-160.23 Y-28.287 Z549.159 F1000
G1 A44.134 F1000
G1 X-143.563 Y-28.287 Z565.825 F1000
G1 A15.0 F1000
G1 X-143.563 Y-28.287 Z582.492 F1000
G1 A61.644 F1000
G1 X-110.23 Y-11.62 Z599.159 F1000
G1 X-76.897 Y-11.62 Z615.825 F1000
G1 A15.0 F1000
G1 X-76.897 Y-11.62 Z632.492 F1000
G1 X-296.632 Y-44.825 F8000
M992
G3 X-278.114 Y-112.483 I296.632 J44.825 F8000
G1 Z215.825 F8000
M991
G1 A104.206 F1000
G1 X-193.563 Y-78.287 Z215.825 F1000
G1 X-210.23 Y-94.953 Z232.492 F1000
G1 X-210.23 Y-94.953 Z249.159 F1000
G1 A93.453 F1000
G1 X-210.23 Y-94.953 Z265.825 F1000
G1 X-210.23 Y-94.953 Z282.492 F1000
G1 A82.822 F1000
G1 X-210.23 Y-94.953 Z299.159 F1000
G1 X-210.23 Y-94.953 Z315.825 F1000
G1 A71.932 F1000
G1 X-210.23 Y-94.953 Z332.492 F1000
G1 X-210.23 Y-94.953 Z349.159 F1000
G1 A60.309 F1000
G1 X-210.23 Y-94.953 Z365.825 F1000
G1 X-210.23 Y-94.953 Z382.492 F1000
G1 A47.116 F1000
G1 X-210.23 Y-94.953 Z399.159 F1000
G1 X-210.23 Y-94.953 Z415.825 F1000
G1 A30.038 F1000
G1 X-210.23 Y-94.953 Z432.492 F1000
G1 A16.607 F1000
G1 X-210.23 Y-94.953 Z449.159 F1000
G1 X-210.23 Y-94.953 Z465.825 F1000
G1 X-210.23 Y-94.953 Z482.492 F1000
G1 X-210.23 Y-94.953 Z499.159 F1000
G1 X-210.23 Y-94.953 Z515.825 F1000
G1 X-210.23 Y-94.953 Z532.492 F1000
G1 A77.198 F1000
G1 X-143.563 Y-61.62 Z549.159 F1000
G1 A49.311 F1000
G1 X-126.897 Y-44.953 Z565.825 F1000
G1 X-110.23 Y-44.953 Z582.492 F1000
G1 X-93.563 Y-28.287 Z599.159 F1000
G1 A64.119 F1000
G1 X-60.23 Y-11.62 Z615.825 F1000
G1 A90 F1000
G1 X-60.23 Y-11.62 Z632.492 F1000
G1 A43.972 F1000
G1 X-43.563 Y-11.62 Z649.159 F1000
G1 X-289.865 Y-77.319 F8000
M992
G3 X-259.885 Y-149.865 I289.865 J77.319 F8000
G1 Z215.825 F8000
M991
G1 A104.206 F1000
G1 X-193.563 Y-111.62 Z215.825 F1000
G1 X-193.563 Y-111.62 Z232.492 F1000
G1 X-193.563 Y-111.62 Z249.159 F1000
G1 A93.453 F1000
G1 X-210.23 Y-128.287 Z265.825 F1000
G1 X-210.23 Y-128.287 Z282.492 F1000
G1 A82.822 F1000
G1 X-210.23 Y-128.287 Z299.159 F1000
G1 X-210.23 Y-128.287 Z315.825 F1000
G1 A71.932 F1000
G1 X-210.23 Y-128.287 Z332.492 F1000
G1 X-210.23 Y-128.287 Z349.159 F1000
G1 A60.309 F1000
G1 X-210.23 Y-128.287 Z365.825 F1000
G1 X-210.23 Y-128.287 Z382.492 F1000
G1 A47.116 F1000
G1 X-210.23 Y-128.287 Z399.159 F1000
G1 X-210.23 Y-128.287 Z415.825 F1000
G1 A30.038 F1000
G1 X-210.23 Y-128.287 Z432.492 F1000
G1 A16.607 F1000
G1 X-210.23 Y-128.287 Z449.159 F1000
G1 X-210.23 Y-128.287 Z465.825 F1000
G1 X-210.23 Y-128.287 Z482.492 F1000
G1 X-210.23 Y-128.287 Z499.159 F1000
G1 X-210.23 Y-128.287 Z515.825 F1000
G1 A52.521 F1000
G1 X-193.563 Y-111.62 Z532.492 F1000
G1 A80.218 F1000
G1 X-110.23 Y-61.62 Z549.159 F1000
G1 A51.783 F1000
G1 X-93.563 Y-44.953 Z565.825 F1000
G1 X-76.897 Y-28.287 Z582.492 F1000
G1 A41.577 F1000
G1 X-60.23 Y-28.287 Z599.159 F1000
G1 A90 F1000
G1 X-60.23 Y-28.287 Z615.825 F1000
G1 X-60.23 Y-28.287 Z632.492 F1000
G1 X-271.544 Y-127.53 F8000
M992
G3 X-220.661 Y-203.246 I271.544 J127.53 F8000
G1 Z215.825 F8000
M991
G1 A104.206 F1000
G1 X-193.563 Y-178.287 Z215.825 F1000
G1 X-193.563 Y-178.287 Z232.492 F1000
G1 X-193.563 Y-178.287 Z249.159 F1000
G1 A93.453 F1000
G1 X-193.563 Y-178.287 Z265.825 F1000
G1 X-193.563 Y-178.287 Z282.492 F1000
G1 A82.822 F1000
G1 X-193.563 Y-178.287 Z299.159 F1000
G1 X-210.23 Y-194.953 Z315.825 F1000
G1 A71.932 F1000
G1 X-210.23 Y-194.953 Z332.492 F1000
G1 X-210.23 Y-194.953 Z349.159 F1000
G1 A60.309 F1000
G1 X-210.23 Y-194.953 Z365.825 F1000
G1 X-210.23 Y-194.953 Z382.492 F1000
G1 A47.116 F1000
G1 X-210.23 Y-194.953 Z399.159 F1000
G1 X-210.23 Y-194.953 Z415.825 F1000
G1 A30.038 F1000
G1 X-210.23 Y-194.953 Z432.492 F1000
G1 A54.678 F1000
G1 X-193.563 Y-178.287 Z449.159 F1000
G1 A15.0 F1000
G1 X-193.563 Y-178.287 Z465.825 F1000
G1 X-193.563 Y-178.287 Z482.492 F1000
G1 X-193.563 Y-178.287 Z499.159 F1000
G1 X-193.563 Y-178.287 Z515.825 F1000
G1 X-193.563 Y-178.287 Z532.492 F1000
G1 A83.772 F1000
G1 X-76.897 Y-61.62 Z549.159 F1000
G1 A15.0 F1000
G1 X-76.897 Y-61.62 Z565.825 F1000
G1 A54.25 F1000
G1 X-60.23 Y-44.953 Z582.492 F1000
G1 A15.0 F1000
G1 X-60.23 Y-44.953 Z599.159 F1000
G1 X-60.23 Y-44.953 Z615.825 F1000
G1 X-60.23 Y-44.953 Z632.492 F1000
G1 A53.903 F1000
G1 X-43.563 Y-28.287 Z649.159 F1000
G1 X-251.61 Y-163.377 F8000
M992
G3 X-188.154 Y-233.662 I251.61 J163.377 F8000
G1 Z215.825 F8000
M991
G1 A104.206 F1000
G1 X-143.563 Y-178.287 Z215.825 F1000
G1 X-143.563 Y-178.287 Z232.492 F1000
G1 X-143.563 Y-178.287 Z249.159 F1000
G1 A93.453 F1000
G1 X-143.563 Y-178.287 Z265.825 F1000
G1 X-143.563 Y-178.287 Z282.492 F1000
G1 A82.822 F1000
G1 X-160.23 Y-194.953 Z299.159 F1000
G1 X-160.23 Y-194.953 Z315.825 F1000
G1 A71.932 F1000
G1 X-160.23 Y-194.953 Z332.492 F1000
G1 X-160.23 Y-194.953 Z349.159 F1000
G1 A60.309 F1000
G1 X-160.23 Y-194.953 Z365.825 F1000
G1 X-160.23 Y-194.953 Z382.492 F1000
G1 A47.116 F1000
G1 X-160.23 Y-194.953 Z399.159 F1000
G1 X-160.23 Y-194.953 Z415.825 F1000
G1 A30.038 F1000
G1 X-160.23 Y-194.953 Z432.492 F1000
G1 A16.607 F1000
G1 X-160.23 Y-194.953 Z449.159 F1000
G1 X-160.23 Y-194.953 Z465.825 F1000
G1 X-160.23 Y-194.953 Z482.492 F1000
G1 X-160.23 Y-194.953 Z499.159 F1000
G1 X-160.23 Y-194.953 Z515.825 F1000
G1 A54.353 F1000
G1 X-143.563 Y-178.287 Z532.492 F1000
G1 A77.503 F1000
G1 X-93.563 Y-94.953 Z549.159 F1000
G1 A54.733 F1000
G1 X-76.897 Y-78.287 Z565.825 F1000
G1 X-60.23 Y-61.62 Z582.492 F1000
G1 A15.0 F1000
G1 X-60.23 Y-61.62 Z599.159 F1000
G1 X-60.23 Y-61.62 Z615.825 F1000
G1 X-60.23 Y-61.62 Z632.492 F1000
G1 A71.263 F1000
G1 X-26.897 Y-11.62 Z649.159 F1000
G1 X-275.398 Y-118.98 F8000
M992
G3 X-157.763 Y-255.168 I275.398 J118.98 F8000
G1 Z215.825 F8000
M991
G1 A104.206 F1000
G1 X-110.23 Y-178.287 Z215.825 F1000
G1 X-110.23 Y-178.287 Z232.492 F1000
G1 X-110.23 Y-178.287 Z249.159 F1000
G1 A93.453 F1000
G1 X-110.23 Y-178.287 Z265.825 F1000
G1 X-110.23 Y-178.287 Z282.492 F1000
G1 A82.822 F1000
G1 X-126.897 Y-194.953 Z299.159 F1000
G1 X-126.897 Y-194.953 Z315.825 F1000
G1 A71.932 F1000
G1 X-126.897 Y-194.953 Z332.492 F1000
G1 X-126.897 Y-194.953 Z349.159 F1000
G1 A60.309 F1000
G1 X-126.897 Y-194.953 Z365.825 F1000
G1 X-126.897 Y-194.953 Z382.492 F1000
G1 A47.116 F1000
G1 X-126.897 Y-194.953 Z399.159 F1000
G1 X-126.897 Y-194.953 Z415.825 F1000
G1 A30.038 F1000
G1 X-126.897 Y-194.953 Z432.492 F1000
G1 A16.607 F1000
G1 X-126.897 Y-194.953 Z449.159 F1000
G1 X-126.897 Y-194.953 Z465.825 F1000
G1 X-126.897 Y-194.953 Z482.492 F1000
G1 X-126.897 Y-194.953 Z499.159 F1000
G1 X-126.897 Y-194.953 Z515.825 F1000
G1 X-126.897 Y-194.953 Z532.492 F1000
G1 A79.334 F1000
G1 X-76.897 Y-94.953 Z549.159 F1000
G1 A15.0 F1000
G1 X-76.897 Y-94.953 Z565.825 F1000
G1 A54.294 F1000
G1 X-60.23 Y-78.287 Z582.492 F1000
G1 A63.647 F1000
G1 X-43.563 Y-44.953 Z599.159 F1000
G1 A90 F1000
G1 X-43.563 Y-44.953 Z615.825 F1000
G1 X-43.563 Y-44.953 Z632.492 F1000
G1 X-208.775 Y-215.437 F8000
M992
G3 X-118.812 Y-275.47 I208.775 J215.437 F8000
G1 Z215.825 F8000
M991
G1 A104.206 F1000
G1 X-76.897 Y-178.287 Z215.825 F1000
G1 X-76.897 Y-178.287 Z232.492 F1000
G1 X-76.897 Y-178.287 Z249.159 F1000
G1 A93.453 F1000
G1 X-76.897 Y-178.287 Z265.825 F1000
G1 X-76.897 Y-178.287 Z282.492 F1000
G1 A82.822 F1000
G1 X-76.897 Y-194.953 Z299.159 F1000
G1 X-76.897 Y-194.953 Z315.825 F1000
G1 A71.932 F1000
G1 X-76.897 Y-194.953 Z332.492 F1000
G1 X-76.897 Y-194.953 Z349.159 F1000
G1 A60.309 F1000
G1 X-76.897 Y-194.953 Z365.825 F1000
G1 X-76.897 Y-194.953 Z382.492 F1000
G1 A47.116 F1000
G1 X-76.897 Y-194.953 Z399.159 F1000
G1 X-76.897 Y-194.953 Z415.825 F1000
G1 A30.038 F1000
G1 X-76.897 Y-194.953 Z432.492 F1000
G1 A16.607 F1000
G1 X-76.897 Y-194.953 Z449.159 F1000
G1 X-76.897 Y-194.953 Z465.825 F1000
G1 X-76.897 Y-194.953 Z482.492 F1000
G1 X-76.897 Y-194.953 Z499.159 F1000
G1 X-76.897 Y-194.953 Z515.825 F1000
G1 X-76.897 Y-194.953 Z532.492 F1000
G1 A74.961 F1000
G1 X-60.23 Y-111.62 Z549.159 F1000
G1 A51.469 F1000
G1 X-43.563 Y-94.953 Z565.825 F1000
G1 A39.993 F1000
G1 X-43.563 Y-78.287 Z582.492 F1000
G1 X-43.563 Y-61.62 Z599.159 F1000
G1 A53.584 F1000
G1 X-26.897 Y-44.953 Z615.825 F1000
G1 A90 F1000
G1 X-26.897 Y-44.953 Z632.492 F1000
G1 A37.358 F1000
G1 X-26.897 Y-28.287 Z649.159 F1000
G1 X-206.722 Y-217.407 F8000
M992
G3 X-71.208 Y-291.426 I206.722 J217.407 F8000
G1 Z215.825 F8000
M991
G1 A104.206 F1000
G1 X-43.563 Y-178.287 Z215.825 F1000
G1 X-43.563 Y-178.287 Z232.492 F1000
G1 X-43.563 Y-178.287 Z249.159 F1000
G1 A93.453 F1000
G1 X-43.563 Y-178.287 Z265.825 F1000
G1 X-43.563 Y-178.287 Z282.492 F1000
G1 A82.822 F1000
G1 X-43.563 Y-194.953 Z299.159 F1000
G1 X-43.563 Y-194.953 Z315.825 F1000
G1 A71.932 F1000
G1 X-43.563 Y-194.953 Z332.492 F1000
G1 X-43.563 Y-194.953 Z349.159 F1000
G1 A60.309 F1000
G1 X-43.563 Y-194.953 Z365.825 F1000
G1 X-43.563 Y-194.953 Z382.492 F1000
G1 A47.116 F1000
G1 X-43.563 Y-194.953 Z399.159 F1000
G1 X-43.563 Y-194.953 Z415.825 F1000
G1 A30.038 F1000
G1 X-43.563 Y-194.953 Z432.492 F1000
G1 A16.607 F1000
G1 X-43.563 Y-194.953 Z449.159 F1000
G1 X-43.563 Y-194.953 Z465.825 F1000
G1 X-43.563 Y-194.953 Z482.492 F1000
G1 X-43.563 Y-194.953 Z499.159 F1000
G1 X-43.563 Y-194.953 Z515.825 F1000
G1 X-43.563 Y-194.953 Z532.492 F1000
G1 A73.133 F1000
G1 X-43.563 Y-111.62 Z549.159 F1000
G1 A48.396 F1000
G1 X-26.897 Y-94.953 Z565.825 F1000
G1 X-26.897 Y-78.287 Z582.492 F1000
G1 X-26.897 Y-61.62 Z599.159 F1000
G1 A90 F1000
G1 X-26.897 Y-61.62 Z615.825 F1000
G1 X-26.897 Y-61.62 Z632.492 F1000
G1 X-120.012 Y-274.949 F8000
M992
G3 X-18.951 Y-299.401 I120.012 J274.949 F8000
G1 Z215.825 F8000
M991
G1 A104.206 F1000
G1 X-10.23 Y-161.62 Z215.825 F1000
G1 X-10.23 Y-161.62 Z232.492 F1000
G1 X-10.23 Y-161.62 Z249.159 F1000
G1 A93.453 F1000
G1 X-10.23 Y-161.62 Z265.825 F1000
G1 X-10.23 Y-161.62 Z282.492 F1000
G1 A82.822 F1000
G1 X-10.23 Y-178.287 Z299.159 F1000
G1 X-10.23 Y-178.287 Z315.825 F1000
G1 A71.932 F1000
G1 X-10.23 Y-178.287 Z332.492 F1000
G1 X-10.23 Y-178.287 Z349.159 F1000
G1 A60.309 F1000
G1 X-10.23 Y-178.287 Z365.825 F1000
G1 X-10.23 Y-178.287 Z382.492 F1000
G1 A47.116 F1000
G1 X-10.23 Y-178.287 Z399.159 F1000
G1 X-10.23 Y-178.287 Z415.825 F1000
G1 A30.038 F1000
G1 X-10.23 Y-178.287 Z432.492 F1000
G1 A16.607 F1000
G1 X-10.23 Y-178.287 Z449.159 F1000
G1 X-10.23 Y-178.287 Z465.825 F1000
G1 X-10.23 Y-178.287 Z482.492 F1000
G1 X-10.23 Y-178.287 Z499.159 F1000
G1 X-10.23 Y-178.287 Z515.825 F1000
G1 X-10.23 Y-178.287 Z532.492 F1000
G1 A82.863 F1000
G1 X-10.23 Y-28.287 Z549.159 F1000
G1 X-10.23 Y-28.287 Z565.825 F1000
G1 A41.679 F1000
G1 X-10.23 Y-11.62 Z582.492 F1000
G1 A90 F1000
G1 X-10.23 Y-11.62 Z599.159 F1000
G1 X-198.234 Y-225.174 F8000
M992
G3 X11.939 Y-299.762 I198.234 J225.174 F8000
G1 Z215.825 F8000
M991
G1 A104.206 F1000
G1 X6.437 Y-161.62 Z215.825 F1000
G1 X6.437 Y-161.62 Z232.492 F1000
G1 X6.437 Y-161.62 Z249.159 F1000
G1 A93.453 F1000
G1 X6.437 Y-161.62 Z265.825 F1000
G1 X6.437 Y-161.62 Z282.492 F1000
G1 A82.822 F1000
G1 X6.437 Y-178.287 Z299.159 F1000
G1 X6.437 Y-178.287 Z315.825 F1000
G1 A71.932 F1000
G1 X6.437 Y-178.287 Z332.492 F1000
G1 X6.437 Y-178.287 Z349.159 F1000
G1 A60.309 F1000
G1 X6.437 Y-178.287 Z365.825 F1000
G1 X6.437 Y-178.287 Z382.492 F1000
G1 A47.116 F1000
G1 X6.437 Y-178.287 Z399.159 F1000
G1 X6.437 Y-178.287 Z415.825 F1000
G1 A30.038 F1000
G1 X6.437 Y-178.287 Z432.492 F1000
G1 A16.607 F1000
G1 X6.437 Y-178.287 Z449.159 F1000
G1 X6.437 Y-178.287 Z465.825 F1000
G1 X6.437 Y-178.287 Z482.492 F1000
G1 X6.437 Y-178.287 Z499.159 F1000
G1 X6.437 Y-178.287 Z515.825 F1000
G1 X6.437 Y-178.287 Z532.492 F1000
G1 A84.571 F1000
G1 X0.469 Y-2.963 Z549.159 F1000
G1 X0.469 Y-2.963 Z565.825 F1000
G1 X0.469 Y-2.963 Z582.492 F1000
G1 X46.93 Y-296.307 F8000
M992
G3 X71.683 Y-291.31 I-46.93 J296.307 F8000
G1 Z215.825 F8000
M991
G1 A104.206 F1000
G1 X39.77 Y-161.62 Z215.825 F1000
G1 X39.77 Y-161.62 Z232.492 F1000
G1 X39.77 Y-161.62 Z249.159 F1000
G1 A93.453 F1000
G1 X39.77 Y-161.62 Z265.825 F1000
G1 X39.77 Y-161.62 Z282.492 F1000
G1 A82.822 F1000
G1 X39.77 Y-161.62 Z299.159 F1000
G1 X39.77 Y-161.62 Z315.825 F1000
G1 A71.932 F1000
G1 X39.77 Y-178.287 Z332.492 F1000
G1 X39.77 Y-178.287 Z349.159 F1000
G1 A60.309 F1000
G1 X39.77 Y-178.287 Z365.825 F1000
G1 X39.77 Y-178.287 Z382.492 F1000
G1 A47.116 F1000
G1 X39.77 Y-178.287 Z399.159 F1000
G1 X39.77 Y-178.287 Z415.825 F1000
G1 A30.038 F1000
G1 X39.77 Y-178.287 Z432.492 F1000
G1 A16.607 F1000
G1 X39.77 Y-178.287 Z449.159 F1000
G1 X39.77 Y-178.287 Z465.825 F1000
G1 X39.77 Y-178.287 Z482.492 F1000
G1 X39.77 Y-178.287 Z499.159 F1000
G1 A43.642 F1000
G1 X39.77 Y-161.62 Z515.825 F1000
G1 A15.0 F1000
G1 X39.77 Y-161.62 Z532.492 F1000
G1 A79.91 F1000
G1 X6.437 Y-61.62 Z549.159 F1000
G1 X0.927 Y-2.853 Z565.825 F1000
G1 X92.705 Y-285.317 F8000
M992
G3 X123.636 Y-273.339 I-92.705 J285.317 F8000
G1 Z215.825 F8000
M991
G1 A104.206 F1000
G1 X73.103 Y-161.62 Z215.825 F1000
G1 X73.103 Y-161.62 Z232.492 F1000
G1 X73.103 Y-161.62 Z249.159 F1000
G1 A93.453 F1000
G1 X73.103 Y-161.62 Z265.825 F1000
G1 X73.103 Y-161.62 Z282.492 F1000
G1 A82.822 F1000
G1 X73.103 Y-161.62 Z299.159 F1000
G1 X73.103 Y-161.62 Z315.825 F1000
G1 A71.932 F1000
G1 X73.103 Y-161.62 Z332.492 F1000
G1 X73.103 Y-161.62 Z349.159 F1000
G1 A60.309 F1000
G1 X73.103 Y-161.62 Z365.825 F1000
G1 X73.103 Y-161.62 Z382.492 F1000
G1 A47.116 F1000
G1 X73.103 Y-161.62 Z399.159 F1000
G1 X73.103 Y-161.62 Z415.825 F1000
G1 A30.038 F1000
G1 X73.103 Y-161.62 Z432.492 F1000
G1 A16.607 F1000
G1 X73.103 Y-161.62 Z449.159 F1000
G1 X73.103 Y-161.62 Z465.825 F1000
G1 X73.103 Y-161.62 Z482.492 F1000
G1 X73.103 Y-161.62 Z499.159 F1000
G1 X73.103 Y-161.62 Z515.825 F1000
G1 X73.103 Y-161.62 Z532.492 F1000
G1 A81.107 F1000
G1 X6.437 Y-44.953 Z549.159 F1000
G1 X42.523 Y-296.971 F8000
M992
G3 X165.002 Y-250.548 I-42.523 J296.971 F8000
G1 Z215.825 F8000
M991
G1 A104.206 F1000
G1 X106.437 Y-161.62 Z215.825 F1000
G1 X106.437 Y-161.62 Z232.492 F1000
G1 X106.437 Y-161.62 Z249.159 F1000
G1 A93.453 F1000
G1 X106.437 Y-161.62 Z265.825 F1000
G1 X106.437 Y-161.62 Z282.492 F1000
G1 A82.822 F1000
G1 X106.437 Y-161.62 Z299.159 F1000
G1 X106.437 Y-161.62 Z315.825 F1000
G1 A71.932 F1000
G1 X106.437 Y-161.62 Z332.492 F1000
G1 X106.437 Y-161.62 Z349.159 F1000
G1 A60.309 F1000
G1 X106.437 Y-161.62 Z365.825 F1000
G1 X106.437 Y-161.62 Z382.492 F1000
G1 A47.116 F1000
G1 X106.437 Y-161.62 Z399.159 F1000
G1 X106.437 Y-161.62 Z415.825 F1000
G1 A30.038 F1000
G1 X106.437 Y-161.62 Z432.492 F1000
G1 A16.607 F1000
G1 X106.437 Y-161.62 Z449.159 F1000
G1 X106.437 Y-161.62 Z465.825 F1000
G1 X106.437 Y-161.62 Z482.492 F1000
G1 X106.437 Y-161.62 Z499.159 F1000
G1 X106.437 Y-161.62 Z515.825 F1000
G1 X106.437 Y-161.62 Z532.492 F1000
G1 A85.0 F1000
G1 X1.763 Y-2.427 Z549.159 F1000
G1 X176.336 Y-242.705 F8000
M992
G3 X208.647 Y-215.56 I-176.336 J242.705 F8000
G1 Z265.825 F8000
M991
G1 A88.145 F1000
G1 X156.437 Y-161.62 Z265.825 F1000
G1 X156.437 Y-161.62 Z282.492 F1000
G1 X156.437 Y-161.62 Z299.159 F1000
G1 A77.435 F1000
G1 X156.437 Y-161.62 Z315.825 F1000
G1 X156.437 Y-161.62 Z332.492 F1000
G1 A66.251 F1000
G1 X156.437 Y-161.62 Z349.159 F1000
G1 X156.437 Y-161.62 Z365.825 F1000
G1 A53.991 F1000
G1 X156.437 Y-161.62 Z382.492 F1000
G1 X156.437 Y-161.62 Z399.159 F1000
G1 A39.367 F1000
G1 X156.437 Y-161.62 Z415.825 F1000
G1 A30.038 F1000
G1 X156.437 Y-161.62 Z432.492 F1000
G1 A16.607 F1000
G1 X156.437 Y-161.62 Z449.159 F1000
G1 X156.437 Y-161.62 Z465.825 F1000
G1 X156.437 Y-161.62 Z482.492 F1000
G1 X156.437 Y-161.62 Z499.159 F1000
G1 X156.437 Y-161.62 Z515.825 F1000
G1 X156.437 Y-161.62 Z532.492 F1000
G1 A85.412 F1000
G1 X6.437 Y-11.62 Z549.159 F1000
G1 X6.437 Y-11.62 Z565.825 F1000
G1 X6.437 Y-11.62 Z582.492 F1000
G1 X6.437 Y-11.62 Z599.159 F1000
G1 X6.437 Y-11.62 Z615.825 F1000
G1 X145.368 Y-262.427 F8000
M992
G3 X244.209 Y-174.247 I-145.368 J262.427 F8000
G1 Z215.825 F8000
M991
G1 A104.206 F1000
G1 X156.437 Y-111.62 Z215.825 F1000
G1 X156.437 Y-111.62 Z232.492 F1000
G1 X156.437 Y-111.62 Z249.159 F1000
G1 A93.453 F1000
G1 X156.437 Y-111.62 Z265.825 F1000
G1 X156.437 Y-111.62 Z282.492 F1000
G1 A82.822 F1000
G1 X156.437 Y-111.62 Z299.159 F1000
G1 X156.437 Y-111.62 Z315.825 F1000
G1 A71.932 F1000
G1 X156.437 Y-111.62 Z332.492 F1000
G1 X156.437 Y-111.62 Z349.159 F1000
G1 A60.309 F1000
G1 X156.437 Y-111.62 Z365.825 F1000
G1 X156.437 Y-111.62 Z382.492 F1000
G1 A47.116 F1000
G1 X156.437 Y-111.62 Z399.159 F1000
G1 X156.437 Y-111.62 Z415.825 F1000
G1 A30.038 F1000
G1 X156.437 Y-111.62 Z432.492 F1000
G1 A16.607 F1000
G1 X156.437 Y-111.62 Z449.159 F1000
G1 X156.437 Y-111.62 Z465.825 F1000
G1 X156.437 Y-111.62 Z482.492 F1000
G1 X156.437 Y-111.62 Z499.159 F1000
G1 X156.437 Y-111.62 Z515.825 F1000
G1 X156.437 Y-111.62 Z532.492 F1000
G1 A83.369 F1000
G1 X39.77 Y-28.287 Z549.159 F1000
G1 A53.621 F1000
G1 X23.103 Y-11.62 Z565.825 F1000
G1 X2.427 Y-1.763 Z582.492 F1000
G1 A90 F1000
G1 X2.427 Y-1.763 Z599.159 F1000
G1 X242.705 Y-176.336 F8000
M992
G3 X268.281 Y-134.258 I-242.705 J176.336 F8000
G1 Z215.825 F8000
M991
G1 A104.206 F1000
G1 X156.437 Y-78.287 Z215.825 F1000
G1 X156.437 Y-78.287 Z232.492 F1000
G1 X156.437 Y-78.287 Z249.159 F1000
G1 A93.453 F1000
G1 X156.437 Y-78.287 Z265.825 F1000
G1 X156.437 Y-78.287 Z282.492 F1000
G1 A82.822 F1000
G1 X156.437 Y-78.287 Z299.159 F1000
G1 X156.437 Y-78.287 Z315.825 F1000
G1 A71.932 F1000
G1 X156.437 Y-78.287 Z332.492 F1000
G1 X156.437 Y-78.287 Z349.159 F1000
G1 A60.309 F1000
G1 X156.437 Y-78.287 Z365.825 F1000
G1 X156.437 Y-78.287 Z382.492 F1000
G1 A47.116 F1000
G1 X156.437 Y-78.287 Z399.159 F1000
G1 X173.103 Y-78.287 Z415.825 F1000
G1 A30.038 F1000
G1 X173.103 Y-78.287 Z432.492 F1000
G1 A40.112 F1000
G1 X156.437 Y-78.287 Z449.159 F1000
G1 A15.0 F1000
G1 X156.437 Y-78.287 Z465.825 F1000
G1 X156.437 Y-78.287 Z482.492 F1000
G1 X156.437 Y-78.287 Z499.159 F1000
G1 X156.437 Y-78.287 Z515.825 F1000
G1 X156.437 Y-78.287 Z532.492 F1000
G1 A82.259 F1000
G1 X39.77 Y-11.62 Z549.159 F1000
G1 X39.77 Y-11.62 Z565.825 F1000
G1 X39.77 Y-11.62 Z582.492 F1000
G1 X287.96 Y-84.137 F8000
M992
G3 X288.332 Y-82.854 I-287.96 J84.137 F8000
G1 Z215.825 F8000
M991
G1 A104.206 F1000
G1 X156.437 Y-44.953 Z215.825 F1000
G1 X156.437 Y-44.953 Z232.492 F1000
G1 X156.437 Y-44.953 Z249.159 F1000
G1 A93.453 F1000
G1 X156.437 Y-44.953 Z265.825 F1000
G1 X156.437 Y-44.953 Z282.492 F1000
G1 A82.822 F1000
G1 X156.437 Y-44.953 Z299.159 F1000
G1 X156.437 Y-44.953 Z315.825 F1000
G1 A71.932 F1000
G1 X156.437 Y-44.953 Z332.492 F1000
G1 X156.437 Y-44.953 Z349.159 F1000
G1 A60.309 F1000
G1 X156.437 Y-44.953 Z365.825 F1000
G1 X156.437 Y-44.953 Z382.492 F1000
G1 A47.116 F1000
G1 X173.103 Y-44.953 Z399.159 F1000
G1 X173.103 Y-44.953 Z415.825 F1000
G1 A30.038 F1000
G1 X173.103 Y-44.953 Z432.492 F1000
G1 A16.607 F1000
G1 X173.103 Y-44.953 Z449.159 F1000
G1 X173.103 Y-44.953 Z465.825 F1000
G1 X173.103 Y-44.953 Z482.492 F1000
G1 A43.189 F1000
G1 X156.437 Y-44.953 Z499.159 F1000
G1 A15.0 F1000
G1 X156.437 Y-44.953 Z515.825 F1000
G1 X156.437 Y-44.953 Z532.492 F1000
G1 A79.655 F1000
G1 X39.77 Y5.047 Z549.159 F1000
G1 A90 F1000
G1 X39.77 Y5.047 Z565.825 F1000
G1 X56.437 Y-11.62 Z582.492 F1000
G1 X293.836 Y-60.5 F8000
M992
G3 X299.176 Y-22.223 I-293.836 J60.5 F8000
G1 Z215.825 F8000
M991
G1 A104.206 F1000
G1 X156.437 Y-11.62 Z215.825 F1000
G1 X156.437 Y-11.62 Z232.492 F1000
G1 X156.437 Y-11.62 Z249.159 F1000
G1 A93.453 F1000
G1 X156.437 Y-11.62 Z265.825 F1000
G1 X156.437 Y-11.62 Z282.492 F1000
G1 A82.822 F1000
G1 X156.437 Y-11.62 Z299.159 F1000
G1 X156.437 Y-11.62 Z315.825 F1000
G1 A71.932 F1000
G1 X156.437 Y-11.62 Z332.492 F1000
G1 X156.437 Y-11.62 Z349.159 F1000
G1 A60.309 F1000
G1 X156.437 Y-11.62 Z365.825 F1000
G1 X156.437 Y-11.62 Z382.492 F1000
G1 A47.116 F1000
G1 X173.103 Y-11.62 Z399.159 F1000
G1 X173.103 Y-11.62 Z415.825 F1000
G1 A30.038 F1000
G1 X173.103 Y-11.62 Z432.492 F1000
G1 A16.607 F1000
G1 X173.103 Y-11.62 Z449.159 F1000
G1 X173.103 Y-11.62 Z465.825 F1000
G1 X173.103 Y-11.62 Z482.492 F1000
G1 X173.103 Y-11.62 Z499.159 F1000
G1 X173.103 Y-11.62 Z515.825 F1000
G1 A44.871 F1000
G1 X156.437 Y-11.62 Z532.492 F1000
G1 A79.318 F1000
G1 X56.437 Y5.047 Z549.159 F1000
G1 A90 F1000
G1 X56.437 Y5.047 Z565.825 F1000
G1 X298.808 Y26.719 F8000
M992
G3 X299.844 Y9.673 I-298.808 J-26.719 F8000
G1 Z215.825 F8000
M991
G1 A104.206 F1000
G1 X156.437 Y5.047 Z215.825 F1000
G1 X156.437 Y5.047 Z232.492 F1000
G1 X156.437 Y5.047 Z249.159 F1000
G1 A93.453 F1000
G1 X156.437 Y5.047 Z265.825 F1000
G1 X156.437 Y5.047 Z282.492 F1000
G1 A82.822 F1000
G1 X156.437 Y5.047 Z299.159 F1000
G1 X156.437 Y5.047 Z315.825 F1000
G1 A71.932 F1000
G1 X156.437 Y5.047 Z332.492 F1000
G1 X156.437 Y5.047 Z349.159 F1000
G1 A60.309 F1000
G1 X156.437 Y5.047 Z365.825 F1000
G1 X173.103 Y5.047 Z382.492 F1000
G1 A47.116 F1000
G1 X173.103 Y5.047 Z399.159 F1000
G1 X173.103 Y5.047 Z415.825 F1000
G1 A30.038 F1000
G1 X173.103 Y5.047 Z432.492 F1000
G1 A16.607 F1000
G1 X173.103 Y5.047 Z449.159 F1000
G1 X173.103 Y5.047 Z465.825 F1000
G1 X173.103 Y5.047 Z482.492 F1000
G1 X173.103 Y5.047 Z499.159 F1000
G1 X173.103 Y5.047 Z515.825 F1000
G1 X173.103 Y5.047 Z532.492 F1000
G1 A83.444 F1000
G1 X23.103 Y5.047 Z549.159 F1000
G1 X23.103 Y5.047 Z565.825 F1000
G1 X293.089 Y64.021 F8000
M992
G3 X291.36 Y71.482 I-293.089 J-64.021 F8000
G1 Z215.825 F8000
M991
G1 A104.206 F1000
G1 X156.437 Y38.38 Z215.825 F1000
G1 X156.437 Y38.38 Z232.492 F1000
G1 X156.437 Y38.38 Z249.159 F1000
G1 A93.453 F1000
G1 X156.437 Y38.38 Z265.825 F1000
G1 X156.437 Y38.38 Z282.492 F1000
G1 A82.822 F1000
G1 X156.437 Y38.38 Z299.159 F1000
G1 X156.437 Y38.38 Z315.825 F1000
G1 A71.932 F1000
G1 X156.437 Y38.38 Z332.492 F1000
G1 X156.437 Y38.38 Z349.159 F1000
G1 A60.309 F1000
G1 X173.103 Y38.38 Z365.825 F1000
G1 X173.103 Y38.38 Z382.492 F1000
G1 A47.116 F1000
G1 X173.103 Y38.38 Z399.159 F1000
G1 X173.103 Y38.38 Z415.825 F1000
G1 A30.038 F1000
G1 X173.103 Y38.38 Z432.492 F1000
G1 A16.607 F1000
G1 X173.103 Y38.38 Z449.159 F1000
G1 X173.103 Y38.38 Z465.825 F1000
G1 X173.103 Y38.38 Z482.492 F1000
G1 X173.103 Y38.38 Z499.159 F1000
G1 X173.103 Y38.38 Z515.825 F1000
G1 X173.103 Y38.38 Z532.492 F1000
G1 A81.126 F1000
G1 X39.77 Y21.713 Z549.159 F1000
G1 A90 F1000
G1 X39.77 Y21.713 Z565.825 F1000
G1 A68.545 F1000
G1 X2.963 Y0.469 Z582.492 F1000
G1 X296.307 Y46.93 F8000
M992
G3 X272.711 Y125.015 I-296.307 J-46.93 F8000
G1 Z215.825 F8000
M991
G1 A104.206 F1000
G1 X156.437 Y71.713 Z215.825 F1000
G1 X156.437 Y71.713 Z232.492 F1000
G1 X156.437 Y71.713 Z249.159 F1000
G1 A93.453 F1000
G1 X156.437 Y71.713 Z265.825 F1000
G1 X156.437 Y71.713 Z282.492 F1000
G1 A82.822 F1000
G1 X156.437 Y71.713 Z299.159 F1000
G1 X156.437 Y71.713 Z315.825 F1000
G1 A71.932 F1000
G1 X156.437 Y71.713 Z332.492 F1000
G1 X156.437 Y71.713 Z349.159 F1000
G1 A60.309 F1000
G1 X156.437 Y71.713 Z365.825 F1000
G1 X156.437 Y71.713 Z382.492 F1000
G1 A47.116 F1000
G1 X156.437 Y71.713 Z399.159 F1000
G1 X156.437 Y71.713 Z415.825 F1000
G1 A30.038 F1000
G1 X156.437 Y71.713 Z432.492 F1000
G1 A16.607 F1000
G1 X156.437 Y71.713 Z449.159 F1000
G1 X156.437 Y71.713 Z465.825 F1000
G1 X156.437 Y71.713 Z482.492 F1000
G1 X156.437 Y71.713 Z499.159 F1000
G1 X156.437 Y71.713 Z515.825 F1000
G1 X156.437 Y71.713 Z532.492 F1000
G1 A79.102 F1000
G1 X56.437 Y38.38 Z549.159 F1000
G1 A64.788 F1000
G1 X23.103 Y21.713 Z565.825 F1000
G1 X218.607 Y205.453 F8000
M992
G3 X249.059 Y167.242 I-218.607 J-205.453 F8000
G1 Z215.825 F8000
M991
G1 A104.206 F1000
G1 X156.437 Y105.047 Z215.825 F1000
G1 X156.437 Y105.047 Z232.492 F1000
G1 X156.437 Y105.047 Z249.159 F1000
G1 A93.453 F1000
G1 X156.437 Y105.047 Z265.825 F1000
G1 X156.437 Y105.047 Z282.492 F1000
G1 A82.822 F1000
G1 X156.437 Y105.047 Z299.159 F1000
G1 X156.437 Y105.047 Z315.825 F1000
G1 A71.932 F1000
G1 X156.437 Y105.047 Z332.492 F1000
G1 X156.437 Y105.047 Z349.159 F1000
G1 A60.309 F1000
G1 X156.437 Y105.047 Z365.825 F1000
G1 X156.437 Y105.047 Z382.492 F1000
G1 A47.116 F1000
G1 X156.437 Y105.047 Z399.159 F1000
G1 X156.437 Y105.047 Z415.825 F1000
G1 A30.038 F1000
G1 X156.437 Y105.047 Z432.492 F1000
G1 A16.607 F1000
G1 X156.437 Y105.047 Z449.159 F1000
G1 X156.437 Y105.047 Z465.825 F1000
G1 X156.437 Y105.047 Z482.492 F1000
G1 X156.437 Y105.047 Z499.159 F1000
G1 X156.437 Y105.047 Z515.825 F1000
G1 X156.437 Y105.047 Z532.492 F1000
G1 A81.814 F1000
G1 X39.77 Y38.38 Z549.159 F1000
G1 A72.333 F1000
G1 X2.673 Y1.362 Z565.825 F1000
G1 X267.302 Y136.197 F8000
M992
G3 X224.704 Y198.767 I-267.302 J-136.197 F8000
G1 Z215.825 F8000
M991
G1 A104.206 F1000
G1 X156.437 Y138.38 Z215.825 F1000
G1 X156.437 Y138.38 Z232.492 F1000
G1 X156.437 Y138.38 Z249.159 F1000
G1 A93.453 F1000
G1 X156.437 Y138.38 Z265.825 F1000
G1 X156.437 Y138.38 Z282.492 F1000
G1 A82.822 F1000
G1 X156.437 Y138.38 Z299.159 F1000
G1 X156.437 Y138.38 Z315.825 F1000
G1 A71.932 F1000
G1 X156.437 Y138.38 Z332.492 F1000
G1 X156.437 Y138.38 Z349.159 F1000
G1 A60.309 F1000
G1 X156.437 Y138.38 Z365.825 F1000
G1 X156.437 Y138.38 Z382.492 F1000
G1 A47.116 F1000
G1 X156.437 Y138.38 Z399.159 F1000
G1 X156.437 Y138.38 Z415.825 F1000
G1 A30.038 F1000
G1 X156.437 Y138.38 Z432.492 F1000
G1 A16.607 F1000
G1 X156.437 Y138.38 Z449.159 F1000
G1 X156.437 Y138.38 Z465.825 F1000
G1 X156.437 Y138.38 Z482.492 F1000
G1 X156.437 Y138.38 Z499.159 F1000
G1 X156.437 Y138.38 Z515.825 F1000
G1 X156.437 Y138.38 Z532.492 F1000
G1 A83.82 F1000
G1 X6.437 Y21.713 Z549.159 F1000
G1 X85.266 Y287.628 F8000
M992
G3 X202.038 Y221.767 I-85.266 J-287.628 F8000
G1 Z249.159 F8000
M991
G1 A93.453 F1000
G1 X156.437 Y171.713 Z249.159 F1000
G1 X156.437 Y171.713 Z265.825 F1000
G1 X156.437 Y171.713 Z282.492 F1000
G1 A82.822 F1000
G1 X156.437 Y171.713 Z299.159 F1000
G1 X156.437 Y171.713 Z315.825 F1000
G1 A71.932 F1000
G1 X156.437 Y171.713 Z332.492 F1000
G1 X156.437 Y171.713 Z349.159 F1000
G1 A60.309 F1000
G1 X156.437 Y171.713 Z365.825 F1000
G1 X156.437 Y171.713 Z382.492 F1000
G1 A47.116 F1000
G1 X156.437 Y171.713 Z399.159 F1000
G1 X156.437 Y171.713 Z415.825 F1000
G1 A30.038 F1000
G1 X156.437 Y171.713 Z432.492 F1000
G1 A16.607 F1000
G1 X156.437 Y171.713 Z449.159 F1000
G1 X156.437 Y171.713 Z465.825 F1000
G1 X156.437 Y171.713 Z482.492 F1000
G1 X156.437 Y171.713 Z499.159 F1000
G1 X156.437 Y171.713 Z515.825 F1000
G1 X156.437 Y171.713 Z532.492 F1000
G1 X202.038 Y221.767 F8000
M992
G3 X158.055 Y254.988 I-202.038 J-221.767 F8000
G1 Z215.825 F8000
M991
G1 A104.206 F1000
G1 X106.437 Y171.713 Z215.825 F1000
G1 X106.437 Y171.713 Z232.492 F1000
G1 X106.437 Y171.713 Z249.159 F1000
G1 A93.453 F1000
G1 X106.437 Y171.713 Z265.825 F1000
G1 X106.437 Y171.713 Z282.492 F1000
G1 A82.822 F1000
G1 X106.437 Y171.713 Z299.159 F1000
G1 X106.437 Y171.713 Z315.825 F1000
G1 A71.932 F1000
G1 X106.437 Y171.713 Z332.492 F1000
G1 X106.437 Y171.713 Z349.159 F1000
G1 A60.309 F1000
G1 X106.437 Y171.713 Z365.825 F1000
G1 X106.437 Y171.713 Z382.492 F1000
G1 A47.116 F1000
G1 X106.437 Y171.713 Z399.159 F1000
G1 X106.437 Y171.713 Z415.825 F1000
G1 A30.038 F1000
G1 X106.437 Y171.713 Z432.492 F1000
G1 A16.607 F1000
G1 X106.437 Y171.713 Z449.159 F1000
G1 X106.437 Y171.713 Z465.825 F1000
G1 X106.437 Y171.713 Z482.492 F1000
G1 X106.437 Y171.713 Z499.159 F1000
G1 X106.437 Y171.713 Z515.825 F1000
G1 X106.437 Y171.713 Z532.492 F1000
G1 A82.389 F1000
G1 X23.103 Y55.047 Z549.159 F1000
G1 A49.095 F1000
G1 X6.437 Y38.38 Z565.825 F1000
G1 A65.227 F1000
G1 X1.763 Y2.427 Z582.492 F1000
G1 A90 F1000
G1 X6.437 Y38.38 Z599.159 F1000
G1 X49.621 Y295.868 F8000
M992
G3 X117.513 Y276.027 I-49.621 J-295.868 F8000
G1 Z215.825 F8000
M991
G1 A104.206 F1000
G1 X73.103 Y171.713 Z215.825 F1000
G1 X73.103 Y171.713 Z232.492 F1000
G1 X73.103 Y171.713 Z249.159 F1000
G1 A93.453 F1000
G1 X73.103 Y171.713 Z265.825 F1000
G1 X73.103 Y171.713 Z282.492 F1000
G1 A82.822 F1000
G1 X73.103 Y171.713 Z299.159 F1000
G1 X73.103 Y171.713 Z315.825 F1000
G1 A71.932 F1000
G1 X73.103 Y171.713 Z332.492 F1000
G1 X73.103 Y171.713 Z349.159 F1000
G1 A60.309 F1000
G1 X73.103 Y171.713 Z365.825 F1000
G1 X73.103 Y171.713 Z382.492 F1000
G1 A47.116 F1000
G1 X73.103 Y171.713 Z399.159 F1000
G1 X73.103 Y171.713 Z415.825 F1000
G1 A30.038 F1000
G1 X73.103 Y171.713 Z432.492 F1000
G1 A16.607 F1000
G1 X73.103 Y171.713 Z449.159 F1000
G1 X73.103 Y171.713 Z465.825 F1000
G1 X73.103 Y171.713 Z482.492 F1000
G1 X73.103 Y171.713 Z499.159 F1000
G1 X73.103 Y171.713 Z515.825 F1000
G1 X73.103 Y171.713 Z532.492 F1000
G1 A80.282 F1000
G1 X6.437 Y55.047 Z549.159 F1000
G1 X1.362 Y2.673 Z565.825 F1000
G1 A90 F1000
G1 X1.362 Y2.673 Z599.159 F1000
G1 X136.197 Y267.302 F8000
M992
G3 X67.691 Y292.264 I-136.197 J-267.302 F8000
G1 Z215.825 F8000
M991
G1 A104.206 F1000
G1 X39.77 Y171.713 Z215.825 F1000
G1 X39.77 Y171.713 Z232.492 F1000
G1 X39.77 Y171.713 Z249.159 F1000
G1 A93.453 F1000
G1 X39.77 Y171.713 Z265.825 F1000
G1 X39.77 Y171.713 Z282.492 F1000
G1 A82.822 F1000
G1 X39.77 Y171.713 Z299.159 F1000
G1 X39.77 Y188.38 Z315.825 F1000
G1 A71.932 F1000
G1 X39.77 Y188.38 Z332.492 F1000
G1 X39.77 Y188.38 Z349.159 F1000
G1 A60.309 F1000
G1 X39.77 Y188.38 Z365.825 F1000
G1 X39.77 Y188.38 Z382.492 F1000
G1 A47.116 F1000
G1 X39.77 Y188.38 Z399.159 F1000
G1 X39.77 Y188.38 Z415.825 F1000
G1 A30.038 F1000
G1 X39.77 Y188.38 Z432.492 F1000
G1 A16.607 F1000
G1 X39.77 Y188.38 Z449.159 F1000
G1 X39.77 Y188.38 Z465.825 F1000
G1 X39.77 Y188.38 Z482.492 F1000
G1 X39.77 Y188.38 Z499.159 F1000
G1 X39.77 Y188.38 Z515.825 F1000
G1 X39.77 Y188.38 Z532.492 F1000
G1 A79.101 F1000
G1 X-10.23 Y55.047 Z549.159 F1000
G1 A90 F1000
G1 X6.437 Y71.713 Z565.825 F1000
G1 A58.182 F1000
G1 X-10.23 Y38.38 Z582.492 F1000
G1 A90 F1000
G1 X-10.23 Y38.38 Z599.159 F1000
G1 X-10.23 Y38.38 Z615.825 F1000
G1 X-77.265 Y289.879 F8000
M992
G3 X11.238 Y299.789 I77.265 J-289.879 F8000
G1 Z215.825 F8000
M991
G1 A104.206 F1000
G1 X6.437 Y171.713 Z215.825 F1000
G1 X6.437 Y171.713 Z232.492 F1000
G1 X6.437 Y171.713 Z249.159 F1000
G1 A93.453 F1000
G1 X6.437 Y171.713 Z265.825 F1000
G1 X6.437 Y188.38 Z282.492 F1000
G1 A82.822 F1000
G1 X6.437 Y188.38 Z299.159 F1000
G1 X6.437 Y188.38 Z315.825 F1000
G1 A71.932 F1000
G1 X6.437 Y188.38 Z332.492 F1000
G1 X6.437 Y188.38 Z349.159 F1000
G1 A60.309 F1000
G1 X6.437 Y188.38 Z365.825 F1000
G1 X6.437 Y188.38 Z382.492 F1000
G1 A47.116 F1000
G1 X6.437 Y188.38 Z399.159 F1000
G1 X6.437 Y188.38 Z415.825 F1000
G1 A30.038 F1000
G1 X6.437 Y188.38 Z432.492 F1000
G1 A16.607 F1000
G1 X6.437 Y188.38 Z449.159 F1000
G1 X6.437 Y188.38 Z465.825 F1000
G1 X6.437 Y188.38 Z482.492 F1000
G1 X6.437 Y188.38 Z499.159 F1000
G1 X6.437 Y188.38 Z515.825 F1000
G1 X6.437 Y188.38 Z532.492 F1000
G1 A79.868 F1000
G1 X-10.23 Y71.713 Z549.159 F1000
G1 A15.0 F1000
G1 X-10.23 Y71.713 Z565.825 F1000
G1 X-42.366 Y296.993 F8000
M992
G3 X-17.841 Y299.469 I42.366 J-296.993 F8000
G1 Z215.825 F8000
M991
G1 A104.206 F1000
G1 X-10.23 Y171.713 Z215.825 F1000
G1 X-10.23 Y171.713 Z232.492 F1000
G1 X-10.23 Y171.713 Z249.159 F1000
G1 A93.453 F1000
G1 X-10.23 Y171.713 Z265.825 F1000
G1 X-10.23 Y188.38 Z282.492 F1000
G1 A82.822 F1000
G1 X-10.23 Y188.38 Z299.159 F1000
G1 X-10.23 Y188.38 Z315.825 F1000
G1 A71.932 F1000
G1 X-10.23 Y188.38 Z332.492 F1000
G1 X-10.23 Y188.38 Z349.159 F1000
G1 A60.309 F1000
G1 X-10.23 Y188.38 Z365.825 F1000
G1 X-10.23 Y188.38 Z382.492 F1000
G1 A47.116 F1000
G1 X-10.23 Y188.38 Z399.159 F1000
G1 X-10.23 Y188.38 Z415.825 F1000
G1 A30.038 F1000
G1 X-10.23 Y188.38 Z432.492 F1000
G1 A16.607 F1000
G1 X-10.23 Y188.38 Z449.159 F1000
G1 X-10.23 Y188.38 Z465.825 F1000
G1 X-10.23 Y188.38 Z482.492 F1000
G1 X-10.23 Y188.38 Z499.159 F1000
G1 X-10.23 Y188.38 Z515.825 F1000
G1 X-10.23 Y188.38 Z532.492 F1000
G1 A75.63 F1000
G1 X-10.23 Y121.713 Z549.159 F1000
G1 X-10.23 Y55.047 Z565.825 F1000
G1 X-54.814 Y294.95 F8000
M992
G3 X-73.772 Y290.788 I54.814 J-294.95 F8000
G1 Z215.825 F8000
M991
G1 A104.206 F1000
G1 X-43.563 Y171.713 Z215.825 F1000
G1 X-43.563 Y171.713 Z232.492 F1000
G1 X-43.563 Y171.713 Z249.159 F1000
G1 A93.453 F1000
G1 X-43.563 Y171.713 Z265.825 F1000
G1 X-43.563 Y171.713 Z282.492 F1000
G1 A82.822 F1000
G1 X-43.563 Y188.38 Z299.159 F1000
G1 X-43.563 Y188.38 Z315.825 F1000
G1 A71.932 F1000
G1 X-43.563 Y188.38 Z332.492 F1000
G1 X-43.563 Y188.38 Z349.159 F1000
G1 A60.309 F1000
G1 X-43.563 Y188.38 Z365.825 F1000
G1 X-43.563 Y188.38 Z382.492 F1000
G1 A47.116 F1000
G1 X-43.563 Y188.38 Z399.159 F1000
G1 X-43.563 Y188.38 Z415.825 F1000
G1 A30.038 F1000
G1 X-43.563 Y188.38 Z432.492 F1000
G1 A16.607 F1000
G1 X-43.563 Y188.38 Z449.159 F1000
G1 X-43.563 Y188.38 Z465.825 F1000
G1 X-43.563 Y188.38 Z482.492 F1000
G1 X-43.563 Y188.38 Z499.159 F1000
G1 X-43.563 Y188.38 Z515.825 F1000
G1 X-43.563 Y188.38 Z532.492 F1000
G1 A80.803 F1000
G1 X-26.897 Y55.047 Z549.159 F1000
G1 A90 F1000
G1 X-26.897 Y55.047 Z565.825 F1000
G1 X-26.897 Y55.047 Z582.492 F1000
G1 A39.444 F1000
G1 X-26.897 Y38.38 Z599.159 F1000
G1 A90 F1000
G1 X-26.897 Y38.38 Z615.825 F1000
G1 X-172.17 Y245.678 F8000
M992
G3 X-122.613 Y273.799 I172.17 J-245.678 F8000
G1 Z215.825 F8000
M991
G1 A104.206 F1000
G1 X-76.897 Y171.713 Z215.825 F1000
G1 X-76.897 Y171.713 Z232.492 F1000
G1 X-76.897 Y171.713 Z249.159 F1000
G1 A93.453 F1000
G1 X-76.897 Y171.713 Z265.825 F1000
G1 X-76.897 Y171.713 Z282.492 F1000
G1 A82.822 F1000
G1 X-76.897 Y171.713 Z299.159 F1000
G1 X-76.897 Y171.713 Z315.825 F1000
G1 A71.932 F1000
G1 X-76.897 Y171.713 Z332.492 F1000
G1 X-76.897 Y171.713 Z349.159 F1000
G1 A60.309 F1000
G1 X-76.897 Y171.713 Z365.825 F1000
G1 X-76.897 Y171.713 Z382.492 F1000
G1 A47.116 F1000
G1 X-76.897 Y171.713 Z399.159 F1000
G1 X-76.897 Y171.713 Z415.825 F1000
G1 A30.038 F1000
G1 X-76.897 Y171.713 Z432.492 F1000
G1 A16.607 F1000
G1 X-76.897 Y171.713 Z449.159 F1000
G1 X-76.897 Y171.713 Z465.825 F1000
G1 X-76.897 Y171.713 Z482.492 F1000
G1 X-76.897 Y171.713 Z499.159 F1000
G1 X-76.897 Y171.713 Z515.825 F1000
G1 X-76.897 Y171.713 Z532.492 F1000
G1 A79.378 F1000
G1 X-43.563 Y71.713 Z549.159 F1000
G1 A65.476 F1000
G1 X-26.897 Y38.38 Z565.825 F1000
G1 A90 F1000
G1 X-26.897 Y38.38 Z582.492 F1000
G1 A35.385 F1000
G1 X-26.897 Y21.713 Z599.159 F1000
G1 A90 F1000
G1 X-26.897 Y21.713 Z615.825 F1000
G1 X-233.428 Y188.444 F8000
M992
G3 X-162.064 Y252.459 I233.428 J-188.444 F8000
G1 Z215.825 F8000
M991
G1 A104.206 F1000
G1 X-110.23 Y171.713 Z215.825 F1000
G1 X-110.23 Y171.713 Z232.492 F1000
G1 X-110.23 Y171.713 Z249.159 F1000
G1 A93.453 F1000
G1 X-110.23 Y171.713 Z265.825 F1000
G1 X-110.23 Y171.713 Z282.492 F1000
G1 A82.822 F1000
G1 X-110.23 Y171.713 Z299.159 F1000
G1 X-110.23 Y171.713 Z315.825 F1000
G1 A71.932 F1000
G1 X-110.23 Y171.713 Z332.492 F1000
G1 X-110.23 Y171.713 Z349.159 F1000
G1 A60.309 F1000
G1 X-110.23 Y171.713 Z365.825 F1000
G1 X-110.23 Y171.713 Z382.492 F1000
G1 A47.116 F1000
G1 X-110.23 Y171.713 Z399.159 F1000
G1 X-110.23 Y171.713 Z415.825 F1000
G1 A30.038 F1000
G1 X-110.23 Y171.713 Z432.492 F1000
G1 A16.607 F1000
G1 X-110.23 Y171.713 Z449.159 F1000
G1 X-110.23 Y171.713 Z465.825 F1000
G1 X-110.23 Y171.713 Z482.492 F1000
G1 X-110.23 Y171.713 Z499.159 F1000
G1 X-110.23 Y171.713 Z515.825 F1000
G1 X-110.23 Y171.713 Z532.492 F1000
G1 A82.34 F1000
G1 X-43.563 Y55.047 Z549.159 F1000
G1 A63.33 F1000
G1 X-26.897 Y21.713 Z565.825 F1000
G1 A90 F1000
G1 X-26.897 Y21.713 Z582.492 F1000
G1 X-43.563 Y38.38 Z599.159 F1000
G1 X-225.101 Y198.317 F8000
M992
G3 X-192.426 Y230.157 I225.101 J-198.317 F8000
G1 Z232.492 F8000
M991
G1 A98.791 F1000
G1 X-143.563 Y171.713 Z232.492 F1000
G1 X-143.563 Y171.713 Z249.159 F1000
G1 X-143.563 Y171.713 Z265.825 F1000
G1 A88.145 F1000
G1 X-143.563 Y171.713 Z282.492 F1000
G1 X-143.563 Y171.713 Z299.159 F1000
G1 A77.435 F1000
G1 X-143.563 Y171.713 Z315.825 F1000
G1 X-143.563 Y171.713 Z332.492 F1000
G1 A66.251 F1000
G1 X-143.563 Y171.713 Z349.159 F1000
G1 X-143.563 Y171.713 Z365.825 F1000
G1 A53.991 F1000
G1 X-143.563 Y171.713 Z382.492 F1000
G1 X-143.563 Y171.713 Z399.159 F1000
G1 A39.367 F1000
G1 X-143.563 Y171.713 Z415.825 F1000
G1 A30.038 F1000
G1 X-143.563 Y171.713 Z432.492 F1000
G1 A16.607 F1000
G1 X-143.563 Y171.713 Z449.159 F1000
G1 X-143.563 Y171.713 Z465.825 F1000
G1 X-143.563 Y171.713 Z482.492 F1000
G1 X-143.563 Y171.713 Z499.159 F1000
G1 X-143.563 Y171.713 Z515.825 F1000
G1 X-143.563 Y171.713 Z532.492 F1000
G1 A84.596 F1000
G1 X-26.897 Y21.713 Z549.159 F1000
G1 X-233.428 Y188.444 F8000
M992
G3 X-215.262 Y208.955 I233.428 J-188.444 F8000
G1 Z299.159 F8000
M991
G1 A77.435 F1000
G1 X-176.897 Y171.713 Z299.159 F1000
G1 X-176.897 Y171.713 Z315.825 F1000
G1 X-176.897 Y171.713 Z332.492 F1000
G1 A66.251 F1000
G1 X-176.897 Y171.713 Z349.159 F1000
G1 X-176.897 Y171.713 Z365.825 F1000
G1 A53.991 F1000
G1 X-176.897 Y171.713 Z382.492 F1000
G1 X-176.897 Y171.713 Z399.159 F1000
G1 A39.367 F1000
G1 X-176.897 Y171.713 Z415.825 F1000
G1 A30.038 F1000
G1 X-176.897 Y171.713 Z432.492 F1000
G1 A16.607 F1000
G1 X-176.897 Y171.713 Z449.159 F1000
G1 X-176.897 Y171.713 Z465.825 F1000
G1 X-176.897 Y171.713 Z482.492 F1000
G1 X-176.897 Y171.713 Z499.159 F1000
G1 X-176.897 Y171.713 Z515.825 F1000
G1 X-176.897 Y171.713 Z532.492 F1000
G1 X-215.262 Y208.955 F8000
M992
G3 X-236.291 Y184.842 I215.262 J-208.955 F8000
G1 Z215.825 F8000
M991
G1 A104.206 F1000
G1 X-176.897 Y138.38 Z215.825 F1000
G1 X-176.897 Y138.38 Z232.492 F1000
G1 X-176.897 Y138.38 Z249.159 F1000
G1 A93.453 F1000
G1 X-176.897 Y138.38 Z265.825 F1000
G1 X-176.897 Y138.38 Z282.492 F1000
G1 A82.822 F1000
G1 X-176.897 Y138.38 Z299.159 F1000
G1 X-176.897 Y138.38 Z315.825 F1000
G1 A71.932 F1000
G1 X-176.897 Y138.38 Z332.492 F1000
G1 X-176.897 Y138.38 Z349.159 F1000
G1 A60.309 F1000
G1 X-176.897 Y138.38 Z365.825 F1000
G1 X-176.897 Y138.38 Z382.492 F1000
G1 A47.116 F1000
G1 X-176.897 Y138.38 Z399.159 F1000
G1 X-176.897 Y138.38 Z415.825 F1000
G1 A30.038 F1000
G1 X-176.897 Y138.38 Z432.492 F1000
G1 A16.607 F1000
G1 X-176.897 Y138.38 Z449.159 F1000
G1 X-176.897 Y138.38 Z465.825 F1000
G1 X-176.897 Y138.38 Z482.492 F1000
G1 X-176.897 Y138.38 Z499.159 F1000
G1 X-176.897 Y138.38 Z515.825 F1000
G1 X-176.897 Y138.38 Z532.492 F1000
G1 X-236.291 Y184.842 F8000
M992
G3 X-257.947 Y153.177 I236.291 J-184.842 F8000
G1 Z215.825 F8000
M991
G1 A104.206 F1000
G1 X-176.897 Y105.047 Z215.825 F1000
G1 X-176.897 Y105.047 Z232.492 F1000
G1 X-176.897 Y105.047 Z249.159 F1000
G1 A93.453 F1000
G1 X-176.897 Y105.047 Z265.825 F1000
G1 X-176.897 Y105.047 Z282.492 F1000
G1 A82.822 F1000
G1 X-176.897 Y105.047 Z299.159 F1000
G1 X-176.897 Y105.047 Z315.825 F1000
G1 A71.932 F1000
G1 X-176.897 Y105.047 Z332.492 F1000
G1 X-176.897 Y105.047 Z349.159 F1000
G1 A60.309 F1000
G1 X-176.897 Y105.047 Z365.825 F1000
G1 X-176.897 Y105.047 Z382.492 F1000
G1 A47.116 F1000
G1 X-176.897 Y105.047 Z399.159 F1000
G1 X-176.897 Y105.047 Z415.825 F1000
G1 A30.038 F1000
G1 X-193.563 Y105.047 Z432.492 F1000
G1 A16.607 F1000
G1 X-193.563 Y105.047 Z449.159 F1000
G1 X-193.563 Y105.047 Z465.825 F1000
G1 A38.425 F1000
G1 X-176.897 Y105.047 Z482.492 F1000
G1 A15.0 F1000
G1 X-176.897 Y105.047 Z499.159 F1000
G1 X-176.897 Y105.047 Z515.825 F1000
G1 X-176.897 Y105.047 Z532.492 F1000
G1 A82.865 F1000
G1 X-60.23 Y38.38 Z549.159 F1000
G1 X-60.23 Y38.38 Z615.825 F1000
G1 X-253.0 Y161.218 F8000
M992
G3 X-278.023 Y112.709 I253.0 J-161.218 F8000
G1 Z215.825 F8000
M991
G1 A104.206 F1000
G1 X-176.897 Y71.713 Z215.825 F1000
G1 X-176.897 Y71.713 Z232.492 F1000
G1 X-193.563 Y71.713 Z249.159 F1000
G1 A93.453 F1000
G1 X-193.563 Y71.713 Z265.825 F1000
G1 X-193.563 Y71.713 Z282.492 F1000
G1 A82.822 F1000
G1 X-193.563 Y71.713 Z299.159 F1000
G1 X-193.563 Y71.713 Z315.825 F1000
G1 A71.932 F1000
G1 X-193.563 Y71.713 Z332.492 F1000
G1 X-193.563 Y71.713 Z349.159 F1000
G1 A60.309 F1000
G1 X-193.563 Y71.713 Z365.825 F1000
G1 X-193.563 Y71.713 Z382.492 F1000
G1 A47.116 F1000
G1 X-193.563 Y71.713 Z399.159 F1000
G1 X-193.563 Y71.713 Z415.825 F1000
G1 A30.038 F1000
G1 X-193.563 Y71.713 Z432.492 F1000
G1 A16.607 F1000
G1 X-193.563 Y71.713 Z449.159 F1000
G1 X-193.563 Y71.713 Z465.825 F1000
G1 X-193.563 Y71.713 Z482.492 F1000
G1 X-193.563 Y71.713 Z499.159 F1000
G1 X-193.563 Y71.713 Z515.825 F1000
G1 A41.534 F1000
G1 X-176.897 Y71.713 Z532.492 F1000
G1 A80.314 F1000
G1 X-76.897 Y38.38 Z549.159 F1000
G1 A15.0 F1000
G1 X-76.897 Y38.38 Z565.825 F1000
G1 X-76.897 Y38.38 Z582.492 F1000
G1 A50.752 F1000
G1 X-60.23 Y21.713 Z599.159 F1000
G1 A41.698 F1000
G1 X-43.563 Y21.713 Z615.825 F1000
G1 A90 F1000
G1 X-60.23 Y21.713 Z632.492 F1000
G1 A41.698 F1000
G1 X-43.563 Y21.713 Z649.159 F1000
G1 X-268.496 Y133.827 F8000
M992
G3 X-293.179 Y63.609 I268.496 J-133.827 F8000
G1 Z215.825 F8000
M991
G1 A104.206 F1000
G1 X-176.897 Y38.38 Z215.825 F1000
G1 X-193.563 Y38.38 Z232.492 F1000
G1 X-193.563 Y38.38 Z249.159 F1000
G1 A93.453 F1000
G1 X-193.563 Y38.38 Z265.825 F1000
G1 X-193.563 Y38.38 Z282.492 F1000
G1 A82.822 F1000
G1 X-193.563 Y38.38 Z299.159 F1000
G1 X-193.563 Y38.38 Z315.825 F1000
G1 A71.932 F1000
G1 X-193.563 Y38.38 Z332.492 F1000
G1 X-193.563 Y38.38 Z349.159 F1000
G1 A60.309 F1000
G1 X-193.563 Y38.38 Z365.825 F1000
G1 X-193.563 Y38.38 Z382.492 F1000
G1 A47.116 F1000
G1 X-193.563 Y38.38 Z399.159 F1000
G1 X-193.563 Y38.38 Z415.825 F1000
G1 A30.038 F1000
G1 X-193.563 Y38.38 Z432.492 F1000
G1 A16.607 F1000
G1 X-193.563 Y38.38 Z449.159 F1000
G1 X-193.563 Y38.38 Z465.825 F1000
G1 X-193.563 Y38.38 Z482.492 F1000
G1 X-193.563 Y38.38 Z499.159 F1000
G1 X-193.563 Y38.38 Z515.825 F1000
G1 X-193.563 Y38.38 Z532.492 F1000
G1 A81.383 F1000
G1 X-76.897 Y21.713 Z549.159 F1000
G1 A15.0 F1000
G1 X-76.897 Y21.713 Z565.825 F1000
G1 X-76.897 Y21.713 Z582.492 F1000
G1 X-93.563 Y21.713 Z599.159 F1000
G1 A54.146 F1000
G1 X-43.563 Y21.713 Z632.492 F1000
G1 X-268.496 Y133.827 F8000
M992
G3 X-299.898 Y7.819 I268.496 J-133.827 F8000
G1 Z215.825 F8000
M991
G1 A104.206 F1000
G1 X-193.563 Y5.047 Z215.825 F1000
G1 X-193.563 Y5.047 Z232.492 F1000
G1 X-193.563 Y5.047 Z249.159 F1000
G1 A93.453 F1000
G1 X-193.563 Y5.047 Z265.825 F1000
G1 X-193.563 Y5.047 Z282.492 F1000
G1 A82.822 F1000
G1 X-193.563 Y5.047 Z299.159 F1000
G1 X-193.563 Y5.047 Z315.825 F1000
G1 A71.932 F1000
G1 X-193.563 Y5.047 Z332.492 F1000
G1 X-193.563 Y5.047 Z349.159 F1000
G1 A60.309 F1000
G1 X-193.563 Y5.047 Z365.825 F1000
G1 X-193.563 Y5.047 Z382.492 F1000
G1 A47.116 F1000
G1 X-193.563 Y5.047 Z399.159 F1000
G1 X-193.563 Y5.047 Z415.825 F1000
G1 A30.038 F1000
G1 X-193.563 Y5.047 Z432.492 F1000
G1 A16.607 F1000
G1 X-193.563 Y5.047 Z449.159 F1000
G1 X-193.563 Y5.047 Z465.825 F1000
G1 X-193.563 Y5.047 Z482.492 F1000
G1 X-193.563 Y5.047 Z499.159 F1000
G1 X-193.563 Y5.047 Z515.825 F1000
G1 X-193.563 Y5.047 Z532.492 F1000
G1 A82.721 F1000
G1 X-60.23 Y5.047 Z549.159 F1000
G1 X-60.23 Y5.047 Z565.825 F1000
G1 X-60.23 Y5.047 Z582.492 F1000
G1 X-60.23 Y5.047 Z599.159 F1000
G1 A44.8 F1000
G1 X-43.563 Y5.047 Z615.825 F1000
G1 A90 F1000
G1 X-43.563 Y5.047 Z632.492 F1000
G1 X-298.007 Y34.523 F8000
M992
G3 X-299.461 Y-17.977 I298.007 J-34.523 F8000
G1 Z215.825 F8000
M991
G1 A104.206 F1000
G1 X-193.563 Y-11.62 Z215.825 F1000
G1 X-193.563 Y-11.62 Z232.492 F1000
G1 X-193.563 Y-11.62 Z249.159 F1000
G1 A93.453 F1000
G1 X-193.563 Y-11.62 Z265.825 F1000
G1 X-193.563 Y-11.62 Z282.492 F1000
G1 A82.822 F1000
G1 X-193.563 Y-11.62 Z299.159 F1000
G1 X-193.563 Y-11.62 Z315.825 F1000
G1 A71.932 F1000
G1 X-193.563 Y-11.62 Z332.492 F1000
G1 X-193.563 Y-11.62 Z349.159 F1000
G1 A60.309 F1000
G1 X-193.563 Y-11.62 Z365.825 F1000
G1 X-193.563 Y-11.62 Z382.492 F1000
G1 A47.116 F1000
G1 X-193.563 Y-11.62 Z399.159 F1000
G1 X-193.563 Y-11.62 Z415.825 F1000
G1 A30.038 F1000
G1 X-193.563 Y-11.62 Z432.492 F1000
G1 A16.607 F1000
G1 X-193.563 Y-11.62 Z449.159 F1000
G1 X-193.563 Y-11.62 Z465.825 F1000
G1 X-193.563 Y-11.62 Z482.492 F1000
G1 X-193.563 Y-11.62 Z499.159 F1000
G1 X-193.563 Y-11.62 Z515.825 F1000
G1 X-193.563 Y-11.62 Z532.492 F1000
G1 A75.558 F1000
G1 X-126.897 Y-11.62 Z549.159 F1000
G1 A15.0 F1000
G1 X-126.897 Y-11.62 Z565.825 F1000
G1 X-126.897 Y-11.62 Z582.492 F1000
G1 A77.367 F1000
G1 X-43.563 Y5.047 Z599.159 F1000
G1 A44.621 F1000
G1 X-26.897 Y5.047 Z615.825 F1000
G1 A90 F1000
G1 X-26.897 Y5.047 Z632.492 F1000
G1 X-294.855 Y55.323 F8000
M992
G3 X-292.223 Y-67.866 I294.855 J-55.323 F8000
G1 Z215.825 F8000
M991
G1 A104.206 F1000
G1 X-193.563 Y-44.953 Z215.825 F1000
G1 X-193.563 Y-44.953 Z232.492 F1000
G1 X-193.563 Y-44.953 Z249.159 F1000
G1 A93.453 F1000
G1 X-193.563 Y-44.953 Z265.825 F1000
G1 X-193.563 Y-44.953 Z282.492 F1000
G1 A82.822 F1000
G1 X-193.563 Y-44.953 Z299.159 F1000
G1 X-193.563 Y-44.953 Z315.825 F1000
G1 A71.932 F1000
G1 X-193.563 Y-44.953 Z332.492 F1000
G1 X-193.563 Y-44.953 Z349.159 F1000
G1 A60.309 F1000
G1 X-193.563 Y-44.953 Z365.825 F1000
G1 X-193.563 Y-44.953 Z382.492 F1000
G1 A47.116 F1000
G1 X-193.563 Y-44.953 Z399.159 F1000
G1 X-193.563 Y-44.953 Z415.825 F1000
G1 A30.038 F1000
G1 X-193.563 Y-44.953 Z432.492 F1000
G1 A16.607 F1000
G1 X-193.563 Y-44.953 Z449.159 F1000
G1 X-193.563 Y-44.953 Z465.825 F1000
G1 X-193.563 Y-44.953 Z482.492 F1000
G1 X-193.563 Y-44.953 Z499.159 F1000
G1 X-193.563 Y-44.953 Z515.825 F1000
G1 X-193.563 Y-44.953 Z532.492 F1000
G1 A81.672 F1000
G1 X-76.897 Y-11.62 Z549.159 F1000
G1 A15.0 F1000
G1 X-76.897 Y-11.62 Z565.825 F1000
G1 X-76.897 Y-11.62 Z582.492 F1000
G1 X-93.563 Y-11.62 Z599.159 F1000
G1 X-297.713 Y-36.974 F8000
M992
G3 X-274.335 Y-121.409 I297.713 J36.974 F8000
G1 Z215.825 F8000
M991
G1 A104.206 F1000
G1 X-176.897 Y-78.287 Z215.825 F1000
G1 X-193.563 Y-78.287 Z232.492 F1000
G1 X-193.563 Y-78.287 Z249.159 F1000
G1 A93.453 F1000
G1 X-193.563 Y-78.287 Z265.825 F1000
G1 X-193.563 Y-78.287 Z282.492 F1000
G1 A82.822 F1000
G1 X-193.563 Y-78.287 Z299.159 F1000
G1 X-193.563 Y-78.287 Z315.825 F1000
G1 A71.932 F1000
G1 X-193.563 Y-78.287 Z332.492 F1000
G1 X-193.563 Y-78.287 Z349.159 F1000
G1 A60.309 F1000
G1 X-193.563 Y-78.287 Z365.825 F1000
G1 X-193.563 Y-78.287 Z382.492 F1000
G1 A47.116 F1000
G1 X-193.563 Y-78.287 Z399.159 F1000
G1 X-193.563 Y-78.287 Z415.825 F1000
G1 A30.038 F1000
G1 X-193.563 Y-78.287 Z432.492 F1000
G1 A16.607 F1000
G1 X-193.563 Y-78.287 Z449.159 F1000
G1 X-193.563 Y-78.287 Z465.825 F1000
G1 X-193.563 Y-78.287 Z482.492 F1000
G1 X-193.563 Y-78.287 Z499.159 F1000
G1 X-193.563 Y-78.287 Z515.825 F1000
G1 X-193.563 Y-78.287 Z532.492 F1000
G1 A82.173 F1000
G1 X-60.23 Y-11.62 Z549.159 F1000
G1 X-60.23 Y-11.62 Z565.825 F1000
G1 X-60.23 Y-11.62 Z582.492 F1000
G1 X-60.23 Y-11.62 Z599.159 F1000
G1 A43.972 F1000
G1 X-43.563 Y-11.62 Z615.825 F1000
G1 A90 F1000
G1 X-43.563 Y-11.62 Z632.492 F1000
G1 X-289.865 Y-77.319 F8000
M992
G3 X-253.714 Y-160.091 I289.865 J77.319 F8000
G1 Z215.825 F8000
M991
G1 A104.206 F1000
G1 X-176.897 Y-111.62 Z215.825 F1000
G1 X-176.897 Y-111.62 Z232.492 F1000
G1 X-176.897 Y-111.62 Z249.159 F1000
G1 A93.453 F1000
G1 X-193.563 Y-111.62 Z265.825 F1000
G1 X-193.563 Y-111.62 Z282.492 F1000
G1 A82.822 F1000
G1 X-193.563 Y-111.62 Z299.159 F1000
G1 X-193.563 Y-111.62 Z315.825 F1000
G1 A71.932 F1000
G1 X-193.563 Y-111.62 Z332.492 F1000
G1 X-193.563 Y-111.62 Z349.159 F1000
G1 A60.309 F1000
G1 X-193.563 Y-111.62 Z365.825 F1000
G1 X-193.563 Y-111.62 Z382.492 F1000
G1 A47.116 F1000
G1 X-193.563 Y-111.62 Z399.159 F1000
G1 X-193.563 Y-111.62 Z415.825 F1000
G1 A30.038 F1000
G1 X-193.563 Y-111.62 Z432.492 F1000
G1 A16.607 F1000
G1 X-193.563 Y-111.62 Z449.159 F1000
G1 X-193.563 Y-111.62 Z465.825 F1000
G1 X-193.563 Y-111.62 Z482.492 F1000
G1 X-193.563 Y-111.62 Z499.159 F1000
G1 X-193.563 Y-111.62 Z515.825 F1000
G1 A37.775 F1000
G1 X-176.897 Y-111.62 Z532.492 F1000
G1 A82.603 F1000
G1 X-60.23 Y-28.287 Z549.159 F1000
G1 X-60.23 Y-28.287 Z565.825 F1000
G1 X-60.23 Y-28.287 Z582.492 F1000
G1 A50.176 F1000
G1 X-43.563 Y-11.62 Z599.159 F1000
G1 X-289.865 Y-77.319 F8000
M992
G3 X-221.48 Y-202.353 I289.865 J77.319 F8000
G1 Z215.825 F8000
M991
G1 A104.206 F1000
G1 X-176.897 Y-161.62 Z215.825 F1000
G1 X-176.897 Y-161.62 Z232.492 F1000
G1 X-176.897 Y-161.62 Z249.159 F1000
G1 A93.453 F1000
G1 X-176.897 Y-161.62 Z265.825 F1000
G1 X-176.897 Y-161.62 Z282.492 F1000
G1 A82.822 F1000
G1 X-176.897 Y-161.62 Z299.159 F1000
G1 X-193.563 Y-178.287 Z315.825 F1000
G1 A71.932 F1000
G1 X-193.563 Y-178.287 Z332.492 F1000
G1 X-193.563 Y-178.287 Z349.159 F1000
G1 A60.309 F1000
G1 X-193.563 Y-178.287 Z365.825 F1000
G1 X-193.563 Y-178.287 Z382.492 F1000
G1 A47.116 F1000
G1 X-193.563 Y-178.287 Z399.159 F1000
G1 X-193.563 Y-178.287 Z415.825 F1000
G1 A30.038 F1000
G1 X-193.563 Y-178.287 Z432.492 F1000
G1 A54.667 F1000
G1 X-176.897 Y-161.62 Z449.159 F1000
G1 A15.0 F1000
G1 X-176.897 Y-161.62 Z465.825 F1000
G1 X-176.897 Y-161.62 Z482.492 F1000
G1 X-176.897 Y-161.62 Z499.159 F1000
G1 X-176.897 Y-161.62 Z515.825 F1000
G1 X-176.897 Y-161.62 Z532.492 F1000
G1 A83.681 F1000
G1 X-60.23 Y-44.953 Z549.159 F1000
G1 A15.0 F1000
G1 X-60.23 Y-44.953 Z565.825 F1000
G1 A53.903 F1000
G1 X-43.563 Y-28.287 Z582.492 F1000
G1 A90 F1000
G1 X-43.563 Y-28.287 Z599.159 F1000
G1 X-43.563 Y-28.287 Z615.825 F1000
G1 X-43.563 Y-28.287 Z632.492 F1000
G1 X-251.61 Y-163.377 F8000
M992
G3 X-199.232 Y-224.291 I251.61 J163.377 F8000
G1 Z215.825 F8000
M991
G1 A104.206 F1000
G1 X-143.563 Y-161.62 Z215.825 F1000
G1 X-143.563 Y-161.62 Z232.492 F1000
G1 X-143.563 Y-161.62 Z249.159 F1000
G1 A93.453 F1000
G1 X-143.563 Y-161.62 Z265.825 F1000
G1 X-143.563 Y-161.62 Z282.492 F1000
G1 A82.822 F1000
G1 X-143.563 Y-178.287 Z299.159 F1000
G1 X-143.563 Y-178.287 Z315.825 F1000
G1 A71.932 F1000
G1 X-143.563 Y-178.287 Z332.492 F1000
G1 X-143.563 Y-178.287 Z349.159 F1000
G1 A60.309 F1000
G1 X-143.563 Y-178.287 Z365.825 F1000
G1 X-143.563 Y-178.287 Z382.492 F1000
G1 A47.116 F1000
G1 X-143.563 Y-178.287 Z399.159 F1000
G1 X-143.563 Y-178.287 Z415.825 F1000
G1 A30.038 F1000
G1 X-143.563 Y-178.287 Z432.492 F1000
G1 A16.607 F1000
G1 X-143.563 Y-178.287 Z449.159 F1000
G1 X-143.563 Y-178.287 Z465.825 F1000
G1 X-143.563 Y-178.287 Z482.492 F1000
G1 X-143.563 Y-178.287 Z499.159 F1000
G1 X-143.563 Y-178.287 Z515.825 F1000
G1 A33.418 F1000
G1 X-143.563 Y-161.62 Z532.492 F1000
G1 A82.484 F1000
G1 X-60.23 Y-61.62 Z549.159 F1000
G1 A15.0 F1000
G1 X-60.23 Y-61.62 Z565.825 F1000
G1 A71.263 F1000
G1 X-26.897 Y-11.62 Z582.492 F1000
G1 A90 F1000
G1 X-26.897 Y-11.62 Z599.159 F1000
G1 X-26.897 Y-11.62 Z615.825 F1000
G1 X-26.897 Y-11.62 Z632.492 F1000
G1 X-275.398 Y-118.98 F8000
M992
G3 X-169.037 Y-247.844 I275.398 J118.98 F8000
G1 Z215.825 F8000
M991
G1 A104.206 F1000
G1 X-110.23 Y-161.62 Z215.825 F1000
G1 X-110.23 Y-161.62 Z232.492 F1000
G1 X-110.23 Y-161.62 Z249.159 F1000
G1 A93.453 F1000
G1 X-110.23 Y-161.62 Z265.825 F1000
G1 X-110.23 Y-161.62 Z282.492 F1000
G1 A82.822 F1000
G1 X-110.23 Y-178.287 Z299.159 F1000
G1 X-110.23 Y-178.287 Z315.825 F1000
G1 A71.932 F1000
G1 X-110.23 Y-178.287 Z332.492 F1000
G1 X-110.23 Y-178.287 Z349.159 F1000
G1 A60.309 F1000
G1 X-110.23 Y-178.287 Z365.825 F1000
G1 X-110.23 Y-178.287 Z382.492 F1000
G1 A47.116 F1000
G1 X-110.23 Y-178.287 Z399.159 F1000
G1 X-110.23 Y-178.287 Z415.825 F1000
G1 A30.038 F1000
G1 X-110.23 Y-178.287 Z432.492 F1000
G1 A16.607 F1000
G1 X-110.23 Y-178.287 Z449.159 F1000
G1 X-110.23 Y-178.287 Z465.825 F1000
G1 X-110.23 Y-178.287 Z482.492 F1000
G1 X-110.23 Y-178.287 Z499.159 F1000
G1 X-110.23 Y-178.287 Z515.825 F1000
G1 X-110.23 Y-178.287 Z532.492 F1000
G1 A81.8 F1000
G1 X-43.563 Y-44.953 Z549.159 F1000
G1 A90 F1000
G1 X-43.563 Y-44.953 Z565.825 F1000
G1 X-43.563 Y-44.953 Z582.492 F1000
G1 X-208.775 Y-215.437 F8000
M992
G3 X-128.891 Y-270.901 I208.775 J215.437 F8000
G1 Z215.825 F8000
M991
G1 A104.206 F1000
G1 X-76.897 Y-161.62 Z215.825 F1000
G1 X-76.897 Y-161.62 Z232.492 F1000
G1 X-76.897 Y-161.62 Z249.159 F1000
G1 A93.453 F1000
G1 X-76.897 Y-161.62 Z265.825 F1000
G1 X-76.897 Y-161.62 Z282.492 F1000
G1 A82.822 F1000
G1 X-76.897 Y-178.287 Z299.159 F1000
G1 X-76.897 Y-178.287 Z315.825 F1000
G1 A71.932 F1000
G1 X-76.897 Y-178.287 Z332.492 F1000
G1 X-76.897 Y-178.287 Z349.159 F1000
G1 A60.309 F1000
G1 X-76.897 Y-178.287 Z365.825 F1000
G1 X-76.897 Y-178.287 Z382.492 F1000
G1 A47.116 F1000
G1 X-76.897 Y-178.287 Z399.159 F1000
G1 X-76.897 Y-178.287 Z415.825 F1000
G1 A30.038 F1000
G1 X-76.897 Y-178.287 Z432.492 F1000
G1 A16.607 F1000
G1 X-76.897 Y-178.287 Z449.159 F1000
G1 X-76.897 Y-178.287 Z465.825 F1000
G1 X-76.897 Y-178.287 Z482.492 F1000
G1 X-76.897 Y-178.287 Z499.159 F1000
G1 X-76.897 Y-178.287 Z515.825 F1000
G1 X-76.897 Y-178.287 Z532.492 F1000
G1 A82.773 F1000
G1 X-26.897 Y-44.953 Z549.159 F1000
G1 X-26.897 Y-44.953 Z565.825 F1000
G1 X-43.563 Y-61.62 Z582.492 F1000
G1 A53.584 F1000
G1 X-26.897 Y-44.953 Z599.159 F1000
G1 A37.358 F1000
G1 X-26.897 Y-28.287 Z615.825 F1000
G1 A90 F1000
G1 X-26.897 Y-28.287 Z632.492 F1000
G1 X-206.722 Y-217.407 F8000
M992
G3 X-78.076 Y-289.662 I206.722 J217.407 F8000
G1 Z215.825 F8000
M991
G1 A104.206 F1000
G1 X-43.563 Y-161.62 Z215.825 F1000
G1 X-43.563 Y-161.62 Z232.492 F1000
G1 X-43.563 Y-161.62 Z249.159 F1000
G1 A93.453 F1000
G1 X-43.563 Y-161.62 Z265.825 F1000
G1 X-43.563 Y-161.62 Z282.492 F1000
G1 A82.822 F1000
G1 X-43.563 Y-178.287 Z299.159 F1000
G1 X-43.563 Y-178.287 Z315.825 F1000
G1 A71.932 F1000
G1 X-43.563 Y-178.287 Z332.492 F1000
G1 X-43.563 Y-178.287 Z349.159 F1000
G1 A60.309 F1000
G1 X-43.563 Y-178.287 Z365.825 F1000
G1 X-43.563 Y-178.287 Z382.492 F1000
G1 A47.116 F1000
G1 X-43.563 Y-178.287 Z399.159 F1000
G1 X-43.563 Y-178.287 Z415.825 F1000
G1 A30.038 F1000
G1 X-43.563 Y-178.287 Z432.492 F1000
G1 A16.607 F1000
G1 X-43.563 Y-178.287 Z449.159 F1000
G1 X-43.563 Y-178.287 Z465.825 F1000
G1 X-43.563 Y-178.287 Z482.492 F1000
G1 X-43.563 Y-178.287 Z499.159 F1000
G1 X-43.563 Y-178.287 Z515.825 F1000
G1 X-43.563 Y-178.287 Z532.492 F1000
G1 A80.204 F1000
G1 X-26.897 Y-61.62 Z549.159 F1000
G1 A90 F1000
G1 X-26.897 Y-61.62 Z565.825 F1000
G1 X-26.897 Y-61.62 Z582.492 F1000
G1 A55.059 F1000
G1 X-26.897 Y-28.287 Z599.159 F1000
G1 X-206.722 Y-217.407 F8000
M992
G3 X-18.951 Y-299.401 I206.722 J217.407 F8000
G1 Z299.159 F8000
M991
G1 A77.435 F1000
G1 X-10.23 Y-161.62 Z299.159 F1000
G1 X-10.23 Y-161.62 Z315.825 F1000
G1 X-10.23 Y-161.62 Z332.492 F1000
G1 A66.251 F1000
G1 X-10.23 Y-161.62 Z349.159 F1000
G1 X-10.23 Y-161.62 Z365.825 F1000
G1 A53.991 F1000
G1 X-10.23 Y-161.62 Z382.492 F1000
G1 X-10.23 Y-161.62 Z399.159 F1000
G1 A39.367 F1000
G1 X-10.23 Y-161.62 Z415.825 F1000
G1 A30.038 F1000
G1 X-10.23 Y-161.62 Z432.492 F1000
G1 A16.607 F1000
G1 X-10.23 Y-161.62 Z449.159 F1000
G1 X-10.23 Y-161.62 Z465.825 F1000
G1 X-10.23 Y-161.62 Z482.492 F1000
G1 X-10.23 Y-161.62 Z499.159 F1000
G1 X-10.23 Y-161.62 Z515.825 F1000
G1 X-10.23 Y-161.62 Z532.492 F1000
G1 X-18.951 Y-299.401 F8000
M992
G3 X11.939 Y-299.762 I18.951 J299.401 F8000
G1 Z299.159 F8000
M991
G1 A77.435 F1000
G1 X6.437 Y-161.62 Z299.159 F1000
G1 X6.437 Y-161.62 Z315.825 F1000
G1 X6.437 Y-161.62 Z332.492 F1000
G1 A66.251 F1000
G1 X6.437 Y-161.62 Z349.159 F1000
G1 X6.437 Y-161.62 Z365.825 F1000
G1 A53.991 F1000
G1 X6.437 Y-161.62 Z382.492 F1000
G1 X6.437 Y-161.62 Z399.159 F1000
G1 A39.367 F1000
G1 X6.437 Y-161.62 Z415.825 F1000
G1 A30.038 F1000
G1 X6.437 Y-161.62 Z432.492 F1000
G1 A16.607 F1000
G1 X6.437 Y-161.62 Z449.159 F1000
G1 X6.437 Y-161.62 Z465.825 F1000
G1 X6.437 Y-161.62 Z482.492 F1000
G1 X6.437 Y-161.62 Z499.159 F1000
G1 X6.437 Y-161.62 Z515.825 F1000
G1 X6.437 Y-161.62 Z532.492 F1000
G1 X11.939 Y-299.762 F8000
M992
G3 X71.683 Y-291.31 I-11.939 J299.762 F8000
G1 Z332.492 F8000
M991
G1 A66.251 F1000
G1 X39.77 Y-161.62 Z332.492 F1000
G1 X39.77 Y-161.62 Z349.159 F1000
G1 X39.77 Y-161.62 Z365.825 F1000
G1 A53.991 F1000
G1 X39.77 Y-161.62 Z382.492 F1000
G1 X39.77 Y-161.62 Z399.159 F1000
G1 A39.367 F1000
G1 X39.77 Y-161.62 Z415.825 F1000
G1 A30.038 F1000
G1 X39.77 Y-161.62 Z432.492 F1000
G1 A16.607 F1000
G1 X39.77 Y-161.62 Z449.159 F1000
G1 X39.77 Y-161.62 Z465.825 F1000
G1 X39.77 Y-161.62 Z482.492 F1000
G1 X39.77 Y-161.62 Z499.159 F1000
G1 X71.683 Y-291.31 F8000
M992
G3 X268.01 Y-134.798 I-71.683 J291.31 F8000
G1 Z549.159 F8000
M991
G1 A53.942 F1000
G1 X23.103 Y-11.62 Z549.159 F1000
G1 X2.427 Y-1.763 Z565.825 F1000
G1 X242.705 Y-176.336 F8000
M992
G3 X268.281 Y-134.258 I-242.705 J176.336 F8000
G1 Z415.825 F8000
M991
G1 A30.038 F1000
G1 X156.437 Y-78.287 Z415.825 F1000
G1 X156.437 Y-78.287 Z432.492 F1000
G1 A55.841 F1000
G1 X2.673 Y-1.362 Z549.159 F1000
G1 X267.302 Y-136.197 F8000
M992
G3 X288.332 Y-82.854 I-267.302 J136.197 F8000
G1 Z399.159 F8000
M991
G1 A39.367 F1000
G1 X156.437 Y-44.953 Z399.159 F1000
G1 X156.437 Y-44.953 Z415.825 F1000
G1 A30.038 F1000
G1 X156.437 Y-44.953 Z432.492 F1000
G1 A16.607 F1000
G1 X156.437 Y-44.953 Z449.159 F1000
G1 X156.437 Y-44.953 Z465.825 F1000
G1 X156.437 Y-44.953 Z482.492 F1000
G1 X288.332 Y-82.854 F8000
M992
G3 X299.176 Y-22.223 I-288.332 J82.854 F8000
G1 Z399.159 F8000
M991
G1 A39.367 F1000
G1 X156.437 Y-11.62 Z399.159 F1000
G1 X156.437 Y-11.62 Z415.825 F1000
G1 A30.038 F1000
G1 X156.437 Y-11.62 Z432.492 F1000
G1 A16.607 F1000
G1 X156.437 Y-11.62 Z449.159 F1000
G1 X156.437 Y-11.62 Z465.825 F1000
G1 X156.437 Y-11.62 Z482.492 F1000
G1 X156.437 Y-11.62 Z499.159 F1000
G1 X156.437 Y-11.62 Z515.825 F1000
G1 X299.176 Y-22.223 F8000
M992
G3 X299.844 Y9.673 I-299.176 J22.223 F8000
G1 Z382.492 F8000
M991
G1 A47.116 F1000
G1 X156.437 Y5.047 Z382.492 F1000
G1 X156.437 Y5.047 Z399.159 F1000
G1 X156.437 Y5.047 Z415.825 F1000
G1 A30.038 F1000
G1 X156.437 Y5.047 Z432.492 F1000
G1 A16.607 F1000
G1 X156.437 Y5.047 Z449.159 F1000
G1 X156.437 Y5.047 Z465.825 F1000
G1 X156.437 Y5.047 Z482.492 F1000
G1 X156.437 Y5.047 Z499.159 F1000
G1 X156.437 Y5.047 Z515.825 F1000
G1 X156.437 Y5.047 Z532.492 F1000
G1 X299.844 Y9.673 F8000
M992
G3 X291.36 Y71.482 I-299.844 J-9.673 F8000
G1 Z365.825 F8000
M991
G1 A53.991 F1000
G1 X156.437 Y38.38 Z365.825 F1000
G1 X156.437 Y38.38 Z382.492 F1000
G1 X156.437 Y38.38 Z399.159 F1000
G1 A39.367 F1000
G1 X156.437 Y38.38 Z415.825 F1000
G1 A30.038 F1000
G1 X156.437 Y38.38 Z432.492 F1000
G1 A16.607 F1000
G1 X156.437 Y38.38 Z449.159 F1000
G1 X156.437 Y38.38 Z465.825 F1000
G1 X156.437 Y38.38 Z482.492 F1000
G1 X156.437 Y38.38 Z499.159 F1000
G1 X156.437 Y38.38 Z515.825 F1000
G1 X156.437 Y38.38 Z532.492 F1000
G1 A80.299 F1000
G1 X23.103 Y21.713 Z549.159 F1000
G1 X218.607 Y205.453 F8000
M992
G3 X67.691 Y292.264 I-218.607 J-205.453 F8000
G1 Z315.825 F8000
M991
G1 A71.932 F1000
G1 X39.77 Y171.713 Z315.825 F1000
G1 X39.77 Y171.713 Z332.492 F1000
G1 X39.77 Y171.713 Z349.159 F1000
G1 A60.309 F1000
G1 X39.77 Y171.713 Z365.825 F1000
G1 X39.77 Y171.713 Z382.492 F1000
G1 A47.116 F1000
G1 X39.77 Y171.713 Z399.159 F1000
G1 X39.77 Y171.713 Z415.825 F1000
G1 A30.038 F1000
G1 X39.77 Y171.713 Z432.492 F1000
G1 A16.607 F1000
G1 X39.77 Y171.713 Z449.159 F1000
G1 X39.77 Y171.713 Z465.825 F1000
G1 X39.77 Y171.713 Z482.492 F1000
G1 X39.77 Y171.713 Z499.159 F1000
G1 X39.77 Y171.713 Z515.825 F1000
G1 X39.77 Y171.713 Z532.492 F1000
G1 A79.96 F1000
G1 X-10.23 Y38.38 Z549.159 F1000
G1 A90 F1000
G1 X-10.23 Y38.38 Z565.825 F1000
G1 X-77.265 Y289.879 F8000
M992
G3 X11.238 Y299.789 I77.265 J-289.879 F8000
G1 Z282.492 F8000
M991
G1 A82.822 F1000
G1 X6.437 Y171.713 Z282.492 F1000
G1 X6.437 Y171.713 Z299.159 F1000
G1 X6.437 Y171.713 Z315.825 F1000
G1 A71.932 F1000
G1 X6.437 Y171.713 Z332.492 F1000
G1 X6.437 Y171.713 Z349.159 F1000
G1 A60.309 F1000
G1 X6.437 Y171.713 Z365.825 F1000
G1 X6.437 Y171.713 Z382.492 F1000
G1 A47.116 F1000
G1 X6.437 Y171.713 Z399.159 F1000
G1 X6.437 Y171.713 Z415.825 F1000
G1 A30.038 F1000
G1 X6.437 Y171.713 Z432.492 F1000
G1 A16.607 F1000
G1 X6.437 Y171.713 Z449.159 F1000
G1 X6.437 Y171.713 Z465.825 F1000
G1 X6.437 Y171.713 Z482.492 F1000
G1 X6.437 Y171.713 Z499.159 F1000
G1 X6.437 Y171.713 Z515.825 F1000
G1 X6.437 Y171.713 Z532.492 F1000
G1 X11.238 Y299.789 F8000
M992
G3 X-17.841 Y299.469 I-11.238 J-299.789 F8000
G1 Z282.492 F8000
M991
G1 A82.822 F1000
G1 X-10.23 Y171.713 Z282.492 F1000
G1 X-10.23 Y171.713 Z299.159 F1000
G1 X-10.23 Y171.713 Z315.825 F1000
G1 A71.932 F1000
G1 X-10.23 Y171.713 Z332.492 F1000
G1 X-10.23 Y171.713 Z349.159 F1000
G1 A60.309 F1000
G1 X-10.23 Y171.713 Z365.825 F1000
G1 X-10.23 Y171.713 Z382.492 F1000
G1 A47.116 F1000
G1 X-10.23 Y171.713 Z399.159 F1000
G1 X-10.23 Y171.713 Z415.825 F1000
G1 A30.038 F1000
G1 X-10.23 Y171.713 Z432.492 F1000
G1 A16.607 F1000
G1 X-10.23 Y171.713 Z449.159 F1000
G1 X-10.23 Y171.713 Z465.825 F1000
G1 X-10.23 Y171.713 Z482.492 F1000
G1 X-10.23 Y171.713 Z499.159 F1000
G1 X-10.23 Y171.713 Z515.825 F1000
G1 X-10.23 Y171.713 Z532.492 F1000
G1 X-17.841 Y299.469 F8000
M992
G3 X-73.772 Y290.788 I17.841 J-299.469 F8000
G1 Z299.159 F8000
M991
G1 A77.435 F1000
G1 X-43.563 Y171.713 Z299.159 F1000
G1 X-43.563 Y171.713 Z315.825 F1000
G1 X-43.563 Y171.713 Z332.492 F1000
G1 A66.251 F1000
G1 X-43.563 Y171.713 Z349.159 F1000
G1 X-43.563 Y171.713 Z365.825 F1000
G1 A53.991 F1000
G1 X-43.563 Y171.713 Z382.492 F1000
G1 X-43.563 Y171.713 Z399.159 F1000
G1 A39.367 F1000
G1 X-43.563 Y171.713 Z415.825 F1000
G1 A30.038 F1000
G1 X-43.563 Y171.713 Z432.492 F1000
G1 A16.607 F1000
G1 X-43.563 Y171.713 Z449.159 F1000
G1 X-43.563 Y171.713 Z465.825 F1000
G1 X-43.563 Y171.713 Z482.492 F1000
G1 X-43.563 Y171.713 Z499.159 F1000
G1 X-43.563 Y171.713 Z515.825 F1000
G1 X-43.563 Y171.713 Z532.492 F1000
G1 A79.985 F1000
G1 X-26.897 Y38.38 Z549.159 F1000
G1 X-172.17 Y245.678 F8000
M992
G3 X-257.947 Y153.177 I172.17 J-245.678 F8000
G1 Z432.492 F8000
M991
G1 A16.607 F1000
G1 X-176.897 Y105.047 Z432.492 F1000
G1 X-176.897 Y105.047 Z449.159 F1000
G1 X-176.897 Y105.047 Z465.825 F1000
G1 X-257.947 Y153.177 F8000
M992
G3 X-278.023 Y112.709 I257.947 J-153.177 F8000
G1 Z249.159 F8000
M991
G1 A93.453 F1000
G1 X-176.897 Y71.713 Z249.159 F1000
G1 X-176.897 Y71.713 Z265.825 F1000
G1 X-176.897 Y71.713 Z282.492 F1000
G1 A82.822 F1000
G1 X-176.897 Y71.713 Z299.159 F1000
G1 X-176.897 Y71.713 Z315.825 F1000
G1 A71.932 F1000
G1 X-176.897 Y71.713 Z332.492 F1000
G1 X-176.897 Y71.713 Z349.159 F1000
G1 A60.309 F1000
G1 X-176.897 Y71.713 Z365.825 F1000
G1 X-176.897 Y71.713 Z382.492 F1000
G1 A47.116 F1000
G1 X-176.897 Y71.713 Z399.159 F1000
G1 X-176.897 Y71.713 Z415.825 F1000
G1 A30.038 F1000
G1 X-176.897 Y71.713 Z432.492 F1000
G1 A16.607 F1000
G1 X-176.897 Y71.713 Z449.159 F1000
G1 X-176.897 Y71.713 Z465.825 F1000
G1 X-176.897 Y71.713 Z482.492 F1000
G1 X-176.897 Y71.713 Z499.159 F1000
G1 X-176.897 Y71.713 Z515.825 F1000
G1 A75.243 F1000
G1 X-60.23 Y21.713 Z549.159 F1000
G1 A90 F1000
G1 X-60.23 Y21.713 Z565.825 F1000
G1 X-60.23 Y21.713 Z582.492 F1000
G1 A41.698 F1000
G1 X-43.563 Y21.713 Z599.159 F1000
G1 X-268.496 Y133.827 F8000
M992
G3 X-293.179 Y63.609 I268.496 J-133.827 F8000
G1 Z232.492 F8000
M991
G1 A98.791 F1000
G1 X-176.897 Y38.38 Z232.492 F1000
G1 X-176.897 Y38.38 Z249.159 F1000
G1 X-176.897 Y38.38 Z265.825 F1000
G1 A88.145 F1000
G1 X-176.897 Y38.38 Z282.492 F1000
G1 X-176.897 Y38.38 Z299.159 F1000
G1 A77.435 F1000
G1 X-176.897 Y38.38 Z315.825 F1000
G1 X-176.897 Y38.38 Z332.492 F1000
G1 A66.251 F1000
G1 X-176.897 Y38.38 Z349.159 F1000
G1 X-176.897 Y38.38 Z365.825 F1000
G1 A53.991 F1000
G1 X-176.897 Y38.38 Z382.492 F1000
G1 X-176.897 Y38.38 Z399.159 F1000
G1 A39.367 F1000
G1 X-176.897 Y38.38 Z415.825 F1000
G1 A30.038 F1000
G1 X-176.897 Y38.38 Z432.492 F1000
G1 A16.607 F1000
G1 X-176.897 Y38.38 Z449.159 F1000
G1 X-176.897 Y38.38 Z465.825 F1000
G1 X-176.897 Y38.38 Z482.492 F1000
G1 X-176.897 Y38.38 Z499.159 F1000
G1 X-176.897 Y38.38 Z515.825 F1000
G1 X-176.897 Y38.38 Z532.492 F1000
G1 A81.28 F1000
G1 X-43.563 Y21.713 Z549.159 F1000
G1 A90 F1000
G1 X-43.563 Y21.713 Z565.825 F1000
G1 X-43.563 Y21.713 Z582.492 F1000
G1 X-76.897 Y21.713 Z599.159 F1000
G1 X-288.711 Y81.523 F8000
M992
G3 X-299.878 Y8.555 I288.711 J-81.523 F8000
G1 Z215.825 F8000
M991
G1 A104.206 F1000
G1 X-176.897 Y5.047 Z215.825 F1000
G1 X-176.897 Y5.047 Z232.492 F1000
G1 X-176.897 Y5.047 Z249.159 F1000
G1 A93.453 F1000
G1 X-176.897 Y5.047 Z265.825 F1000
G1 X-176.897 Y5.047 Z282.492 F1000
G1 A82.822 F1000
G1 X-176.897 Y5.047 Z299.159 F1000
G1 X-176.897 Y5.047 Z315.825 F1000
G1 A71.932 F1000
G1 X-176.897 Y5.047 Z332.492 F1000
G1 X-176.897 Y5.047 Z349.159 F1000
G1 A60.309 F1000
G1 X-176.897 Y5.047 Z365.825 F1000
G1 X-176.897 Y5.047 Z382.492 F1000
G1 A47.116 F1000
G1 X-176.897 Y5.047 Z399.159 F1000
G1 X-176.897 Y5.047 Z415.825 F1000
G1 A30.038 F1000
G1 X-176.897 Y5.047 Z432.492 F1000
G1 A16.607 F1000
G1 X-176.897 Y5.047 Z449.159 F1000
G1 X-176.897 Y5.047 Z465.825 F1000
G1 X-176.897 Y5.047 Z482.492 F1000
G1 X-176.897 Y5.047 Z499.159 F1000
G1 X-176.897 Y5.047 Z515.825 F1000
G1 X-176.897 Y5.047 Z532.492 F1000
G1 A82.691 F1000
G1 X-43.563 Y5.047 Z549.159 F1000
G1 X-43.563 Y5.047 Z565.825 F1000
G1 X-43.563 Y5.047 Z582.492 F1000
G1 A44.621 F1000
G1 X-26.897 Y5.047 Z599.159 F1000
G1 X-294.855 Y55.323 F8000
M992
G3 X-299.355 Y-19.664 I294.855 J-55.323 F8000
G1 Z215.825 F8000
M991
G1 A104.206 F1000
G1 X-176.897 Y-11.62 Z215.825 F1000
G1 X-176.897 Y-11.62 Z232.492 F1000
G1 X-176.897 Y-11.62 Z249.159 F1000
G1 A93.453 F1000
G1 X-176.897 Y-11.62 Z265.825 F1000
G1 X-176.897 Y-11.62 Z282.492 F1000
G1 A82.822 F1000
G1 X-176.897 Y-11.62 Z299.159 F1000
G1 X-176.897 Y-11.62 Z315.825 F1000
G1 A71.932 F1000
G1 X-176.897 Y-11.62 Z332.492 F1000
G1 X-176.897 Y-11.62 Z349.159 F1000
G1 A60.309 F1000
G1 X-176.897 Y-11.62 Z365.825 F1000
G1 X-176.897 Y-11.62 Z382.492 F1000
G1 A47.116 F1000
G1 X-176.897 Y-11.62 Z399.159 F1000
G1 X-176.897 Y-11.62 Z415.825 F1000
G1 A30.038 F1000
G1 X-176.897 Y-11.62 Z432.492 F1000
G1 A16.607 F1000
G1 X-176.897 Y-11.62 Z449.159 F1000
G1 X-176.897 Y-11.62 Z465.825 F1000
G1 X-176.897 Y-11.62 Z482.492 F1000
G1 X-176.897 Y-11.62 Z499.159 F1000
G1 X-176.897 Y-11.62 Z515.825 F1000
G1 X-176.897 Y-11.62 Z532.492 F1000
G1 A83.192 F1000
G1 X-26.897 Y5.047 Z549.159 F1000
G1 X-26.897 Y5.047 Z565.825 F1000
G1 X-26.897 Y5.047 Z582.492 F1000
G1 X-294.855 Y55.323 F8000
M992
G3 X-290.759 Y-73.888 I294.855 J-55.323 F8000
G1 Z215.825 F8000
M991
G1 A104.206 F1000
G1 X-176.897 Y-44.953 Z215.825 F1000
G1 X-176.897 Y-44.953 Z232.492 F1000
G1 X-176.897 Y-44.953 Z249.159 F1000
G1 A93.453 F1000
G1 X-176.897 Y-44.953 Z265.825 F1000
G1 X-176.897 Y-44.953 Z282.492 F1000
G1 A82.822 F1000
G1 X-176.897 Y-44.953 Z299.159 F1000
G1 X-176.897 Y-44.953 Z315.825 F1000
G1 A71.932 F1000
G1 X-176.897 Y-44.953 Z332.492 F1000
G1 X-176.897 Y-44.953 Z349.159 F1000
G1 A60.309 F1000
G1 X-176.897 Y-44.953 Z365.825 F1000
G1 X-176.897 Y-44.953 Z382.492 F1000
G1 A47.116 F1000
G1 X-176.897 Y-44.953 Z399.159 F1000
G1 X-176.897 Y-44.953 Z415.825 F1000
G1 A30.038 F1000
G1 X-176.897 Y-44.953 Z432.492 F1000
G1 A16.607 F1000
G1 X-176.897 Y-44.953 Z449.159 F1000
G1 X-176.897 Y-44.953 Z465.825 F1000
G1 X-176.897 Y-44.953 Z482.492 F1000
G1 X-176.897 Y-44.953 Z499.159 F1000
G1 X-176.897 Y-44.953 Z515.825 F1000
G1 X-176.897 Y-44.953 Z532.492 F1000
G1 A57.449 F1000
G1 X-76.897 Y-11.62 Z599.159 F1000
G1 X-296.632 Y-44.825 F8000
M992
G3 X-274.335 Y-121.409 I296.632 J44.825 F8000
G1 Z232.492 F8000
M991
G1 A98.791 F1000
G1 X-176.897 Y-78.287 Z232.492 F1000
G1 X-176.897 Y-78.287 Z249.159 F1000
G1 X-176.897 Y-78.287 Z265.825 F1000
G1 A88.145 F1000
G1 X-176.897 Y-78.287 Z282.492 F1000
G1 X-176.897 Y-78.287 Z299.159 F1000
G1 A77.435 F1000
G1 X-176.897 Y-78.287 Z315.825 F1000
G1 X-176.897 Y-78.287 Z332.492 F1000
G1 A66.251 F1000
G1 X-176.897 Y-78.287 Z349.159 F1000
G1 X-176.897 Y-78.287 Z365.825 F1000
G1 A53.991 F1000
G1 X-176.897 Y-78.287 Z382.492 F1000
G1 X-176.897 Y-78.287 Z399.159 F1000
G1 A39.367 F1000
G1 X-176.897 Y-78.287 Z415.825 F1000
G1 A30.038 F1000
G1 X-176.897 Y-78.287 Z432.492 F1000
G1 A16.607 F1000
G1 X-176.897 Y-78.287 Z449.159 F1000
G1 X-176.897 Y-78.287 Z465.825 F1000
G1 X-176.897 Y-78.287 Z482.492 F1000
G1 X-176.897 Y-78.287 Z499.159 F1000
G1 X-176.897 Y-78.287 Z515.825 F1000
G1 X-176.897 Y-78.287 Z532.492 F1000
G1 A83.078 F1000
G1 X-43.563 Y-11.62 Z549.159 F1000
G1 X-43.563 Y-11.62 Z565.825 F1000
G1 X-43.563 Y-11.62 Z582.492 F1000
G1 X-289.865 Y-77.319 F8000
M992
G3 X-253.714 Y-160.091 I289.865 J77.319 F8000
G1 Z265.825 F8000
M991
G1 A88.145 F1000
G1 X-176.897 Y-111.62 Z265.825 F1000
G1 X-176.897 Y-111.62 Z282.492 F1000
G1 X-176.897 Y-111.62 Z299.159 F1000
G1 A77.435 F1000
G1 X-176.897 Y-111.62 Z315.825 F1000
G1 X-176.897 Y-111.62 Z332.492 F1000
G1 A66.251 F1000
G1 X-176.897 Y-111.62 Z349.159 F1000
G1 X-176.897 Y-111.62 Z365.825 F1000
G1 A53.991 F1000
G1 X-176.897 Y-111.62 Z382.492 F1000
G1 X-176.897 Y-111.62 Z399.159 F1000
G1 A39.367 F1000
G1 X-176.897 Y-111.62 Z415.825 F1000
G1 A30.038 F1000
G1 X-176.897 Y-111.62 Z432.492 F1000
G1 A16.607 F1000
G1 X-176.897 Y-111.62 Z449.159 F1000
G1 X-176.897 Y-111.62 Z465.825 F1000
G1 X-176.897 Y-111.62 Z482.492 F1000
G1 X-176.897 Y-111.62 Z499.159 F1000
G1 X-176.897 Y-111.62 Z515.825 F1000
G1 X-253.714 Y-160.091 F8000
M992
G3 X-221.48 Y-202.353 I253.714 J160.091 F8000
G1 Z315.825 F8000
M991
G1 A71.932 F1000
G1 X-176.897 Y-161.62 Z315.825 F1000
G1 X-176.897 Y-161.62 Z332.492 F1000
G1 X-176.897 Y-161.62 Z349.159 F1000
G1 A60.309 F1000
G1 X-176.897 Y-161.62 Z365.825 F1000
G1 X-176.897 Y-161.62 Z382.492 F1000
G1 A47.116 F1000
G1 X-176.897 Y-161.62 Z399.159 F1000
G1 X-176.897 Y-161.62 Z415.825 F1000
G1 A30.038 F1000
G1 X-176.897 Y-161.62 Z432.492 F1000
G1 A58.16 F1000
G1 X-43.563 Y-28.287 Z549.159 F1000
G1 A90 F1000
G1 X-43.563 Y-28.287 Z565.825 F1000
G1 X-251.61 Y-163.377 F8000
M992
G3 X-199.232 Y-224.291 I251.61 J163.377 F8000
G1 Z299.159 F8000
M991
G1 A77.435 F1000
G1 X-143.563 Y-161.62 Z299.159 F1000
G1 X-143.563 Y-161.62 Z315.825 F1000
G1 X-143.563 Y-161.62 Z332.492 F1000
G1 A66.251 F1000
G1 X-143.563 Y-161.62 Z349.159 F1000
G1 X-143.563 Y-161.62 Z365.825 F1000
G1 A53.991 F1000
G1 X-143.563 Y-161.62 Z382.492 F1000
G1 X-143.563 Y-161.62 Z399.159 F1000
G1 A39.367 F1000
G1 X-143.563 Y-161.62 Z415.825 F1000
G1 A30.038 F1000
G1 X-143.563 Y-161.62 Z432.492 F1000
G1 A16.607 F1000
G1 X-143.563 Y-161.62 Z449.159 F1000
G1 X-143.563 Y-161.62 Z465.825 F1000
G1 X-143.563 Y-161.62 Z482.492 F1000
G1 X-143.563 Y-161.62 Z499.159 F1000
G1 X-143.563 Y-161.62 Z515.825 F1000
G1 A79.378 F1000
G1 X-26.897 Y-11.62 Z549.159 F1000
G1 A90 F1000
G1 X-26.897 Y-11.62 Z565.825 F1000
G1 X-275.398 Y-118.98 F8000
M992
G3 X-169.037 Y-247.844 I275.398 J118.98 F8000
G1 Z299.159 F8000
M991
G1 A77.435 F1000
G1 X-110.23 Y-161.62 Z299.159 F1000
G1 X-110.23 Y-161.62 Z315.825 F1000
G1 X-110.23 Y-161.62 Z332.492 F1000
G1 A66.251 F1000
G1 X-110.23 Y-161.62 Z349.159 F1000
G1 X-110.23 Y-161.62 Z365.825 F1000
G1 A53.991 F1000
G1 X-110.23 Y-161.62 Z382.492 F1000
G1 X-110.23 Y-161.62 Z399.159 F1000
G1 A39.367 F1000
G1 X-110.23 Y-161.62 Z415.825 F1000
G1 A30.038 F1000
G1 X-110.23 Y-161.62 Z432.492 F1000
G1 A16.607 F1000
G1 X-110.23 Y-161.62 Z449.159 F1000
G1 X-110.23 Y-161.62 Z465.825 F1000
G1 X-110.23 Y-161.62 Z482.492 F1000
G1 X-110.23 Y-161.62 Z499.159 F1000
G1 X-110.23 Y-161.62 Z515.825 F1000
G1 X-110.23 Y-161.62 Z532.492 F1000
G1 X-169.037 Y-247.844 F8000
M992
G3 X-128.891 Y-270.901 I169.037 J247.844 F8000
G1 Z299.159 F8000
M991
G1 A77.435 F1000
G1 X-76.897 Y-161.62 Z299.159 F1000
G1 X-76.897 Y-161.62 Z315.825 F1000
G1 X-76.897 Y-161.62 Z332.492 F1000
G1 A66.251 F1000
G1 X-76.897 Y-161.62 Z349.159 F1000
G1 X-76.897 Y-161.62 Z365.825 F1000
G1 A53.991 F1000
G1 X-76.897 Y-161.62 Z382.492 F1000
G1 X-76.897 Y-161.62 Z399.159 F1000
G1 A39.367 F1000
G1 X-76.897 Y-161.62 Z415.825 F1000
G1 A30.038 F1000
G1 X-76.897 Y-161.62 Z432.492 F1000
G1 A16.607 F1000
G1 X-76.897 Y-161.62 Z449.159 F1000
G1 X-76.897 Y-161.62 Z465.825 F1000
G1 X-76.897 Y-161.62 Z482.492 F1000
G1 X-76.897 Y-161.62 Z499.159 F1000
G1 X-76.897 Y-161.62 Z515.825 F1000
G1 X-76.897 Y-161.62 Z532.492 F1000
G1 A81.732 F1000
G1 X-26.897 Y-28.287 Z549.159 F1000
G1 A90 F1000
G1 X-26.897 Y-28.287 Z565.825 F1000
G1 X-26.897 Y-44.953 Z582.492 F1000
G1 X-154.031 Y-257.438 F8000
M992
G3 X-78.076 Y-289.662 I154.031 J257.438 F8000
G1 Z299.159 F8000
M991
G1 A77.435 F1000
G1 X-43.563 Y-161.62 Z299.159 F1000
G1 X-43.563 Y-161.62 Z315.825 F1000
G1 X-43.563 Y-161.62 Z332.492 F1000
G1 A66.251 F1000
G1 X-43.563 Y-161.62 Z349.159 F1000
G1 X-43.563 Y-161.62 Z365.825 F1000
G1 A53.991 F1000
G1 X-43.563 Y-161.62 Z382.492 F1000
G1 X-43.563 Y-161.62 Z399.159 F1000
G1 A39.367 F1000
G1 X-43.563 Y-161.62 Z415.825 F1000
G1 A30.038 F1000
G1 X-43.563 Y-161.62 Z432.492 F1000
G1 A16.607 F1000
G1 X-43.563 Y-161.62 Z449.159 F1000
G1 X-43.563 Y-161.62 Z465.825 F1000
G1 X-43.563 Y-161.62 Z482.492 F1000
G1 X-43.563 Y-161.62 Z499.159 F1000
G1 X-43.563 Y-161.62 Z515.825 F1000
G1 X-43.563 Y-161.62 Z532.492 F1000
G1 A68.154 F1000
G1 X-26.897 Y-28.287 Z582.492 F1000
G1 X-206.722 Y-217.407 F8000
M992
G0 A0 X0 Y0 Z813 ; rapid end state
M84 ; disable steppers
