G90 ; absolute positions
G21 ; mm system units
G1 X179.25313420327075 Y-12.4064682167425 Z-708.513 F5000
M00
G1 B90.0 F1000
G1 X169.277 Y-11.716 Z-708.513 F2000
G1 B90.0 F1000
G1 X189.429 Y-11.716 Z-688.361 F2000
G1 B90.0 F1000
G1 X209.581 Y-11.716 Z-668.209 F2000
G1 B90.0 F1000
G1 X209.581 Y-11.716 Z-648.056 F2000
G1 B90.0 F1000
G1 X229.733 Y-11.716 Z-627.904 F2000
G1 B90.0 F1000
G1 X229.733 Y-11.716 Z-607.752 F2000
G1 B90.0 F1000
G1 X249.886 Y-11.716 Z-587.6 F2000
G1 B90.0 F1000
G1 X270.038 Y-11.716 Z-567.448 F2000
G1 B90.0 F1000
G1 X270.038 Y-11.716 Z-547.295 F2000
G1 B90.0 F1000
G1 X270.038 Y-11.716 Z-527.143 F2000
G1 B90.0 F1000
G1 X290.19 Y-11.716 Z-506.991 F2000
G1 B90.0 F1000
G1 X290.19 Y-11.716 Z-486.839 F2000
G1 B90.0 F1000
G1 X290.19 Y-11.716 Z-466.687 F2000
G1 B90.0 F1000
G1 X290.19 Y-11.716 Z-446.534 F2000
G1 B90.0 F1000
G1 X290.19 Y-11.716 Z-426.382 F2000
G1 B90.0 F1000
G1 X290.19 Y-11.716 Z-406.23 F2000
G1 B90.0 F1000
G1 X270.038 Y-11.716 Z-386.078 F2000
G1 B90.0 F1000
G1 X270.038 Y-11.716 Z-365.925 F2000
G1 B90.0 F1000
G1 X270.038 Y-11.716 Z-345.773 F2000
G1 B90.0 F1000
G1 X249.886 Y-11.716 Z-325.621 F2000
G1 B90.0 F1000
G1 X249.886 Y-11.716 Z-305.469 F2000
G1 B90.0 F1000
G1 X229.733 Y-11.716 Z-285.317 F2000
G1 B90.0 F1000
G1 X229.733 Y-11.716 Z-265.164 F2000
G1 B90.0 F1000
G1 X209.581 Y-11.716 Z-245.012 F2000
G1 B90.0 F1000
G1 X189.429 Y-11.716 Z-224.86 F2000
G1 B90.0 F1000
G1 X189.429 Y-11.716 Z-204.708 F2000
G1 B90.0 F1000
G1 X149.125 Y-11.716 Z-184.556 F2000
G1 B90.0 F1000
G1 X-12.093 Y-11.716 Z-164.403 F2000
G1 B90.0 F1000
G1 X-12.093 Y-11.716 Z-144.251 F2000
G1 X-12.093 Y-11.716 Z-124.099 F2000
G1 X-19.275133243394247 Y-18.674229808947903 Z-124.099 F5000
M01
G1 X179.264605209049 Y8.933737067312968 Z-708.513 F5000
M00
G1 B90.0 F1000
G1 X169.277 Y8.436 Z-708.513 F2000
G1 B90.0 F1000
G1 X189.429 Y8.436 Z-688.361 F2000
G1 B90.0 F1000
G1 X209.581 Y8.436 Z-668.209 F2000
G1 B90.0 F1000
G1 X209.581 Y8.436 Z-648.056 F2000
G1 B90.0 F1000
G1 X229.733 Y8.436 Z-627.904 F2000
G1 B90.0 F1000
G1 X229.733 Y8.436 Z-607.752 F2000
G1 B90.0 F1000
G1 X249.886 Y8.436 Z-587.6 F2000
G1 B90.0 F1000
G1 X270.038 Y8.436 Z-567.448 F2000
G1 B54.73561031724528 F1000
G1 X270.038 Y8.436 Z-547.295 F2000
G1 B90.0 F1000
G1 X290.19 Y28.588 Z-527.143 F2000
G1 B90.0 F1000
G1 X290.19 Y28.588 Z-506.991 F2000
G1 B90.0 F1000
G1 X290.19 Y28.588 Z-486.839 F2000
G1 B90.0 F1000
G1 X290.19 Y28.588 Z-466.687 F2000
G1 B90.0 F1000
G1 X290.19 Y28.588 Z-446.534 F2000
G1 B90.0 F1000
G1 X290.19 Y28.588 Z-426.382 F2000
G1 B125.26438968275463 F1000
G1 X290.19 Y28.588 Z-406.23 F2000
G1 B90.0 F1000
G1 X270.038 Y8.436 Z-386.078 F2000
G1 B90.0 F1000
G1 X270.038 Y8.436 Z-365.925 F2000
G1 B90.0 F1000
G1 X270.038 Y8.436 Z-345.773 F2000
G1 B90.0 F1000
G1 X249.886 Y8.436 Z-325.621 F2000
G1 B90.0 F1000
G1 X249.886 Y8.436 Z-305.469 F2000
G1 B90.0 F1000
G1 X229.733 Y8.436 Z-285.317 F2000
G1 B90.0 F1000
G1 X229.733 Y8.436 Z-265.164 F2000
G1 B90.0 F1000
G1 X209.581 Y8.436 Z-245.012 F2000
G1 B90.0 F1000
G1 X189.429 Y8.436 Z-224.86 F2000
G1 B90.0 F1000
G1 X189.429 Y8.436 Z-204.708 F2000
G1 B97.0704642831444 F1000
G1 X149.125 Y8.436 Z-184.556 F2000
G1 B90.0 F1000
G1 X-12.093 Y-11.716 Z-164.403 F2000
G1 B90.0 F1000
G1 X-12.093 Y-11.716 Z-144.251 F2000
G1 X-12.093 Y-11.716 Z-124.099 F2000
G1 X-19.275133243394247 Y-18.674229808947903 Z-124.099 F5000
M01
G1 X179.13737252167638 Y30.2532488504031 Z-708.513 F5000
M00
G1 B90.0 F1000
G1 X169.277 Y28.588 Z-708.513 F2000
G1 B90.0 F1000
G1 X189.429 Y28.588 Z-688.361 F2000
G1 B54.73494020358586 F1000
G1 X189.429 Y28.588 Z-668.209 F2000
G1 B90.0 F1000
G1 X209.581 Y48.741 Z-648.056 F2000
G1 B90.0 F1000
G1 X229.733 Y48.741 Z-627.904 F2000
G1 B90.0 F1000
G1 X229.733 Y48.741 Z-607.752 F2000
G1 B54.73561031724539 F1000
G1 X249.886 Y48.741 Z-587.6 F2000
G1 B90.0 F1000
G1 X270.038 Y68.893 Z-567.448 F2000
G1 B90.0 F1000
G1 X270.038 Y68.893 Z-547.295 F2000
G1 B90.0 F1000
G1 X290.19 Y68.893 Z-527.143 F2000
G1 B90.0 F1000
G1 X290.19 Y68.893 Z-506.991 F2000
G1 B90.0 F1000
G1 X290.19 Y68.893 Z-486.839 F2000
G1 B90.0 F1000
G1 X290.19 Y68.893 Z-466.687 F2000
G1 B90.0 F1000
G1 X290.19 Y68.893 Z-446.534 F2000
G1 B90.0 F1000
G1 X290.19 Y68.893 Z-426.382 F2000
G1 B90.0 F1000
G1 X290.19 Y68.893 Z-406.23 F2000
G1 B90.0 F1000
G1 X270.038 Y68.893 Z-386.078 F2000
G1 B90.0 F1000
G1 X270.038 Y68.893 Z-365.925 F2000
G1 B125.26438968275461 F1000
G1 X270.038 Y68.893 Z-345.773 F2000
G1 B90.0 F1000
G1 X249.886 Y48.741 Z-325.621 F2000
G1 B90.0 F1000
G1 X249.886 Y48.741 Z-305.469 F2000
G1 B90.0 F1000
G1 X229.733 Y48.741 Z-285.317 F2000
G1 B90.0 F1000
G1 X229.733 Y48.741 Z-265.164 F2000
G1 B125.26572994886841 F1000
G1 X209.581 Y48.741 Z-245.012 F2000
G1 B90.0 F1000
G1 X189.429 Y28.588 Z-224.86 F2000
G1 B90.0 F1000
G1 X189.429 Y28.588 Z-204.708 F2000
G1 B103.93191778011183 F1000
G1 X149.125 Y28.588 Z-184.556 F2000
G1 B90.0 F1000
G1 X-12.093 Y-11.716 Z-164.403 F2000
G1 B90.0 F1000
G1 X-12.093 Y-11.716 Z-144.251 F2000
G1 X-12.093 Y-11.716 Z-124.099 F2000
G1 X-19.275133243394247 Y-18.674229808947903 Z-124.099 F5000
M01
G1 X158.63016791631225 Y51.84773186527393 Z-708.513 F5000
M00
G1 B54.73561031724537 F1000
G1 X149.125 Y48.741 Z-708.513 F2000
G1 B90.0 F1000
G1 X169.277 Y68.893 Z-688.361 F2000
G1 B90.0 F1000
G1 X189.429 Y68.893 Z-668.209 F2000
G1 B90.0 F1000
G1 X209.581 Y68.893 Z-648.056 F2000
G1 B54.73561031724539 F1000
G1 X209.581 Y68.893 Z-627.904 F2000
G1 B90.0 F1000
G1 X229.733 Y89.045 Z-607.752 F2000
G1 B90.0 F1000
G1 X249.886 Y89.045 Z-587.6 F2000
G1 B54.736280458615475 F1000
G1 X249.886 Y89.045 Z-567.448 F2000
G1 B90.0 F1000
G1 X270.038 Y109.197 Z-547.295 F2000
G1 B90.0 F1000
G1 X270.038 Y109.197 Z-527.143 F2000
G1 B90.0 F1000
G1 X290.19 Y109.197 Z-506.991 F2000
G1 B90.0 F1000
G1 X290.19 Y109.197 Z-486.839 F2000
G1 B90.0 F1000
G1 X290.19 Y109.197 Z-466.687 F2000
G1 B90.0 F1000
G1 X290.19 Y109.197 Z-446.534 F2000
G1 B90.0 F1000
G1 X290.19 Y109.197 Z-426.382 F2000
G1 B90.0 F1000
G1 X290.19 Y109.197 Z-406.23 F2000
G1 B90.0 F1000
G1 X270.038 Y109.197 Z-386.078 F2000
G1 B125.26438968275465 F1000
G1 X270.038 Y109.197 Z-365.925 F2000
G1 B90.0 F1000
G1 X249.886 Y89.045 Z-345.773 F2000
G1 B90.0 F1000
G1 X249.886 Y89.045 Z-325.621 F2000
G1 B90.0 F1000
G1 X229.733 Y89.045 Z-305.469 F2000
G1 B125.26371954138452 F1000
G1 X229.733 Y89.045 Z-285.317 F2000
G1 B90.0 F1000
G1 X209.581 Y68.893 Z-265.164 F2000
G1 B90.0 F1000
G1 X209.581 Y68.893 Z-245.012 F2000
G1 B90.0 F1000
G1 X189.429 Y68.893 Z-224.86 F2000
G1 B125.26438968275468 F1000
G1 X169.277 Y68.893 Z-204.708 F2000
G1 B110.41051223873572 F1000
G1 X149.125 Y48.741 Z-184.556 F2000
G1 B90.0 F1000
G1 X-12.093 Y-11.716 Z-164.403 F2000
G1 B90.0 F1000
G1 X-12.093 Y-11.716 Z-144.251 F2000
G1 X-12.093 Y-11.716 Z-124.099 F2000
G1 X-19.275133243394247 Y-18.674229808947903 Z-124.099 F5000
M01
G1 X158.20306273965133 Y73.08689757802381 Z-708.513 F5000
M00
G1 B54.73561031724537 F1000
G1 X149.125 Y68.893 Z-708.513 F2000
G1 B54.73561031724539 F1000
G1 X169.277 Y89.045 Z-688.361 F2000
G1 B90.0 F1000
G1 X189.429 Y109.197 Z-668.209 F2000
G1 B90.0 F1000
G1 X189.429 Y109.197 Z-648.056 F2000
G1 B54.7356103172454 F1000
G1 X209.581 Y109.197 Z-627.904 F2000
G1 B90.0 F1000
G1 X229.733 Y129.349 Z-607.752 F2000
G1 B90.0 F1000
G1 X229.733 Y129.349 Z-587.6 F2000
G1 B54.73561031724533 F1000
G1 X229.733 Y129.349 Z-567.448 F2000
G1 B90.0 F1000
G1 X249.886 Y149.502 Z-547.295 F2000
G1 B90.0 F1000
G1 X270.038 Y149.502 Z-527.143 F2000
G1 B90.0 F1000
G1 X270.038 Y149.502 Z-506.991 F2000
G1 B90.0 F1000
G1 X270.038 Y149.502 Z-486.839 F2000
G1 B90.0 F1000
G1 X270.038 Y149.502 Z-466.687 F2000
G1 B90.0 F1000
G1 X270.038 Y149.502 Z-446.534 F2000
G1 B90.0 F1000
G1 X270.038 Y149.502 Z-426.382 F2000
G1 B90.0 F1000
G1 X270.038 Y149.502 Z-406.23 F2000
G1 B90.0 F1000
G1 X249.886 Y149.502 Z-386.078 F2000
G1 B125.26505979641412 F1000
G1 X249.886 Y149.502 Z-365.925 F2000
G1 B90.0 F1000
G1 X229.733 Y129.349 Z-345.773 F2000
G1 B90.0 F1000
G1 X229.733 Y129.349 Z-325.621 F2000
G1 B125.26438968275463 F1000
G1 X229.733 Y129.349 Z-305.469 F2000
G1 B90.0 F1000
G1 X209.581 Y109.197 Z-285.317 F2000
G1 B90.0 F1000
G1 X209.581 Y109.197 Z-265.164 F2000
G1 B125.26438968275465 F1000
G1 X189.429 Y109.197 Z-245.012 F2000
G1 B90.0 F1000
G1 X169.277 Y89.045 Z-224.86 F2000
G1 B125.26438968275468 F1000
G1 X169.277 Y89.045 Z-204.708 F2000
G1 B116.38778689994297 F1000
G1 X149.125 Y68.893 Z-184.556 F2000
G1 B90.0 F1000
G1 X-12.093 Y-11.716 Z-164.403 F2000
G1 B90.0 F1000
G1 X-12.093 Y-11.716 Z-144.251 F2000
G1 X-12.093 Y-11.716 Z-124.099 F2000
G1 X-19.275133243394247 Y-18.674229808947903 Z-124.099 F5000
M01
G1 X157.19321050369282 Y115.10495897650794 Z-708.513 F5000
M00
G1 B90.0 F1000
G1 X149.125 Y109.197 Z-708.513 F2000
G1 B54.73561031724538 F1000
G1 X149.125 Y109.197 Z-688.361 F2000
G1 B90.0 F1000
G1 X169.277 Y129.349 Z-668.209 F2000
G1 B54.7342700511316 F1000
G1 X169.277 Y129.349 Z-648.056 F2000
G1 B90.0 F1000
G1 X189.429 Y149.502 Z-627.904 F2000
G1 B54.73561031724531 F1000
G1 X189.429 Y149.502 Z-607.752 F2000
G1 B90.0 F1000
G1 X209.581 Y169.654 Z-587.6 F2000
G1 B54.73628045861546 F1000
G1 X209.581 Y169.654 Z-567.448 F2000
G1 B90.0 F1000
G1 X229.733 Y189.806 Z-547.295 F2000
G1 B90.0 F1000
G1 X229.733 Y189.806 Z-527.143 F2000
G1 B90.0 F1000
G1 X249.886 Y189.806 Z-506.991 F2000
G1 B90.0 F1000
G1 X249.886 Y189.806 Z-486.839 F2000
G1 B90.0 F1000
G1 X249.886 Y189.806 Z-466.687 F2000
G1 B90.0 F1000
G1 X249.886 Y189.806 Z-446.534 F2000
G1 B90.0 F1000
G1 X249.886 Y189.806 Z-426.382 F2000
G1 B90.0 F1000
G1 X229.733 Y189.806 Z-406.23 F2000
G1 B125.2637195413846 F1000
G1 X229.733 Y189.806 Z-386.078 F2000
G1 B90.0 F1000
G1 X209.581 Y169.654 Z-365.925 F2000
G1 B90.0 F1000
G1 X209.581 Y169.654 Z-345.773 F2000
G1 B125.26438968275465 F1000
G1 X209.581 Y169.654 Z-325.621 F2000
G1 B90.0 F1000
G1 X189.429 Y149.502 Z-305.469 F2000
G1 B90.0 F1000
G1 X189.429 Y149.502 Z-285.317 F2000
G1 B125.26572994886844 F1000
G1 X189.429 Y149.502 Z-265.164 F2000
G1 B90.0 F1000
G1 X169.277 Y129.349 Z-245.012 F2000
G1 B125.26438968275463 F1000
G1 X169.277 Y129.349 Z-224.86 F2000
G1 B125.26371954138457 F1000
G1 X149.125 Y109.197 Z-204.708 F2000
G1 B125.264443293346 F1000
G1 X128.972 Y89.045 Z-184.556 F2000
G1 B90.0 F1000
G1 X-12.093 Y-11.716 Z-164.403 F2000
G1 B90.0 F1000
G1 X-12.093 Y-11.716 Z-144.251 F2000
G1 X-12.093 Y-11.716 Z-124.099 F2000
G1 X-19.275133243394247 Y-18.674229808947903 Z-124.099 F5000
M01
G1 X115.25770591974552 Y137.00118547154167 Z-708.513 F5000
M00
G1 B54.7342700511316 F1000
G1 X108.82 Y129.349 Z-708.513 F2000
G1 B90.0 F1000
G1 X128.972 Y149.502 Z-688.361 F2000
G1 B54.736950561190504 F1000
G1 X128.972 Y149.502 Z-668.209 F2000
G1 B90.0 F1000
G1 X149.125 Y169.654 Z-648.056 F2000
G1 B54.735610317245346 F1000
G1 X149.125 Y169.654 Z-627.904 F2000
G1 B44.999999999999915 F1000
G1 X169.277 Y189.806 Z-607.752 F2000
G1 B90.0 F1000
G1 X169.277 Y209.958 Z-587.6 F2000
G1 B90.0 F1000
G1 X169.277 Y209.958 Z-567.448 F2000
G1 B54.735610317245296 F1000
G1 X169.277 Y209.958 Z-547.295 F2000
G1 B90.0 F1000
G1 X189.429 Y230.11 Z-527.143 F2000
G1 B90.0 F1000
G1 X189.429 Y230.11 Z-506.991 F2000
G1 B90.0 F1000
G1 X189.429 Y230.11 Z-486.839 F2000
G1 B90.0 F1000
G1 X189.429 Y230.11 Z-466.687 F2000
G1 B90.0 F1000
G1 X189.429 Y230.11 Z-446.534 F2000
G1 B90.0 F1000
G1 X189.429 Y230.11 Z-426.382 F2000
G1 B90.0 F1000
G1 X189.429 Y230.11 Z-406.23 F2000
G1 B125.2637195413846 F1000
G1 X189.429 Y230.11 Z-386.078 F2000
G1 B90.0 F1000
G1 X169.277 Y209.958 Z-365.925 F2000
G1 B90.0 F1000
G1 X169.277 Y209.958 Z-345.773 F2000
G1 B135.0 F1000
G1 X169.277 Y209.958 Z-325.621 F2000
G1 B125.26438968275471 F1000
G1 X169.277 Y189.806 Z-305.469 F2000
G1 B90.0 F1000
G1 X149.125 Y169.654 Z-285.317 F2000
G1 B90.0 F1000
G1 X149.125 Y169.654 Z-265.164 F2000
G1 B125.26371954138455 F1000
G1 X149.125 Y169.654 Z-245.012 F2000
G1 B90.0 F1000
G1 X128.972 Y149.502 Z-224.86 F2000
G1 B125.26572994886844 F1000
G1 X128.972 Y149.502 Z-204.708 F2000
G1 B139.0104012166679 F1000
G1 X108.82 Y129.349 Z-184.556 F2000
G1 B90.0 F1000
G1 X-12.093 Y-11.716 Z-164.403 F2000
G1 B90.0 F1000
G1 X-12.093 Y-11.716 Z-144.251 F2000
G1 X-12.093 Y-11.716 Z-124.099 F2000
G1 X-19.275133243394247 Y-18.674229808947903 Z-124.099 F5000
M01
G1 X93.76918386634262 Y158.10304198116518 Z-708.513 F5000
M00
G1 B54.73561031724538 F1000
G1 X88.668 Y149.502 Z-708.513 F2000
G1 B90.0 F1000
G1 X108.82 Y169.654 Z-688.361 F2000
G1 B45.001421555129525 F1000
G1 X108.82 Y169.654 Z-668.209 F2000
G1 B90.0 F1000
G1 X108.82 Y189.806 Z-648.056 F2000
G1 B54.7356103172454 F1000
G1 X108.82 Y189.806 Z-627.904 F2000
G1 B90.0 F1000
G1 X128.972 Y209.958 Z-607.752 F2000
G1 B54.73628045861546 F1000
G1 X128.972 Y209.958 Z-587.6 F2000
G1 B90.0 F1000
G1 X149.125 Y230.11 Z-567.448 F2000
G1 B44.998578444870255 F1000
G1 X149.125 Y230.11 Z-547.295 F2000
G1 B90.0 F1000
G1 X149.125 Y250.263 Z-527.143 F2000
G1 B90.0 F1000
G1 X149.125 Y250.263 Z-506.991 F2000
G1 B90.0 F1000
G1 X149.125 Y250.263 Z-486.839 F2000
G1 B90.0 F1000
G1 X149.125 Y250.263 Z-466.687 F2000
G1 B90.0 F1000
G1 X149.125 Y250.263 Z-446.534 F2000
G1 B90.0 F1000
G1 X149.125 Y250.263 Z-426.382 F2000
G1 B90.0 F1000
G1 X149.125 Y250.263 Z-406.23 F2000
G1 B135.00000000000006 F1000
G1 X149.125 Y250.263 Z-386.078 F2000
G1 B90.0 F1000
G1 X149.125 Y230.11 Z-365.925 F2000
G1 B125.26371954138455 F1000
G1 X149.125 Y230.11 Z-345.773 F2000
G1 B90.0 F1000
G1 X128.972 Y209.958 Z-325.621 F2000
G1 B90.0 F1000
G1 X128.972 Y209.958 Z-305.469 F2000
G1 B125.26371954138452 F1000
G1 X128.972 Y209.958 Z-285.317 F2000
G1 B90.0 F1000
G1 X108.82 Y189.806 Z-265.164 F2000
G1 B135.00000000000006 F1000
G1 X108.82 Y189.806 Z-245.012 F2000
G1 B125.26438968275463 F1000
G1 X108.82 Y169.654 Z-224.86 F2000
G1 B125.26572994886844 F1000
G1 X88.668 Y149.502 Z-204.708 F2000
G1 B149.50108494880797 F1000
G1 X68.516 Y129.349 Z-184.556 F2000
G1 B90.0 F1000
G1 X-12.093 Y-11.716 Z-164.403 F2000
G1 B90.0 F1000
G1 X-12.093 Y-11.716 Z-144.251 F2000
G1 X-12.093 Y-11.716 Z-124.099 F2000
G1 X-19.275133243394247 Y-18.674229808947903 Z-124.099 F5000
M01
G1 X51.441955463758866 Y159.01652522005787 Z-708.513 F5000
M00
G1 B54.7356103172454 F1000
G1 X48.364 Y149.502 Z-708.513 F2000
G1 B45.00000000000004 F1000
G1 X68.516 Y169.654 Z-688.361 F2000
G1 B54.73628045861541 F1000
G1 X68.516 Y189.806 Z-668.209 F2000
G1 B90.0 F1000
G1 X88.668 Y209.958 Z-648.056 F2000
G1 B45.00000000000004 F1000
G1 X88.668 Y209.958 Z-627.904 F2000
G1 B90.0 F1000
G1 X88.668 Y230.11 Z-607.752 F2000
G1 B54.73427005113163 F1000
G1 X88.668 Y230.11 Z-587.6 F2000
G1 B90.0 F1000
G1 X108.82 Y250.263 Z-567.448 F2000
G1 B44.99999999999988 F1000
G1 X108.82 Y250.263 Z-547.295 F2000
G1 B90.0 F1000
G1 X108.82 Y270.415 Z-527.143 F2000
G1 B90.0 F1000
G1 X108.82 Y270.415 Z-506.991 F2000
G1 B90.0 F1000
G1 X108.82 Y270.415 Z-486.839 F2000
G1 B90.0 F1000
G1 X108.82 Y270.415 Z-466.687 F2000
G1 B90.0 F1000
G1 X108.82 Y270.415 Z-446.534 F2000
G1 B90.0 F1000
G1 X108.82 Y270.415 Z-426.382 F2000
G1 B134.99999999999997 F1000
G1 X108.82 Y270.415 Z-406.23 F2000
G1 B90.0 F1000
G1 X108.82 Y250.263 Z-386.078 F2000
G1 B90.0 F1000
G1 X108.82 Y250.263 Z-365.925 F2000
G1 B125.2657299488684 F1000
G1 X108.82 Y250.263 Z-345.773 F2000
G1 B90.0 F1000
G1 X88.668 Y230.11 Z-325.621 F2000
G1 B90.0 F1000
G1 X88.668 Y230.11 Z-305.469 F2000
G1 B134.99857844487033 F1000
G1 X88.668 Y230.11 Z-285.317 F2000
G1 B125.26438968275465 F1000
G1 X88.668 Y209.958 Z-265.164 F2000
G1 B90.0 F1000
G1 X68.516 Y189.806 Z-245.012 F2000
G1 B135.0 F1000
G1 X68.516 Y189.806 Z-224.86 F2000
G1 B125.26438968275463 F1000
G1 X68.516 Y169.654 Z-204.708 F2000
G1 B158.4317247665245 F1000
G1 X48.364 Y149.502 Z-184.556 F2000
G1 B90.0 F1000
G1 X-12.093 Y-11.716 Z-164.403 F2000
G1 B90.0 F1000
G1 X-12.093 Y-11.716 Z-144.251 F2000
G1 X-12.093 Y-11.716 Z-124.099 F2000
G1 X-19.275133243394247 Y-18.674229808947903 Z-124.099 F5000
M01
G1 X29.85133133333321 Y179.51854829766094 Z-708.513 F5000
M00
G1 B54.73628045861546 F1000
G1 X28.211 Y169.654 Z-708.513 F2000
G1 B90.0 F1000
G1 X48.364 Y189.806 Z-688.361 F2000
G1 B45.001421555129554 F1000
G1 X48.364 Y189.806 Z-668.209 F2000
G1 B45.00000000000004 F1000
G1 X48.364 Y209.958 Z-648.056 F2000
G1 B90.0 F1000
G1 X48.364 Y230.11 Z-627.904 F2000
G1 B54.73427005113156 F1000
G1 X48.364 Y230.11 Z-607.752 F2000
G1 B90.0 F1000
G1 X68.516 Y250.263 Z-587.6 F2000
G1 B45.001421555129674 F1000
G1 X68.516 Y250.263 Z-567.448 F2000
G1 B90.0 F1000
G1 X68.516 Y270.415 Z-547.295 F2000
G1 B45.00000000000008 F1000
G1 X68.516 Y270.415 Z-527.143 F2000
G1 B90.0 F1000
G1 X68.516 Y290.567 Z-506.991 F2000
G1 B90.0 F1000
G1 X68.516 Y290.567 Z-486.839 F2000
G1 B90.0 F1000
G1 X68.516 Y290.567 Z-466.687 F2000
G1 B90.0 F1000
G1 X68.516 Y290.567 Z-446.534 F2000
G1 B90.0 F1000
G1 X68.516 Y290.567 Z-426.382 F2000
G1 B134.99999999999991 F1000
G1 X68.516 Y290.567 Z-406.23 F2000
G1 B90.0 F1000
G1 X68.516 Y270.415 Z-386.078 F2000
G1 B135.00000000000006 F1000
G1 X68.516 Y270.415 Z-365.925 F2000
G1 B90.0 F1000
G1 X68.516 Y250.263 Z-345.773 F2000
G1 B90.0 F1000
G1 X68.516 Y250.263 Z-325.621 F2000
G1 B125.2657299488684 F1000
G1 X68.516 Y250.263 Z-305.469 F2000
G1 B90.0 F1000
G1 X48.364 Y230.11 Z-285.317 F2000
G1 B135.00000000000006 F1000
G1 X48.364 Y230.11 Z-265.164 F2000
G1 B90.0 F1000
G1 X48.364 Y209.958 Z-245.012 F2000
G1 B134.99999999999997 F1000
G1 X48.364 Y209.958 Z-224.86 F2000
G1 B144.73494017033283 F1000
G1 X48.364 Y189.806 Z-204.708 F2000
G1 B164.38390744693527 F1000
G1 X28.211 Y149.502 Z-184.556 F2000
G1 B90.0 F1000
G1 X-12.093 Y-11.716 Z-164.403 F2000
G1 B90.0 F1000
G1 X-12.093 Y-11.716 Z-144.251 F2000
G1 X-12.093 Y-11.716 Z-124.099 F2000
G1 X-19.275133243394247 Y-18.674229808947903 Z-124.099 F5000
M01
G1 X8.597274836835552 Y159.4875025011278 Z-708.513 F5000
M00
G1 B26.565051177078022 F1000
G1 X8.059 Y149.502 Z-708.513 F2000
G1 B90.0 F1000
G1 X8.059 Y189.806 Z-688.361 F2000
G1 B45.001421555129554 F1000
G1 X8.059 Y189.806 Z-668.209 F2000
G1 B54.73561031724535 F1000
G1 X8.059 Y209.958 Z-648.056 F2000
G1 B44.998578444870404 F1000
G1 X28.211 Y230.11 Z-627.904 F2000
G1 B90.0 F1000
G1 X28.211 Y250.263 Z-607.752 F2000
G1 B45.00000000000004 F1000
G1 X28.211 Y250.263 Z-587.6 F2000
G1 B45.00142155512972 F1000
G1 X28.211 Y270.415 Z-567.448 F2000
G1 B90.0 F1000
G1 X28.211 Y290.567 Z-547.295 F2000
G1 B90.0 F1000
G1 X28.211 Y290.567 Z-527.143 F2000
G1 B90.0 F1000
G1 X28.211 Y290.567 Z-506.991 F2000
G1 B90.0 F1000
G1 X28.211 Y290.567 Z-486.839 F2000
G1 B90.0 F1000
G1 X28.211 Y290.567 Z-466.687 F2000
G1 B90.0 F1000
G1 X28.211 Y290.567 Z-446.534 F2000
G1 B90.0 F1000
G1 X28.211 Y290.567 Z-426.382 F2000
G1 B90.0 F1000
G1 X28.211 Y290.567 Z-406.23 F2000
G1 B134.99857844487036 F1000
G1 X28.211 Y290.567 Z-386.078 F2000
G1 B90.0 F1000
G1 X28.211 Y270.415 Z-365.925 F2000
G1 B134.99999999999997 F1000
G1 X28.211 Y270.415 Z-345.773 F2000
G1 B90.0 F1000
G1 X28.211 Y250.263 Z-325.621 F2000
G1 B135.0014215551297 F1000
G1 X28.211 Y250.263 Z-305.469 F2000
G1 B90.0 F1000
G1 X28.211 Y230.11 Z-285.317 F2000
G1 B125.26438968275468 F1000
G1 X28.211 Y230.11 Z-265.164 F2000
G1 B90.0 F1000
G1 X8.059 Y209.958 Z-245.012 F2000
G1 B134.99999999999997 F1000
G1 X8.059 Y209.958 Z-224.86 F2000
G1 B153.43494882292202 F1000
G1 X8.059 Y189.806 Z-204.708 F2000
G1 B169.97489029206918 F1000
G1 X8.059 Y149.502 Z-184.556 F2000
G1 B90.0 F1000
G1 X-12.093 Y-11.716 Z-164.403 F2000
G1 B90.0 F1000
G1 X-12.093 Y-11.716 Z-144.251 F2000
G1 X-12.093 Y-11.716 Z-124.099 F2000
G1 X-19.275133243394247 Y-18.674229808947903 Z-124.099 F5000
M01
G1 X-12.899252163461172 Y159.46944488065594 Z-708.513 F5000
M00
G1 B26.565051177078022 F1000
G1 X-12.093 Y149.502 Z-708.513 F2000
G1 B90.0 F1000
G1 X-12.093 Y189.806 Z-688.361 F2000
G1 B45.001421555129554 F1000
G1 X-12.093 Y189.806 Z-668.209 F2000
G1 B45.00000000000004 F1000
G1 X-12.093 Y209.958 Z-648.056 F2000
G1 B44.998578444870404 F1000
G1 X-12.093 Y230.11 Z-627.904 F2000
G1 B90.0 F1000
G1 X-12.093 Y250.263 Z-607.752 F2000
G1 B45.00000000000004 F1000
G1 X-12.093 Y250.263 Z-587.6 F2000
G1 B45.00142155512972 F1000
G1 X-12.093 Y270.415 Z-567.448 F2000
G1 B90.0 F1000
G1 X-12.093 Y290.567 Z-547.295 F2000
G1 B90.0 F1000
G1 X-12.093 Y290.567 Z-527.143 F2000
G1 B90.0 F1000
G1 X-12.093 Y290.567 Z-506.991 F2000
G1 B90.0 F1000
G1 X-12.093 Y290.567 Z-486.839 F2000
G1 B90.0 F1000
G1 X-12.093 Y290.567 Z-466.687 F2000
G1 B90.0 F1000
G1 X-12.093 Y290.567 Z-446.534 F2000
G1 B90.0 F1000
G1 X-12.093 Y290.567 Z-426.382 F2000
G1 B90.0 F1000
G1 X-12.093 Y290.567 Z-406.23 F2000
G1 B134.99857844487036 F1000
G1 X-12.093 Y290.567 Z-386.078 F2000
G1 B90.0 F1000
G1 X-12.093 Y270.415 Z-365.925 F2000
G1 B134.99999999999997 F1000
G1 X-12.093 Y270.415 Z-345.773 F2000
G1 B90.0 F1000
G1 X-12.093 Y250.263 Z-325.621 F2000
G1 B135.0014215551297 F1000
G1 X-12.093 Y250.263 Z-305.469 F2000
G1 B90.0 F1000
G1 X-12.093 Y230.11 Z-285.317 F2000
G1 B135.00000000000006 F1000
G1 X-12.093 Y230.11 Z-265.164 F2000
G1 B90.0 F1000
G1 X-12.093 Y209.958 Z-245.012 F2000
G1 B134.99999999999997 F1000
G1 X-12.093 Y209.958 Z-224.86 F2000
G1 B153.43494882292202 F1000
G1 X-12.093 Y189.806 Z-204.708 F2000
G1 B172.87472120704567 F1000
G1 X-12.093 Y149.502 Z-184.556 F2000
G1 B90.0 F1000
G1 X-12.093 Y-11.716 Z-164.403 F2000
G1 B90.0 F1000
G1 X-12.093 Y-11.716 Z-144.251 F2000
G1 X-12.093 Y-11.716 Z-124.099 F2000
G1 X-19.275133243394247 Y-18.674229808947903 Z-124.099 F5000
M01
G1 X-34.35334564558423 Y159.27721757500802 Z-708.513 F5000
M00
G1 B35.26505982966721 F1000
G1 X-32.245 Y149.502 Z-708.513 F2000
G1 B90.0 F1000
G1 X-52.398 Y189.806 Z-688.361 F2000
G1 B45.001421555129554 F1000
G1 X-52.398 Y189.806 Z-668.209 F2000
G1 B45.00000000000004 F1000
G1 X-52.398 Y209.958 Z-648.056 F2000
G1 B44.998578444870404 F1000
G1 X-52.398 Y230.11 Z-627.904 F2000
G1 B90.0 F1000
G1 X-52.398 Y250.263 Z-607.752 F2000
G1 B45.00000000000004 F1000
G1 X-52.398 Y250.263 Z-587.6 F2000
G1 B45.00142155512972 F1000
G1 X-52.398 Y270.415 Z-567.448 F2000
G1 B90.0 F1000
G1 X-52.398 Y290.567 Z-547.295 F2000
G1 B90.0 F1000
G1 X-52.398 Y290.567 Z-527.143 F2000
G1 B90.0 F1000
G1 X-52.398 Y290.567 Z-506.991 F2000
G1 B90.0 F1000
G1 X-52.398 Y290.567 Z-486.839 F2000
G1 B90.0 F1000
G1 X-52.398 Y290.567 Z-466.687 F2000
G1 B90.0 F1000
G1 X-52.398 Y290.567 Z-446.534 F2000
G1 B90.0 F1000
G1 X-52.398 Y290.567 Z-426.382 F2000
G1 B90.0 F1000
G1 X-52.398 Y290.567 Z-406.23 F2000
G1 B134.99857844487036 F1000
G1 X-52.398 Y290.567 Z-386.078 F2000
G1 B90.0 F1000
G1 X-52.398 Y270.415 Z-365.925 F2000
G1 B134.99999999999997 F1000
G1 X-52.398 Y270.415 Z-345.773 F2000
G1 B90.0 F1000
G1 X-52.398 Y250.263 Z-325.621 F2000
G1 B135.0014215551297 F1000
G1 X-52.398 Y250.263 Z-305.469 F2000
G1 B90.0 F1000
G1 X-52.398 Y230.11 Z-285.317 F2000
G1 B135.00000000000006 F1000
G1 X-52.398 Y230.11 Z-265.164 F2000
G1 B90.0 F1000
G1 X-52.398 Y209.958 Z-245.012 F2000
G1 B144.73494017033283 F1000
G1 X-52.398 Y209.958 Z-224.86 F2000
G1 B153.4355174477956 F1000
G1 X-32.245 Y169.654 Z-204.708 F2000
G1 B168.57804923793063 F1000
G1 X-32.245 Y129.349 Z-184.556 F2000
G1 B90.0 F1000
G1 X-12.093 Y-11.716 Z-164.403 F2000
G1 B90.0 F1000
G1 X-12.093 Y-11.716 Z-144.251 F2000
G1 X-12.093 Y-11.716 Z-124.099 F2000
G1 X-19.275133243394247 Y-18.674229808947903 Z-124.099 F5000
M01
G1 X-55.705569742995046 Y158.93915965718625 Z-708.513 F5000
M00
G1 B35.264389682754675 F1000
G1 X-52.398 Y149.502 Z-708.513 F2000
G1 B90.0 F1000
G1 X-72.55 Y189.806 Z-688.361 F2000
G1 B45.001421555129554 F1000
G1 X-72.55 Y189.806 Z-668.209 F2000
G1 B45.00000000000004 F1000
G1 X-72.55 Y209.958 Z-648.056 F2000
G1 B90.0 F1000
G1 X-72.55 Y230.11 Z-627.904 F2000
G1 B54.73427005113156 F1000
G1 X-72.55 Y230.11 Z-607.752 F2000
G1 B45.00000000000004 F1000
G1 X-92.702 Y250.263 Z-587.6 F2000
G1 B90.0 F1000
G1 X-92.702 Y270.415 Z-567.448 F2000
G1 B44.999999999999915 F1000
G1 X-92.702 Y270.415 Z-547.295 F2000
G1 B90.0 F1000
G1 X-92.702 Y290.567 Z-527.143 F2000
G1 B90.0 F1000
G1 X-92.702 Y290.567 Z-506.991 F2000
G1 B90.0 F1000
G1 X-92.702 Y290.567 Z-486.839 F2000
G1 B90.0 F1000
G1 X-92.702 Y290.567 Z-466.687 F2000
G1 B90.0 F1000
G1 X-92.702 Y290.567 Z-446.534 F2000
G1 B90.0 F1000
G1 X-92.702 Y290.567 Z-426.382 F2000
G1 B90.0 F1000
G1 X-92.702 Y290.567 Z-406.23 F2000
G1 B134.99857844487036 F1000
G1 X-92.702 Y290.567 Z-386.078 F2000
G1 B90.0 F1000
G1 X-92.702 Y270.415 Z-365.925 F2000
G1 B134.99999999999997 F1000
G1 X-92.702 Y270.415 Z-345.773 F2000
G1 B90.0 F1000
G1 X-92.702 Y250.263 Z-325.621 F2000
G1 B125.26572994886841 F1000
G1 X-92.702 Y250.263 Z-305.469 F2000
G1 B90.0 F1000
G1 X-72.55 Y230.11 Z-285.317 F2000
G1 B135.00000000000006 F1000
G1 X-72.55 Y230.11 Z-265.164 F2000
G1 B135.0 F1000
G1 X-72.55 Y209.958 Z-245.012 F2000
G1 B135.0 F1000
G1 X-72.55 Y189.806 Z-224.86 F2000
G1 B144.73628045030236 F1000
G1 X-72.55 Y169.654 Z-204.708 F2000
G1 B162.2841509155366 F1000
G1 X-52.398 Y129.349 Z-184.556 F2000
G1 B90.0 F1000
G1 X-12.093 Y-11.716 Z-164.403 F2000
G1 B90.0 F1000
G1 X-12.093 Y-11.716 Z-144.251 F2000
G1 X-12.093 Y-11.716 Z-124.099 F2000
G1 X-19.275133243394247 Y-18.674229808947903 Z-124.099 F5000
M01
G1 X-97.97183851524332 Y158.00075296871597 Z-708.513 F5000
M00
G1 B45.00000000000008 F1000
G1 X-92.702 Y149.502 Z-708.513 F2000
G1 B90.0 F1000
G1 X-92.702 Y169.654 Z-688.361 F2000
G1 B54.73628045861537 F1000
G1 X-92.702 Y169.654 Z-668.209 F2000
G1 B45.00000000000008 F1000
G1 X-112.854 Y189.806 Z-648.056 F2000
G1 B45.00000000000004 F1000
G1 X-112.854 Y209.958 Z-627.904 F2000
G1 B90.0 F1000
G1 X-112.854 Y230.11 Z-607.752 F2000
G1 B54.73427005113163 F1000
G1 X-112.854 Y230.11 Z-587.6 F2000
G1 B90.0 F1000
G1 X-133.006 Y250.263 Z-567.448 F2000
G1 B44.99999999999988 F1000
G1 X-133.006 Y250.263 Z-547.295 F2000
G1 B90.0 F1000
G1 X-133.006 Y270.415 Z-527.143 F2000
G1 B90.0 F1000
G1 X-133.006 Y270.415 Z-506.991 F2000
G1 B90.0 F1000
G1 X-133.006 Y270.415 Z-486.839 F2000
G1 B90.0 F1000
G1 X-133.006 Y270.415 Z-466.687 F2000
G1 B90.0 F1000
G1 X-133.006 Y270.415 Z-446.534 F2000
G1 B90.0 F1000
G1 X-133.006 Y270.415 Z-426.382 F2000
G1 B90.0 F1000
G1 X-133.006 Y270.415 Z-406.23 F2000
G1 B134.99857844487042 F1000
G1 X-133.006 Y270.415 Z-386.078 F2000
G1 B125.26572994886841 F1000
G1 X-133.006 Y250.263 Z-365.925 F2000
G1 B90.0 F1000
G1 X-112.854 Y230.11 Z-345.773 F2000
G1 B90.0 F1000
G1 X-112.854 Y230.11 Z-325.621 F2000
G1 B135.00000000000006 F1000
G1 X-112.854 Y230.11 Z-305.469 F2000
G1 B90.0 F1000
G1 X-112.854 Y209.958 Z-285.317 F2000
G1 B135.0 F1000
G1 X-112.854 Y209.958 Z-265.164 F2000
G1 B125.26438968275468 F1000
G1 X-112.854 Y189.806 Z-245.012 F2000
G1 B90.0 F1000
G1 X-92.702 Y169.654 Z-224.86 F2000
G1 B144.73628045030236 F1000
G1 X-92.702 Y169.654 Z-204.708 F2000
G1 B155.688464353155 F1000
G1 X-72.55 Y129.349 Z-184.556 F2000
G1 B90.0 F1000
G1 X-12.093 Y-11.716 Z-164.403 F2000
G1 B90.0 F1000
G1 X-12.093 Y-11.716 Z-144.251 F2000
G1 X-12.093 Y-11.716 Z-124.099 F2000
G1 X-19.275133243394247 Y-18.674229808947903 Z-124.099 F5000
M01
G1 X-119.42827099021092 Y136.8841815470678 Z-708.513 F5000
M00
G1 B44.99857844487037 F1000
G1 X-112.854 Y129.349 Z-708.513 F2000
G1 B54.73561031724539 F1000
G1 X-112.854 Y149.502 Z-688.361 F2000
G1 B45.001421555129525 F1000
G1 X-133.006 Y169.654 Z-668.209 F2000
G1 B90.0 F1000
G1 X-133.006 Y189.806 Z-648.056 F2000
G1 B90.0 F1000
G1 X-133.006 Y189.806 Z-627.904 F2000
G1 B54.73628045861541 F1000
G1 X-133.006 Y189.806 Z-607.752 F2000
G1 B45.00000000000004 F1000
G1 X-153.159 Y209.958 Z-587.6 F2000
G1 B90.0 F1000
G1 X-153.159 Y230.11 Z-567.448 F2000
G1 B90.0 F1000
G1 X-153.159 Y230.11 Z-547.295 F2000
G1 B54.73427005113164 F1000
G1 X-153.159 Y230.11 Z-527.143 F2000
G1 B90.0 F1000
G1 X-173.311 Y250.263 Z-506.991 F2000
G1 B90.0 F1000
G1 X-173.311 Y250.263 Z-486.839 F2000
G1 B90.0 F1000
G1 X-173.311 Y250.263 Z-466.687 F2000
G1 B90.0 F1000
G1 X-173.311 Y250.263 Z-446.534 F2000
G1 B125.2657299488684 F1000
G1 X-173.311 Y250.263 Z-426.382 F2000
G1 B90.0 F1000
G1 X-153.159 Y230.11 Z-406.23 F2000
G1 B90.0 F1000
G1 X-153.159 Y230.11 Z-386.078 F2000
G1 B90.0 F1000
G1 X-153.159 Y230.11 Z-365.925 F2000
G1 B134.99999999999997 F1000
G1 X-153.159 Y230.11 Z-345.773 F2000
G1 B90.0 F1000
G1 X-153.159 Y209.958 Z-325.621 F2000
G1 B125.26371954138455 F1000
G1 X-153.159 Y209.958 Z-305.469 F2000
G1 B90.0 F1000
G1 X-133.006 Y189.806 Z-285.317 F2000
G1 B135.00000000000006 F1000
G1 X-133.006 Y189.806 Z-265.164 F2000
G1 B125.26438968275465 F1000
G1 X-133.006 Y169.654 Z-245.012 F2000
G1 B90.0 F1000
G1 X-112.854 Y149.502 Z-224.86 F2000
G1 B135.0014215551297 F1000
G1 X-112.854 Y149.502 Z-204.708 F2000
G1 B143.9291123961244 F1000
G1 X-112.854 Y129.349 Z-184.556 F2000
G1 B90.0 F1000
G1 X-12.093 Y-11.716 Z-164.403 F2000
G1 B90.0 F1000
G1 X-12.093 Y-11.716 Z-144.251 F2000
G1 X-12.093 Y-11.716 Z-124.099 F2000
G1 X-19.275133243394247 Y-18.674229808947903 Z-124.099 F5000
M01
G1 X-120.04054801496729 Y116.15067008338546 Z-708.513 F5000
M00
G1 B54.73561031724539 F1000
G1 X-112.854 Y109.197 Z-708.513 F2000
G1 B90.0 F1000
G1 X-133.006 Y129.349 Z-688.361 F2000
G1 B54.735610317245246 F1000
G1 X-133.006 Y129.349 Z-668.209 F2000
G1 B90.0 F1000
G1 X-153.159 Y149.502 Z-648.056 F2000
G1 B54.7356103172454 F1000
G1 X-153.159 Y149.502 Z-627.904 F2000
G1 B44.99999999999988 F1000
G1 X-173.311 Y169.654 Z-607.752 F2000
G1 B90.0 F1000
G1 X-173.311 Y189.806 Z-587.6 F2000
G1 B54.73628045861548 F1000
G1 X-173.311 Y189.806 Z-567.448 F2000
G1 B90.0 F1000
G1 X-193.463 Y209.958 Z-547.295 F2000
G1 B90.0 F1000
G1 X-193.463 Y209.958 Z-527.143 F2000
G1 B90.0 F1000
G1 X-193.463 Y209.958 Z-506.991 F2000
G1 B90.0 F1000
G1 X-193.463 Y209.958 Z-486.839 F2000
G1 B90.0 F1000
G1 X-193.463 Y209.958 Z-466.687 F2000
G1 B90.0 F1000
G1 X-193.463 Y209.958 Z-446.534 F2000
G1 B90.0 F1000
G1 X-193.463 Y209.958 Z-426.382 F2000
G1 B90.0 F1000
G1 X-193.463 Y209.958 Z-406.23 F2000
G1 B125.26371954138457 F1000
G1 X-193.463 Y209.958 Z-386.078 F2000
G1 B90.0 F1000
G1 X-173.311 Y189.806 Z-365.925 F2000
G1 B90.0 F1000
G1 X-173.311 Y189.806 Z-345.773 F2000
G1 B90.0 F1000
G1 X-173.311 Y189.806 Z-325.621 F2000
G1 B135.00000000000006 F1000
G1 X-173.311 Y189.806 Z-305.469 F2000
G1 B125.26371954138452 F1000
G1 X-173.311 Y169.654 Z-285.317 F2000
G1 B90.0 F1000
G1 X-153.159 Y149.502 Z-265.164 F2000
G1 B125.26505979641412 F1000
G1 X-153.159 Y149.502 Z-245.012 F2000
G1 B90.0 F1000
G1 X-133.006 Y129.349 Z-224.86 F2000
G1 B125.26438968275465 F1000
G1 X-133.006 Y129.349 Z-204.708 F2000
G1 B139.64080960892213 F1000
G1 X-112.854 Y109.197 Z-184.556 F2000
G1 B90.0 F1000
G1 X-12.093 Y-11.716 Z-164.403 F2000
G1 B90.0 F1000
G1 X-12.093 Y-11.716 Z-144.251 F2000
G1 X-12.093 Y-11.716 Z-124.099 F2000
G1 X-19.275133243394247 Y-18.674229808947903 Z-124.099 F5000
M01
G1 X-141.3156932464057 Y94.60818237617998 Z-708.513 F5000
M00
G1 B54.736280458615475 F1000
G1 X-133.006 Y89.045 Z-708.513 F2000
G1 B90.0 F1000
G1 X-153.159 Y109.197 Z-688.361 F2000
G1 B54.73628045861541 F1000
G1 X-153.159 Y109.197 Z-668.209 F2000
G1 B90.0 F1000
G1 X-173.311 Y129.349 Z-648.056 F2000
G1 B54.734270051131574 F1000
G1 X-173.311 Y129.349 Z-627.904 F2000
G1 B90.0 F1000
G1 X-193.463 Y149.502 Z-607.752 F2000
G1 B54.7356103172454 F1000
G1 X-193.463 Y149.502 Z-587.6 F2000
G1 B90.0 F1000
G1 X-213.615 Y169.654 Z-567.448 F2000
G1 B90.0 F1000
G1 X-213.615 Y169.654 Z-547.295 F2000
G1 B90.0 F1000
G1 X-213.615 Y169.654 Z-527.143 F2000
G1 B54.73561031724531 F1000
G1 X-213.615 Y169.654 Z-506.991 F2000
G1 B90.0 F1000
G1 X-233.767 Y189.806 Z-486.839 F2000
G1 B90.0 F1000
G1 X-233.767 Y189.806 Z-466.687 F2000
G1 B90.0 F1000
G1 X-233.767 Y189.806 Z-446.534 F2000
G1 B125.26438968275471 F1000
G1 X-233.767 Y189.806 Z-426.382 F2000
G1 B90.0 F1000
G1 X-213.615 Y169.654 Z-406.23 F2000
G1 B90.0 F1000
G1 X-213.615 Y169.654 Z-386.078 F2000
G1 B90.0 F1000
G1 X-213.615 Y169.654 Z-365.925 F2000
G1 B125.26438968275461 F1000
G1 X-213.615 Y169.654 Z-345.773 F2000
G1 B90.0 F1000
G1 X-193.463 Y149.502 Z-325.621 F2000
G1 B90.0 F1000
G1 X-193.463 Y149.502 Z-305.469 F2000
G1 B125.26505979641409 F1000
G1 X-193.463 Y149.502 Z-285.317 F2000
G1 B90.0 F1000
G1 X-173.311 Y129.349 Z-265.164 F2000
G1 B125.26438968275463 F1000
G1 X-173.311 Y129.349 Z-245.012 F2000
G1 B90.0 F1000
G1 X-153.159 Y109.197 Z-224.86 F2000
G1 B125.26371954138457 F1000
G1 X-153.159 Y109.197 Z-204.708 F2000
G1 B129.42004664106744 F1000
G1 X-133.006 Y89.045 Z-184.556 F2000
G1 B90.0 F1000
G1 X-12.093 Y-11.716 Z-164.403 F2000
G1 B90.0 F1000
G1 X-12.093 Y-11.716 Z-144.251 F2000
G1 X-12.093 Y-11.716 Z-124.099 F2000
G1 X-19.275133243394247 Y-18.674229808947903 Z-124.099 F5000
M01
G1 X-141.8855380567012 Y73.49232646151538 Z-708.513 F5000
M00
G1 B54.736280458615475 F1000
G1 X-133.006 Y68.893 Z-708.513 F2000
G1 B90.0 F1000
G1 X-153.159 Y89.045 Z-688.361 F2000
G1 B54.73628045861539 F1000
G1 X-173.311 Y89.045 Z-668.209 F2000
G1 B90.0 F1000
G1 X-193.463 Y109.197 Z-648.056 F2000
G1 B54.7356103172454 F1000
G1 X-193.463 Y109.197 Z-627.904 F2000
G1 B90.0 F1000
G1 X-213.615 Y129.349 Z-607.752 F2000
G1 B90.0 F1000
G1 X-233.767 Y129.349 Z-587.6 F2000
G1 B90.0 F1000
G1 X-233.767 Y129.349 Z-567.448 F2000
G1 B54.73494020358584 F1000
G1 X-233.767 Y129.349 Z-547.295 F2000
G1 B90.0 F1000
G1 X-253.92 Y149.502 Z-527.143 F2000
G1 B90.0 F1000
G1 X-253.92 Y149.502 Z-506.991 F2000
G1 B90.0 F1000
G1 X-253.92 Y149.502 Z-486.839 F2000
G1 B90.0 F1000
G1 X-253.92 Y149.502 Z-466.687 F2000
G1 B90.0 F1000
G1 X-253.92 Y149.502 Z-446.534 F2000
G1 B90.0 F1000
G1 X-253.92 Y149.502 Z-426.382 F2000
G1 B90.0 F1000
G1 X-253.92 Y149.502 Z-406.23 F2000
G1 B125.26438968275471 F1000
G1 X-253.92 Y149.502 Z-386.078 F2000
G1 B90.0 F1000
G1 X-233.767 Y129.349 Z-365.925 F2000
G1 B90.0 F1000
G1 X-233.767 Y129.349 Z-345.773 F2000
G1 B90.0 F1000
G1 X-233.767 Y129.349 Z-325.621 F2000
G1 B90.0 F1000
G1 X-213.615 Y129.349 Z-305.469 F2000
G1 B125.26371954138452 F1000
G1 X-213.615 Y129.349 Z-285.317 F2000
G1 B90.0 F1000
G1 X-193.463 Y109.197 Z-265.164 F2000
G1 B125.26438968275468 F1000
G1 X-193.463 Y109.197 Z-245.012 F2000
G1 B90.0 F1000
G1 X-173.311 Y89.045 Z-224.86 F2000
G1 B125.26371954138457 F1000
G1 X-153.159 Y89.045 Z-204.708 F2000
G1 B123.32883716861723 F1000
G1 X-133.006 Y68.893 Z-184.556 F2000
G1 B90.0 F1000
G1 X-12.093 Y-11.716 Z-164.403 F2000
G1 B90.0 F1000
G1 X-12.093 Y-11.716 Z-144.251 F2000
G1 X-12.093 Y-11.716 Z-124.099 F2000
G1 X-19.275133243394247 Y-18.674229808947903 Z-124.099 F5000
M01
G1 X-162.68810335404564 Y51.77352193197617 Z-708.513 F5000
M00
G1 B54.73561031724539 F1000
G1 X-153.159 Y48.741 Z-708.513 F2000
G1 B90.0 F1000
G1 X-173.311 Y68.893 Z-688.361 F2000
G1 B90.0 F1000
G1 X-173.311 Y68.893 Z-668.209 F2000
G1 B54.73561031724539 F1000
G1 X-193.463 Y68.893 Z-648.056 F2000
G1 B90.0 F1000
G1 X-213.615 Y89.045 Z-627.904 F2000
G1 B90.0 F1000
G1 X-233.767 Y89.045 Z-607.752 F2000
G1 B54.736280458615475 F1000
G1 X-233.767 Y89.045 Z-587.6 F2000
G1 B90.0 F1000
G1 X-253.92 Y109.197 Z-567.448 F2000
G1 B90.0 F1000
G1 X-253.92 Y109.197 Z-547.295 F2000
G1 B90.0 F1000
G1 X-274.072 Y109.197 Z-527.143 F2000
G1 B90.0 F1000
G1 X-274.072 Y109.197 Z-506.991 F2000
G1 B90.0 F1000
G1 X-274.072 Y109.197 Z-486.839 F2000
G1 B90.0 F1000
G1 X-274.072 Y109.197 Z-466.687 F2000
G1 B90.0 F1000
G1 X-274.072 Y109.197 Z-446.534 F2000
G1 B90.0 F1000
G1 X-274.072 Y109.197 Z-426.382 F2000
G1 B90.0 F1000
G1 X-274.072 Y109.197 Z-406.23 F2000
G1 B90.0 F1000
G1 X-274.072 Y109.197 Z-386.078 F2000
G1 B90.0 F1000
G1 X-253.92 Y109.197 Z-365.925 F2000
G1 B125.26371954138452 F1000
G1 X-253.92 Y109.197 Z-345.773 F2000
G1 B90.0 F1000
G1 X-233.767 Y89.045 Z-325.621 F2000
G1 B90.0 F1000
G1 X-233.767 Y89.045 Z-305.469 F2000
G1 B90.0 F1000
G1 X-213.615 Y89.045 Z-285.317 F2000
G1 B125.26438968275465 F1000
G1 X-213.615 Y89.045 Z-265.164 F2000
G1 B90.0 F1000
G1 X-193.463 Y68.893 Z-245.012 F2000
G1 B90.0 F1000
G1 X-193.463 Y68.893 Z-224.86 F2000
G1 B114.09441872170008 F1000
G1 X-173.311 Y68.893 Z-204.708 F2000
G1 B116.25253769494957 F1000
G1 X-133.006 Y48.741 Z-184.556 F2000
G1 B90.0 F1000
G1 X-12.093 Y-11.716 Z-164.403 F2000
G1 B90.0 F1000
G1 X-12.093 Y-11.716 Z-144.251 F2000
G1 X-12.093 Y-11.716 Z-124.099 F2000
G1 X-19.275133243394247 Y-18.674229808947903 Z-124.099 F5000
M01
G1 X-162.98922193719986 Y30.422866933974955 Z-708.513 F5000
M00
G1 B90.0 F1000
G1 X-153.159 Y28.588 Z-708.513 F2000
G1 B54.734270051131624 F1000
G1 X-173.311 Y28.588 Z-688.361 F2000
G1 B90.0 F1000
G1 X-193.463 Y48.741 Z-668.209 F2000
G1 B90.0 F1000
G1 X-213.615 Y48.741 Z-648.056 F2000
G1 B54.73561031724537 F1000
G1 X-213.615 Y48.741 Z-627.904 F2000
G1 B90.0 F1000
G1 X-233.767 Y68.893 Z-607.752 F2000
G1 B90.0 F1000
G1 X-253.92 Y68.893 Z-587.6 F2000
G1 B90.0 F1000
G1 X-274.072 Y68.893 Z-567.448 F2000
G1 B90.0 F1000
G1 X-274.072 Y68.893 Z-547.295 F2000
G1 B54.73561031724537 F1000
G1 X-274.072 Y68.893 Z-527.143 F2000
G1 B90.0 F1000
G1 X-294.224 Y89.045 Z-506.991 F2000
G1 B90.0 F1000
G1 X-294.224 Y89.045 Z-486.839 F2000
G1 B90.0 F1000
G1 X-294.224 Y89.045 Z-466.687 F2000
G1 B90.0 F1000
G1 X-294.224 Y89.045 Z-446.534 F2000
G1 B125.26438968275468 F1000
G1 X-294.224 Y89.045 Z-426.382 F2000
G1 B90.0 F1000
G1 X-274.072 Y68.893 Z-406.23 F2000
G1 B90.0 F1000
G1 X-274.072 Y68.893 Z-386.078 F2000
G1 B90.0 F1000
G1 X-274.072 Y68.893 Z-365.925 F2000
G1 B90.0 F1000
G1 X-274.072 Y68.893 Z-345.773 F2000
G1 B90.0 F1000
G1 X-253.92 Y68.893 Z-325.621 F2000
G1 B90.0 F1000
G1 X-233.767 Y68.893 Z-305.469 F2000
G1 B125.26371954138455 F1000
G1 X-233.767 Y68.893 Z-285.317 F2000
G1 B90.0 F1000
G1 X-213.615 Y48.741 Z-265.164 F2000
G1 B90.0 F1000
G1 X-213.615 Y48.741 Z-245.012 F2000
G1 B125.26572994886841 F1000
G1 X-193.463 Y48.741 Z-224.86 F2000
G1 B90.0 F1000
G1 X-173.311 Y28.588 Z-204.708 F2000
G1 B108.20060066002468 F1000
G1 X-133.006 Y28.588 Z-184.556 F2000
G1 B90.0 F1000
G1 X-12.093 Y-11.716 Z-164.403 F2000
G1 B90.0 F1000
G1 X-12.093 Y-11.716 Z-144.251 F2000
G1 X-12.093 Y-11.716 Z-124.099 F2000
G1 X-19.275133243394247 Y-18.674229808947903 Z-124.099 F5000
M01
G1 X-163.1438653877388 Y8.985966534196256 Z-708.513 F5000
M00
G1 B90.0 F1000
G1 X-153.159 Y8.436 Z-708.513 F2000
G1 B90.0 F1000
G1 X-173.311 Y8.436 Z-688.361 F2000
G1 B54.736280458615404 F1000
G1 X-193.463 Y8.436 Z-668.209 F2000
G1 B90.0 F1000
G1 X-213.615 Y28.588 Z-648.056 F2000
G1 B90.0 F1000
G1 X-233.767 Y28.588 Z-627.904 F2000
G1 B90.0 F1000
G1 X-253.92 Y28.588 Z-607.752 F2000
G1 B90.0 F1000
G1 X-253.92 Y28.588 Z-587.6 F2000
G1 B90.0 F1000
G1 X-274.072 Y28.588 Z-567.448 F2000
G1 B90.0 F1000
G1 X-294.224 Y28.588 Z-547.295 F2000
G1 B90.0 F1000
G1 X-294.224 Y28.588 Z-527.143 F2000
G1 B90.0 F1000
G1 X-294.224 Y28.588 Z-506.991 F2000
G1 B90.0 F1000
G1 X-294.224 Y28.588 Z-486.839 F2000
G1 B90.0 F1000
G1 X-294.224 Y28.588 Z-466.687 F2000
G1 B90.0 F1000
G1 X-294.224 Y28.588 Z-446.534 F2000
G1 B90.0 F1000
G1 X-294.224 Y28.588 Z-426.382 F2000
G1 B90.0 F1000
G1 X-294.224 Y28.588 Z-406.23 F2000
G1 B90.0 F1000
G1 X-294.224 Y28.588 Z-386.078 F2000
G1 B90.0 F1000
G1 X-274.072 Y28.588 Z-365.925 F2000
G1 B90.0 F1000
G1 X-274.072 Y28.588 Z-345.773 F2000
G1 B90.0 F1000
G1 X-253.92 Y28.588 Z-325.621 F2000
G1 B90.0 F1000
G1 X-253.92 Y28.588 Z-305.469 F2000
G1 B90.0 F1000
G1 X-233.767 Y28.588 Z-285.317 F2000
G1 B90.0 F1000
G1 X-213.615 Y28.588 Z-265.164 F2000
G1 B125.26438968275465 F1000
G1 X-213.615 Y28.588 Z-245.012 F2000
G1 B90.0 F1000
G1 X-193.463 Y8.436 Z-224.86 F2000
G1 B90.0 F1000
G1 X-173.311 Y8.436 Z-204.708 F2000
G1 B98.04934871642571 F1000
G1 X-153.159 Y8.436 Z-184.556 F2000
G1 B90.0 F1000
G1 X-12.093 Y-11.716 Z-164.403 F2000
G1 B90.0 F1000
G1 X-12.093 Y-11.716 Z-144.251 F2000
G1 X-12.093 Y-11.716 Z-124.099 F2000
G1 X-19.275133243394247 Y-18.674229808947903 Z-124.099 F5000
M01
G1 X-163.129869845035 Y-12.478728348346685 Z-708.513 F5000
M00
G1 B90.0 F1000
G1 X-153.159 Y-11.716 Z-708.513 F2000
G1 B90.0 F1000
G1 X-173.311 Y-11.716 Z-688.361 F2000
G1 B90.0 F1000
G1 X-193.463 Y-11.716 Z-668.209 F2000
G1 B90.0 F1000
G1 X-213.615 Y-11.716 Z-648.056 F2000
G1 B90.0 F1000
G1 X-233.767 Y-11.716 Z-627.904 F2000
G1 B90.0 F1000
G1 X-253.92 Y-11.716 Z-607.752 F2000
G1 B90.0 F1000
G1 X-253.92 Y-11.716 Z-587.6 F2000
G1 B90.0 F1000
G1 X-274.072 Y-11.716 Z-567.448 F2000
G1 B90.0 F1000
G1 X-294.224 Y-11.716 Z-547.295 F2000
G1 B90.0 F1000
G1 X-294.224 Y-11.716 Z-527.143 F2000
G1 B90.0 F1000
G1 X-294.224 Y-11.716 Z-506.991 F2000
G1 B90.0 F1000
G1 X-294.224 Y-11.716 Z-486.839 F2000
G1 B90.0 F1000
G1 X-294.224 Y-11.716 Z-466.687 F2000
G1 B90.0 F1000
G1 X-294.224 Y-11.716 Z-446.534 F2000
G1 B90.0 F1000
G1 X-294.224 Y-11.716 Z-426.382 F2000
G1 B90.0 F1000
G1 X-294.224 Y-11.716 Z-406.23 F2000
G1 B90.0 F1000
G1 X-294.224 Y-11.716 Z-386.078 F2000
G1 B90.0 F1000
G1 X-274.072 Y-11.716 Z-365.925 F2000
G1 B90.0 F1000
G1 X-274.072 Y-11.716 Z-345.773 F2000
G1 B90.0 F1000
G1 X-253.92 Y-11.716 Z-325.621 F2000
G1 B90.0 F1000
G1 X-253.92 Y-11.716 Z-305.469 F2000
G1 B90.0 F1000
G1 X-233.767 Y-11.716 Z-285.317 F2000
G1 B90.0 F1000
G1 X-233.767 Y-11.716 Z-265.164 F2000
G1 B90.0 F1000
G1 X-213.615 Y-11.716 Z-245.012 F2000
G1 B90.0 F1000
G1 X-193.463 Y-11.716 Z-224.86 F2000
G1 B90.0 F1000
G1 X-173.311 Y-11.716 Z-204.708 F2000
G1 B90.0 F1000
G1 X-153.159 Y-11.716 Z-184.556 F2000
G1 B90.0 F1000
G1 X-12.093 Y-11.716 Z-164.403 F2000
G1 B90.0 F1000
G1 X-12.093 Y-11.716 Z-144.251 F2000
G1 X-12.093 Y-11.716 Z-124.099 F2000
G1 X-19.275133243394247 Y-18.674229808947903 Z-124.099 F5000
M01
G1 X-162.9493160137876 Y-33.90508427664965 Z-708.513 F5000
M00
G1 B90.0 F1000
G1 X-153.159 Y-31.868 Z-708.513 F2000
G1 B90.0 F1000
G1 X-193.463 Y-31.868 Z-688.361 F2000
G1 B90.0 F1000
G1 X-213.615 Y-31.868 Z-668.209 F2000
G1 B90.0 F1000
G1 X-213.615 Y-31.868 Z-648.056 F2000
G1 B90.0 F1000
G1 X-233.767 Y-31.868 Z-627.904 F2000
G1 B90.0 F1000
G1 X-253.92 Y-31.868 Z-607.752 F2000
G1 B90.0 F1000
G1 X-253.92 Y-31.868 Z-587.6 F2000
G1 B90.0 F1000
G1 X-274.072 Y-31.868 Z-567.448 F2000
G1 B90.0 F1000
G1 X-294.224 Y-31.868 Z-547.295 F2000
G1 B90.0 F1000
G1 X-294.224 Y-31.868 Z-527.143 F2000
G1 B90.0 F1000
G1 X-294.224 Y-31.868 Z-506.991 F2000
G1 B90.0 F1000
G1 X-294.224 Y-31.868 Z-486.839 F2000
G1 B90.0 F1000
G1 X-294.224 Y-31.868 Z-466.687 F2000
G1 B90.0 F1000
G1 X-294.224 Y-31.868 Z-446.534 F2000
G1 B90.0 F1000
G1 X-294.224 Y-31.868 Z-426.382 F2000
G1 B90.0 F1000
G1 X-294.224 Y-31.868 Z-406.23 F2000
G1 B90.0 F1000
G1 X-294.224 Y-31.868 Z-386.078 F2000
G1 B90.0 F1000
G1 X-274.072 Y-31.868 Z-365.925 F2000
G1 B90.0 F1000
G1 X-274.072 Y-31.868 Z-345.773 F2000
G1 B90.0 F1000
G1 X-253.92 Y-31.868 Z-325.621 F2000
G1 B90.0 F1000
G1 X-253.92 Y-31.868 Z-305.469 F2000
G1 B90.0 F1000
G1 X-233.767 Y-31.868 Z-285.317 F2000
G1 B90.0 F1000
G1 X-233.767 Y-31.868 Z-265.164 F2000
G1 B90.0 F1000
G1 X-213.615 Y-31.868 Z-245.012 F2000
G1 B90.0 F1000
G1 X-193.463 Y-31.868 Z-224.86 F2000
G1 B90.0 F1000
G1 X-193.463 Y-31.868 Z-204.708 F2000
G1 B81.9506512835743 F1000
G1 X-153.159 Y-31.868 Z-184.556 F2000
G1 B90.0 F1000
G1 X-12.093 Y-11.716 Z-164.403 F2000
G1 B90.0 F1000
G1 X-12.093 Y-11.716 Z-144.251 F2000
G1 X-12.093 Y-11.716 Z-124.099 F2000
G1 X-19.275133243394247 Y-18.674229808947903 Z-124.099 F5000
M01
G1 X-182.88884142540434 Y-54.89588323759576 Z-708.513 F5000
M00
G1 B90.0 F1000
G1 X-173.311 Y-52.021 Z-708.513 F2000
G1 B90.0 F1000
G1 X-193.463 Y-52.021 Z-688.361 F2000
G1 B125.2637195413846 F1000
G1 X-193.463 Y-52.021 Z-668.209 F2000
G1 B90.0 F1000
G1 X-213.615 Y-72.173 Z-648.056 F2000
G1 B90.0 F1000
G1 X-233.767 Y-72.173 Z-627.904 F2000
G1 B90.0 F1000
G1 X-233.767 Y-72.173 Z-607.752 F2000
G1 B90.0 F1000
G1 X-253.92 Y-72.173 Z-587.6 F2000
G1 B90.0 F1000
G1 X-274.072 Y-72.173 Z-567.448 F2000
G1 B90.0 F1000
G1 X-274.072 Y-72.173 Z-547.295 F2000
G1 B90.0 F1000
G1 X-294.224 Y-72.173 Z-527.143 F2000
G1 B90.0 F1000
G1 X-294.224 Y-72.173 Z-506.991 F2000
G1 B90.0 F1000
G1 X-294.224 Y-72.173 Z-486.839 F2000
G1 B90.0 F1000
G1 X-294.224 Y-72.173 Z-466.687 F2000
G1 B90.0 F1000
G1 X-294.224 Y-72.173 Z-446.534 F2000
G1 B90.0 F1000
G1 X-294.224 Y-72.173 Z-426.382 F2000
G1 B90.0 F1000
G1 X-294.224 Y-72.173 Z-406.23 F2000
G1 B90.0 F1000
G1 X-294.224 Y-72.173 Z-386.078 F2000
G1 B90.0 F1000
G1 X-274.072 Y-72.173 Z-365.925 F2000
G1 B90.0 F1000
G1 X-274.072 Y-72.173 Z-345.773 F2000
G1 B90.0 F1000
G1 X-253.92 Y-72.173 Z-325.621 F2000
G1 B90.0 F1000
G1 X-233.767 Y-72.173 Z-305.469 F2000
G1 B90.0 F1000
G1 X-233.767 Y-72.173 Z-285.317 F2000
G1 B90.0 F1000
G1 X-213.615 Y-72.173 Z-265.164 F2000
G1 B54.735610317245346 F1000
G1 X-213.615 Y-72.173 Z-245.012 F2000
G1 B90.0 F1000
G1 X-193.463 Y-52.021 Z-224.86 F2000
G1 B90.0 F1000
G1 X-193.463 Y-52.021 Z-204.708 F2000
G1 B74.20668203332683 F1000
G1 X-153.159 Y-52.021 Z-184.556 F2000
G1 B90.0 F1000
G1 X-12.093 Y-11.716 Z-164.403 F2000
G1 B90.0 F1000
G1 X-12.093 Y-11.716 Z-144.251 F2000
G1 X-12.093 Y-11.716 Z-124.099 F2000
G1 X-19.275133243394247 Y-18.674229808947903 Z-124.099 F5000
M01
G1 X-162.20495177564922 Y-76.4357170293873 Z-708.513 F5000
M00
G1 B90.0 F1000
G1 X-153.159 Y-72.173 Z-708.513 F2000
G1 B125.26438968275463 F1000
G1 X-173.311 Y-72.173 Z-688.361 F2000
G1 B90.0 F1000
G1 X-193.463 Y-92.325 Z-668.209 F2000
G1 B90.0 F1000
G1 X-213.615 Y-92.325 Z-648.056 F2000
G1 B125.26438968275463 F1000
G1 X-213.615 Y-92.325 Z-627.904 F2000
G1 B90.0 F1000
G1 X-233.767 Y-112.477 Z-607.752 F2000
G1 B90.0 F1000
G1 X-253.92 Y-112.477 Z-587.6 F2000
G1 B90.0 F1000
G1 X-253.92 Y-112.477 Z-567.448 F2000
G1 B90.0 F1000
G1 X-274.072 Y-112.477 Z-547.295 F2000
G1 B90.0 F1000
G1 X-274.072 Y-112.477 Z-527.143 F2000
G1 B90.0 F1000
G1 X-274.072 Y-112.477 Z-506.991 F2000
G1 B90.0 F1000
G1 X-274.072 Y-112.477 Z-486.839 F2000
G1 B90.0 F1000
G1 X-274.072 Y-112.477 Z-466.687 F2000
G1 B90.0 F1000
G1 X-274.072 Y-112.477 Z-446.534 F2000
G1 B90.0 F1000
G1 X-274.072 Y-112.477 Z-426.382 F2000
G1 B90.0 F1000
G1 X-274.072 Y-112.477 Z-406.23 F2000
G1 B90.0 F1000
G1 X-274.072 Y-112.477 Z-386.078 F2000
G1 B90.0 F1000
G1 X-253.92 Y-112.477 Z-365.925 F2000
G1 B90.0 F1000
G1 X-253.92 Y-112.477 Z-345.773 F2000
G1 B90.0 F1000
G1 X-233.767 Y-112.477 Z-325.621 F2000
G1 B54.73561031724533 F1000
G1 X-233.767 Y-112.477 Z-305.469 F2000
G1 B90.0 F1000
G1 X-213.615 Y-92.325 Z-285.317 F2000
G1 B90.0 F1000
G1 X-213.615 Y-92.325 Z-265.164 F2000
G1 B54.73561031724533 F1000
G1 X-193.463 Y-92.325 Z-245.012 F2000
G1 B90.0 F1000
G1 X-173.311 Y-72.173 Z-224.86 F2000
G1 B90.0 F1000
G1 X-173.311 Y-72.173 Z-204.708 F2000
G1 B67.0101981520348 F1000
G1 X-153.159 Y-72.173 Z-184.556 F2000
G1 B90.0 F1000
G1 X-12.093 Y-11.716 Z-164.403 F2000
G1 B90.0 F1000
G1 X-12.093 Y-11.716 Z-144.251 F2000
G1 X-12.093 Y-11.716 Z-124.099 F2000
G1 X-19.275133243394247 Y-18.674229808947903 Z-124.099 F5000
M01
G1 X-161.72331299860403 Y-97.4876100823074 Z-708.513 F5000
M00
G1 B90.0 F1000
G1 X-153.159 Y-92.325 Z-708.513 F2000
G1 B125.26438968275461 F1000
G1 X-153.159 Y-92.325 Z-688.361 F2000
G1 B90.0 F1000
G1 X-173.311 Y-112.477 Z-668.209 F2000
G1 B90.0 F1000
G1 X-193.463 Y-112.477 Z-648.056 F2000
G1 B125.26438968275461 F1000
G1 X-193.463 Y-112.477 Z-627.904 F2000
G1 B90.0 F1000
G1 X-213.615 Y-132.629 Z-607.752 F2000
G1 B90.0 F1000
G1 X-233.767 Y-132.629 Z-587.6 F2000
G1 B125.26438968275468 F1000
G1 X-233.767 Y-132.629 Z-567.448 F2000
G1 B90.0 F1000
G1 X-253.92 Y-152.782 Z-547.295 F2000
G1 B90.0 F1000
G1 X-253.92 Y-152.782 Z-527.143 F2000
G1 B90.0 F1000
G1 X-274.072 Y-152.782 Z-506.991 F2000
G1 B90.0 F1000
G1 X-274.072 Y-152.782 Z-486.839 F2000
G1 B90.0 F1000
G1 X-274.072 Y-152.782 Z-466.687 F2000
G1 B90.0 F1000
G1 X-274.072 Y-152.782 Z-446.534 F2000
G1 B90.0 F1000
G1 X-274.072 Y-152.782 Z-426.382 F2000
G1 B90.0 F1000
G1 X-253.92 Y-152.782 Z-406.23 F2000
G1 B90.0 F1000
G1 X-253.92 Y-152.782 Z-386.078 F2000
G1 B54.73494020358589 F1000
G1 X-253.92 Y-152.782 Z-365.925 F2000
G1 B90.0 F1000
G1 X-233.767 Y-132.629 Z-345.773 F2000
G1 B90.0 F1000
G1 X-233.767 Y-132.629 Z-325.621 F2000
G1 B54.73561031724537 F1000
G1 X-213.615 Y-132.629 Z-305.469 F2000
G1 B90.0 F1000
G1 X-193.463 Y-112.477 Z-285.317 F2000
G1 B90.0 F1000
G1 X-193.463 Y-112.477 Z-265.164 F2000
G1 B90.0 F1000
G1 X-193.463 Y-112.477 Z-245.012 F2000
G1 B54.73561031724537 F1000
G1 X-173.311 Y-112.477 Z-224.86 F2000
G1 B65.90558127829992 F1000
G1 X-153.159 Y-92.325 Z-204.708 F2000
G1 B59.529513086403604 F1000
G1 X-112.854 Y-72.173 Z-184.556 F2000
G1 B90.0 F1000
G1 X-12.093 Y-11.716 Z-164.403 F2000
G1 B90.0 F1000
G1 X-12.093 Y-11.716 Z-144.251 F2000
G1 X-12.093 Y-11.716 Z-124.099 F2000
G1 X-19.275133243394247 Y-18.674229808947903 Z-124.099 F5000
M01
G1 X-120.59391216324107 Y-98.6569633373317 Z-708.513 F5000
M00
G1 B125.26438968275463 F1000
G1 X-112.854 Y-92.325 Z-708.513 F2000
G1 B125.26371954138452 F1000
G1 X-133.006 Y-112.477 Z-688.361 F2000
G1 B90.0 F1000
G1 X-153.159 Y-132.629 Z-668.209 F2000
G1 B125.26572994886841 F1000
G1 X-173.311 Y-132.629 Z-648.056 F2000
G1 B90.0 F1000
G1 X-193.463 Y-152.782 Z-627.904 F2000
G1 B125.26438968275468 F1000
G1 X-193.463 Y-152.782 Z-607.752 F2000
G1 B90.0 F1000
G1 X-213.615 Y-172.934 Z-587.6 F2000
G1 B90.0 F1000
G1 X-213.615 Y-172.934 Z-567.448 F2000
G1 B90.0 F1000
G1 X-233.767 Y-172.934 Z-547.295 F2000
G1 B90.0 F1000
G1 X-233.767 Y-172.934 Z-527.143 F2000
G1 B90.0 F1000
G1 X-233.767 Y-172.934 Z-506.991 F2000
G1 B90.0 F1000
G1 X-233.767 Y-172.934 Z-486.839 F2000
G1 B90.0 F1000
G1 X-233.767 Y-172.934 Z-466.687 F2000
G1 B90.0 F1000
G1 X-233.767 Y-172.934 Z-446.534 F2000
G1 B90.0 F1000
G1 X-233.767 Y-172.934 Z-426.382 F2000
G1 B90.0 F1000
G1 X-233.767 Y-172.934 Z-406.23 F2000
G1 B90.0 F1000
G1 X-233.767 Y-172.934 Z-386.078 F2000
G1 B90.0 F1000
G1 X-233.767 Y-172.934 Z-365.925 F2000
G1 B54.7356103172454 F1000
G1 X-213.615 Y-172.934 Z-345.773 F2000
G1 B90.0 F1000
G1 X-193.463 Y-152.782 Z-325.621 F2000
G1 B90.0 F1000
G1 X-193.463 Y-152.782 Z-305.469 F2000
G1 B54.73494020358591 F1000
G1 X-193.463 Y-152.782 Z-285.317 F2000
G1 B90.0 F1000
G1 X-173.311 Y-132.629 Z-265.164 F2000
G1 B90.0 F1000
G1 X-173.311 Y-132.629 Z-245.012 F2000
G1 B54.73628045861548 F1000
G1 X-153.159 Y-132.629 Z-224.86 F2000
G1 B54.735610317245346 F1000
G1 X-133.006 Y-112.477 Z-204.708 F2000
G1 B51.887046948060245 F1000
G1 X-112.854 Y-92.325 Z-184.556 F2000
G1 B90.0 F1000
G1 X-12.093 Y-11.716 Z-164.403 F2000
G1 B90.0 F1000
G1 X-12.093 Y-11.716 Z-144.251 F2000
G1 X-12.093 Y-11.716 Z-124.099 F2000
G1 X-19.275133243394247 Y-18.674229808947903 Z-124.099 F5000
M01
G1 X-119.936888461388 Y-119.53622736873781 Z-708.513 F5000
M00
G1 B125.26438968275461 F1000
G1 X-112.854 Y-112.477 Z-708.513 F2000
G1 B90.0 F1000
G1 X-133.006 Y-132.629 Z-688.361 F2000
G1 B125.26438968275475 F1000
G1 X-133.006 Y-132.629 Z-668.209 F2000
G1 B125.26438968275461 F1000
G1 X-153.159 Y-152.782 Z-648.056 F2000
G1 B90.0 F1000
G1 X-173.311 Y-172.934 Z-627.904 F2000
G1 B125.26438968275474 F1000
G1 X-173.311 Y-172.934 Z-607.752 F2000
G1 B90.0 F1000
G1 X-193.463 Y-193.086 Z-587.6 F2000
G1 B90.0 F1000
G1 X-193.463 Y-193.086 Z-567.448 F2000
G1 B90.0 F1000
G1 X-193.463 Y-193.086 Z-547.295 F2000
G1 B125.26438968275461 F1000
G1 X-193.463 Y-193.086 Z-527.143 F2000
G1 B90.0 F1000
G1 X-213.615 Y-213.238 Z-506.991 F2000
G1 B90.0 F1000
G1 X-213.615 Y-213.238 Z-486.839 F2000
G1 B90.0 F1000
G1 X-213.615 Y-213.238 Z-466.687 F2000
G1 B90.0 F1000
G1 X-213.615 Y-213.238 Z-446.534 F2000
G1 B90.0 F1000
G1 X-213.615 Y-213.238 Z-426.382 F2000
G1 B54.7356103172454 F1000
G1 X-213.615 Y-213.238 Z-406.23 F2000
G1 B90.0 F1000
G1 X-193.463 Y-193.086 Z-386.078 F2000
G1 B90.0 F1000
G1 X-193.463 Y-193.086 Z-365.925 F2000
G1 B54.735610317245346 F1000
G1 X-193.463 Y-193.086 Z-345.773 F2000
G1 B90.0 F1000
G1 X-173.311 Y-172.934 Z-325.621 F2000
G1 B90.0 F1000
G1 X-173.311 Y-172.934 Z-305.469 F2000
G1 B54.7362804586155 F1000
G1 X-173.311 Y-172.934 Z-285.317 F2000
G1 B90.0 F1000
G1 X-153.159 Y-152.782 Z-265.164 F2000
G1 B54.73494020358589 F1000
G1 X-153.159 Y-152.782 Z-245.012 F2000
G1 B90.0 F1000
G1 X-133.006 Y-132.629 Z-224.86 F2000
G1 B48.18968510422141 F1000
G1 X-133.006 Y-132.629 Z-204.708 F2000
G1 B45.86831347663962 F1000
G1 X-92.702 Y-92.325 Z-184.556 F2000
G1 B90.0 F1000
G1 X-12.093 Y-11.716 Z-164.403 F2000
G1 B90.0 F1000
G1 X-12.093 Y-11.716 Z-144.251 F2000
G1 X-12.093 Y-11.716 Z-124.099 F2000
G1 X-19.275133243394247 Y-18.674229808947903 Z-124.099 F5000
M01
G1 X-99.06209248847729 Y-120.19381433870316 Z-708.513 F5000
M00
G1 B125.26438968275461 F1000
G1 X-92.702 Y-112.477 Z-708.513 F2000
G1 B125.26572994886841 F1000
G1 X-112.854 Y-132.629 Z-688.361 F2000
G1 B90.0 F1000
G1 X-133.006 Y-152.782 Z-668.209 F2000
G1 B125.26371954138452 F1000
G1 X-133.006 Y-152.782 Z-648.056 F2000
G1 B90.0 F1000
G1 X-153.159 Y-172.934 Z-627.904 F2000
G1 B125.26438968275471 F1000
G1 X-153.159 Y-172.934 Z-607.752 F2000
G1 B134.99999999999991 F1000
G1 X-173.311 Y-193.086 Z-587.6 F2000
G1 B90.0 F1000
G1 X-173.311 Y-213.238 Z-567.448 F2000
G1 B90.0 F1000
G1 X-173.311 Y-213.238 Z-547.295 F2000
G1 B125.26438968275463 F1000
G1 X-173.311 Y-213.238 Z-527.143 F2000
G1 B90.0 F1000
G1 X-193.463 Y-233.39 Z-506.991 F2000
G1 B90.0 F1000
G1 X-193.463 Y-233.39 Z-486.839 F2000
G1 B90.0 F1000
G1 X-193.463 Y-233.39 Z-466.687 F2000
G1 B90.0 F1000
G1 X-193.463 Y-233.39 Z-446.534 F2000
G1 B54.735610317245346 F1000
G1 X-193.463 Y-233.39 Z-426.382 F2000
G1 B90.0 F1000
G1 X-173.311 Y-213.238 Z-406.23 F2000
G1 B90.0 F1000
G1 X-173.311 Y-213.238 Z-386.078 F2000
G1 B90.0 F1000
G1 X-173.311 Y-213.238 Z-365.925 F2000
G1 B45.00000000000008 F1000
G1 X-173.311 Y-213.238 Z-345.773 F2000
G1 B90.0 F1000
G1 X-173.311 Y-193.086 Z-325.621 F2000
G1 B54.73561031724533 F1000
G1 X-173.311 Y-193.086 Z-305.469 F2000
G1 B90.0 F1000
G1 X-153.159 Y-172.934 Z-285.317 F2000
G1 B54.73628045861546 F1000
G1 X-153.159 Y-172.934 Z-265.164 F2000
G1 B90.0 F1000
G1 X-133.006 Y-152.782 Z-245.012 F2000
G1 B54.73427005113157 F1000
G1 X-133.006 Y-152.782 Z-224.86 F2000
G1 B54.73561031724535 F1000
G1 X-112.854 Y-132.629 Z-204.708 F2000
G1 B39.509843632888504 F1000
G1 X-92.702 Y-112.477 Z-184.556 F2000
G1 B90.0 F1000
G1 X-12.093 Y-11.716 Z-164.403 F2000
G1 B90.0 F1000
G1 X-12.093 Y-11.716 Z-144.251 F2000
G1 X-12.093 Y-11.716 Z-124.099 F2000
G1 X-19.275133243394247 Y-18.674229808947903 Z-124.099 F5000
M01
G1 X-98.4308859343714 Y-140.82533246952323 Z-708.513 F5000
M00
G1 B125.26572994886841 F1000
G1 X-92.702 Y-132.629 Z-708.513 F2000
G1 B134.99999999999991 F1000
G1 X-112.854 Y-152.782 Z-688.361 F2000
G1 B90.0 F1000
G1 X-112.854 Y-172.934 Z-668.209 F2000
G1 B125.26438968275465 F1000
G1 X-112.854 Y-172.934 Z-648.056 F2000
G1 B134.99999999999991 F1000
G1 X-133.006 Y-193.086 Z-627.904 F2000
G1 B90.0 F1000
G1 X-133.006 Y-213.238 Z-607.752 F2000
G1 B125.26371954138452 F1000
G1 X-133.006 Y-213.238 Z-587.6 F2000
G1 B135.0 F1000
G1 X-153.159 Y-233.39 Z-567.448 F2000
G1 B90.0 F1000
G1 X-153.159 Y-253.543 Z-547.295 F2000
G1 B90.0 F1000
G1 X-153.159 Y-253.543 Z-527.143 F2000
G1 B90.0 F1000
G1 X-153.159 Y-253.543 Z-506.991 F2000
G1 B90.0 F1000
G1 X-153.159 Y-253.543 Z-486.839 F2000
G1 B90.0 F1000
G1 X-153.159 Y-253.543 Z-466.687 F2000
G1 B90.0 F1000
G1 X-153.159 Y-253.543 Z-446.534 F2000
G1 B90.0 F1000
G1 X-153.159 Y-253.543 Z-426.382 F2000
G1 B90.0 F1000
G1 X-153.159 Y-253.543 Z-406.23 F2000
G1 B44.999999999999915 F1000
G1 X-153.159 Y-253.543 Z-386.078 F2000
G1 B90.0 F1000
G1 X-153.159 Y-233.39 Z-365.925 F2000
G1 B54.7362804586155 F1000
G1 X-153.159 Y-233.39 Z-345.773 F2000
G1 B90.0 F1000
G1 X-133.006 Y-213.238 Z-325.621 F2000
G1 B45.0 F1000
G1 X-133.006 Y-213.238 Z-305.469 F2000
G1 B90.0 F1000
G1 X-133.006 Y-193.086 Z-285.317 F2000
G1 B54.73561031724532 F1000
G1 X-133.006 Y-193.086 Z-265.164 F2000
G1 B90.0 F1000
G1 X-112.854 Y-172.934 Z-245.012 F2000
G1 B35.26371954969769 F1000
G1 X-112.854 Y-172.934 Z-224.86 F2000
G1 B54.73561031724535 F1000
G1 X-92.702 Y-132.629 Z-204.708 F2000
G1 B32.31179011905305 F1000
G1 X-72.55 Y-112.477 Z-184.556 F2000
G1 B90.0 F1000
G1 X-12.093 Y-11.716 Z-164.403 F2000
G1 B90.0 F1000
G1 X-12.093 Y-11.716 Z-144.251 F2000
G1 X-12.093 Y-11.716 Z-124.099 F2000
G1 X-19.275133243394247 Y-18.674229808947903 Z-124.099 F5000
M01
G1 X-76.8395333511314 Y-161.81526649831233 Z-708.513 F5000
M00
G1 B90.0 F1000
G1 X-72.55 Y-152.782 Z-708.513 F2000
G1 B125.26438968275461 F1000
G1 X-72.55 Y-152.782 Z-688.361 F2000
G1 B134.9985784448705 F1000
G1 X-92.702 Y-172.934 Z-668.209 F2000
G1 B125.26438968275461 F1000
G1 X-92.702 Y-193.086 Z-648.056 F2000
G1 B134.99999999999991 F1000
G1 X-112.854 Y-213.238 Z-627.904 F2000
G1 B90.0 F1000
G1 X-112.854 Y-233.39 Z-607.752 F2000
G1 B135.00142155512964 F1000
G1 X-112.854 Y-233.39 Z-587.6 F2000
G1 B90.0 F1000
G1 X-112.854 Y-253.543 Z-567.448 F2000
G1 B125.26438968275468 F1000
G1 X-112.854 Y-253.543 Z-547.295 F2000
G1 B90.0 F1000
G1 X-133.006 Y-273.695 Z-527.143 F2000
G1 B90.0 F1000
G1 X-133.006 Y-273.695 Z-506.991 F2000
G1 B90.0 F1000
G1 X-133.006 Y-273.695 Z-486.839 F2000
G1 B90.0 F1000
G1 X-133.006 Y-273.695 Z-466.687 F2000
G1 B90.0 F1000
G1 X-133.006 Y-273.695 Z-446.534 F2000
G1 B90.0 F1000
G1 X-133.006 Y-273.695 Z-426.382 F2000
G1 B90.0 F1000
G1 X-133.006 Y-273.695 Z-406.23 F2000
G1 B54.73628045861545 F1000
G1 X-133.006 Y-273.695 Z-386.078 F2000
G1 B90.0 F1000
G1 X-112.854 Y-253.543 Z-365.925 F2000
G1 B44.99857844487037 F1000
G1 X-112.854 Y-253.543 Z-345.773 F2000
G1 B90.0 F1000
G1 X-112.854 Y-233.39 Z-325.621 F2000
G1 B45.0 F1000
G1 X-112.854 Y-233.39 Z-305.469 F2000
G1 B54.73628045861549 F1000
G1 X-112.854 Y-213.238 Z-285.317 F2000
G1 B90.0 F1000
G1 X-92.702 Y-193.086 Z-265.164 F2000
G1 B44.999999999999964 F1000
G1 X-92.702 Y-193.086 Z-245.012 F2000
G1 B54.735610317245374 F1000
G1 X-92.702 Y-172.934 Z-224.86 F2000
G1 B44.99857844487028 F1000
G1 X-72.55 Y-152.782 Z-204.708 F2000
G1 B27.791579279903953 F1000
G1 X-72.55 Y-132.629 Z-184.556 F2000
G1 B90.0 F1000
G1 X-12.093 Y-11.716 Z-164.403 F2000
G1 B90.0 F1000
G1 X-12.093 Y-11.716 Z-144.251 F2000
G1 X-12.093 Y-11.716 Z-124.099 F2000
G1 X-19.275133243394247 Y-18.674229808947903 Z-124.099 F5000
M01
G1 X-55.64210747647145 Y-162.24116310680296 Z-708.513 F5000
M00
G1 B134.99999999999991 F1000
G1 X-52.398 Y-152.782 Z-708.513 F2000
G1 B125.26438968275465 F1000
G1 X-52.398 Y-172.934 Z-688.361 F2000
G1 B134.99857844487045 F1000
G1 X-72.55 Y-193.086 Z-668.209 F2000
G1 B134.99999999999991 F1000
G1 X-72.55 Y-213.238 Z-648.056 F2000
G1 B90.0 F1000
G1 X-72.55 Y-233.39 Z-627.904 F2000
G1 B135.0014215551298 F1000
G1 X-72.55 Y-233.39 Z-607.752 F2000
G1 B90.0 F1000
G1 X-72.55 Y-253.543 Z-587.6 F2000
G1 B125.26371954138452 F1000
G1 X-72.55 Y-253.543 Z-567.448 F2000
G1 B90.0 F1000
G1 X-92.702 Y-273.695 Z-547.295 F2000
G1 B134.99999999999991 F1000
G1 X-92.702 Y-273.695 Z-527.143 F2000
G1 B90.0 F1000
G1 X-92.702 Y-293.847 Z-506.991 F2000
G1 B90.0 F1000
G1 X-92.702 Y-293.847 Z-486.839 F2000
G1 B90.0 F1000
G1 X-92.702 Y-293.847 Z-466.687 F2000
G1 B90.0 F1000
G1 X-92.702 Y-293.847 Z-446.534 F2000
G1 B45.0 F1000
G1 X-92.702 Y-293.847 Z-426.382 F2000
G1 B90.0 F1000
G1 X-92.702 Y-273.695 Z-406.23 F2000
G1 B90.0 F1000
G1 X-92.702 Y-273.695 Z-386.078 F2000
G1 B54.73561031724535 F1000
G1 X-92.702 Y-273.695 Z-365.925 F2000
G1 B90.0 F1000
G1 X-72.55 Y-253.543 Z-345.773 F2000
G1 B44.99857844487028 F1000
G1 X-72.55 Y-253.543 Z-325.621 F2000
G1 B90.0 F1000
G1 X-72.55 Y-233.39 Z-305.469 F2000
G1 B45.00142155512972 F1000
G1 X-72.55 Y-233.39 Z-285.317 F2000
G1 B90.0 F1000
G1 X-72.55 Y-213.238 Z-265.164 F2000
G1 B45.0 F1000
G1 X-72.55 Y-213.238 Z-245.012 F2000
G1 B54.73561031724533 F1000
G1 X-72.55 Y-193.086 Z-224.86 F2000
G1 B45.0 F1000
G1 X-52.398 Y-172.934 Z-204.708 F2000
G1 B17.715731351554318 F1000
G1 X-52.398 Y-152.782 Z-184.556 F2000
G1 B90.0 F1000
G1 X-12.093 Y-11.716 Z-164.403 F2000
G1 B90.0 F1000
G1 X-12.093 Y-11.716 Z-144.251 F2000
G1 X-12.093 Y-11.716 Z-124.099 F2000
G1 X-19.275133243394247 Y-18.674229808947903 Z-124.099 F5000
M01
G1 X-34.07799281901771 Y-182.76457156656872 Z-708.513 F5000
M00
G1 B134.99999999999997 F1000
G1 X-32.245 Y-172.934 Z-708.513 F2000
G1 B90.0 F1000
G1 X-32.245 Y-193.086 Z-688.361 F2000
G1 B125.26304943880949 F1000
G1 X-32.245 Y-193.086 Z-668.209 F2000
G1 B134.99999999999991 F1000
G1 X-52.398 Y-213.238 Z-648.056 F2000
G1 B135.00142155512964 F1000
G1 X-52.398 Y-233.39 Z-627.904 F2000
G1 B90.0 F1000
G1 X-52.398 Y-253.543 Z-607.752 F2000
G1 B134.99999999999991 F1000
G1 X-52.398 Y-253.543 Z-587.6 F2000
G1 B90.0 F1000
G1 X-52.398 Y-273.695 Z-567.448 F2000
G1 B135.0000000000001 F1000
G1 X-52.398 Y-273.695 Z-547.295 F2000
G1 B90.0 F1000
G1 X-52.398 Y-293.847 Z-527.143 F2000
G1 B90.0 F1000
G1 X-52.398 Y-293.847 Z-506.991 F2000
G1 B90.0 F1000
G1 X-52.398 Y-293.847 Z-486.839 F2000
G1 B90.0 F1000
G1 X-52.398 Y-293.847 Z-466.687 F2000
G1 B90.0 F1000
G1 X-52.398 Y-293.847 Z-446.534 F2000
G1 B90.0 F1000
G1 X-52.398 Y-293.847 Z-426.382 F2000
G1 B90.0 F1000
G1 X-52.398 Y-293.847 Z-406.23 F2000
G1 B45.00142155512964 F1000
G1 X-52.398 Y-293.847 Z-386.078 F2000
G1 B90.0 F1000
G1 X-52.398 Y-273.695 Z-365.925 F2000
G1 B45.00000000000008 F1000
G1 X-52.398 Y-273.695 Z-345.773 F2000
G1 B90.0 F1000
G1 X-52.398 Y-253.543 Z-325.621 F2000
G1 B44.99857844487028 F1000
G1 X-52.398 Y-253.543 Z-305.469 F2000
G1 B90.0 F1000
G1 X-52.398 Y-233.39 Z-285.317 F2000
G1 B45.0 F1000
G1 X-52.398 Y-233.39 Z-265.164 F2000
G1 B54.73628045861547 F1000
G1 X-52.398 Y-213.238 Z-245.012 F2000
G1 B90.0 F1000
G1 X-32.245 Y-193.086 Z-224.86 F2000
G1 B26.56505117707798 F1000
G1 X-32.245 Y-193.086 Z-204.708 F2000
G1 B11.421871921390316 F1000
G1 X-32.245 Y-152.782 Z-184.556 F2000
G1 B90.0 F1000
G1 X-12.093 Y-11.716 Z-164.403 F2000
G1 B90.0 F1000
G1 X-12.093 Y-11.716 Z-144.251 F2000
G1 X-12.093 Y-11.716 Z-124.099 F2000
G1 X-19.275133243394247 Y-18.674229808947903 Z-124.099 F5000
M01
G1 X-12.790580621312003 Y-182.9096393918771 Z-708.513 F5000
M00
G1 B134.99999999999997 F1000
G1 X-12.093 Y-172.934 Z-708.513 F2000
G1 B134.99999999999991 F1000
G1 X-12.093 Y-193.086 Z-688.361 F2000
G1 B90.0 F1000
G1 X-12.093 Y-213.238 Z-668.209 F2000
G1 B134.99999999999991 F1000
G1 X-12.093 Y-213.238 Z-648.056 F2000
G1 B135.00142155512964 F1000
G1 X-12.093 Y-233.39 Z-627.904 F2000
G1 B90.0 F1000
G1 X-12.093 Y-253.543 Z-607.752 F2000
G1 B134.99999999999991 F1000
G1 X-12.093 Y-253.543 Z-587.6 F2000
G1 B134.99857844487028 F1000
G1 X-12.093 Y-273.695 Z-567.448 F2000
G1 B90.0 F1000
G1 X-12.093 Y-293.847 Z-547.295 F2000
G1 B90.0 F1000
G1 X-12.093 Y-293.847 Z-527.143 F2000
G1 B90.0 F1000
G1 X-12.093 Y-293.847 Z-506.991 F2000
G1 B90.0 F1000
G1 X-12.093 Y-293.847 Z-486.839 F2000
G1 B90.0 F1000
G1 X-12.093 Y-293.847 Z-466.687 F2000
G1 B90.0 F1000
G1 X-12.093 Y-293.847 Z-446.534 F2000
G1 B90.0 F1000
G1 X-12.093 Y-293.847 Z-426.382 F2000
G1 B90.0 F1000
G1 X-12.093 Y-293.847 Z-406.23 F2000
G1 B45.00142155512964 F1000
G1 X-12.093 Y-293.847 Z-386.078 F2000
G1 B90.0 F1000
G1 X-12.093 Y-273.695 Z-365.925 F2000
G1 B45.00000000000008 F1000
G1 X-12.093 Y-273.695 Z-345.773 F2000
G1 B90.0 F1000
G1 X-12.093 Y-253.543 Z-325.621 F2000
G1 B44.99857844487028 F1000
G1 X-12.093 Y-253.543 Z-305.469 F2000
G1 B90.0 F1000
G1 X-12.093 Y-233.39 Z-285.317 F2000
G1 B45.0 F1000
G1 X-12.093 Y-233.39 Z-265.164 F2000
G1 B90.0 F1000
G1 X-12.093 Y-213.238 Z-245.012 F2000
G1 B45.00000000000004 F1000
G1 X-12.093 Y-213.238 Z-224.86 F2000
G1 B26.56505117707798 F1000
G1 X-12.093 Y-193.086 Z-204.708 F2000
G1 B8.130386668003625 F1000
G1 X-12.093 Y-152.782 Z-184.556 F2000
G1 B90.0 F1000
G1 X-12.093 Y-11.716 Z-164.403 F2000
G1 B90.0 F1000
G1 X-12.093 Y-11.716 Z-144.251 F2000
G1 X-12.093 Y-11.716 Z-124.099 F2000
G1 X-19.275133243394247 Y-18.674229808947903 Z-124.099 F5000
M01
G1 X8.52451073403863 Y-182.92315911158167 Z-708.513 F5000
M00
G1 B134.99999999999997 F1000
G1 X8.059 Y-172.934 Z-708.513 F2000
G1 B134.99999999999991 F1000
G1 X8.059 Y-193.086 Z-688.361 F2000
G1 B90.0 F1000
G1 X8.059 Y-213.238 Z-668.209 F2000
G1 B134.99999999999991 F1000
G1 X8.059 Y-213.238 Z-648.056 F2000
G1 B90.0 F1000
G1 X8.059 Y-233.39 Z-627.904 F2000
G1 B125.2657299488685 F1000
G1 X8.059 Y-233.39 Z-607.752 F2000
G1 B134.99999999999991 F1000
G1 X28.211 Y-253.543 Z-587.6 F2000
G1 B90.0 F1000
G1 X28.211 Y-273.695 Z-567.448 F2000
G1 B135.0000000000001 F1000
G1 X28.211 Y-273.695 Z-547.295 F2000
G1 B90.0 F1000
G1 X28.211 Y-293.847 Z-527.143 F2000
G1 B90.0 F1000
G1 X28.211 Y-293.847 Z-506.991 F2000
G1 B90.0 F1000
G1 X28.211 Y-293.847 Z-486.839 F2000
G1 B90.0 F1000
G1 X28.211 Y-293.847 Z-466.687 F2000
G1 B90.0 F1000
G1 X28.211 Y-293.847 Z-446.534 F2000
G1 B90.0 F1000
G1 X28.211 Y-293.847 Z-426.382 F2000
G1 B90.0 F1000
G1 X28.211 Y-293.847 Z-406.23 F2000
G1 B45.00142155512964 F1000
G1 X28.211 Y-293.847 Z-386.078 F2000
G1 B90.0 F1000
G1 X28.211 Y-273.695 Z-365.925 F2000
G1 B45.00000000000008 F1000
G1 X28.211 Y-273.695 Z-345.773 F2000
G1 B90.0 F1000
G1 X28.211 Y-253.543 Z-325.621 F2000
G1 B54.73427005113156 F1000
G1 X28.211 Y-253.543 Z-305.469 F2000
G1 B90.0 F1000
G1 X8.059 Y-233.39 Z-285.317 F2000
G1 B45.0 F1000
G1 X8.059 Y-233.39 Z-265.164 F2000
G1 B45.0 F1000
G1 X8.059 Y-213.238 Z-245.012 F2000
G1 B90.0 F1000
G1 X8.059 Y-193.086 Z-224.86 F2000
G1 B26.56505117707798 F1000
G1 X8.059 Y-193.086 Z-204.708 F2000
G1 B11.421871921390316 F1000
G1 X8.059 Y-152.782 Z-184.556 F2000
G1 B90.0 F1000
G1 X-12.093 Y-11.716 Z-164.403 F2000
G1 B90.0 F1000
G1 X-12.093 Y-11.716 Z-144.251 F2000
G1 X-12.093 Y-11.716 Z-124.099 F2000
G1 X-19.275133243394247 Y-18.674229808947903 Z-124.099 F5000
M01
G1 X29.821033613143072 Y-182.80353857911044 Z-708.513 F5000
M00
G1 B134.99999999999997 F1000
G1 X28.211 Y-172.934 Z-708.513 F2000
G1 B90.0 F1000
G1 X28.211 Y-193.086 Z-688.361 F2000
G1 B125.26304943880949 F1000
G1 X28.211 Y-193.086 Z-668.209 F2000
G1 B134.99999999999991 F1000
G1 X48.364 Y-213.238 Z-648.056 F2000
G1 B90.0 F1000
G1 X48.364 Y-233.39 Z-627.904 F2000
G1 B135.0014215551298 F1000
G1 X48.364 Y-233.39 Z-607.752 F2000
G1 B90.0 F1000
G1 X48.364 Y-253.543 Z-587.6 F2000
G1 B125.26371954138452 F1000
G1 X48.364 Y-253.543 Z-567.448 F2000
G1 B90.0 F1000
G1 X68.516 Y-273.695 Z-547.295 F2000
G1 B90.0 F1000
G1 X68.516 Y-273.695 Z-527.143 F2000
G1 B90.0 F1000
G1 X68.516 Y-273.695 Z-506.991 F2000
G1 B90.0 F1000
G1 X68.516 Y-273.695 Z-486.839 F2000
G1 B134.99857844487028 F1000
G1 X68.516 Y-273.695 Z-466.687 F2000
G1 B45.0 F1000
G1 X68.516 Y-293.847 Z-446.534 F2000
G1 B90.0 F1000
G1 X68.516 Y-273.695 Z-426.382 F2000
G1 B90.0 F1000
G1 X68.516 Y-273.695 Z-406.23 F2000
G1 B54.73628045861546 F1000
G1 X68.516 Y-273.695 Z-386.078 F2000
G1 B90.0 F1000
G1 X48.364 Y-253.543 Z-365.925 F2000
G1 B90.0 F1000
G1 X48.364 Y-253.543 Z-345.773 F2000
G1 B44.99857844487028 F1000
G1 X48.364 Y-253.543 Z-325.621 F2000
G1 B90.0 F1000
G1 X48.364 Y-233.39 Z-305.469 F2000
G1 B45.00142155512972 F1000
G1 X48.364 Y-233.39 Z-285.317 F2000
G1 B90.0 F1000
G1 X48.364 Y-213.238 Z-265.164 F2000
G1 B54.73628045861547 F1000
G1 X48.364 Y-213.238 Z-245.012 F2000
G1 B45.0 F1000
G1 X28.211 Y-193.086 Z-224.86 F2000
G1 B45.0 F1000
G1 X28.211 Y-172.934 Z-204.708 F2000
G1 B17.71540170851822 F1000
G1 X28.211 Y-152.782 Z-184.556 F2000
G1 B90.0 F1000
G1 X-12.093 Y-11.716 Z-164.403 F2000
G1 B90.0 F1000
G1 X-12.093 Y-11.716 Z-144.251 F2000
G1 X-12.093 Y-11.716 Z-124.099 F2000
G1 X-19.275133243394247 Y-18.674229808947903 Z-124.099 F5000
M01
G1 X51.38195478869372 Y-162.3157269151891 Z-708.513 F5000
M00
G1 B134.99999999999991 F1000
G1 X48.364 Y-152.782 Z-708.513 F2000
G1 B125.26438968275465 F1000
G1 X48.364 Y-172.934 Z-688.361 F2000
G1 B134.99857844487045 F1000
G1 X68.516 Y-193.086 Z-668.209 F2000
G1 B90.0 F1000
G1 X68.516 Y-213.238 Z-648.056 F2000
G1 B125.26438968275461 F1000
G1 X68.516 Y-213.238 Z-627.904 F2000
G1 B90.0 F1000
G1 X88.668 Y-233.39 Z-607.752 F2000
G1 B135.00142155512964 F1000
G1 X88.668 Y-233.39 Z-587.6 F2000
G1 B90.0 F1000
G1 X88.668 Y-253.543 Z-567.448 F2000
G1 B90.0 F1000
G1 X88.668 Y-253.543 Z-547.295 F2000
G1 B125.26438968275463 F1000
G1 X88.668 Y-253.543 Z-527.143 F2000
G1 B90.0 F1000
G1 X108.82 Y-273.695 Z-506.991 F2000
G1 B90.0 F1000
G1 X108.82 Y-273.695 Z-486.839 F2000
G1 B90.0 F1000
G1 X108.82 Y-273.695 Z-466.687 F2000
G1 B90.0 F1000
G1 X108.82 Y-273.695 Z-446.534 F2000
G1 B54.735610317245346 F1000
G1 X108.82 Y-273.695 Z-426.382 F2000
G1 B90.0 F1000
G1 X88.668 Y-253.543 Z-406.23 F2000
G1 B90.0 F1000
G1 X88.668 Y-253.543 Z-386.078 F2000
G1 B90.0 F1000
G1 X88.668 Y-253.543 Z-365.925 F2000
G1 B44.99857844487037 F1000
G1 X88.668 Y-253.543 Z-345.773 F2000
G1 B90.0 F1000
G1 X88.668 Y-233.39 Z-325.621 F2000
G1 B54.73561031724535 F1000
G1 X88.668 Y-233.39 Z-305.469 F2000
G1 B90.0 F1000
G1 X68.516 Y-213.238 Z-285.317 F2000
G1 B90.0 F1000
G1 X68.516 Y-213.238 Z-265.164 F2000
G1 B45.0 F1000
G1 X68.516 Y-213.238 Z-245.012 F2000
G1 B54.735610317245346 F1000
G1 X68.516 Y-193.086 Z-224.86 F2000
G1 B45.0 F1000
G1 X48.364 Y-172.934 Z-204.708 F2000
G1 B24.311383258941646 F1000
G1 X48.364 Y-152.782 Z-184.556 F2000
G1 B90.0 F1000
G1 X-12.093 Y-11.716 Z-164.403 F2000
G1 B90.0 F1000
G1 X-12.093 Y-11.716 Z-144.251 F2000
G1 X-12.093 Y-11.716 Z-124.099 F2000
G1 X-19.275133243394247 Y-18.674229808947903 Z-124.099 F5000
M01
G1 X72.6079274023995 Y-161.90647971850956 Z-708.513 F5000
M00
G1 B125.26438968275461 F1000
G1 X68.516 Y-152.782 Z-708.513 F2000
G1 B90.0 F1000
G1 X88.668 Y-172.934 Z-688.361 F2000
G1 B125.26371954138465 F1000
G1 X88.668 Y-172.934 Z-668.209 F2000
G1 B90.0 F1000
G1 X108.82 Y-193.086 Z-648.056 F2000
G1 B134.99999999999991 F1000
G1 X108.82 Y-193.086 Z-627.904 F2000
G1 B90.0 F1000
G1 X108.82 Y-213.238 Z-607.752 F2000
G1 B125.26438968275461 F1000
G1 X108.82 Y-213.238 Z-587.6 F2000
G1 B90.0 F1000
G1 X128.972 Y-233.39 Z-567.448 F2000
G1 B125.26505979641418 F1000
G1 X128.972 Y-233.39 Z-547.295 F2000
G1 B90.0 F1000
G1 X149.125 Y-253.543 Z-527.143 F2000
G1 B90.0 F1000
G1 X149.125 Y-253.543 Z-506.991 F2000
G1 B90.0 F1000
G1 X149.125 Y-253.543 Z-486.839 F2000
G1 B90.0 F1000
G1 X149.125 Y-253.543 Z-466.687 F2000
G1 B90.0 F1000
G1 X149.125 Y-253.543 Z-446.534 F2000
G1 B90.0 F1000
G1 X149.125 Y-253.543 Z-426.382 F2000
G1 B54.73494020358592 F1000
G1 X149.125 Y-253.543 Z-406.23 F2000
G1 B90.0 F1000
G1 X128.972 Y-233.39 Z-386.078 F2000
G1 B90.0 F1000
G1 X128.972 Y-233.39 Z-365.925 F2000
G1 B90.0 F1000
G1 X128.972 Y-233.39 Z-345.773 F2000
G1 B54.73561031724537 F1000
G1 X128.972 Y-233.39 Z-325.621 F2000
G1 B90.0 F1000
G1 X108.82 Y-213.238 Z-305.469 F2000
G1 B45.00142155512972 F1000
G1 X108.82 Y-213.238 Z-285.317 F2000
G1 B90.0 F1000
G1 X108.82 Y-193.086 Z-265.164 F2000
G1 B54.73561031724531 F1000
G1 X108.82 Y-193.086 Z-245.012 F2000
G1 B54.735610317245374 F1000
G1 X88.668 Y-172.934 Z-224.86 F2000
G1 B90.0 F1000
G1 X68.516 Y-152.782 Z-204.708 F2000
G1 B30.498737435546236 F1000
G1 X68.516 Y-152.782 Z-184.556 F2000
G1 B90.0 F1000
G1 X-12.093 Y-11.716 Z-164.403 F2000
G1 B90.0 F1000
G1 X-12.093 Y-11.716 Z-144.251 F2000
G1 X-12.093 Y-11.716 Z-124.099 F2000
G1 X-19.275133243394247 Y-18.674229808947903 Z-124.099 F5000
M01
G1 X94.22578805160566 Y-140.94230211007812 Z-708.513 F5000
M00
G1 B125.26572994886841 F1000
G1 X88.668 Y-132.629 Z-708.513 F2000
G1 B90.0 F1000
G1 X108.82 Y-152.782 Z-688.361 F2000
G1 B125.2637195413846 F1000
G1 X108.82 Y-152.782 Z-668.209 F2000
G1 B90.0 F1000
G1 X128.972 Y-172.934 Z-648.056 F2000
G1 B125.26371954138455 F1000
G1 X128.972 Y-172.934 Z-627.904 F2000
G1 B90.0 F1000
G1 X149.125 Y-193.086 Z-607.752 F2000
G1 B125.26438968275463 F1000
G1 X149.125 Y-193.086 Z-587.6 F2000
G1 B134.99857844487028 F1000
G1 X169.277 Y-213.238 Z-567.448 F2000
G1 B90.0 F1000
G1 X169.277 Y-233.39 Z-547.295 F2000
G1 B90.0 F1000
G1 X169.277 Y-233.39 Z-527.143 F2000
G1 B90.0 F1000
G1 X169.277 Y-233.39 Z-506.991 F2000
G1 B90.0 F1000
G1 X169.277 Y-233.39 Z-486.839 F2000
G1 B90.0 F1000
G1 X169.277 Y-233.39 Z-466.687 F2000
G1 B90.0 F1000
G1 X169.277 Y-233.39 Z-446.534 F2000
G1 B90.0 F1000
G1 X169.277 Y-233.39 Z-426.382 F2000
G1 B90.0 F1000
G1 X169.277 Y-233.39 Z-406.23 F2000
G1 B90.0 F1000
G1 X169.277 Y-233.39 Z-386.078 F2000
G1 B45.0 F1000
G1 X169.277 Y-233.39 Z-365.925 F2000
G1 B90.0 F1000
G1 X169.277 Y-213.238 Z-345.773 F2000
G1 B54.735610317245346 F1000
G1 X169.277 Y-213.238 Z-325.621 F2000
G1 B90.0 F1000
G1 X149.125 Y-193.086 Z-305.469 F2000
G1 B54.73695056119054 F1000
G1 X149.125 Y-193.086 Z-285.317 F2000
G1 B90.0 F1000
G1 X128.972 Y-172.934 Z-265.164 F2000
G1 B54.73561031724537 F1000
G1 X128.972 Y-172.934 Z-245.012 F2000
G1 B90.0 F1000
G1 X108.82 Y-152.782 Z-224.86 F2000
G1 B54.73427005113155 F1000
G1 X108.82 Y-152.782 Z-204.708 F2000
G1 B40.35919039107787 F1000
G1 X88.668 Y-132.629 Z-184.556 F2000
G1 B90.0 F1000
G1 X-12.093 Y-11.716 Z-164.403 F2000
G1 B90.0 F1000
G1 X-12.093 Y-11.716 Z-144.251 F2000
G1 X-12.093 Y-11.716 Z-124.099 F2000
G1 X-19.275133243394247 Y-18.674229808947903 Z-124.099 F5000
M01
G1 X115.16303391725523 Y-140.3598421743397 Z-708.513 F5000
M00
G1 B90.0 F1000
G1 X108.82 Y-132.629 Z-708.513 F2000
G1 B125.26505979641409 F1000
G1 X128.972 Y-132.629 Z-688.361 F2000
G1 B90.0 F1000
G1 X149.125 Y-152.782 Z-668.209 F2000
G1 B125.26438968275463 F1000
G1 X149.125 Y-152.782 Z-648.056 F2000
G1 B90.0 F1000
G1 X169.277 Y-172.934 Z-627.904 F2000
G1 B125.26438968275471 F1000
G1 X169.277 Y-172.934 Z-607.752 F2000
G1 B90.0 F1000
G1 X189.429 Y-193.086 Z-587.6 F2000
G1 B125.26371954138452 F1000
G1 X189.429 Y-193.086 Z-567.448 F2000
G1 B90.0 F1000
G1 X209.581 Y-213.238 Z-547.295 F2000
G1 B90.0 F1000
G1 X209.581 Y-213.238 Z-527.143 F2000
G1 B90.0 F1000
G1 X209.581 Y-213.238 Z-506.991 F2000
G1 B90.0 F1000
G1 X209.581 Y-213.238 Z-486.839 F2000
G1 B90.0 F1000
G1 X209.581 Y-213.238 Z-466.687 F2000
G1 B90.0 F1000
G1 X209.581 Y-213.238 Z-446.534 F2000
G1 B90.0 F1000
G1 X209.581 Y-213.238 Z-426.382 F2000
G1 B90.0 F1000
G1 X209.581 Y-213.238 Z-406.23 F2000
G1 B54.73628045861543 F1000
G1 X209.581 Y-213.238 Z-386.078 F2000
G1 B90.0 F1000
G1 X189.429 Y-193.086 Z-365.925 F2000
G1 B90.0 F1000
G1 X189.429 Y-193.086 Z-345.773 F2000
G1 B54.73561031724533 F1000
G1 X189.429 Y-193.086 Z-325.621 F2000
G1 B90.0 F1000
G1 X169.277 Y-172.934 Z-305.469 F2000
G1 B54.73628045861548 F1000
G1 X169.277 Y-172.934 Z-285.317 F2000
G1 B90.0 F1000
G1 X149.125 Y-152.782 Z-265.164 F2000
G1 B90.0 F1000
G1 X149.125 Y-152.782 Z-245.012 F2000
G1 B54.73494020358591 F1000
G1 X149.125 Y-152.782 Z-224.86 F2000
G1 B65.90515744788932 F1000
G1 X128.972 Y-132.629 Z-204.708 F2000
G1 B45.56180306205055 F1000
G1 X88.668 Y-112.477 Z-184.556 F2000
G1 B90.0 F1000
G1 X-12.093 Y-11.716 Z-164.403 F2000
G1 B90.0 F1000
G1 X-12.093 Y-11.716 Z-144.251 F2000
G1 X-12.093 Y-11.716 Z-124.099 F2000
G1 X-19.275133243394247 Y-18.674229808947903 Z-124.099 F5000
M01
G1 X136.5085730935165 Y-119.04967571131296 Z-708.513 F5000
M00
G1 B90.0 F1000
G1 X128.972 Y-112.477 Z-708.513 F2000
G1 B125.26438968275463 F1000
G1 X149.125 Y-112.477 Z-688.361 F2000
G1 B90.0 F1000
G1 X169.277 Y-132.629 Z-668.209 F2000
G1 B125.2657299488684 F1000
G1 X169.277 Y-132.629 Z-648.056 F2000
G1 B90.0 F1000
G1 X189.429 Y-152.782 Z-627.904 F2000
G1 B90.0 F1000
G1 X209.581 Y-152.782 Z-607.752 F2000
G1 B125.26438968275461 F1000
G1 X209.581 Y-152.782 Z-587.6 F2000
G1 B90.0 F1000
G1 X229.733 Y-172.934 Z-567.448 F2000
G1 B90.0 F1000
G1 X229.733 Y-172.934 Z-547.295 F2000
G1 B90.0 F1000
G1 X229.733 Y-172.934 Z-527.143 F2000
G1 B90.0 F1000
G1 X229.733 Y-172.934 Z-506.991 F2000
G1 B125.2637195413846 F1000
G1 X229.733 Y-172.934 Z-486.839 F2000
G1 B90.0 F1000
G1 X249.886 Y-193.086 Z-466.687 F2000
G1 B54.736280458615425 F1000
G1 X249.886 Y-193.086 Z-446.534 F2000
G1 B90.0 F1000
G1 X229.733 Y-172.934 Z-426.382 F2000
G1 B90.0 F1000
G1 X229.733 Y-172.934 Z-406.23 F2000
G1 B90.0 F1000
G1 X229.733 Y-172.934 Z-386.078 F2000
G1 B54.73561031724537 F1000
G1 X229.733 Y-172.934 Z-365.925 F2000
G1 B90.0 F1000
G1 X209.581 Y-152.782 Z-345.773 F2000
G1 B90.0 F1000
G1 X209.581 Y-152.782 Z-325.621 F2000
G1 B90.0 F1000
G1 X209.581 Y-152.782 Z-305.469 F2000
G1 B54.73494020358592 F1000
G1 X189.429 Y-152.782 Z-285.317 F2000
G1 B90.0 F1000
G1 X169.277 Y-132.629 Z-265.164 F2000
G1 B90.0 F1000
G1 X169.277 Y-132.629 Z-245.012 F2000
G1 B54.73561031724537 F1000
G1 X169.277 Y-132.629 Z-224.86 F2000
G1 B90.0 F1000
G1 X149.125 Y-112.477 Z-204.708 F2000
G1 B54.73555670665399 F1000
G1 X128.972 Y-112.477 Z-184.556 F2000
G1 B90.0 F1000
G1 X-12.093 Y-11.716 Z-164.403 F2000
G1 B90.0 F1000
G1 X-12.093 Y-11.716 Z-144.251 F2000
G1 X-12.093 Y-11.716 Z-124.099 F2000
G1 X-19.275133243394247 Y-18.674229808947903 Z-124.099 F5000
M01
G1 X157.62740844173126 Y-97.58893870499809 Z-708.513 F5000
M00
G1 B125.26438968275463 F1000
G1 X149.125 Y-92.325 Z-708.513 F2000
G1 B90.0 F1000
G1 X169.277 Y-112.477 Z-688.361 F2000
G1 B90.0 F1000
G1 X169.277 Y-112.477 Z-668.209 F2000
G1 B90.0 F1000
G1 X189.429 Y-112.477 Z-648.056 F2000
G1 B90.0 F1000
G1 X209.581 Y-112.477 Z-627.904 F2000
G1 B125.26438968275468 F1000
G1 X209.581 Y-112.477 Z-607.752 F2000
G1 B90.0 F1000
G1 X229.733 Y-132.629 Z-587.6 F2000
G1 B90.0 F1000
G1 X249.886 Y-132.629 Z-567.448 F2000
G1 B90.0 F1000
G1 X249.886 Y-132.629 Z-547.295 F2000
G1 B125.2657299488684 F1000
G1 X249.886 Y-132.629 Z-527.143 F2000
G1 B90.0 F1000
G1 X270.038 Y-152.782 Z-506.991 F2000
G1 B90.0 F1000
G1 X270.038 Y-152.782 Z-486.839 F2000
G1 B90.0 F1000
G1 X270.038 Y-152.782 Z-466.687 F2000
G1 B90.0 F1000
G1 X270.038 Y-152.782 Z-446.534 F2000
G1 B90.0 F1000
G1 X270.038 Y-152.782 Z-426.382 F2000
G1 B54.7342700511316 F1000
G1 X270.038 Y-152.782 Z-406.23 F2000
G1 B90.0 F1000
G1 X249.886 Y-132.629 Z-386.078 F2000
G1 B90.0 F1000
G1 X249.886 Y-132.629 Z-365.925 F2000
G1 B90.0 F1000
G1 X249.886 Y-132.629 Z-345.773 F2000
G1 B54.73561031724537 F1000
G1 X229.733 Y-132.629 Z-325.621 F2000
G1 B90.0 F1000
G1 X209.581 Y-112.477 Z-305.469 F2000
G1 B90.0 F1000
G1 X209.581 Y-112.477 Z-285.317 F2000
G1 B90.0 F1000
G1 X209.581 Y-112.477 Z-265.164 F2000
G1 B90.0 F1000
G1 X189.429 Y-112.477 Z-245.012 F2000
G1 B54.735610317245346 F1000
G1 X169.277 Y-112.477 Z-224.86 F2000
G1 B90.0 F1000
G1 X149.125 Y-92.325 Z-204.708 F2000
G1 B63.61221310005702 F1000
G1 X149.125 Y-92.325 Z-184.556 F2000
G1 B90.0 F1000
G1 X-12.093 Y-11.716 Z-164.403 F2000
G1 B90.0 F1000
G1 X-12.093 Y-11.716 Z-144.251 F2000
G1 X-12.093 Y-11.716 Z-124.099 F2000
G1 X-19.275133243394247 Y-18.674229808947903 Z-124.099 F5000
M01
G1 X178.4757984744336 Y-76.09500288459327 Z-708.513 F5000
M00
G1 B90.0 F1000
G1 X169.277 Y-72.173 Z-708.513 F2000
G1 B90.0 F1000
G1 X189.429 Y-72.173 Z-688.361 F2000
G1 B125.26371954138462 F1000
G1 X189.429 Y-72.173 Z-668.209 F2000
G1 B90.0 F1000
G1 X209.581 Y-92.325 Z-648.056 F2000
G1 B90.0 F1000
G1 X209.581 Y-92.325 Z-627.904 F2000
G1 B90.0 F1000
G1 X229.733 Y-92.325 Z-607.752 F2000
G1 B90.0 F1000
G1 X249.886 Y-92.325 Z-587.6 F2000
G1 B125.26371954138452 F1000
G1 X249.886 Y-92.325 Z-567.448 F2000
G1 B90.0 F1000
G1 X270.038 Y-112.477 Z-547.295 F2000
G1 B90.0 F1000
G1 X270.038 Y-112.477 Z-527.143 F2000
G1 B90.0 F1000
G1 X270.038 Y-112.477 Z-506.991 F2000
G1 B90.0 F1000
G1 X270.038 Y-112.477 Z-486.839 F2000
G1 B90.0 F1000
G1 X290.19 Y-112.477 Z-466.687 F2000
G1 B90.0 F1000
G1 X290.19 Y-112.477 Z-446.534 F2000
G1 B90.0 F1000
G1 X270.038 Y-112.477 Z-426.382 F2000
G1 B90.0 F1000
G1 X270.038 Y-112.477 Z-406.23 F2000
G1 B54.73628045861543 F1000
G1 X270.038 Y-112.477 Z-386.078 F2000
G1 B90.0 F1000
G1 X249.886 Y-92.325 Z-365.925 F2000
G1 B90.0 F1000
G1 X249.886 Y-92.325 Z-345.773 F2000
G1 B90.0 F1000
G1 X249.886 Y-92.325 Z-325.621 F2000
G1 B90.0 F1000
G1 X229.733 Y-92.325 Z-305.469 F2000
G1 B90.0 F1000
G1 X229.733 Y-92.325 Z-285.317 F2000
G1 B90.0 F1000
G1 X209.581 Y-92.325 Z-265.164 F2000
G1 B54.73561031724533 F1000
G1 X209.581 Y-92.325 Z-245.012 F2000
G1 B90.0 F1000
G1 X189.429 Y-72.173 Z-224.86 F2000
G1 B90.0 F1000
G1 X169.277 Y-72.173 Z-204.708 F2000
G1 B69.58948776126428 F1000
G1 X149.125 Y-72.173 Z-184.556 F2000
G1 B90.0 F1000
G1 X-12.093 Y-11.716 Z-164.403 F2000
G1 B90.0 F1000
G1 X-12.093 Y-11.716 Z-144.251 F2000
G1 X-12.093 Y-11.716 Z-124.099 F2000
G1 X-19.275133243394247 Y-18.674229808947903 Z-124.099 F5000
M01
G1 X178.8358089972793 Y-54.95854498749072 Z-708.513 F5000
M00
G1 B90.0 F1000
G1 X169.277 Y-52.021 Z-708.513 F2000
G1 B90.0 F1000
G1 X189.429 Y-52.021 Z-688.361 F2000
G1 B90.0 F1000
G1 X189.429 Y-52.021 Z-668.209 F2000
G1 B90.0 F1000
G1 X209.581 Y-52.021 Z-648.056 F2000
G1 B90.0 F1000
G1 X229.733 Y-52.021 Z-627.904 F2000
G1 B90.0 F1000
G1 X229.733 Y-52.021 Z-607.752 F2000
G1 B90.0 F1000
G1 X249.886 Y-52.021 Z-587.6 F2000
G1 B90.0 F1000
G1 X270.038 Y-52.021 Z-567.448 F2000
G1 B90.0 F1000
G1 X270.038 Y-52.021 Z-547.295 F2000
G1 B125.26438968275463 F1000
G1 X270.038 Y-52.021 Z-527.143 F2000
G1 B90.0 F1000
G1 X290.19 Y-72.173 Z-506.991 F2000
G1 B90.0 F1000
G1 X290.19 Y-72.173 Z-486.839 F2000
G1 B90.0 F1000
G1 X290.19 Y-72.173 Z-466.687 F2000
G1 B90.0 F1000
G1 X290.19 Y-72.173 Z-446.534 F2000
G1 B90.0 F1000
G1 X290.19 Y-72.173 Z-426.382 F2000
G1 B54.73561031724537 F1000
G1 X290.19 Y-72.173 Z-406.23 F2000
G1 B90.0 F1000
G1 X270.038 Y-52.021 Z-386.078 F2000
G1 B90.0 F1000
G1 X270.038 Y-52.021 Z-365.925 F2000
G1 B90.0 F1000
G1 X249.886 Y-52.021 Z-345.773 F2000
G1 B90.0 F1000
G1 X249.886 Y-52.021 Z-325.621 F2000
G1 B90.0 F1000
G1 X249.886 Y-52.021 Z-305.469 F2000
G1 B90.0 F1000
G1 X229.733 Y-52.021 Z-285.317 F2000
G1 B90.0 F1000
G1 X229.733 Y-52.021 Z-265.164 F2000
G1 B90.0 F1000
G1 X209.581 Y-52.021 Z-245.012 F2000
G1 B90.0 F1000
G1 X189.429 Y-52.021 Z-224.86 F2000
G1 B90.0 F1000
G1 X169.277 Y-52.021 Z-204.708 F2000
G1 B76.06775001466386 F1000
G1 X149.125 Y-52.021 Z-184.556 F2000
G1 B90.0 F1000
G1 X-12.093 Y-11.716 Z-164.403 F2000
G1 B90.0 F1000
G1 X-12.093 Y-11.716 Z-144.251 F2000
G1 X-12.093 Y-11.716 Z-124.099 F2000
G1 X-19.275133243394247 Y-18.674229808947903 Z-124.099 F5000
M01
G1 X159.09427987448893 Y-12.49923609729765 Z-708.513 F5000
M00
G1 B90.0 F1000
G1 X149.125 Y-11.716 Z-708.513 F2000
G1 B90.0 F1000
G1 X169.277 Y-11.716 Z-688.361 F2000
G1 B90.0 F1000
G1 X189.429 Y-11.716 Z-668.209 F2000
G1 B90.0 F1000
G1 X-12.093 Y-11.716 Z-648.056 F2000
G1 B90.0 F1000
G1 X209.581 Y-11.716 Z-627.904 F2000
G1 B90.0 F1000
G1 X209.581 Y-11.716 Z-607.752 F2000
G1 B90.0 F1000
G1 X229.733 Y-11.716 Z-587.6 F2000
G1 B90.0 F1000
G1 X249.886 Y-11.716 Z-567.448 F2000
G1 B90.0 F1000
G1 X249.886 Y-11.716 Z-547.295 F2000
G1 B90.0 F1000
G1 X249.886 Y-11.716 Z-527.143 F2000
G1 B90.0 F1000
G1 X270.038 Y-11.716 Z-506.991 F2000
G1 B90.0 F1000
G1 X270.038 Y-11.716 Z-486.839 F2000
G1 B90.0 F1000
G1 X270.038 Y-11.716 Z-466.687 F2000
G1 B90.0 F1000
G1 X270.038 Y-11.716 Z-446.534 F2000
G1 B90.0 F1000
G1 X270.038 Y-11.716 Z-426.382 F2000
G1 B90.0 F1000
G1 X270.038 Y-11.716 Z-406.23 F2000
G1 B90.0 F1000
G1 X249.886 Y-11.716 Z-386.078 F2000
G1 B90.0 F1000
G1 X249.886 Y-11.716 Z-365.925 F2000
G1 B90.0 F1000
G1 X249.886 Y-11.716 Z-345.773 F2000
G1 B90.0 F1000
G1 X229.733 Y-11.716 Z-325.621 F2000
G1 B90.0 F1000
G1 X229.733 Y-11.716 Z-305.469 F2000
G1 B90.0 F1000
G1 X209.581 Y-11.716 Z-285.317 F2000
G1 B90.0 F1000
G1 X209.581 Y-11.716 Z-265.164 F2000
G1 B90.0 F1000
G1 X189.429 Y-11.716 Z-245.012 F2000
G1 B90.0 F1000
G1 X169.277 Y-11.716 Z-224.86 F2000
G1 B90.0 F1000
G1 X169.277 Y-11.716 Z-204.708 F2000
G1 B90.0 F1000
G1 X128.972 Y-11.716 Z-184.556 F2000
G1 B90.0 F1000
G1 X-12.093 Y-11.716 Z-164.403 F2000
G1 B90.0 F1000
G1 X-12.093 Y-11.716 Z-144.251 F2000
G1 X-12.093 Y-11.716 Z-124.099 F2000
G1 X-19.275133243394247 Y-18.674229808947903 Z-124.099 F5000
M01
G1 X159.109037482047 Y9.000796916670904 Z-708.513 F5000
M00
G1 B90.0 F1000
G1 X149.125 Y8.436 Z-708.513 F2000
G1 B90.0 F1000
G1 X169.277 Y8.436 Z-688.361 F2000
G1 B95.68238023849638 F1000
G1 X189.429 Y8.436 Z-668.209 F2000
G1 B84.82683359419879 F1000
G1 X-12.093 Y-11.716 Z-648.056 F2000
G1 B90.0 F1000
G1 X209.581 Y8.436 Z-627.904 F2000
G1 B90.0 F1000
G1 X209.581 Y8.436 Z-607.752 F2000
G1 B90.0 F1000
G1 X229.733 Y8.436 Z-587.6 F2000
G1 B90.0 F1000
G1 X249.886 Y8.436 Z-567.448 F2000
G1 B90.0 F1000
G1 X249.886 Y8.436 Z-547.295 F2000
G1 B90.0 F1000
G1 X270.038 Y8.436 Z-527.143 F2000
G1 B90.0 F1000
G1 X270.038 Y8.436 Z-506.991 F2000
G1 B90.0 F1000
G1 X270.038 Y8.436 Z-486.839 F2000
G1 B90.0 F1000
G1 X270.038 Y8.436 Z-466.687 F2000
G1 B90.0 F1000
G1 X270.038 Y8.436 Z-446.534 F2000
G1 B90.0 F1000
G1 X270.038 Y8.436 Z-426.382 F2000
G1 B90.0 F1000
G1 X270.038 Y8.436 Z-406.23 F2000
G1 B90.0 F1000
G1 X249.886 Y8.436 Z-386.078 F2000
G1 B90.0 F1000
G1 X249.886 Y8.436 Z-365.925 F2000
G1 B90.0 F1000
G1 X249.886 Y8.436 Z-345.773 F2000
G1 B90.0 F1000
G1 X229.733 Y8.436 Z-325.621 F2000
G1 B90.0 F1000
G1 X229.733 Y8.436 Z-305.469 F2000
G1 B90.0 F1000
G1 X209.581 Y8.436 Z-285.317 F2000
G1 B90.0 F1000
G1 X209.581 Y8.436 Z-265.164 F2000
G1 B90.0 F1000
G1 X189.429 Y8.436 Z-245.012 F2000
G1 B90.0 F1000
G1 X169.277 Y8.436 Z-224.86 F2000
G1 B107.54815540980437 F1000
G1 X169.277 Y8.436 Z-204.708 F2000
G1 B90.0 F1000
G1 X108.82 Y-11.716 Z-184.556 F2000
G1 B90.0 F1000
G1 X-12.093 Y-11.716 Z-164.403 F2000
G1 B90.0 F1000
G1 X-12.093 Y-11.716 Z-144.251 F2000
G1 X-12.093 Y-11.716 Z-124.099 F2000
G1 X-19.275133243394247 Y-18.674229808947903 Z-124.099 F5000
M01
G1 X158.94616061013684 Y30.47076505966533 Z-708.513 F5000
M00
G1 B90.0 F1000
G1 X149.125 Y28.588 Z-708.513 F2000
G1 B90.0 F1000
G1 X169.277 Y28.588 Z-688.361 F2000
G1 B90.0 F1000
G1 X169.277 Y28.588 Z-668.209 F2000
G1 B54.734270051131624 F1000
G1 X189.429 Y28.588 Z-648.056 F2000
G1 B90.0 F1000
G1 X209.581 Y48.741 Z-627.904 F2000
G1 B90.0 F1000
G1 X209.581 Y48.741 Z-607.752 F2000
G1 B90.0 F1000
G1 X229.733 Y48.741 Z-587.6 F2000
G1 B90.0 F1000
G1 X249.886 Y48.741 Z-567.448 F2000
G1 B54.7356103172453 F1000
G1 X249.886 Y48.741 Z-547.295 F2000
G1 B90.0 F1000
G1 X270.038 Y68.893 Z-527.143 F2000
G1 B90.0 F1000
G1 X270.038 Y68.893 Z-506.991 F2000
G1 B90.0 F1000
G1 X270.038 Y68.893 Z-486.839 F2000
G1 B90.0 F1000
G1 X270.038 Y68.893 Z-466.687 F2000
G1 B90.0 F1000
G1 X270.038 Y68.893 Z-446.534 F2000
G1 B90.0 F1000
G1 X270.038 Y68.893 Z-426.382 F2000
G1 B125.26438968275461 F1000
G1 X270.038 Y68.893 Z-406.23 F2000
G1 B90.0 F1000
G1 X249.886 Y48.741 Z-386.078 F2000
G1 B90.0 F1000
G1 X249.886 Y48.741 Z-365.925 F2000
G1 B90.0 F1000
G1 X249.886 Y48.741 Z-345.773 F2000
G1 B90.0 F1000
G1 X229.733 Y48.741 Z-325.621 F2000
G1 B90.0 F1000
G1 X229.733 Y48.741 Z-305.469 F2000
G1 B90.0 F1000
G1 X209.581 Y48.741 Z-285.317 F2000
G1 B125.26572994886841 F1000
G1 X209.581 Y48.741 Z-265.164 F2000
G1 B90.0 F1000
G1 X189.429 Y28.588 Z-245.012 F2000
G1 B90.0 F1000
G1 X169.277 Y28.588 Z-224.86 F2000
G1 B90.0 F1000
G1 X169.277 Y28.588 Z-204.708 F2000
G1 B105.79304991213748 F1000
G1 X128.972 Y28.588 Z-184.556 F2000
G1 B90.0 F1000
G1 X-12.093 Y-11.716 Z-164.403 F2000
G1 B90.0 F1000
G1 X-12.093 Y-11.716 Z-144.251 F2000
G1 X-12.093 Y-11.716 Z-124.099 F2000
G1 X-19.275133243394247 Y-18.674229808947903 Z-124.099 F5000
M01
G1 X138.3262833994917 Y52.27616365703117 Z-708.513 F5000
M00
G1 B90.0 F1000
G1 X128.972 Y48.741 Z-708.513 F2000
G1 B54.73561031724537 F1000
G1 X149.125 Y48.741 Z-688.361 F2000
G1 B90.0 F1000
G1 X169.277 Y68.893 Z-668.209 F2000
G1 B90.0 F1000
G1 X189.429 Y68.893 Z-648.056 F2000
G1 B90.0 F1000
G1 X189.429 Y68.893 Z-627.904 F2000
G1 B54.7356103172453 F1000
G1 X209.581 Y68.893 Z-607.752 F2000
G1 B90.0 F1000
G1 X229.733 Y89.045 Z-587.6 F2000
G1 B90.0 F1000
G1 X229.733 Y89.045 Z-567.448 F2000
G1 B90.0 F1000
G1 X249.886 Y89.045 Z-547.295 F2000
G1 B54.73561031724539 F1000
G1 X249.886 Y89.045 Z-527.143 F2000
G1 B90.0 F1000
G1 X270.038 Y109.197 Z-506.991 F2000
G1 B90.0 F1000
G1 X270.038 Y109.197 Z-486.839 F2000
G1 B90.0 F1000
G1 X270.038 Y109.197 Z-466.687 F2000
G1 B90.0 F1000
G1 X270.038 Y109.197 Z-446.534 F2000
G1 B90.0 F1000
G1 X270.038 Y109.197 Z-426.382 F2000
G1 B125.26438968275461 F1000
G1 X270.038 Y109.197 Z-406.23 F2000
G1 B90.0 F1000
G1 X249.886 Y89.045 Z-386.078 F2000
G1 B90.0 F1000
G1 X249.886 Y89.045 Z-365.925 F2000
G1 B90.0 F1000
G1 X229.733 Y89.045 Z-345.773 F2000
G1 B125.26438968275465 F1000
G1 X229.733 Y89.045 Z-325.621 F2000
G1 B90.0 F1000
G1 X209.581 Y68.893 Z-305.469 F2000
G1 B90.0 F1000
G1 X209.581 Y68.893 Z-285.317 F2000
G1 B90.0 F1000
G1 X189.429 Y68.893 Z-265.164 F2000
G1 B90.0 F1000
G1 X189.429 Y68.893 Z-245.012 F2000
G1 B125.26438968275465 F1000
G1 X169.277 Y68.893 Z-224.86 F2000
G1 B90.0 F1000
G1 X149.125 Y48.741 Z-204.708 F2000
G1 B112.98994496225873 F1000
G1 X128.972 Y48.741 Z-184.556 F2000
G1 B90.0 F1000
G1 X-12.093 Y-11.716 Z-164.403 F2000
G1 B90.0 F1000
G1 X-12.093 Y-11.716 Z-144.251 F2000
G1 X-12.093 Y-11.716 Z-124.099 F2000
G1 X-19.275133243394247 Y-18.674229808947903 Z-124.099 F5000
M01
G1 X137.7924625089003 Y73.60462828850964 Z-708.513 F5000
M00
G1 B90.0 F1000
G1 X128.972 Y68.893 Z-708.513 F2000
G1 B54.73561031724537 F1000
G1 X149.125 Y68.893 Z-688.361 F2000
G1 B90.0 F1000
G1 X169.277 Y89.045 Z-668.209 F2000
G1 B54.73561031724539 F1000
G1 X169.277 Y89.045 Z-648.056 F2000
G1 B90.0 F1000
G1 X189.429 Y109.197 Z-627.904 F2000
G1 B90.0 F1000
G1 X209.581 Y109.197 Z-607.752 F2000
G1 B90.0 F1000
G1 X209.581 Y109.197 Z-587.6 F2000
G1 B54.7362804586155 F1000
G1 X209.581 Y109.197 Z-567.448 F2000
G1 B54.73494020358584 F1000
G1 X229.733 Y129.349 Z-547.295 F2000
G1 B90.0 F1000
G1 X249.886 Y149.502 Z-527.143 F2000
G1 B90.0 F1000
G1 X249.886 Y149.502 Z-506.991 F2000
G1 B90.0 F1000
G1 X249.886 Y149.502 Z-486.839 F2000
G1 B90.0 F1000
G1 X249.886 Y149.502 Z-466.687 F2000
G1 B90.0 F1000
G1 X249.886 Y149.502 Z-446.534 F2000
G1 B90.0 F1000
G1 X249.886 Y149.502 Z-426.382 F2000
G1 B125.26505979641409 F1000
G1 X249.886 Y149.502 Z-406.23 F2000
G1 B90.0 F1000
G1 X229.733 Y129.349 Z-386.078 F2000
G1 B125.26438968275463 F1000
G1 X229.733 Y129.349 Z-365.925 F2000
G1 B90.0 F1000
G1 X209.581 Y109.197 Z-345.773 F2000
G1 B90.0 F1000
G1 X209.581 Y109.197 Z-325.621 F2000
G1 B90.0 F1000
G1 X209.581 Y109.197 Z-305.469 F2000
G1 B90.0 F1000
G1 X189.429 Y109.197 Z-285.317 F2000
G1 B125.26438968275465 F1000
G1 X189.429 Y109.197 Z-265.164 F2000
G1 B125.26438968275468 F1000
G1 X169.277 Y89.045 Z-245.012 F2000
G1 B90.0 F1000
G1 X149.125 Y68.893 Z-224.86 F2000
G1 B90.0 F1000
G1 X149.125 Y68.893 Z-204.708 F2000
G1 B119.49631815509218 F1000
G1 X128.972 Y68.893 Z-184.556 F2000
G1 B90.0 F1000
G1 X-12.093 Y-11.716 Z-164.403 F2000
G1 B90.0 F1000
G1 X-12.093 Y-11.716 Z-144.251 F2000
G1 X-12.093 Y-11.716 Z-124.099 F2000
G1 X-19.275133243394247 Y-18.674229808947903 Z-124.099 F5000
M01
G1 X137.2011806744021 Y94.72660060441132 Z-708.513 F5000
M00
G1 B90.0 F1000
G1 X128.972 Y89.045 Z-708.513 F2000
G1 B54.736280458615475 F1000
G1 X128.972 Y89.045 Z-688.361 F2000
G1 B90.0 F1000
G1 X149.125 Y109.197 Z-668.209 F2000
G1 B54.73561031724538 F1000
G1 X149.125 Y109.197 Z-648.056 F2000
G1 B90.0 F1000
G1 X169.277 Y129.349 Z-627.904 F2000
G1 B54.734270051131524 F1000
G1 X169.277 Y129.349 Z-607.752 F2000
G1 B90.0 F1000
G1 X189.429 Y149.502 Z-587.6 F2000
G1 B54.73628045861548 F1000
G1 X189.429 Y149.502 Z-567.448 F2000
G1 B90.0 F1000
G1 X209.581 Y169.654 Z-547.295 F2000
G1 B54.73561031724537 F1000
G1 X209.581 Y169.654 Z-527.143 F2000
G1 B90.0 F1000
G1 X229.733 Y189.806 Z-506.991 F2000
G1 B90.0 F1000
G1 X229.733 Y189.806 Z-486.839 F2000
G1 B90.0 F1000
G1 X229.733 Y189.806 Z-466.687 F2000
G1 B90.0 F1000
G1 X229.733 Y189.806 Z-446.534 F2000
G1 B125.26438968275468 F1000
G1 X229.733 Y189.806 Z-426.382 F2000
G1 B90.0 F1000
G1 X209.581 Y169.654 Z-406.23 F2000
G1 B125.26371954138457 F1000
G1 X209.581 Y169.654 Z-386.078 F2000
G1 B90.0 F1000
G1 X189.429 Y149.502 Z-365.925 F2000
G1 B90.0 F1000
G1 X189.429 Y149.502 Z-345.773 F2000
G1 B125.26572994886844 F1000
G1 X189.429 Y149.502 Z-325.621 F2000
G1 B90.0 F1000
G1 X169.277 Y129.349 Z-305.469 F2000
G1 B90.0 F1000
G1 X169.277 Y129.349 Z-285.317 F2000
G1 B125.26438968275465 F1000
G1 X169.277 Y129.349 Z-265.164 F2000
G1 B90.0 F1000
G1 X149.125 Y109.197 Z-245.012 F2000
G1 B125.26371954138455 F1000
G1 X149.125 Y109.197 Z-224.86 F2000
G1 B90.0 F1000
G1 X128.972 Y89.045 Z-204.708 F2000
G1 B129.42004664106744 F1000
G1 X108.82 Y89.045 Z-184.556 F2000
G1 B90.0 F1000
G1 X-12.093 Y-11.716 Z-164.403 F2000
G1 B90.0 F1000
G1 X-12.093 Y-11.716 Z-144.251 F2000
G1 X-12.093 Y-11.716 Z-124.099 F2000
G1 X-19.275133243394247 Y-18.674229808947903 Z-124.099 F5000
M01
G1 X94.97158946239205 Y116.96003805797835 Z-708.513 F5000
M00
G1 B54.73561031724538 F1000
G1 X88.668 Y109.197 Z-708.513 F2000
G1 B90.0 F1000
G1 X108.82 Y129.349 Z-688.361 F2000
G1 B54.73494020358584 F1000
G1 X108.82 Y129.349 Z-668.209 F2000
G1 B90.0 F1000
G1 X128.972 Y149.502 Z-648.056 F2000
G1 B54.7362804586155 F1000
G1 X128.972 Y149.502 Z-627.904 F2000
G1 B54.735610317245275 F1000
G1 X149.125 Y169.654 Z-607.752 F2000
G1 B90.0 F1000
G1 X169.277 Y189.806 Z-587.6 F2000
G1 B90.0 F1000
G1 X169.277 Y189.806 Z-567.448 F2000
G1 B44.999999999999915 F1000
G1 X169.277 Y189.806 Z-547.295 F2000
G1 B90.0 F1000
G1 X169.277 Y209.958 Z-527.143 F2000
G1 B90.0 F1000
G1 X169.277 Y209.958 Z-506.991 F2000
G1 B90.0 F1000
G1 X169.277 Y209.958 Z-486.839 F2000
G1 B90.0 F1000
G1 X169.277 Y209.958 Z-466.687 F2000
G1 B90.0 F1000
G1 X169.277 Y209.958 Z-446.534 F2000
G1 B90.0 F1000
G1 X169.277 Y209.958 Z-426.382 F2000
G1 B90.0 F1000
G1 X169.277 Y209.958 Z-406.23 F2000
G1 B134.99857844487036 F1000
G1 X169.277 Y209.958 Z-386.078 F2000
G1 B90.0 F1000
G1 X169.277 Y189.806 Z-365.925 F2000
G1 B90.0 F1000
G1 X169.277 Y189.806 Z-345.773 F2000
G1 B125.26438968275471 F1000
G1 X169.277 Y189.806 Z-325.621 F2000
G1 B125.26371954138455 F1000
G1 X149.125 Y169.654 Z-305.469 F2000
G1 B90.0 F1000
G1 X128.972 Y149.502 Z-285.317 F2000
G1 B90.0 F1000
G1 X128.972 Y149.502 Z-265.164 F2000
G1 B125.26572994886844 F1000
G1 X128.972 Y149.502 Z-245.012 F2000
G1 B90.0 F1000
G1 X108.82 Y129.349 Z-224.86 F2000
G1 B125.26438968275465 F1000
G1 X108.82 Y129.349 Z-204.708 F2000
G1 B139.64080960892213 F1000
G1 X88.668 Y109.197 Z-184.556 F2000
G1 B90.0 F1000
G1 X-12.093 Y-11.716 Z-164.403 F2000
G1 B90.0 F1000
G1 X-12.093 Y-11.716 Z-144.251 F2000
G1 X-12.093 Y-11.716 Z-124.099 F2000
G1 X-19.275133243394247 Y-18.674229808947903 Z-124.099 F5000
M01
G1 X73.19685774700042 Y138.18583035665765 Z-708.513 F5000
M00
G1 B54.734270051131595 F1000
G1 X68.516 Y129.349 Z-708.513 F2000
G1 B90.0 F1000
G1 X88.668 Y149.502 Z-688.361 F2000
G1 B54.7362804586154 F1000
G1 X88.668 Y149.502 Z-668.209 F2000
G1 B90.0 F1000
G1 X108.82 Y169.654 Z-648.056 F2000
G1 B45.00000000000004 F1000
G1 X108.82 Y169.654 Z-627.904 F2000
G1 B90.0 F1000
G1 X108.82 Y189.806 Z-607.752 F2000
G1 B54.7356103172454 F1000
G1 X108.82 Y189.806 Z-587.6 F2000
G1 B90.0 F1000
G1 X128.972 Y209.958 Z-567.448 F2000
G1 B54.736280458615376 F1000
G1 X128.972 Y209.958 Z-547.295 F2000
G1 B90.0 F1000
G1 X149.125 Y230.11 Z-527.143 F2000
G1 B90.0 F1000
G1 X149.125 Y230.11 Z-506.991 F2000
G1 B90.0 F1000
G1 X149.125 Y230.11 Z-486.839 F2000
G1 B90.0 F1000
G1 X149.125 Y230.11 Z-466.687 F2000
G1 B90.0 F1000
G1 X149.125 Y230.11 Z-446.534 F2000
G1 B90.0 F1000
G1 X149.125 Y230.11 Z-426.382 F2000
G1 B90.0 F1000
G1 X149.125 Y230.11 Z-406.23 F2000
G1 B125.26304943880949 F1000
G1 X149.125 Y230.11 Z-386.078 F2000
G1 B90.0 F1000
G1 X128.972 Y209.958 Z-365.925 F2000
G1 B125.26438968275461 F1000
G1 X128.972 Y209.958 Z-345.773 F2000
G1 B90.0 F1000
G1 X108.82 Y189.806 Z-325.621 F2000
G1 B90.0 F1000
G1 X108.82 Y189.806 Z-305.469 F2000
G1 B134.99857844487033 F1000
G1 X108.82 Y189.806 Z-285.317 F2000
G1 B90.0 F1000
G1 X108.82 Y169.654 Z-265.164 F2000
G1 B125.26438968275465 F1000
G1 X108.82 Y169.654 Z-245.012 F2000
G1 B125.26572994886844 F1000
G1 X88.668 Y149.502 Z-224.86 F2000
G1 B135.0 F1000
G1 X68.516 Y129.349 Z-204.708 F2000
G1 B145.50359357016853 F1000
G1 X68.516 Y109.197 Z-184.556 F2000
G1 B90.0 F1000
G1 X-12.093 Y-11.716 Z-164.403 F2000
G1 B90.0 F1000
G1 X-12.093 Y-11.716 Z-144.251 F2000
G1 X-12.093 Y-11.716 Z-124.099 F2000
G1 X-19.275133243394247 Y-18.674229808947903 Z-124.099 F5000
M01
G1 X51.866225692932325 Y138.71566510534907 Z-708.513 F5000
M00
G1 B44.99857844487037 F1000
G1 X48.364 Y129.349 Z-708.513 F2000
G1 B54.7356103172454 F1000
G1 X48.364 Y149.502 Z-688.361 F2000
G1 B45.001421555129525 F1000
G1 X68.516 Y169.654 Z-668.209 F2000
G1 B90.0 F1000
G1 X68.516 Y189.806 Z-648.056 F2000
G1 B54.73561031724539 F1000
G1 X68.516 Y189.806 Z-627.904 F2000
G1 B90.0 F1000
G1 X88.668 Y209.958 Z-607.752 F2000
G1 B45.00000000000004 F1000
G1 X88.668 Y209.958 Z-587.6 F2000
G1 B90.0 F1000
G1 X88.668 Y230.11 Z-567.448 F2000
G1 B54.73427005113154 F1000
G1 X88.668 Y230.11 Z-547.295 F2000
G1 B90.0 F1000
G1 X108.82 Y250.263 Z-527.143 F2000
G1 B90.0 F1000
G1 X108.82 Y250.263 Z-506.991 F2000
G1 B90.0 F1000
G1 X108.82 Y250.263 Z-486.839 F2000
G1 B90.0 F1000
G1 X108.82 Y250.263 Z-466.687 F2000
G1 B90.0 F1000
G1 X108.82 Y250.263 Z-446.534 F2000
G1 B90.0 F1000
G1 X108.82 Y250.263 Z-426.382 F2000
G1 B125.2657299488684 F1000
G1 X108.82 Y250.263 Z-406.23 F2000
G1 B90.0 F1000
G1 X88.668 Y230.11 Z-386.078 F2000
G1 B90.0 F1000
G1 X88.668 Y230.11 Z-365.925 F2000
G1 B134.99999999999997 F1000
G1 X88.668 Y230.11 Z-345.773 F2000
G1 B90.0 F1000
G1 X88.668 Y209.958 Z-325.621 F2000
G1 B90.0 F1000
G1 X88.668 Y209.958 Z-305.469 F2000
G1 B125.26371954138452 F1000
G1 X88.668 Y209.958 Z-285.317 F2000
G1 B135.00000000000006 F1000
G1 X68.516 Y189.806 Z-265.164 F2000
G1 B90.0 F1000
G1 X68.516 Y169.654 Z-245.012 F2000
G1 B125.26438968275463 F1000
G1 X68.516 Y169.654 Z-224.86 F2000
G1 B135.0014215551297 F1000
G1 X48.364 Y149.502 Z-204.708 F2000
G1 B155.688464353155 F1000
G1 X48.364 Y129.349 Z-184.556 F2000
G1 B90.0 F1000
G1 X-12.093 Y-11.716 Z-164.403 F2000
G1 B90.0 F1000
G1 X-12.093 Y-11.716 Z-144.251 F2000
G1 X-12.093 Y-11.716 Z-124.099 F2000
G1 X-19.275133243394247 Y-18.674229808947903 Z-124.099 F5000
M01
G1 X30.065273789508073 Y159.32857970575438 Z-708.513 F5000
M00
G1 B45.00000000000008 F1000
G1 X28.211 Y149.502 Z-708.513 F2000
G1 B90.0 F1000
G1 X28.211 Y169.654 Z-688.361 F2000
G1 B54.73695056119047 F1000
G1 X28.211 Y169.654 Z-668.209 F2000
G1 B45.00000000000008 F1000
G1 X48.364 Y189.806 Z-648.056 F2000
G1 B90.0 F1000
G1 X48.364 Y209.958 Z-627.904 F2000
G1 B44.99999999999988 F1000
G1 X48.364 Y209.958 Z-607.752 F2000
G1 B90.0 F1000
G1 X48.364 Y230.11 Z-587.6 F2000
G1 B54.73494020358595 F1000
G1 X48.364 Y230.11 Z-567.448 F2000
G1 B90.0 F1000
G1 X68.516 Y250.263 Z-547.295 F2000
G1 B45.00000000000004 F1000
G1 X68.516 Y250.263 Z-527.143 F2000
G1 B90.0 F1000
G1 X68.516 Y270.415 Z-506.991 F2000
G1 B90.0 F1000
G1 X68.516 Y270.415 Z-486.839 F2000
G1 B90.0 F1000
G1 X68.516 Y270.415 Z-466.687 F2000
G1 B90.0 F1000
G1 X68.516 Y270.415 Z-446.534 F2000
G1 B90.0 F1000
G1 X68.516 Y270.415 Z-426.382 F2000
G1 B134.99999999999997 F1000
G1 X68.516 Y270.415 Z-406.23 F2000
G1 B90.0 F1000
G1 X68.516 Y250.263 Z-386.078 F2000
G1 B125.2657299488684 F1000
G1 X68.516 Y250.263 Z-365.925 F2000
G1 B90.0 F1000
G1 X48.364 Y230.11 Z-345.773 F2000
G1 B90.0 F1000
G1 X48.364 Y230.11 Z-325.621 F2000
G1 B135.00000000000006 F1000
G1 X48.364 Y230.11 Z-305.469 F2000
G1 B90.0 F1000
G1 X48.364 Y209.958 Z-285.317 F2000
G1 B135.0 F1000
G1 X48.364 Y209.958 Z-265.164 F2000
G1 B90.0 F1000
G1 X48.364 Y189.806 Z-245.012 F2000
G1 B125.26371954138455 F1000
G1 X48.364 Y189.806 Z-224.86 F2000
G1 B153.4355174477956 F1000
G1 X28.211 Y169.654 Z-204.708 F2000
G1 B162.28448056047677 F1000
G1 X28.211 Y129.349 Z-184.556 F2000
G1 B90.0 F1000
G1 X-12.093 Y-11.716 Z-164.403 F2000
G1 B90.0 F1000
G1 X-12.093 Y-11.716 Z-144.251 F2000
G1 X-12.093 Y-11.716 Z-124.099 F2000
G1 X-19.275133243394247 Y-18.674229808947903 Z-124.099 F5000
M01
G1 X8.680837321586976 Y139.3296471907127 Z-708.513 F5000
M00
G1 B26.564482552204463 F1000
G1 X8.059 Y129.349 Z-708.513 F2000
G1 B90.0 F1000
G1 X8.059 Y169.654 Z-688.361 F2000
G1 B45.001421555129525 F1000
G1 X8.059 Y169.654 Z-668.209 F2000
G1 B45.00000000000008 F1000
G1 X8.059 Y189.806 Z-648.056 F2000
G1 B54.73561031724535 F1000
G1 X8.059 Y209.958 Z-627.904 F2000
G1 B90.0 F1000
G1 X28.211 Y230.11 Z-607.752 F2000
G1 B44.998578444870404 F1000
G1 X28.211 Y230.11 Z-587.6 F2000
G1 B45.001421555129674 F1000
G1 X28.211 Y250.263 Z-567.448 F2000
G1 B90.0 F1000
G1 X28.211 Y270.415 Z-547.295 F2000
G1 B90.0 F1000
G1 X28.211 Y270.415 Z-527.143 F2000
G1 B90.0 F1000
G1 X28.211 Y270.415 Z-506.991 F2000
G1 B90.0 F1000
G1 X28.211 Y270.415 Z-486.839 F2000
G1 B90.0 F1000
G1 X28.211 Y270.415 Z-466.687 F2000
G1 B90.0 F1000
G1 X28.211 Y270.415 Z-446.534 F2000
G1 B90.0 F1000
G1 X28.211 Y270.415 Z-426.382 F2000
G1 B90.0 F1000
G1 X28.211 Y270.415 Z-406.23 F2000
G1 B134.99857844487042 F1000
G1 X28.211 Y270.415 Z-386.078 F2000
G1 B90.0 F1000
G1 X28.211 Y250.263 Z-365.925 F2000
G1 B135.0014215551296 F1000
G1 X28.211 Y250.263 Z-345.773 F2000
G1 B90.0 F1000
G1 X28.211 Y230.11 Z-325.621 F2000
G1 B125.26438968275468 F1000
G1 X28.211 Y230.11 Z-305.469 F2000
G1 B90.0 F1000
G1 X8.059 Y209.958 Z-285.317 F2000
G1 B135.0 F1000
G1 X8.059 Y209.958 Z-265.164 F2000
G1 B90.0 F1000
G1 X8.059 Y189.806 Z-245.012 F2000
G1 B135.0 F1000
G1 X8.059 Y189.806 Z-224.86 F2000
G1 B153.4355174477956 F1000
G1 X8.059 Y169.654 Z-204.708 F2000
G1 B168.57804923793063 F1000
G1 X8.059 Y129.349 Z-184.556 F2000
G1 B90.0 F1000
G1 X-12.093 Y-11.716 Z-164.403 F2000
G1 B90.0 F1000
G1 X-12.093 Y-11.716 Z-144.251 F2000
G1 X-12.093 Y-11.716 Z-124.099 F2000
G1 X-19.275133243394247 Y-18.674229808947903 Z-124.099 F5000
M01
G1 X-13.023853259659182 Y139.30558135149718 Z-708.513 F5000
M00
G1 B26.564482552204463 F1000
G1 X-12.093 Y129.349 Z-708.513 F2000
G1 B90.0 F1000
G1 X-12.093 Y169.654 Z-688.361 F2000
G1 B45.001421555129525 F1000
G1 X-12.093 Y169.654 Z-668.209 F2000
G1 B45.00000000000008 F1000
G1 X-12.093 Y189.806 Z-648.056 F2000
G1 B45.00000000000004 F1000
G1 X-12.093 Y209.958 Z-627.904 F2000
G1 B90.0 F1000
G1 X-12.093 Y230.11 Z-607.752 F2000
G1 B44.998578444870404 F1000
G1 X-12.093 Y230.11 Z-587.6 F2000
G1 B45.001421555129674 F1000
G1 X-12.093 Y250.263 Z-567.448 F2000
G1 B90.0 F1000
G1 X-12.093 Y270.415 Z-547.295 F2000
G1 B90.0 F1000
G1 X-12.093 Y270.415 Z-527.143 F2000
G1 B90.0 F1000
G1 X-12.093 Y270.415 Z-506.991 F2000
G1 B175.91442651673668 F1000
G1 X-12.093 Y270.415 Z-486.839 F2000
G1 B90.0 F1000
G1 X-12.093 Y-11.716 Z-466.687 F2000
G1 B4.085573483263338 F1000
G1 X-12.093 Y-11.716 Z-446.534 F2000
G1 B90.0 F1000
G1 X-12.093 Y270.415 Z-426.382 F2000
G1 B90.0 F1000
G1 X-12.093 Y270.415 Z-406.23 F2000
G1 B134.99857844487042 F1000
G1 X-12.093 Y270.415 Z-386.078 F2000
G1 B90.0 F1000
G1 X-12.093 Y250.263 Z-365.925 F2000
G1 B135.0014215551296 F1000
G1 X-12.093 Y250.263 Z-345.773 F2000
G1 B90.0 F1000
G1 X-12.093 Y230.11 Z-325.621 F2000
G1 B135.00000000000006 F1000
G1 X-12.093 Y230.11 Z-305.469 F2000
G1 B90.0 F1000
G1 X-12.093 Y209.958 Z-285.317 F2000
G1 B135.0 F1000
G1 X-12.093 Y209.958 Z-265.164 F2000
G1 B90.0 F1000
G1 X-12.093 Y189.806 Z-245.012 F2000
G1 B135.0 F1000
G1 X-12.093 Y189.806 Z-224.86 F2000
G1 B153.4355174477956 F1000
G1 X-12.093 Y169.654 Z-204.708 F2000
G1 B171.86955646685672 F1000
G1 X-12.093 Y129.349 Z-184.556 F2000
G1 B90.0 F1000
G1 X-12.093 Y-11.716 Z-164.403 F2000
G1 B90.0 F1000
G1 X-12.093 Y-11.716 Z-144.251 F2000
G1 X-12.093 Y-11.716 Z-124.099 F2000
G1 X-19.275133243394247 Y-18.674229808947903 Z-124.099 F5000
M01
G1 X-34.6638426798109 Y139.0520510712005 Z-708.513 F5000
M00
G1 B26.564482552204463 F1000
G1 X-32.245 Y129.349 Z-708.513 F2000
G1 B90.0 F1000
G1 X-32.245 Y169.654 Z-688.361 F2000
G1 B54.736950561190476 F1000
G1 X-32.245 Y169.654 Z-668.209 F2000
G1 B45.00000000000008 F1000
G1 X-52.398 Y189.806 Z-648.056 F2000
G1 B45.00000000000004 F1000
G1 X-52.398 Y209.958 Z-627.904 F2000
G1 B90.0 F1000
G1 X-52.398 Y230.11 Z-607.752 F2000
G1 B44.998578444870404 F1000
G1 X-52.398 Y230.11 Z-587.6 F2000
G1 B45.001421555129674 F1000
G1 X-52.398 Y250.263 Z-567.448 F2000
G1 B90.0 F1000
G1 X-52.398 Y270.415 Z-547.295 F2000
G1 B90.0 F1000
G1 X-52.398 Y270.415 Z-527.143 F2000
G1 B90.0 F1000
G1 X-52.398 Y270.415 Z-506.991 F2000
G1 B90.0 F1000
G1 X-52.398 Y270.415 Z-486.839 F2000
G1 B90.0 F1000
G1 X-52.398 Y270.415 Z-466.687 F2000
G1 B90.0 F1000
G1 X-52.398 Y270.415 Z-446.534 F2000
G1 B90.0 F1000
G1 X-52.398 Y270.415 Z-426.382 F2000
G1 B90.0 F1000
G1 X-52.398 Y270.415 Z-406.23 F2000
G1 B134.99857844487042 F1000
G1 X-52.398 Y270.415 Z-386.078 F2000
G1 B90.0 F1000
G1 X-52.398 Y250.263 Z-365.925 F2000
G1 B135.0014215551296 F1000
G1 X-52.398 Y250.263 Z-345.773 F2000
G1 B90.0 F1000
G1 X-52.398 Y230.11 Z-325.621 F2000
G1 B135.00000000000006 F1000
G1 X-52.398 Y230.11 Z-305.469 F2000
G1 B90.0 F1000
G1 X-52.398 Y209.958 Z-285.317 F2000
G1 B135.0 F1000
G1 X-52.398 Y209.958 Z-265.164 F2000
G1 B90.0 F1000
G1 X-52.398 Y189.806 Z-245.012 F2000
G1 B144.73494017033283 F1000
G1 X-52.398 Y189.806 Z-224.86 F2000
G1 B153.4355174477956 F1000
G1 X-32.245 Y149.502 Z-204.708 F2000
G1 B166.73711236522593 F1000
G1 X-32.245 Y109.197 Z-184.556 F2000
G1 B90.0 F1000
G1 X-12.093 Y-11.716 Z-164.403 F2000
G1 B90.0 F1000
G1 X-12.093 Y-11.716 Z-144.251 F2000
G1 X-12.093 Y-11.716 Z-124.099 F2000
G1 X-19.275133243394247 Y-18.674229808947903 Z-124.099 F5000
M01
G1 X-56.15254111675062 Y138.61740984218054 Z-708.513 F5000
M00
G1 B35.263719549697704 F1000
G1 X-52.398 Y129.349 Z-708.513 F2000
G1 B90.0 F1000
G1 X-72.55 Y169.654 Z-688.361 F2000
G1 B45.001421555129525 F1000
G1 X-72.55 Y169.654 Z-668.209 F2000
G1 B45.00000000000008 F1000
G1 X-72.55 Y189.806 Z-648.056 F2000
G1 B90.0 F1000
G1 X-72.55 Y209.958 Z-627.904 F2000
G1 B44.99999999999988 F1000
G1 X-72.55 Y209.958 Z-607.752 F2000
G1 B54.73427005113163 F1000
G1 X-72.55 Y230.11 Z-587.6 F2000
G1 B90.0 F1000
G1 X-92.702 Y250.263 Z-567.448 F2000
G1 B44.99999999999988 F1000
G1 X-92.702 Y250.263 Z-547.295 F2000
G1 B90.0 F1000
G1 X-92.702 Y270.415 Z-527.143 F2000
G1 B90.0 F1000
G1 X-92.702 Y270.415 Z-506.991 F2000
G1 B90.0 F1000
G1 X-92.702 Y270.415 Z-486.839 F2000
G1 B90.0 F1000
G1 X-92.702 Y270.415 Z-466.687 F2000
G1 B90.0 F1000
G1 X-92.702 Y270.415 Z-446.534 F2000
G1 B90.0 F1000
G1 X-92.702 Y270.415 Z-426.382 F2000
G1 B90.0 F1000
G1 X-92.702 Y270.415 Z-406.23 F2000
G1 B134.99857844487042 F1000
G1 X-92.702 Y270.415 Z-386.078 F2000
G1 B90.0 F1000
G1 X-92.702 Y250.263 Z-365.925 F2000
G1 B125.26572994886837 F1000
G1 X-92.702 Y250.263 Z-345.773 F2000
G1 B90.0 F1000
G1 X-72.55 Y230.11 Z-325.621 F2000
G1 B135.00000000000006 F1000
G1 X-72.55 Y230.11 Z-305.469 F2000
G1 B90.0 F1000
G1 X-72.55 Y209.958 Z-285.317 F2000
G1 B135.0 F1000
G1 X-72.55 Y209.958 Z-265.164 F2000
G1 B135.00000000000006 F1000
G1 X-72.55 Y189.806 Z-245.012 F2000
G1 B125.26438968275463 F1000
G1 X-72.55 Y169.654 Z-224.86 F2000
G1 B153.4355174477956 F1000
G1 X-52.398 Y149.502 Z-204.708 F2000
G1 B159.56027926878517 F1000
G1 X-52.398 Y109.197 Z-184.556 F2000
G1 B90.0 F1000
G1 X-12.093 Y-11.716 Z-164.403 F2000
G1 B90.0 F1000
G1 X-12.093 Y-11.716 Z-144.251 F2000
G1 X-12.093 Y-11.716 Z-124.099 F2000
G1 X-19.275133243394247 Y-18.674229808947903 Z-124.099 F5000
M01
G1 X-77.4419130379279 Y138.0707651211983 Z-708.513 F5000
M00
G1 B54.734270051131595 F1000
G1 X-72.55 Y129.349 Z-708.513 F2000
G1 B90.0 F1000
G1 X-92.702 Y149.502 Z-688.361 F2000
G1 B45.001421555129554 F1000
G1 X-92.702 Y149.502 Z-668.209 F2000
G1 B54.73561031724535 F1000
G1 X-92.702 Y169.654 Z-648.056 F2000
G1 B45.00000000000008 F1000
G1 X-112.854 Y189.806 Z-627.904 F2000
G1 B90.0 F1000
G1 X-112.854 Y209.958 Z-607.752 F2000
G1 B45.00000000000004 F1000
G1 X-112.854 Y209.958 Z-587.6 F2000
G1 B90.0 F1000
G1 X-112.854 Y230.11 Z-567.448 F2000
G1 B54.73427005113156 F1000
G1 X-112.854 Y230.11 Z-547.295 F2000
G1 B90.0 F1000
G1 X-133.006 Y250.263 Z-527.143 F2000
G1 B90.0 F1000
G1 X-133.006 Y250.263 Z-506.991 F2000
G1 B90.0 F1000
G1 X-133.006 Y250.263 Z-486.839 F2000
G1 B90.0 F1000
G1 X-133.006 Y250.263 Z-466.687 F2000
G1 B90.0 F1000
G1 X-133.006 Y250.263 Z-446.534 F2000
G1 B90.0 F1000
G1 X-133.006 Y250.263 Z-426.382 F2000
G1 B90.0 F1000
G1 X-133.006 Y250.263 Z-406.23 F2000
G1 B125.26505979641409 F1000
G1 X-133.006 Y250.263 Z-386.078 F2000
G1 B135.00000000000006 F1000
G1 X-112.854 Y230.11 Z-365.925 F2000
G1 B90.0 F1000
G1 X-112.854 Y209.958 Z-345.773 F2000
G1 B90.0 F1000
G1 X-112.854 Y209.958 Z-325.621 F2000
G1 B135.0 F1000
G1 X-112.854 Y209.958 Z-305.469 F2000
G1 B90.0 F1000
G1 X-112.854 Y189.806 Z-285.317 F2000
G1 B125.26438968275468 F1000
G1 X-112.854 Y189.806 Z-265.164 F2000
G1 B135.0 F1000
G1 X-92.702 Y169.654 Z-245.012 F2000
G1 B90.0 F1000
G1 X-92.702 Y149.502 Z-224.86 F2000
G1 B144.73628045030236 F1000
G1 X-92.702 Y149.502 Z-204.708 F2000
G1 B152.20842072009606 F1000
G1 X-72.55 Y109.197 Z-184.556 F2000
G1 B90.0 F1000
G1 X-12.093 Y-11.716 Z-164.403 F2000
G1 B90.0 F1000
G1 X-12.093 Y-11.716 Z-144.251 F2000
G1 X-12.093 Y-11.716 Z-124.099 F2000
G1 X-19.275133243394247 Y-18.674229808947903 Z-124.099 F5000
M01
G1 X-99.17380378684098 Y116.82036905473102 Z-708.513 F5000
M00
G1 B54.73561031724539 F1000
G1 X-92.702 Y109.197 Z-708.513 F2000
G1 B44.99857844487037 F1000
G1 X-112.854 Y129.349 Z-688.361 F2000
G1 B54.73628045861541 F1000
G1 X-112.854 Y149.502 Z-668.209 F2000
G1 B90.0 F1000
G1 X-133.006 Y169.654 Z-648.056 F2000
G1 B90.0 F1000
G1 X-133.006 Y169.654 Z-627.904 F2000
G1 B44.99999999999988 F1000
G1 X-133.006 Y169.654 Z-607.752 F2000
G1 B54.7362804586155 F1000
G1 X-133.006 Y189.806 Z-587.6 F2000
G1 B90.0 F1000
G1 X-153.159 Y209.958 Z-567.448 F2000
G1 B90.0 F1000
G1 X-153.159 Y209.958 Z-547.295 F2000
G1 B45.00000000000004 F1000
G1 X-153.159 Y209.958 Z-527.143 F2000
G1 B90.0 F1000
G1 X-153.159 Y230.11 Z-506.991 F2000
G1 B90.0 F1000
G1 X-153.159 Y230.11 Z-486.839 F2000
G1 B90.0 F1000
G1 X-153.159 Y230.11 Z-466.687 F2000
G1 B90.0 F1000
G1 X-153.159 Y230.11 Z-446.534 F2000
G1 B135.00000000000006 F1000
G1 X-153.159 Y230.11 Z-426.382 F2000
G1 B90.0 F1000
G1 X-153.159 Y209.958 Z-406.23 F2000
G1 B90.0 F1000
G1 X-153.159 Y209.958 Z-386.078 F2000
G1 B90.0 F1000
G1 X-153.159 Y209.958 Z-365.925 F2000
G1 B125.26371954138452 F1000
G1 X-153.159 Y209.958 Z-345.773 F2000
G1 B90.0 F1000
G1 X-133.006 Y189.806 Z-325.621 F2000
G1 B135.00000000000006 F1000
G1 X-133.006 Y189.806 Z-305.469 F2000
G1 B90.0 F1000
G1 X-133.006 Y169.654 Z-285.317 F2000
G1 B125.26438968275465 F1000
G1 X-133.006 Y169.654 Z-265.164 F2000
G1 B135.0014215551297 F1000
G1 X-112.854 Y149.502 Z-245.012 F2000
G1 B90.0 F1000
G1 X-112.854 Y129.349 Z-224.86 F2000
G1 B125.26438968275465 F1000
G1 X-112.854 Y129.349 Z-204.708 F2000
G1 B145.50359357016853 F1000
G1 X-92.702 Y109.197 Z-184.556 F2000
G1 B90.0 F1000
G1 X-12.093 Y-11.716 Z-164.403 F2000
G1 B90.0 F1000
G1 X-12.093 Y-11.716 Z-144.251 F2000
G1 X-12.093 Y-11.716 Z-124.099 F2000
G1 X-19.275133243394247 Y-18.674229808947903 Z-124.099 F5000
M01
G1 X-99.91388764663934 Y95.97238598406723 Z-708.513 F5000
M00
G1 B54.735610317245374 F1000
G1 X-92.702 Y89.045 Z-708.513 F2000
G1 B90.0 F1000
G1 X-112.854 Y109.197 Z-688.361 F2000
G1 B54.73628045861541 F1000
G1 X-112.854 Y109.197 Z-668.209 F2000
G1 B90.0 F1000
G1 X-133.006 Y129.349 Z-648.056 F2000
G1 B54.73494020358592 F1000
G1 X-133.006 Y129.349 Z-627.904 F2000
G1 B54.73561031724533 F1000
G1 X-153.159 Y149.502 Z-607.752 F2000
G1 B90.0 F1000
G1 X-173.311 Y169.654 Z-587.6 F2000
G1 B45.001421555129674 F1000
G1 X-173.311 Y169.654 Z-567.448 F2000
G1 B90.0 F1000
G1 X-173.311 Y189.806 Z-547.295 F2000
G1 B90.0 F1000
G1 X-173.311 Y189.806 Z-527.143 F2000
G1 B90.0 F1000
G1 X-173.311 Y189.806 Z-506.991 F2000
G1 B90.0 F1000
G1 X-173.311 Y189.806 Z-486.839 F2000
G1 B90.0 F1000
G1 X-173.311 Y189.806 Z-466.687 F2000
G1 B90.0 F1000
G1 X-173.311 Y189.806 Z-446.534 F2000
G1 B90.0 F1000
G1 X-173.311 Y189.806 Z-426.382 F2000
G1 B90.0 F1000
G1 X-173.311 Y189.806 Z-406.23 F2000
G1 B134.99857844487042 F1000
G1 X-173.311 Y189.806 Z-386.078 F2000
G1 B90.0 F1000
G1 X-173.311 Y169.654 Z-365.925 F2000
G1 B90.0 F1000
G1 X-173.311 Y169.654 Z-345.773 F2000
G1 B90.0 F1000
G1 X-173.311 Y169.654 Z-325.621 F2000
G1 B125.26438968275463 F1000
G1 X-173.311 Y169.654 Z-305.469 F2000
G1 B125.26438968275468 F1000
G1 X-153.159 Y149.502 Z-285.317 F2000
G1 B90.0 F1000
G1 X-133.006 Y129.349 Z-265.164 F2000
G1 B125.26438968275465 F1000
G1 X-133.006 Y129.349 Z-245.012 F2000
G1 B90.0 F1000
G1 X-112.854 Y109.197 Z-224.86 F2000
G1 B125.26438968275465 F1000
G1 X-112.854 Y109.197 Z-204.708 F2000
G1 B140.4901563671115 F1000
G1 X-92.702 Y89.045 Z-184.556 F2000
G1 B90.0 F1000
G1 X-12.093 Y-11.716 Z-164.403 F2000
G1 B90.0 F1000
G1 X-12.093 Y-11.716 Z-144.251 F2000
G1 X-12.093 Y-11.716 Z-124.099 F2000
G1 X-19.275133243394247 Y-18.674229808947903 Z-124.099 F5000
M01
G1 X-121.38928516804054 Y74.10346131357167 Z-708.513 F5000
M00
G1 B54.735610317245374 F1000
G1 X-112.854 Y68.893 Z-708.513 F2000
G1 B90.0 F1000
G1 X-133.006 Y89.045 Z-688.361 F2000
G1 B54.73695056119048 F1000
G1 X-133.006 Y89.045 Z-668.209 F2000
G1 B90.0 F1000
G1 X-153.159 Y109.197 Z-648.056 F2000
G1 B54.7356103172454 F1000
G1 X-153.159 Y109.197 Z-627.904 F2000
G1 B90.0 F1000
G1 X-173.311 Y129.349 Z-607.752 F2000
G1 B54.734270051131574 F1000
G1 X-173.311 Y129.349 Z-587.6 F2000
G1 B90.0 F1000
G1 X-193.463 Y149.502 Z-567.448 F2000
G1 B90.0 F1000
G1 X-193.463 Y149.502 Z-547.295 F2000
G1 B90.0 F1000
G1 X-193.463 Y149.502 Z-527.143 F2000
G1 B54.73561031724537 F1000
G1 X-193.463 Y149.502 Z-506.991 F2000
G1 B90.0 F1000
G1 X-213.615 Y169.654 Z-486.839 F2000
G1 B90.0 F1000
G1 X-213.615 Y169.654 Z-466.687 F2000
G1 B90.0 F1000
G1 X-213.615 Y169.654 Z-446.534 F2000
G1 B125.26438968275463 F1000
G1 X-213.615 Y169.654 Z-426.382 F2000
G1 B90.0 F1000
G1 X-193.463 Y149.502 Z-406.23 F2000
G1 B90.0 F1000
G1 X-193.463 Y149.502 Z-386.078 F2000
G1 B90.0 F1000
G1 X-193.463 Y149.502 Z-365.925 F2000
G1 B125.26572994886841 F1000
G1 X-193.463 Y149.502 Z-345.773 F2000
G1 B90.0 F1000
G1 X-173.311 Y129.349 Z-325.621 F2000
G1 B90.0 F1000
G1 X-173.311 Y129.349 Z-305.469 F2000
G1 B125.26371954138452 F1000
G1 X-173.311 Y129.349 Z-285.317 F2000
G1 B90.0 F1000
G1 X-153.159 Y109.197 Z-265.164 F2000
G1 B125.26371954138457 F1000
G1 X-153.159 Y109.197 Z-245.012 F2000
G1 B90.0 F1000
G1 X-133.006 Y89.045 Z-224.86 F2000
G1 B125.26438968275465 F1000
G1 X-133.006 Y89.045 Z-204.708 F2000
G1 B128.11295305193974 F1000
G1 X-112.854 Y68.893 Z-184.556 F2000
G1 B90.0 F1000
G1 X-12.093 Y-11.716 Z-164.403 F2000
G1 B90.0 F1000
G1 X-12.093 Y-11.716 Z-144.251 F2000
G1 X-12.093 Y-11.716 Z-124.099 F2000
G1 X-19.275133243394247 Y-18.674229808947903 Z-124.099 F5000
M01
G1 X-122.0343691688957 Y52.70594917026552 Z-708.513 F5000
M00
G1 B54.735610317245374 F1000
G1 X-112.854 Y48.741 Z-708.513 F2000
G1 B54.736280458615475 F1000
G1 X-133.006 Y68.893 Z-688.361 F2000
G1 B90.0 F1000
G1 X-153.159 Y89.045 Z-668.209 F2000
G1 B90.0 F1000
G1 X-173.311 Y89.045 Z-648.056 F2000
G1 B54.73561031724537 F1000
G1 X-173.311 Y89.045 Z-627.904 F2000
G1 B54.73561031724533 F1000
G1 X-193.463 Y109.197 Z-607.752 F2000
G1 B90.0 F1000
G1 X-213.615 Y129.349 Z-587.6 F2000
G1 B90.0 F1000
G1 X-213.615 Y129.349 Z-567.448 F2000
G1 B90.0 F1000
G1 X-213.615 Y129.349 Z-547.295 F2000
G1 B90.0 F1000
G1 X-233.767 Y129.349 Z-527.143 F2000
G1 B90.0 F1000
G1 X-233.767 Y129.349 Z-506.991 F2000
G1 B90.0 F1000
G1 X-233.767 Y129.349 Z-486.839 F2000
G1 B90.0 F1000
G1 X-233.767 Y129.349 Z-466.687 F2000
G1 B90.0 F1000
G1 X-233.767 Y129.349 Z-446.534 F2000
G1 B90.0 F1000
G1 X-233.767 Y129.349 Z-426.382 F2000
G1 B90.0 F1000
G1 X-233.767 Y129.349 Z-406.23 F2000
G1 B90.0 F1000
G1 X-233.767 Y129.349 Z-386.078 F2000
G1 B90.0 F1000
G1 X-213.615 Y129.349 Z-365.925 F2000
G1 B90.0 F1000
G1 X-213.615 Y129.349 Z-345.773 F2000
G1 B125.26438968275463 F1000
G1 X-213.615 Y129.349 Z-325.621 F2000
G1 B90.0 F1000
G1 X-193.463 Y109.197 Z-305.469 F2000
G1 B125.26371954138455 F1000
G1 X-193.463 Y109.197 Z-285.317 F2000
G1 B90.0 F1000
G1 X-173.311 Y89.045 Z-265.164 F2000
G1 B90.0 F1000
G1 X-173.311 Y89.045 Z-245.012 F2000
G1 B125.26371954138455 F1000
G1 X-153.159 Y89.045 Z-224.86 F2000
G1 B125.26438968275465 F1000
G1 X-133.006 Y68.893 Z-204.708 F2000
G1 B120.47048691359639 F1000
G1 X-112.854 Y48.741 Z-184.556 F2000
G1 B90.0 F1000
G1 X-12.093 Y-11.716 Z-164.403 F2000
G1 B90.0 F1000
G1 X-12.093 Y-11.716 Z-144.251 F2000
G1 X-12.093 Y-11.716 Z-124.099 F2000
G1 X-19.275133243394247 Y-18.674229808947903 Z-124.099 F5000
M01
G1 X-142.3953988269102 Y52.18181235600221 Z-708.513 F5000
M00
G1 B90.0 F1000
G1 X-133.006 Y48.741 Z-708.513 F2000
G1 B90.0 F1000
G1 X-153.159 Y48.741 Z-688.361 F2000
G1 B54.736280458615404 F1000
G1 X-153.159 Y48.741 Z-668.209 F2000
G1 B90.0 F1000
G1 X-173.311 Y68.893 Z-648.056 F2000
G1 B54.73561031724539 F1000
G1 X-193.463 Y68.893 Z-627.904 F2000
G1 B90.0 F1000
G1 X-213.615 Y89.045 Z-607.752 F2000
G1 B90.0 F1000
G1 X-213.615 Y89.045 Z-587.6 F2000
G1 B90.0 F1000
G1 X-233.767 Y89.045 Z-567.448 F2000
G1 B54.736280458615404 F1000
G1 X-233.767 Y89.045 Z-547.295 F2000
G1 B90.0 F1000
G1 X-253.92 Y109.197 Z-527.143 F2000
G1 B90.0 F1000
G1 X-253.92 Y109.197 Z-506.991 F2000
G1 B90.0 F1000
G1 X-253.92 Y109.197 Z-486.839 F2000
G1 B90.0 F1000
G1 X-253.92 Y109.197 Z-466.687 F2000
G1 B90.0 F1000
G1 X-253.92 Y109.197 Z-446.534 F2000
G1 B90.0 F1000
G1 X-253.92 Y109.197 Z-426.382 F2000
G1 B90.0 F1000
G1 X-253.92 Y109.197 Z-406.23 F2000
G1 B125.26304943880949 F1000
G1 X-253.92 Y109.197 Z-386.078 F2000
G1 B90.0 F1000
G1 X-233.767 Y89.045 Z-365.925 F2000
G1 B90.0 F1000
G1 X-233.767 Y89.045 Z-345.773 F2000
G1 B90.0 F1000
G1 X-213.615 Y89.045 Z-325.621 F2000
G1 B125.26438968275465 F1000
G1 X-213.615 Y89.045 Z-305.469 F2000
G1 B90.0 F1000
G1 X-193.463 Y68.893 Z-285.317 F2000
G1 B90.0 F1000
G1 X-193.463 Y68.893 Z-265.164 F2000
G1 B90.0 F1000
G1 X-173.311 Y68.893 Z-245.012 F2000
G1 B125.26438968275463 F1000
G1 X-173.311 Y68.893 Z-224.86 F2000
G1 B114.09547828983997 F1000
G1 X-153.159 Y48.741 Z-204.708 F2000
G1 B111.41649099722748 F1000
G1 X-112.854 Y28.588 Z-184.556 F2000
G1 B90.0 F1000
G1 X-12.093 Y-11.716 Z-164.403 F2000
G1 B90.0 F1000
G1 X-12.093 Y-11.716 Z-144.251 F2000
G1 X-12.093 Y-11.716 Z-124.099 F2000
G1 X-19.275133243394247 Y-18.674229808947903 Z-124.099 F5000
M01
G1 X-142.78271634786384 Y30.68938465146483 Z-708.513 F5000
M00
G1 B90.0 F1000
G1 X-133.006 Y28.588 Z-708.513 F2000
G1 B90.0 F1000
G1 X-153.159 Y28.588 Z-688.361 F2000
G1 B54.73494020358586 F1000
G1 X-173.311 Y28.588 Z-668.209 F2000
G1 B90.0 F1000
G1 X-193.463 Y48.741 Z-648.056 F2000
G1 B90.0 F1000
G1 X-193.463 Y48.741 Z-627.904 F2000
G1 B54.73561031724528 F1000
G1 X-213.615 Y48.741 Z-607.752 F2000
G1 B90.0 F1000
G1 X-233.767 Y68.893 Z-587.6 F2000
G1 B90.0 F1000
G1 X-253.92 Y68.893 Z-567.448 F2000
G1 B90.0 F1000
G1 X-253.92 Y68.893 Z-547.295 F2000
G1 B90.0 F1000
G1 X-253.92 Y68.893 Z-527.143 F2000
G1 B90.0 F1000
G1 X-274.072 Y68.893 Z-506.991 F2000
G1 B90.0 F1000
G1 X-274.072 Y68.893 Z-486.839 F2000
G1 B90.0 F1000
G1 X-274.072 Y68.893 Z-466.687 F2000
G1 B90.0 F1000
G1 X-274.072 Y68.893 Z-446.534 F2000
G1 B90.0 F1000
G1 X-274.072 Y68.893 Z-426.382 F2000
G1 B90.0 F1000
G1 X-253.92 Y68.893 Z-406.23 F2000
G1 B90.0 F1000
G1 X-253.92 Y68.893 Z-386.078 F2000
G1 B90.0 F1000
G1 X-253.92 Y68.893 Z-365.925 F2000
G1 B90.0 F1000
G1 X-253.92 Y68.893 Z-345.773 F2000
G1 B125.26438968275468 F1000
G1 X-233.767 Y68.893 Z-325.621 F2000
G1 B90.0 F1000
G1 X-213.615 Y48.741 Z-305.469 F2000
G1 B90.0 F1000
G1 X-213.615 Y48.741 Z-285.317 F2000
G1 B90.0 F1000
G1 X-193.463 Y48.741 Z-265.164 F2000
G1 B125.26572994886841 F1000
G1 X-193.463 Y48.741 Z-245.012 F2000
G1 B90.0 F1000
G1 X-173.311 Y28.588 Z-224.86 F2000
G1 B114.09441872170008 F1000
G1 X-153.159 Y28.588 Z-204.708 F2000
G1 B101.09567937449184 F1000
G1 X-112.854 Y8.436 Z-184.556 F2000
G1 B90.0 F1000
G1 X-12.093 Y-11.716 Z-164.403 F2000
G1 B90.0 F1000
G1 X-12.093 Y-11.716 Z-144.251 F2000
G1 X-12.093 Y-11.716 Z-124.099 F2000
G1 X-19.275133243394247 Y-18.674229808947903 Z-124.099 F5000
M01
G1 X-142.98594638032486 Y9.068985186115066 Z-708.513 F5000
M00
G1 B90.0 F1000
G1 X-133.006 Y8.436 Z-708.513 F2000
G1 B90.0 F1000
G1 X-153.159 Y8.436 Z-688.361 F2000
G1 B97.0704642831444 F1000
G1 X-173.311 Y8.436 Z-668.209 F2000
G1 B78.74486804044399 F1000
G1 X-12.093 Y-11.716 Z-648.056 F2000
G1 B90.0 F1000
G1 X-213.615 Y28.588 Z-627.904 F2000
G1 B90.0 F1000
G1 X-233.767 Y28.588 Z-607.752 F2000
G1 B90.0 F1000
G1 X-233.767 Y28.588 Z-587.6 F2000
G1 B90.0 F1000
G1 X-253.92 Y28.588 Z-567.448 F2000
G1 B90.0 F1000
G1 X-274.072 Y28.588 Z-547.295 F2000
G1 B90.0 F1000
G1 X-274.072 Y28.588 Z-527.143 F2000
G1 B90.0 F1000
G1 X-274.072 Y28.588 Z-506.991 F2000
G1 B90.0 F1000
G1 X-274.072 Y28.588 Z-486.839 F2000
G1 B90.0 F1000
G1 X-274.072 Y28.588 Z-466.687 F2000
G1 B90.0 F1000
G1 X-274.072 Y28.588 Z-446.534 F2000
G1 B90.0 F1000
G1 X-274.072 Y28.588 Z-426.382 F2000
G1 B90.0 F1000
G1 X-274.072 Y28.588 Z-406.23 F2000
G1 B90.0 F1000
G1 X-274.072 Y28.588 Z-386.078 F2000
G1 B90.0 F1000
G1 X-253.92 Y28.588 Z-365.925 F2000
G1 B90.0 F1000
G1 X-253.92 Y28.588 Z-345.773 F2000
G1 B90.0 F1000
G1 X-233.767 Y28.588 Z-325.621 F2000
G1 B90.0 F1000
G1 X-233.767 Y28.588 Z-305.469 F2000
G1 B101.25512657087502 F1000
G1 X-213.615 Y28.588 Z-285.317 F2000
G1 B83.69834171662772 F1000
G1 X-12.093 Y-11.716 Z-265.164 F2000
G1 B90.0 F1000
G1 X-193.463 Y8.436 Z-245.012 F2000
G1 B90.0 F1000
G1 X-173.311 Y8.436 Z-224.86 F2000
G1 B90.0 F1000
G1 X-153.159 Y8.436 Z-204.708 F2000
G1 B99.33577292962923 F1000
G1 X-133.006 Y8.436 Z-184.556 F2000
G1 B90.0 F1000
G1 X-12.093 Y-11.716 Z-164.403 F2000
G1 B90.0 F1000
G1 X-12.093 Y-11.716 Z-144.251 F2000
G1 X-12.093 Y-11.716 Z-124.099 F2000
G1 X-19.275133243394247 Y-18.674229808947903 Z-124.099 F5000
M01
G1 X-142.96742838001836 Y-12.593464888052381 Z-708.513 F5000
M00
G1 B90.0 F1000
G1 X-133.006 Y-11.716 Z-708.513 F2000
G1 B90.0 F1000
G1 X-153.159 Y-11.716 Z-688.361 F2000
G1 B90.0 F1000
G1 X-173.311 Y-11.716 Z-668.209 F2000
G1 B90.0 F1000
G1 X-12.093 Y-11.716 Z-648.056 F2000
G1 B90.0 F1000
G1 X-213.615 Y-11.716 Z-627.904 F2000
G1 B90.0 F1000
G1 X-233.767 Y-11.716 Z-607.752 F2000
G1 B90.0 F1000
G1 X-233.767 Y-11.716 Z-587.6 F2000
G1 B90.0 F1000
G1 X-253.92 Y-11.716 Z-567.448 F2000
G1 B90.0 F1000
G1 X-274.072 Y-11.716 Z-547.295 F2000
G1 B90.0 F1000
G1 X-274.072 Y-11.716 Z-527.143 F2000
G1 B90.0 F1000
G1 X-274.072 Y-11.716 Z-506.991 F2000
G1 B90.0 F1000
G1 X-274.072 Y-11.716 Z-486.839 F2000
G1 B90.0 F1000
G1 X-274.072 Y-11.716 Z-466.687 F2000
G1 B90.0 F1000
G1 X-274.072 Y-11.716 Z-446.534 F2000
G1 B90.0 F1000
G1 X-274.072 Y-11.716 Z-426.382 F2000
G1 B90.0 F1000
G1 X-274.072 Y-11.716 Z-406.23 F2000
G1 B90.0 F1000
G1 X-274.072 Y-11.716 Z-386.078 F2000
G1 B90.0 F1000
G1 X-253.92 Y-11.716 Z-365.925 F2000
G1 B90.0 F1000
G1 X-253.92 Y-11.716 Z-345.773 F2000
G1 B90.0 F1000
G1 X-233.767 Y-11.716 Z-325.621 F2000
G1 B90.0 F1000
G1 X-233.767 Y-11.716 Z-305.469 F2000
G1 B90.0 F1000
G1 X-213.615 Y-11.716 Z-285.317 F2000
G1 B90.0 F1000
G1 X-213.615 Y-11.716 Z-265.164 F2000
G1 B90.0 F1000
G1 X-193.463 Y-11.716 Z-245.012 F2000
G1 B90.0 F1000
G1 X-173.311 Y-11.716 Z-224.86 F2000
G1 B90.0 F1000
G1 X-153.159 Y-11.716 Z-204.708 F2000
G1 B90.0 F1000
G1 X-133.006 Y-11.716 Z-184.556 F2000
G1 B90.0 F1000
G1 X-12.093 Y-11.716 Z-164.403 F2000
G1 B90.0 F1000
G1 X-12.093 Y-11.716 Z-144.251 F2000
G1 X-12.093 Y-11.716 Z-124.099 F2000
G1 X-19.275133243394247 Y-18.674229808947903 Z-124.099 F5000
M01
G1 X-142.73075899174302 Y-34.19803488225243 Z-708.513 F5000
M00
G1 B90.0 F1000
G1 X-133.006 Y-31.868 Z-708.513 F2000
G1 B90.0 F1000
G1 X-173.311 Y-31.868 Z-688.361 F2000
G1 B90.0 F1000
G1 X-193.463 Y-31.868 Z-668.209 F2000
G1 B90.0 F1000
G1 X-193.463 Y-31.868 Z-648.056 F2000
G1 B90.0 F1000
G1 X-213.615 Y-31.868 Z-627.904 F2000
G1 B90.0 F1000
G1 X-233.767 Y-31.868 Z-607.752 F2000
G1 B90.0 F1000
G1 X-233.767 Y-31.868 Z-587.6 F2000
G1 B90.0 F1000
G1 X-253.92 Y-31.868 Z-567.448 F2000
G1 B90.0 F1000
G1 X-274.072 Y-31.868 Z-547.295 F2000
G1 B90.0 F1000
G1 X-274.072 Y-31.868 Z-527.143 F2000
G1 B90.0 F1000
G1 X-274.072 Y-31.868 Z-506.991 F2000
G1 B90.0 F1000
G1 X-274.072 Y-31.868 Z-486.839 F2000
G1 B90.0 F1000
G1 X-274.072 Y-31.868 Z-466.687 F2000
G1 B90.0 F1000
G1 X-274.072 Y-31.868 Z-446.534 F2000
G1 B90.0 F1000
G1 X-274.072 Y-31.868 Z-426.382 F2000
G1 B90.0 F1000
G1 X-274.072 Y-31.868 Z-406.23 F2000
G1 B90.0 F1000
G1 X-274.072 Y-31.868 Z-386.078 F2000
G1 B90.0 F1000
G1 X-253.92 Y-31.868 Z-365.925 F2000
G1 B90.0 F1000
G1 X-253.92 Y-31.868 Z-345.773 F2000
G1 B90.0 F1000
G1 X-233.767 Y-31.868 Z-325.621 F2000
G1 B90.0 F1000
G1 X-233.767 Y-31.868 Z-305.469 F2000
G1 B90.0 F1000
G1 X-213.615 Y-31.868 Z-285.317 F2000
G1 B90.0 F1000
G1 X-213.615 Y-31.868 Z-265.164 F2000
G1 B90.0 F1000
G1 X-193.463 Y-31.868 Z-245.012 F2000
G1 B90.0 F1000
G1 X-173.311 Y-31.868 Z-224.86 F2000
G1 B90.0 F1000
G1 X-173.311 Y-31.868 Z-204.708 F2000
G1 B80.66422707037077 F1000
G1 X-133.006 Y-31.868 Z-184.556 F2000
G1 B90.0 F1000
G1 X-12.093 Y-11.716 Z-164.403 F2000
G1 B90.0 F1000
G1 X-12.093 Y-11.716 Z-144.251 F2000
G1 X-12.093 Y-11.716 Z-124.099 F2000
G1 X-19.275133243394247 Y-18.674229808947903 Z-124.099 F5000
M01
G1 X-162.6277267307853 Y-55.23708676775236 Z-708.513 F5000
M00
G1 B90.0 F1000
G1 X-153.159 Y-52.021 Z-708.513 F2000
G1 B90.0 F1000
G1 X-173.311 Y-52.021 Z-688.361 F2000
G1 B90.0 F1000
G1 X-173.311 Y-52.021 Z-668.209 F2000
G1 B125.26438968275461 F1000
G1 X-193.463 Y-52.021 Z-648.056 F2000
G1 B90.0 F1000
G1 X-213.615 Y-72.173 Z-627.904 F2000
G1 B90.0 F1000
G1 X-213.615 Y-72.173 Z-607.752 F2000
G1 B90.0 F1000
G1 X-233.767 Y-72.173 Z-587.6 F2000
G1 B90.0 F1000
G1 X-253.92 Y-72.173 Z-567.448 F2000
G1 B90.0 F1000
G1 X-253.92 Y-72.173 Z-547.295 F2000
G1 B90.0 F1000
G1 X-274.072 Y-72.173 Z-527.143 F2000
G1 B90.0 F1000
G1 X-274.072 Y-72.173 Z-506.991 F2000
G1 B90.0 F1000
G1 X-274.072 Y-72.173 Z-486.839 F2000
G1 B90.0 F1000
G1 X-274.072 Y-72.173 Z-466.687 F2000
G1 B90.0 F1000
G1 X-274.072 Y-72.173 Z-446.534 F2000
G1 B90.0 F1000
G1 X-274.072 Y-72.173 Z-426.382 F2000
G1 B90.0 F1000
G1 X-274.072 Y-72.173 Z-406.23 F2000
G1 B90.0 F1000
G1 X-274.072 Y-72.173 Z-386.078 F2000
G1 B90.0 F1000
G1 X-253.92 Y-72.173 Z-365.925 F2000
G1 B90.0 F1000
G1 X-253.92 Y-72.173 Z-345.773 F2000
G1 B90.0 F1000
G1 X-233.767 Y-72.173 Z-325.621 F2000
G1 B90.0 F1000
G1 X-213.615 Y-72.173 Z-305.469 F2000
G1 B54.736280458615475 F1000
G1 X-213.615 Y-72.173 Z-285.317 F2000
G1 B90.0 F1000
G1 X-193.463 Y-52.021 Z-265.164 F2000
G1 B90.0 F1000
G1 X-193.463 Y-52.021 Z-245.012 F2000
G1 B90.0 F1000
G1 X-173.311 Y-52.021 Z-224.86 F2000
G1 B90.0 F1000
G1 X-173.311 Y-52.021 Z-204.708 F2000
G1 B71.79897752970452 F1000
G1 X-133.006 Y-52.021 Z-184.556 F2000
G1 B90.0 F1000
G1 X-12.093 Y-11.716 Z-164.403 F2000
G1 B90.0 F1000
G1 X-12.093 Y-11.716 Z-144.251 F2000
G1 X-12.093 Y-11.716 Z-124.099 F2000
G1 X-19.275133243394247 Y-18.674229808947903 Z-124.099 F5000
M01
G1 X-141.79537254573324 Y-76.94237419923316 Z-708.513 F5000
M00
G1 B90.0 F1000
G1 X-133.006 Y-72.173 Z-708.513 F2000
G1 B90.0 F1000
G1 X-153.159 Y-72.173 Z-688.361 F2000
G1 B125.26371954138462 F1000
G1 X-173.311 Y-72.173 Z-668.209 F2000
G1 B90.0 F1000
G1 X-193.463 Y-92.325 Z-648.056 F2000
G1 B90.0 F1000
G1 X-193.463 Y-92.325 Z-627.904 F2000
G1 B125.26438968275471 F1000
G1 X-213.615 Y-92.325 Z-607.752 F2000
G1 B90.0 F1000
G1 X-233.767 Y-112.477 Z-587.6 F2000
G1 B90.0 F1000
G1 X-233.767 Y-112.477 Z-567.448 F2000
G1 B90.0 F1000
G1 X-253.92 Y-112.477 Z-547.295 F2000
G1 B90.0 F1000
G1 X-253.92 Y-112.477 Z-527.143 F2000
G1 B90.0 F1000
G1 X-253.92 Y-112.477 Z-506.991 F2000
G1 B90.0 F1000
G1 X-253.92 Y-112.477 Z-486.839 F2000
G1 B90.0 F1000
G1 X-253.92 Y-112.477 Z-466.687 F2000
G1 B90.0 F1000
G1 X-253.92 Y-112.477 Z-446.534 F2000
G1 B90.0 F1000
G1 X-253.92 Y-112.477 Z-426.382 F2000
G1 B90.0 F1000
G1 X-253.92 Y-112.477 Z-406.23 F2000
G1 B90.0 F1000
G1 X-253.92 Y-112.477 Z-386.078 F2000
G1 B90.0 F1000
G1 X-233.767 Y-112.477 Z-365.925 F2000
G1 B54.73561031724537 F1000
G1 X-233.767 Y-112.477 Z-345.773 F2000
G1 B90.0 F1000
G1 X-213.615 Y-92.325 Z-325.621 F2000
G1 B90.0 F1000
G1 X-213.615 Y-92.325 Z-305.469 F2000
G1 B90.0 F1000
G1 X-193.463 Y-92.325 Z-285.317 F2000
G1 B54.73561031724533 F1000
G1 X-193.463 Y-92.325 Z-265.164 F2000
G1 B90.0 F1000
G1 X-173.311 Y-72.173 Z-245.012 F2000
G1 B90.0 F1000
G1 X-153.159 Y-72.173 Z-224.86 F2000
G1 B90.0 F1000
G1 X-153.159 Y-72.173 Z-204.708 F2000
G1 B63.747462305050426 F1000
G1 X-133.006 Y-72.173 Z-184.556 F2000
G1 B90.0 F1000
G1 X-12.093 Y-11.716 Z-164.403 F2000
G1 B90.0 F1000
G1 X-12.093 Y-11.716 Z-144.251 F2000
G1 X-12.093 Y-11.716 Z-124.099 F2000
G1 X-19.275133243394247 Y-18.674229808947903 Z-124.099 F5000
M01
G1 X-141.22086497873337 Y-98.02727966528998 Z-708.513 F5000
M00
G1 B90.0 F1000
G1 X-133.006 Y-92.325 Z-708.513 F2000
G1 B90.0 F1000
G1 X-133.006 Y-92.325 Z-688.361 F2000
G1 B125.2637195413846 F1000
G1 X-153.159 Y-92.325 Z-668.209 F2000
G1 B90.0 F1000
G1 X-173.311 Y-112.477 Z-648.056 F2000
G1 B90.0 F1000
G1 X-173.311 Y-112.477 Z-627.904 F2000
G1 B125.26438968275468 F1000
G1 X-193.463 Y-112.477 Z-607.752 F2000
G1 B90.0 F1000
G1 X-213.615 Y-132.629 Z-587.6 F2000
G1 B90.0 F1000
G1 X-213.615 Y-132.629 Z-567.448 F2000
G1 B90.0 F1000
G1 X-233.767 Y-132.629 Z-547.295 F2000
G1 B125.26505979641409 F1000
G1 X-233.767 Y-132.629 Z-527.143 F2000
G1 B90.0 F1000
G1 X-253.92 Y-152.782 Z-506.991 F2000
G1 B90.0 F1000
G1 X-253.92 Y-152.782 Z-486.839 F2000
G1 B90.0 F1000
G1 X-253.92 Y-152.782 Z-466.687 F2000
G1 B90.0 F1000
G1 X-253.92 Y-152.782 Z-446.534 F2000
G1 B54.73494020358589 F1000
G1 X-253.92 Y-152.782 Z-426.382 F2000
G1 B90.0 F1000
G1 X-233.767 Y-132.629 Z-406.23 F2000
G1 B90.0 F1000
G1 X-233.767 Y-132.629 Z-386.078 F2000
G1 B90.0 F1000
G1 X-233.767 Y-132.629 Z-365.925 F2000
G1 B90.0 F1000
G1 X-213.615 Y-132.629 Z-345.773 F2000
G1 B54.73561031724537 F1000
G1 X-213.615 Y-132.629 Z-325.621 F2000
G1 B90.0 F1000
G1 X-193.463 Y-112.477 Z-305.469 F2000
G1 B90.0 F1000
G1 X-173.311 Y-112.477 Z-285.317 F2000
G1 B90.0 F1000
G1 X-173.311 Y-112.477 Z-265.164 F2000
G1 B54.735610317245346 F1000
G1 X-173.311 Y-112.477 Z-245.012 F2000
G1 B90.0 F1000
G1 X-153.159 Y-92.325 Z-224.86 F2000
G1 B65.9051574478893 F1000
G1 X-133.006 Y-92.325 Z-204.708 F2000
G1 B53.96005352750247 F1000
G1 X-92.702 Y-72.173 Z-184.556 F2000
G1 B90.0 F1000
G1 X-12.093 Y-11.716 Z-164.403 F2000
G1 B90.0 F1000
G1 X-12.093 Y-11.716 Z-144.251 F2000
G1 X-12.093 Y-11.716 Z-124.099 F2000
G1 X-19.275133243394247 Y-18.674229808947903 Z-124.099 F5000
M01
G1 X-100.5925742302192 Y-78.3161944717224 Z-708.513 F5000
M00
G1 B125.26438968275463 F1000
G1 X-92.702 Y-72.173 Z-708.513 F2000
G1 B125.26438968275463 F1000
G1 X-112.854 Y-92.325 Z-688.361 F2000
G1 B125.26304943880952 F1000
G1 X-133.006 Y-112.477 Z-668.209 F2000
G1 B90.0 F1000
G1 X-153.159 Y-132.629 Z-648.056 F2000
G1 B90.0 F1000
G1 X-173.311 Y-132.629 Z-627.904 F2000
G1 B125.2657299488685 F1000
G1 X-173.311 Y-132.629 Z-607.752 F2000
G1 B90.0 F1000
G1 X-193.463 Y-152.782 Z-587.6 F2000
G1 B125.26371954138452 F1000
G1 X-193.463 Y-152.782 Z-567.448 F2000
G1 B90.0 F1000
G1 X-213.615 Y-172.934 Z-547.295 F2000
G1 B90.0 F1000
G1 X-213.615 Y-172.934 Z-527.143 F2000
G1 B90.0 F1000
G1 X-213.615 Y-172.934 Z-506.991 F2000
G1 B90.0 F1000
G1 X-213.615 Y-172.934 Z-486.839 F2000
G1 B90.0 F1000
G1 X-213.615 Y-172.934 Z-466.687 F2000
G1 B90.0 F1000
G1 X-213.615 Y-172.934 Z-446.534 F2000
G1 B90.0 F1000
G1 X-213.615 Y-172.934 Z-426.382 F2000
G1 B90.0 F1000
G1 X-213.615 Y-172.934 Z-406.23 F2000
G1 B90.0 F1000
G1 X-213.615 Y-172.934 Z-386.078 F2000
G1 B54.73561031724537 F1000
G1 X-213.615 Y-172.934 Z-365.925 F2000
G1 B54.734270051131574 F1000
G1 X-193.463 Y-152.782 Z-345.773 F2000
G1 B90.0 F1000
G1 X-173.311 Y-132.629 Z-325.621 F2000
G1 B90.0 F1000
G1 X-173.311 Y-132.629 Z-305.469 F2000
G1 B90.0 F1000
G1 X-173.311 Y-132.629 Z-285.317 F2000
G1 B90.0 F1000
G1 X-153.159 Y-132.629 Z-265.164 F2000
G1 B54.73628045861546 F1000
G1 X-153.159 Y-132.629 Z-245.012 F2000
G1 B54.73561031724535 F1000
G1 X-133.006 Y-112.477 Z-224.86 F2000
G1 B65.9051574478893 F1000
G1 X-112.854 Y-92.325 Z-204.708 F2000
G1 B46.50857529592488 F1000
G1 X-72.55 Y-72.173 Z-184.556 F2000
G1 B90.0 F1000
G1 X-12.093 Y-11.716 Z-164.403 F2000
G1 B90.0 F1000
G1 X-12.093 Y-11.716 Z-144.251 F2000
G1 X-12.093 Y-11.716 Z-124.099 F2000
G1 X-19.275133243394247 Y-18.674229808947903 Z-124.099 F5000
M01
G1 X-99.78746069079568 Y-99.38164557698552 Z-708.513 F5000
M00
G1 B125.26438968275463 F1000
G1 X-92.702 Y-92.325 Z-708.513 F2000
G1 B90.0 F1000
G1 X-112.854 Y-112.477 Z-688.361 F2000
G1 B125.2637195413846 F1000
G1 X-112.854 Y-112.477 Z-668.209 F2000
G1 B125.26505979641409 F1000
G1 X-133.006 Y-132.629 Z-648.056 F2000
G1 B90.0 F1000
G1 X-153.159 Y-152.782 Z-627.904 F2000
G1 B125.26438968275468 F1000
G1 X-153.159 Y-152.782 Z-607.752 F2000
G1 B90.0 F1000
G1 X-173.311 Y-172.934 Z-587.6 F2000
G1 B90.0 F1000
G1 X-173.311 Y-172.934 Z-567.448 F2000
G1 B90.0 F1000
G1 X-173.311 Y-172.934 Z-547.295 F2000
G1 B125.26438968275465 F1000
G1 X-173.311 Y-172.934 Z-527.143 F2000
G1 B90.0 F1000
G1 X-193.463 Y-193.086 Z-506.991 F2000
G1 B90.0 F1000
G1 X-193.463 Y-193.086 Z-486.839 F2000
G1 B90.0 F1000
G1 X-193.463 Y-193.086 Z-466.687 F2000
G1 B90.0 F1000
G1 X-193.463 Y-193.086 Z-446.534 F2000
G1 B90.0 F1000
G1 X-193.463 Y-193.086 Z-426.382 F2000
G1 B54.735610317245346 F1000
G1 X-193.463 Y-193.086 Z-406.23 F2000
G1 B90.0 F1000
G1 X-173.311 Y-172.934 Z-386.078 F2000
G1 B90.0 F1000
G1 X-173.311 Y-172.934 Z-365.925 F2000
G1 B54.7356103172454 F1000
G1 X-173.311 Y-172.934 Z-345.773 F2000
G1 B90.0 F1000
G1 X-153.159 Y-152.782 Z-325.621 F2000
G1 B90.0 F1000
G1 X-153.159 Y-152.782 Z-305.469 F2000
G1 B54.73561031724533 F1000
G1 X-153.159 Y-152.782 Z-285.317 F2000
G1 B90.0 F1000
G1 X-133.006 Y-132.629 Z-265.164 F2000
G1 B54.73561031724535 F1000
G1 X-133.006 Y-132.629 Z-245.012 F2000
G1 B90.0 F1000
G1 X-112.854 Y-112.477 Z-224.86 F2000
G1 B46.508480654908 F1000
G1 X-112.854 Y-112.477 Z-204.708 F2000
G1 B48.18982638051864 F1000
G1 X-52.398 Y-52.021 Z-184.556 F2000
G1 B90.0 F1000
G1 X-12.093 Y-11.716 Z-164.403 F2000
G1 B90.0 F1000
G1 X-12.093 Y-11.716 Z-144.251 F2000
G1 X-12.093 Y-11.716 Z-124.099 F2000
G1 X-19.275133243394247 Y-18.674229808947903 Z-124.099 F5000
M01
G1 X-79.63946372249836 Y-79.22562391790316 Z-708.513 F5000
M00
G1 B144.73561031724532 F1000
G1 X-72.55 Y-72.173 Z-708.513 F2000
G1 B125.26438968275461 F1000
G1 X-92.702 Y-112.477 Z-688.361 F2000
G1 B90.0 F1000
G1 X-112.854 Y-132.629 Z-668.209 F2000
G1 B125.26572994886841 F1000
G1 X-112.854 Y-132.629 Z-648.056 F2000
G1 B90.0 F1000
G1 X-133.006 Y-152.782 Z-627.904 F2000
G1 B125.2637195413846 F1000
G1 X-133.006 Y-152.782 Z-607.752 F2000
G1 B125.26438968275463 F1000
G1 X-153.159 Y-172.934 Z-587.6 F2000
G1 B90.0 F1000
G1 X-173.311 Y-193.086 Z-567.448 F2000
G1 B90.0 F1000
G1 X-173.311 Y-193.086 Z-547.295 F2000
G1 B134.99999999999991 F1000
G1 X-173.311 Y-193.086 Z-527.143 F2000
G1 B90.0 F1000
G1 X-173.311 Y-213.238 Z-506.991 F2000
G1 B90.0 F1000
G1 X-173.311 Y-213.238 Z-486.839 F2000
G1 B90.0 F1000
G1 X-173.311 Y-213.238 Z-466.687 F2000
G1 B90.0 F1000
G1 X-173.311 Y-213.238 Z-446.534 F2000
G1 B45.0 F1000
G1 X-173.311 Y-213.238 Z-426.382 F2000
G1 B90.0 F1000
G1 X-173.311 Y-193.086 Z-406.23 F2000
G1 B90.0 F1000
G1 X-173.311 Y-193.086 Z-386.078 F2000
G1 B90.0 F1000
G1 X-173.311 Y-193.086 Z-365.925 F2000
G1 B54.73561031724537 F1000
G1 X-173.311 Y-193.086 Z-345.773 F2000
G1 B90.0 F1000
G1 X-153.159 Y-172.934 Z-325.621 F2000
G1 B54.73628045861546 F1000
G1 X-153.159 Y-172.934 Z-305.469 F2000
G1 B90.0 F1000
G1 X-133.006 Y-152.782 Z-285.317 F2000
G1 B54.73427005113156 F1000
G1 X-133.006 Y-152.782 Z-265.164 F2000
G1 B90.0 F1000
G1 X-112.854 Y-132.629 Z-245.012 F2000
G1 B54.735610317245374 F1000
G1 X-112.854 Y-132.629 Z-224.86 F2000
G1 B38.328887261853026 F1000
G1 X-92.702 Y-112.477 Z-204.708 F2000
G1 B54.73628045861547 F1000
G1 X-32.245 Y-31.868 Z-184.556 F2000
G1 B90.0 F1000
G1 X-12.093 Y-11.716 Z-164.403 F2000
G1 B90.0 F1000
G1 X-12.093 Y-11.716 Z-144.251 F2000
G1 X-12.093 Y-11.716 Z-124.099 F2000
G1 X-19.275133243394247 Y-18.674229808947903 Z-124.099 F5000
M01
G1 X-77.97043480535339 Y-120.88050441904527 Z-708.513 F5000
M00
G1 B125.26438968275461 F1000
G1 X-72.55 Y-112.477 Z-708.513 F2000
G1 B125.26572994886841 F1000
G1 X-92.702 Y-132.629 Z-688.361 F2000
G1 B90.0 F1000
G1 X-112.854 Y-152.782 Z-668.209 F2000
G1 B134.99999999999991 F1000
G1 X-112.854 Y-152.782 Z-648.056 F2000
G1 B125.26438968275465 F1000
G1 X-112.854 Y-172.934 Z-627.904 F2000
G1 B90.0 F1000
G1 X-133.006 Y-193.086 Z-607.752 F2000
G1 B134.99999999999991 F1000
G1 X-133.006 Y-193.086 Z-587.6 F2000
G1 B125.26304943880942 F1000
G1 X-133.006 Y-213.238 Z-567.448 F2000
G1 B90.0 F1000
G1 X-153.159 Y-233.39 Z-547.295 F2000
G1 B90.0 F1000
G1 X-153.159 Y-233.39 Z-527.143 F2000
G1 B90.0 F1000
G1 X-153.159 Y-233.39 Z-506.991 F2000
G1 B90.0 F1000
G1 X-153.159 Y-233.39 Z-486.839 F2000
G1 B90.0 F1000
G1 X-153.159 Y-233.39 Z-466.687 F2000
G1 B90.0 F1000
G1 X-153.159 Y-233.39 Z-446.534 F2000
G1 B90.0 F1000
G1 X-153.159 Y-233.39 Z-426.382 F2000
G1 B90.0 F1000
G1 X-153.159 Y-233.39 Z-406.23 F2000
G1 B54.73695056119054 F1000
G1 X-153.159 Y-233.39 Z-386.078 F2000
G1 B90.0 F1000
G1 X-133.006 Y-213.238 Z-365.925 F2000
G1 B45.00000000000008 F1000
G1 X-133.006 Y-213.238 Z-345.773 F2000
G1 B90.0 F1000
G1 X-133.006 Y-193.086 Z-325.621 F2000
G1 B54.73561031724532 F1000
G1 X-133.006 Y-193.086 Z-305.469 F2000
G1 B90.0 F1000
G1 X-112.854 Y-172.934 Z-285.317 F2000
G1 B45.0 F1000
G1 X-112.854 Y-172.934 Z-265.164 F2000
G1 B90.0 F1000
G1 X-112.854 Y-152.782 Z-245.012 F2000
G1 B48.18897871806157 F1000
G1 X-112.854 Y-152.782 Z-224.86 F2000
G1 B44.99999999999998 F1000
G1 X-72.55 Y-112.477 Z-204.708 F2000
G1 B38.32902558259451 F1000
G1 X-72.55 Y-92.325 Z-184.556 F2000
G1 B90.0 F1000
G1 X-12.093 Y-11.716 Z-164.403 F2000
G1 B90.0 F1000
G1 X-12.093 Y-11.716 Z-144.251 F2000
G1 X-12.093 Y-11.716 Z-124.099 F2000
G1 X-19.275133243394247 Y-18.674229808947903 Z-124.099 F5000
M01
G1 X-77.34906620217879 Y-141.4021957454 Z-708.513 F5000
M00
G1 B90.0 F1000
G1 X-72.55 Y-132.629 Z-708.513 F2000
G1 B135.00142155512964 F1000
G1 X-72.55 Y-132.629 Z-688.361 F2000
G1 B125.2637195413846 F1000
G1 X-72.55 Y-152.782 Z-668.209 F2000
G1 B134.99999999999997 F1000
G1 X-92.702 Y-172.934 Z-648.056 F2000
G1 B125.26438968275461 F1000
G1 X-92.702 Y-193.086 Z-627.904 F2000
G1 B90.0 F1000
G1 X-112.854 Y-213.238 Z-607.752 F2000
G1 B134.99999999999991 F1000
G1 X-112.854 Y-213.238 Z-587.6 F2000
G1 B90.0 F1000
G1 X-112.854 Y-233.39 Z-567.448 F2000
G1 B135.0014215551298 F1000
G1 X-112.854 Y-233.39 Z-547.295 F2000
G1 B90.0 F1000
G1 X-112.854 Y-253.543 Z-527.143 F2000
G1 B90.0 F1000
G1 X-112.854 Y-253.543 Z-506.991 F2000
G1 B90.0 F1000
G1 X-112.854 Y-253.543 Z-486.839 F2000
G1 B90.0 F1000
G1 X-112.854 Y-253.543 Z-466.687 F2000
G1 B90.0 F1000
G1 X-112.854 Y-253.543 Z-446.534 F2000
G1 B90.0 F1000
G1 X-112.854 Y-253.543 Z-426.382 F2000
G1 B90.0 F1000
G1 X-112.854 Y-253.543 Z-406.23 F2000
G1 B44.999999999999915 F1000
G1 X-112.854 Y-253.543 Z-386.078 F2000
G1 B90.0 F1000
G1 X-112.854 Y-233.39 Z-365.925 F2000
G1 B45.00000000000008 F1000
G1 X-112.854 Y-233.39 Z-345.773 F2000
G1 B90.0 F1000
G1 X-112.854 Y-213.238 Z-325.621 F2000
G1 B54.73561031724535 F1000
G1 X-112.854 Y-213.238 Z-305.469 F2000
G1 B45.001421555129674 F1000
G1 X-92.702 Y-193.086 Z-285.317 F2000
G1 B90.0 F1000
G1 X-92.702 Y-172.934 Z-265.164 F2000
G1 B54.73561031724535 F1000
G1 X-92.702 Y-172.934 Z-245.012 F2000
G1 B44.998578444870326 F1000
G1 X-72.55 Y-152.782 Z-224.86 F2000
G1 B35.264389682754654 F1000
G1 X-72.55 Y-132.629 Z-204.708 F2000
G1 B29.206356077960283 F1000
G1 X-52.398 Y-92.325 Z-184.556 F2000
G1 B90.0 F1000
G1 X-12.093 Y-11.716 Z-164.403 F2000
G1 B90.0 F1000
G1 X-12.093 Y-11.716 Z-144.251 F2000
G1 X-12.093 Y-11.716 Z-124.099 F2000
G1 X-19.275133243394247 Y-18.674229808947903 Z-124.099 F5000
M01
G1 X-56.07236184019222 Y-141.9294873564421 Z-708.513 F5000
M00
G1 B135.00142155512964 F1000
G1 X-52.398 Y-132.629 Z-708.513 F2000
G1 B134.99999999999991 F1000
G1 X-52.398 Y-152.782 Z-688.361 F2000
G1 B125.26371954138465 F1000
G1 X-52.398 Y-172.934 Z-668.209 F2000
G1 B134.99999999999991 F1000
G1 X-72.55 Y-193.086 Z-648.056 F2000
G1 B90.0 F1000
G1 X-72.55 Y-213.238 Z-627.904 F2000
G1 B135.0000000000001 F1000
G1 X-72.55 Y-213.238 Z-607.752 F2000
G1 B90.0 F1000
G1 X-72.55 Y-233.39 Z-587.6 F2000
G1 B135.0 F1000
G1 X-72.55 Y-233.39 Z-567.448 F2000
G1 B90.0 F1000
G1 X-72.55 Y-253.543 Z-547.295 F2000
G1 B125.26438968275461 F1000
G1 X-72.55 Y-253.543 Z-527.143 F2000
G1 B90.0 F1000
G1 X-92.702 Y-273.695 Z-506.991 F2000
G1 B90.0 F1000
G1 X-92.702 Y-273.695 Z-486.839 F2000
G1 B90.0 F1000
G1 X-92.702 Y-273.695 Z-466.687 F2000
G1 B90.0 F1000
G1 X-92.702 Y-273.695 Z-446.534 F2000
G1 B54.73561031724535 F1000
G1 X-92.702 Y-273.695 Z-426.382 F2000
G1 B90.0 F1000
G1 X-72.55 Y-253.543 Z-406.23 F2000
G1 B90.0 F1000
G1 X-72.55 Y-253.543 Z-386.078 F2000
G1 B44.99857844487028 F1000
G1 X-72.55 Y-253.543 Z-365.925 F2000
G1 B90.0 F1000
G1 X-72.55 Y-233.39 Z-345.773 F2000
G1 B45.0 F1000
G1 X-72.55 Y-233.39 Z-325.621 F2000
G1 B90.0 F1000
G1 X-72.55 Y-213.238 Z-305.469 F2000
G1 B45.00142155512972 F1000
G1 X-72.55 Y-213.238 Z-285.317 F2000
G1 B90.0 F1000
G1 X-72.55 Y-193.086 Z-265.164 F2000
G1 B54.73561031724532 F1000
G1 X-72.55 Y-193.086 Z-245.012 F2000
G1 B45.00000000000004 F1000
G1 X-52.398 Y-172.934 Z-224.86 F2000
G1 B44.99857844487028 F1000
G1 X-52.398 Y-152.782 Z-204.708 F2000
G1 B20.439720731214827 F1000
G1 X-52.398 Y-132.629 Z-184.556 F2000
G1 B90.0 F1000
G1 X-12.093 Y-11.716 Z-164.403 F2000
G1 B90.0 F1000
G1 X-12.093 Y-11.716 Z-144.251 F2000
G1 X-12.093 Y-11.716 Z-124.099 F2000
G1 X-19.275133243394247 Y-18.674229808947903 Z-124.099 F5000
M01
G1 X-34.31003306231397 Y-162.566459027026 Z-708.513 F5000
M00
G1 B134.99999999999991 F1000
G1 X-32.245 Y-152.782 Z-708.513 F2000
G1 B90.0 F1000
G1 X-32.245 Y-172.934 Z-688.361 F2000
G1 B134.9985784448705 F1000
G1 X-32.245 Y-172.934 Z-668.209 F2000
G1 B125.26371954138449 F1000
G1 X-32.245 Y-193.086 Z-648.056 F2000
G1 B134.99999999999991 F1000
G1 X-52.398 Y-213.238 Z-627.904 F2000
G1 B90.0 F1000
G1 X-52.398 Y-233.39 Z-607.752 F2000
G1 B135.00142155512964 F1000
G1 X-52.398 Y-233.39 Z-587.6 F2000
G1 B90.0 F1000
G1 X-52.398 Y-253.543 Z-567.448 F2000
G1 B135.0000000000001 F1000
G1 X-52.398 Y-253.543 Z-547.295 F2000
G1 B90.0 F1000
G1 X-52.398 Y-273.695 Z-527.143 F2000
G1 B90.0 F1000
G1 X-52.398 Y-273.695 Z-506.991 F2000
G1 B90.0 F1000
G1 X-52.398 Y-273.695 Z-486.839 F2000
G1 B90.0 F1000
G1 X-52.398 Y-273.695 Z-466.687 F2000
G1 B90.0 F1000
G1 X-52.398 Y-273.695 Z-446.534 F2000
G1 B90.0 F1000
G1 X-52.398 Y-273.695 Z-426.382 F2000
G1 B90.0 F1000
G1 X-52.398 Y-273.695 Z-406.23 F2000
G1 B45.00142155512964 F1000
G1 X-52.398 Y-273.695 Z-386.078 F2000
G1 B90.0 F1000
G1 X-52.398 Y-253.543 Z-365.925 F2000
G1 B44.99857844487037 F1000
G1 X-52.398 Y-253.543 Z-345.773 F2000
G1 B90.0 F1000
G1 X-52.398 Y-233.39 Z-325.621 F2000
G1 B45.0 F1000
G1 X-52.398 Y-233.39 Z-305.469 F2000
G1 B90.0 F1000
G1 X-52.398 Y-213.238 Z-285.317 F2000
G1 B54.73628045861547 F1000
G1 X-52.398 Y-213.238 Z-265.164 F2000
G1 B44.999999999999964 F1000
G1 X-32.245 Y-193.086 Z-245.012 F2000
G1 B90.0 F1000
G1 X-32.245 Y-172.934 Z-224.86 F2000
G1 B26.564482552204392 F1000
G1 X-32.245 Y-172.934 Z-204.708 F2000
G1 B13.262887634774083 F1000
G1 X-32.245 Y-132.629 Z-184.556 F2000
G1 B90.0 F1000
G1 X-12.093 Y-11.716 Z-164.403 F2000
G1 B90.0 F1000
G1 X-12.093 Y-11.716 Z-144.251 F2000
G1 X-12.093 Y-11.716 Z-124.099 F2000
G1 X-19.275133243394247 Y-18.674229808947903 Z-124.099 F5000
M01
G1 X-12.882052082003973 Y-162.75082123482437 Z-708.513 F5000
M00
G1 B134.99999999999991 F1000
G1 X-12.093 Y-152.782 Z-708.513 F2000
G1 B134.99999999999997 F1000
G1 X-12.093 Y-172.934 Z-688.361 F2000
G1 B90.0 F1000
G1 X-12.093 Y-193.086 Z-668.209 F2000
G1 B134.99999999999991 F1000
G1 X-12.093 Y-193.086 Z-648.056 F2000
G1 B134.99999999999991 F1000
G1 X-12.093 Y-213.238 Z-627.904 F2000
G1 B90.0 F1000
G1 X-12.093 Y-233.39 Z-607.752 F2000
G1 B135.00142155512964 F1000
G1 X-12.093 Y-233.39 Z-587.6 F2000
G1 B134.99857844487028 F1000
G1 X-12.093 Y-253.543 Z-567.448 F2000
G1 B90.0 F1000
G1 X-12.093 Y-273.695 Z-547.295 F2000
G1 B90.0 F1000
G1 X-12.093 Y-273.695 Z-527.143 F2000
G1 B90.0 F1000
G1 X-12.093 Y-273.695 Z-506.991 F2000
G1 B4.398655181787842 F1000
G1 X-12.093 Y-273.695 Z-486.839 F2000
G1 B90.0 F1000
G1 X-12.093 Y-11.716 Z-466.687 F2000
G1 B175.60134481821217 F1000
G1 X-12.093 Y-11.716 Z-446.534 F2000
G1 B90.0 F1000
G1 X-12.093 Y-273.695 Z-426.382 F2000
G1 B90.0 F1000
G1 X-12.093 Y-273.695 Z-406.23 F2000
G1 B45.00142155512964 F1000
G1 X-12.093 Y-273.695 Z-386.078 F2000
G1 B90.0 F1000
G1 X-12.093 Y-253.543 Z-365.925 F2000
G1 B44.99857844487037 F1000
G1 X-12.093 Y-253.543 Z-345.773 F2000
G1 B90.0 F1000
G1 X-12.093 Y-233.39 Z-325.621 F2000
G1 B45.0 F1000
G1 X-12.093 Y-233.39 Z-305.469 F2000
G1 B90.0 F1000
G1 X-12.093 Y-213.238 Z-285.317 F2000
G1 B45.0 F1000
G1 X-12.093 Y-213.238 Z-265.164 F2000
G1 B90.0 F1000
G1 X-12.093 Y-193.086 Z-245.012 F2000
G1 B45.0 F1000
G1 X-12.093 Y-193.086 Z-224.86 F2000
G1 B26.564482552204392 F1000
G1 X-12.093 Y-172.934 Z-204.708 F2000
G1 B9.462706418040424 F1000
G1 X-12.093 Y-132.629 Z-184.556 F2000
G1 B90.0 F1000
G1 X-12.093 Y-11.716 Z-164.403 F2000
G1 B90.0 F1000
G1 X-12.093 Y-11.716 Z-144.251 F2000
G1 X-12.093 Y-11.716 Z-124.099 F2000
G1 X-19.275133243394247 Y-18.674229808947903 Z-124.099 F5000
M01
G1 X8.58575129947563 Y-162.7681170165636 Z-708.513 F5000
M00
G1 B134.99999999999991 F1000
G1 X8.059 Y-152.782 Z-708.513 F2000
G1 B134.99999999999997 F1000
G1 X8.059 Y-172.934 Z-688.361 F2000
G1 B90.0 F1000
G1 X8.059 Y-193.086 Z-668.209 F2000
G1 B134.99999999999991 F1000
G1 X8.059 Y-193.086 Z-648.056 F2000
G1 B90.0 F1000
G1 X8.059 Y-213.238 Z-627.904 F2000
G1 B135.0000000000001 F1000
G1 X8.059 Y-213.238 Z-607.752 F2000
G1 B125.26572994886841 F1000
G1 X8.059 Y-233.39 Z-587.6 F2000
G1 B90.0 F1000
G1 X28.211 Y-253.543 Z-567.448 F2000
G1 B135.0000000000001 F1000
G1 X28.211 Y-253.543 Z-547.295 F2000
G1 B90.0 F1000
G1 X28.211 Y-273.695 Z-527.143 F2000
G1 B90.0 F1000
G1 X28.211 Y-273.695 Z-506.991 F2000
G1 B90.0 F1000
G1 X28.211 Y-273.695 Z-486.839 F2000
G1 B90.0 F1000
G1 X28.211 Y-273.695 Z-466.687 F2000
G1 B90.0 F1000
G1 X28.211 Y-273.695 Z-446.534 F2000
G1 B90.0 F1000
G1 X28.211 Y-273.695 Z-426.382 F2000
G1 B90.0 F1000
G1 X28.211 Y-273.695 Z-406.23 F2000
G1 B45.00142155512964 F1000
G1 X28.211 Y-273.695 Z-386.078 F2000
G1 B90.0 F1000
G1 X28.211 Y-253.543 Z-365.925 F2000
G1 B54.734270051131595 F1000
G1 X28.211 Y-253.543 Z-345.773 F2000
G1 B90.0 F1000
G1 X8.059 Y-233.39 Z-325.621 F2000
G1 B45.0 F1000
G1 X8.059 Y-233.39 Z-305.469 F2000
G1 B90.0 F1000
G1 X8.059 Y-213.238 Z-285.317 F2000
G1 B45.0 F1000
G1 X8.059 Y-213.238 Z-265.164 F2000
G1 B44.999999999999964 F1000
G1 X8.059 Y-193.086 Z-245.012 F2000
G1 B90.0 F1000
G1 X8.059 Y-172.934 Z-224.86 F2000
G1 B26.564482552204392 F1000
G1 X8.059 Y-172.934 Z-204.708 F2000
G1 B13.262887634774083 F1000
G1 X8.059 Y-132.629 Z-184.556 F2000
G1 B90.0 F1000
G1 X-12.093 Y-11.716 Z-164.403 F2000
G1 B90.0 F1000
G1 X-12.093 Y-11.716 Z-144.251 F2000
G1 X-12.093 Y-11.716 Z-124.099 F2000
G1 X-19.275133243394247 Y-18.674229808947903 Z-124.099 F5000
M01
G1 X30.026791755374276 Y-162.61576328274762 Z-708.513 F5000
M00
G1 B134.99999999999991 F1000
G1 X28.211 Y-152.782 Z-708.513 F2000
G1 B90.0 F1000
G1 X28.211 Y-172.934 Z-688.361 F2000
G1 B134.9985784448705 F1000
G1 X28.211 Y-172.934 Z-668.209 F2000
G1 B125.26371954138449 F1000
G1 X28.211 Y-193.086 Z-648.056 F2000
G1 B90.0 F1000
G1 X48.364 Y-213.238 Z-627.904 F2000
G1 B135.0000000000001 F1000
G1 X48.364 Y-213.238 Z-607.752 F2000
G1 B90.0 F1000
G1 X48.364 Y-233.39 Z-587.6 F2000
G1 B135.0 F1000
G1 X48.364 Y-233.39 Z-567.448 F2000
G1 B90.0 F1000
G1 X48.364 Y-253.543 Z-547.295 F2000
G1 B90.0 F1000
G1 X48.364 Y-253.543 Z-527.143 F2000
G1 B90.0 F1000
G1 X48.364 Y-253.543 Z-506.991 F2000
G1 B90.0 F1000
G1 X48.364 Y-253.543 Z-486.839 F2000
G1 B125.26371954138452 F1000
G1 X48.364 Y-253.543 Z-466.687 F2000
G1 B54.73561031724537 F1000
G1 X68.516 Y-273.695 Z-446.534 F2000
G1 B90.0 F1000
G1 X48.364 Y-253.543 Z-426.382 F2000
G1 B90.0 F1000
G1 X48.364 Y-253.543 Z-406.23 F2000
G1 B44.999999999999915 F1000
G1 X48.364 Y-253.543 Z-386.078 F2000
G1 B90.0 F1000
G1 X48.364 Y-233.39 Z-365.925 F2000
G1 B90.0 F1000
G1 X48.364 Y-233.39 Z-345.773 F2000
G1 B45.0 F1000
G1 X48.364 Y-233.39 Z-325.621 F2000
G1 B90.0 F1000
G1 X48.364 Y-213.238 Z-305.469 F2000
G1 B54.736950561190575 F1000
G1 X48.364 Y-213.238 Z-285.317 F2000
G1 B90.0 F1000
G1 X28.211 Y-193.086 Z-265.164 F2000
G1 B44.999999999999964 F1000
G1 X28.211 Y-193.086 Z-245.012 F2000
G1 B45.00000000000004 F1000
G1 X28.211 Y-172.934 Z-224.86 F2000
G1 B35.26371954969766 F1000
G1 X28.211 Y-152.782 Z-204.708 F2000
G1 B15.793392431799736 F1000
G1 X8.059 Y-112.477 Z-184.556 F2000
G1 B90.0 F1000
G1 X-12.093 Y-11.716 Z-164.403 F2000
G1 B90.0 F1000
G1 X-12.093 Y-11.716 Z-144.251 F2000
G1 X-12.093 Y-11.716 Z-124.099 F2000
G1 X-19.275133243394247 Y-18.674229808947903 Z-124.099 F5000
M01
G1 X30.291516509039823 Y-142.4101784083316 Z-708.513 F5000
M00
G1 B125.26505979641406 F1000
G1 X28.211 Y-132.629 Z-708.513 F2000
G1 B134.99999999999991 F1000
G1 X48.364 Y-152.782 Z-688.361 F2000
G1 B125.26371954138462 F1000
G1 X48.364 Y-172.934 Z-668.209 F2000
G1 B90.0 F1000
G1 X68.516 Y-193.086 Z-648.056 F2000
G1 B134.99999999999991 F1000
G1 X68.516 Y-193.086 Z-627.904 F2000
G1 B90.0 F1000
G1 X68.516 Y-213.238 Z-607.752 F2000
G1 B125.26438968275461 F1000
G1 X68.516 Y-213.238 Z-587.6 F2000
G1 B90.0 F1000
G1 X88.668 Y-233.39 Z-567.448 F2000
G1 B90.0 F1000
G1 X88.668 Y-233.39 Z-547.295 F2000
G1 B135.00142155512964 F1000
G1 X88.668 Y-233.39 Z-527.143 F2000
G1 B90.0 F1000
G1 X88.668 Y-253.543 Z-506.991 F2000
G1 B90.0 F1000
G1 X88.668 Y-253.543 Z-486.839 F2000
G1 B90.0 F1000
G1 X88.668 Y-253.543 Z-466.687 F2000
G1 B90.0 F1000
G1 X88.668 Y-253.543 Z-446.534 F2000
G1 B44.99857844487028 F1000
G1 X88.668 Y-253.543 Z-426.382 F2000
G1 B90.0 F1000
G1 X88.668 Y-233.39 Z-406.23 F2000
G1 B90.0 F1000
G1 X88.668 Y-233.39 Z-386.078 F2000
G1 B90.0 F1000
G1 X88.668 Y-233.39 Z-365.925 F2000
G1 B54.73561031724539 F1000
G1 X88.668 Y-233.39 Z-345.773 F2000
G1 B90.0 F1000
G1 X68.516 Y-213.238 Z-325.621 F2000
G1 B45.0 F1000
G1 X68.516 Y-213.238 Z-305.469 F2000
G1 B90.0 F1000
G1 X68.516 Y-193.086 Z-285.317 F2000
G1 B90.0 F1000
G1 X68.516 Y-193.086 Z-265.164 F2000
G1 B54.73561031724532 F1000
G1 X68.516 Y-193.086 Z-245.012 F2000
G1 B45.00000000000004 F1000
G1 X48.364 Y-172.934 Z-224.86 F2000
G1 B54.73494020358589 F1000
G1 X48.364 Y-152.782 Z-204.708 F2000
G1 B20.439348589106174 F1000
G1 X28.211 Y-132.629 Z-184.556 F2000
G1 B90.0 F1000
G1 X-12.093 Y-11.716 Z-164.403 F2000
G1 B90.0 F1000
G1 X-12.093 Y-11.716 Z-144.251 F2000
G1 X-12.093 Y-11.716 Z-124.099 F2000
G1 X-19.275133243394247 Y-18.674229808947903 Z-124.099 F5000
M01
G1 X73.10572553293079 Y-141.51350446183486 Z-708.513 F5000
M00
G1 B135.00142155512964 F1000
G1 X68.516 Y-132.629 Z-708.513 F2000
G1 B90.0 F1000
G1 X68.516 Y-152.782 Z-688.361 F2000
G1 B125.2637195413846 F1000
G1 X68.516 Y-152.782 Z-668.209 F2000
G1 B90.0 F1000
G1 X88.668 Y-172.934 Z-648.056 F2000
G1 B125.26438968275465 F1000
G1 X88.668 Y-172.934 Z-627.904 F2000
G1 B90.0 F1000
G1 X108.82 Y-193.086 Z-607.752 F2000
G1 B134.99999999999991 F1000
G1 X108.82 Y-193.086 Z-587.6 F2000
G1 B90.0 F1000
G1 X108.82 Y-213.238 Z-567.448 F2000
G1 B125.26438968275468 F1000
G1 X108.82 Y-213.238 Z-547.295 F2000
G1 B90.0 F1000
G1 X128.972 Y-233.39 Z-527.143 F2000
G1 B90.0 F1000
G1 X128.972 Y-233.39 Z-506.991 F2000
G1 B90.0 F1000
G1 X128.972 Y-233.39 Z-486.839 F2000
G1 B90.0 F1000
G1 X128.972 Y-233.39 Z-466.687 F2000
G1 B90.0 F1000
G1 X128.972 Y-233.39 Z-446.534 F2000
G1 B90.0 F1000
G1 X128.972 Y-233.39 Z-426.382 F2000
G1 B54.7356103172454 F1000
G1 X128.972 Y-233.39 Z-406.23 F2000
G1 B90.0 F1000
G1 X108.82 Y-213.238 Z-386.078 F2000
G1 B90.0 F1000
G1 X108.82 Y-213.238 Z-365.925 F2000
G1 B90.0 F1000
G1 X108.82 Y-213.238 Z-345.773 F2000
G1 B45.0 F1000
G1 X108.82 Y-213.238 Z-325.621 F2000
G1 B90.0 F1000
G1 X108.82 Y-193.086 Z-305.469 F2000
G1 B54.73628045861544 F1000
G1 X108.82 Y-193.086 Z-285.317 F2000
G1 B90.0 F1000
G1 X88.668 Y-172.934 Z-265.164 F2000
G1 B54.73561031724535 F1000
G1 X88.668 Y-172.934 Z-245.012 F2000
G1 B44.998578444870326 F1000
G1 X68.516 Y-152.782 Z-224.86 F2000
G1 B90.0 F1000
G1 X68.516 Y-132.629 Z-204.708 F2000
G1 B34.49640642983146 F1000
G1 X68.516 Y-132.629 Z-184.556 F2000
G1 B90.0 F1000
G1 X-12.093 Y-11.716 Z-164.403 F2000
G1 B90.0 F1000
G1 X-12.093 Y-11.716 Z-144.251 F2000
G1 X-12.093 Y-11.716 Z-124.099 F2000
G1 X-19.275133243394247 Y-18.674229808947903 Z-124.099 F5000
M01
G1 X73.71833561819318 Y-121.01724028442283 Z-708.513 F5000
M00
G1 B125.26438968275461 F1000
G1 X68.516 Y-112.477 Z-708.513 F2000
G1 B90.0 F1000
G1 X88.668 Y-132.629 Z-688.361 F2000
G1 B125.26505979641418 F1000
G1 X88.668 Y-132.629 Z-668.209 F2000
G1 B90.0 F1000
G1 X108.82 Y-152.782 Z-648.056 F2000
G1 B125.26438968275461 F1000
G1 X108.82 Y-152.782 Z-627.904 F2000
G1 B90.0 F1000
G1 X128.972 Y-172.934 Z-607.752 F2000
G1 B125.26371954138455 F1000
G1 X128.972 Y-172.934 Z-587.6 F2000
G1 B125.26371954138452 F1000
G1 X149.125 Y-193.086 Z-567.448 F2000
G1 B90.0 F1000
G1 X169.277 Y-213.238 Z-547.295 F2000
G1 B90.0 F1000
G1 X169.277 Y-213.238 Z-527.143 F2000
G1 B90.0 F1000
G1 X169.277 Y-213.238 Z-506.991 F2000
G1 B90.0 F1000
G1 X169.277 Y-213.238 Z-486.839 F2000
G1 B90.0 F1000
G1 X169.277 Y-213.238 Z-466.687 F2000
G1 B90.0 F1000
G1 X169.277 Y-213.238 Z-446.534 F2000
G1 B90.0 F1000
G1 X169.277 Y-213.238 Z-426.382 F2000
G1 B90.0 F1000
G1 X169.277 Y-213.238 Z-406.23 F2000
G1 B90.0 F1000
G1 X169.277 Y-213.238 Z-386.078 F2000
G1 B54.735610317245346 F1000
G1 X169.277 Y-213.238 Z-365.925 F2000
G1 B90.0 F1000
G1 X149.125 Y-193.086 Z-345.773 F2000
G1 B54.736280458615425 F1000
G1 X149.125 Y-193.086 Z-325.621 F2000
G1 B90.0 F1000
G1 X128.972 Y-172.934 Z-305.469 F2000
G1 B54.7362804586155 F1000
G1 X128.972 Y-172.934 Z-285.317 F2000
G1 B90.0 F1000
G1 X108.82 Y-152.782 Z-265.164 F2000
G1 B54.73427005113155 F1000
G1 X108.82 Y-152.782 Z-245.012 F2000
G1 B90.0 F1000
G1 X88.668 Y-132.629 Z-224.86 F2000
G1 B54.73561031724535 F1000
G1 X88.668 Y-132.629 Z-204.708 F2000
G1 B39.509843632888526 F1000
G1 X68.516 Y-112.477 Z-184.556 F2000
G1 B90.0 F1000
G1 X-12.093 Y-11.716 Z-164.403 F2000
G1 B90.0 F1000
G1 X-12.093 Y-11.716 Z-144.251 F2000
G1 X-12.093 Y-11.716 Z-124.099 F2000
G1 X-19.275133243394247 Y-18.674229808947903 Z-124.099 F5000
M01
G1 X94.85886555216264 Y-120.33022759857667 Z-708.513 F5000
M00
G1 B125.26438968275463 F1000
G1 X88.668 Y-112.477 Z-708.513 F2000
G1 B90.0 F1000
G1 X108.82 Y-132.629 Z-688.361 F2000
G1 B90.0 F1000
G1 X128.972 Y-132.629 Z-668.209 F2000
G1 B125.26505979641409 F1000
G1 X128.972 Y-132.629 Z-648.056 F2000
G1 B90.0 F1000
G1 X149.125 Y-152.782 Z-627.904 F2000
G1 B125.26438968275471 F1000
G1 X149.125 Y-152.782 Z-607.752 F2000
G1 B90.0 F1000
G1 X169.277 Y-172.934 Z-587.6 F2000
G1 B125.26371954138455 F1000
G1 X169.277 Y-172.934 Z-567.448 F2000
G1 B90.0 F1000
G1 X189.429 Y-193.086 Z-547.295 F2000
G1 B90.0 F1000
G1 X189.429 Y-193.086 Z-527.143 F2000
G1 B90.0 F1000
G1 X189.429 Y-193.086 Z-506.991 F2000
G1 B90.0 F1000
G1 X189.429 Y-193.086 Z-486.839 F2000
G1 B90.0 F1000
G1 X189.429 Y-193.086 Z-466.687 F2000
G1 B90.0 F1000
G1 X189.429 Y-193.086 Z-446.534 F2000
G1 B90.0 F1000
G1 X189.429 Y-193.086 Z-426.382 F2000
G1 B90.0 F1000
G1 X189.429 Y-193.086 Z-406.23 F2000
G1 B54.736280458615425 F1000
G1 X189.429 Y-193.086 Z-386.078 F2000
G1 B90.0 F1000
G1 X169.277 Y-172.934 Z-365.925 F2000
G1 B90.0 F1000
G1 X169.277 Y-172.934 Z-345.773 F2000
G1 B54.735610317245346 F1000
G1 X169.277 Y-172.934 Z-325.621 F2000
G1 B90.0 F1000
G1 X149.125 Y-152.782 Z-305.469 F2000
G1 B54.73561031724533 F1000
G1 X149.125 Y-152.782 Z-285.317 F2000
G1 B90.0 F1000
G1 X128.972 Y-132.629 Z-265.164 F2000
G1 B90.0 F1000
G1 X128.972 Y-132.629 Z-245.012 F2000
G1 B90.0 F1000
G1 X128.972 Y-132.629 Z-224.86 F2000
G1 B48.1896851042214 F1000
G1 X108.82 Y-132.629 Z-204.708 F2000
G1 B45.86831347663962 F1000
G1 X68.516 Y-92.325 Z-184.556 F2000
G1 B90.0 F1000
G1 X-12.093 Y-11.716 Z-164.403 F2000
G1 B90.0 F1000
G1 X-12.093 Y-11.716 Z-144.251 F2000
G1 X-12.093 Y-11.716 Z-124.099 F2000
G1 X-19.275133243394247 Y-18.674229808947903 Z-124.099 F5000
M01
G1 X116.44533752010179 Y-98.79448434610732 Z-708.513 F5000
M00
G1 B125.26438968275461 F1000
G1 X108.82 Y-92.325 Z-708.513 F2000
G1 B90.0 F1000
G1 X128.972 Y-112.477 Z-688.361 F2000
G1 B90.0 F1000
G1 X149.125 Y-112.477 Z-668.209 F2000
G1 B125.26438968275463 F1000
G1 X149.125 Y-112.477 Z-648.056 F2000
G1 B125.2657299488684 F1000
G1 X169.277 Y-132.629 Z-627.904 F2000
G1 B90.0 F1000
G1 X189.429 Y-152.782 Z-607.752 F2000
G1 B90.0 F1000
G1 X189.429 Y-152.782 Z-587.6 F2000
G1 B90.0 F1000
G1 X209.581 Y-152.782 Z-567.448 F2000
G1 B90.0 F1000
G1 X209.581 Y-152.782 Z-547.295 F2000
G1 B90.0 F1000
G1 X209.581 Y-152.782 Z-527.143 F2000
G1 B90.0 F1000
G1 X209.581 Y-152.782 Z-506.991 F2000
G1 B125.26438968275463 F1000
G1 X209.581 Y-152.782 Z-486.839 F2000
G1 B90.0 F1000
G1 X229.733 Y-172.934 Z-466.687 F2000
G1 B54.73561031724537 F1000
G1 X229.733 Y-172.934 Z-446.534 F2000
G1 B90.0 F1000
G1 X209.581 Y-152.782 Z-426.382 F2000
G1 B90.0 F1000
G1 X209.581 Y-152.782 Z-406.23 F2000
G1 B90.0 F1000
G1 X209.581 Y-152.782 Z-386.078 F2000
G1 B90.0 F1000
G1 X209.581 Y-152.782 Z-365.925 F2000
G1 B90.0 F1000
G1 X189.429 Y-152.782 Z-345.773 F2000
G1 B90.0 F1000
G1 X189.429 Y-152.782 Z-325.621 F2000
G1 B54.73427005113157 F1000
G1 X189.429 Y-152.782 Z-305.469 F2000
G1 B54.73628045861548 F1000
G1 X169.277 Y-132.629 Z-285.317 F2000
G1 B90.0 F1000
G1 X149.125 Y-112.477 Z-265.164 F2000
G1 B90.0 F1000
G1 X149.125 Y-112.477 Z-245.012 F2000
G1 B90.0 F1000
G1 X149.125 Y-112.477 Z-224.86 F2000
G1 B54.735610317245346 F1000
G1 X128.972 Y-112.477 Z-204.708 F2000
G1 B56.67116283138277 F1000
G1 X108.82 Y-92.325 Z-184.556 F2000
G1 B90.0 F1000
G1 X-12.093 Y-11.716 Z-164.403 F2000
G1 B90.0 F1000
G1 X-12.093 Y-11.716 Z-144.251 F2000
G1 X-12.093 Y-11.716 Z-124.099 F2000
G1 X-19.275133243394247 Y-18.674229808947903 Z-124.099 F5000
M01
G1 X137.10330252823033 Y-98.14581774275706 Z-708.513 F5000
M00
G1 B90.0 F1000
G1 X128.972 Y-92.325 Z-708.513 F2000
G1 B90.0 F1000
G1 X149.125 Y-92.325 Z-688.361 F2000
G1 B125.26371954138462 F1000
G1 X149.125 Y-92.325 Z-668.209 F2000
G1 B90.0 F1000
G1 X169.277 Y-112.477 Z-648.056 F2000
G1 B90.0 F1000
G1 X189.429 Y-112.477 Z-627.904 F2000
G1 B90.0 F1000
G1 X189.429 Y-112.477 Z-607.752 F2000
G1 B125.26438968275461 F1000
G1 X209.581 Y-112.477 Z-587.6 F2000
G1 B90.0 F1000
G1 X229.733 Y-132.629 Z-567.448 F2000
G1 B90.0 F1000
G1 X229.733 Y-132.629 Z-547.295 F2000
G1 B90.0 F1000
G1 X229.733 Y-132.629 Z-527.143 F2000
G1 B90.0 F1000
G1 X249.886 Y-132.629 Z-506.991 F2000
G1 B90.0 F1000
G1 X249.886 Y-132.629 Z-486.839 F2000
G1 B90.0 F1000
G1 X249.886 Y-132.629 Z-466.687 F2000
G1 B90.0 F1000
G1 X249.886 Y-132.629 Z-446.534 F2000
G1 B90.0 F1000
G1 X249.886 Y-132.629 Z-426.382 F2000
G1 B90.0 F1000
G1 X249.886 Y-132.629 Z-406.23 F2000
G1 B90.0 F1000
G1 X229.733 Y-132.629 Z-386.078 F2000
G1 B90.0 F1000
G1 X229.733 Y-132.629 Z-365.925 F2000
G1 B54.7356103172454 F1000
G1 X229.733 Y-132.629 Z-345.773 F2000
G1 B90.0 F1000
G1 X209.581 Y-112.477 Z-325.621 F2000
G1 B90.0 F1000
G1 X189.429 Y-112.477 Z-305.469 F2000
G1 B90.0 F1000
G1 X189.429 Y-112.477 Z-285.317 F2000
G1 B90.0 F1000
G1 X189.429 Y-112.477 Z-265.164 F2000
G1 B54.73561031724533 F1000
G1 X169.277 Y-112.477 Z-245.012 F2000
G1 B90.0 F1000
G1 X149.125 Y-92.325 Z-224.86 F2000
G1 B90.0 F1000
G1 X128.972 Y-92.325 Z-204.708 F2000
G1 B60.50368184490783 F1000
G1 X128.972 Y-92.325 Z-184.556 F2000
G1 B90.0 F1000
G1 X-12.093 Y-11.716 Z-164.403 F2000
G1 B90.0 F1000
G1 X-12.093 Y-11.716 Z-144.251 F2000
G1 X-12.093 Y-11.716 Z-124.099 F2000
G1 X-19.275133243394247 Y-18.674229808947903 Z-124.099 F5000
M01
G1 X158.12621993745543 Y-76.52937918890844 Z-708.513 F5000
M00
G1 B90.0 F1000
G1 X149.125 Y-72.173 Z-708.513 F2000
G1 B90.0 F1000
G1 X169.277 Y-72.173 Z-688.361 F2000
G1 B90.0 F1000
G1 X169.277 Y-72.173 Z-668.209 F2000
G1 B90.0 F1000
G1 X189.429 Y-72.173 Z-648.056 F2000
G1 B125.26438968275463 F1000
G1 X189.429 Y-72.173 Z-627.904 F2000
G1 B90.0 F1000
G1 X209.581 Y-92.325 Z-607.752 F2000
G1 B90.0 F1000
G1 X229.733 Y-92.325 Z-587.6 F2000
G1 B90.0 F1000
G1 X229.733 Y-92.325 Z-567.448 F2000
G1 B90.0 F1000
G1 X249.886 Y-92.325 Z-547.295 F2000
G1 B90.0 F1000
G1 X249.886 Y-92.325 Z-527.143 F2000
G1 B90.0 F1000
G1 X249.886 Y-92.325 Z-506.991 F2000
G1 B125.26438968275465 F1000
G1 X249.886 Y-92.325 Z-486.839 F2000
G1 B90.0 F1000
G1 X270.038 Y-112.477 Z-466.687 F2000
G1 B54.735610317245346 F1000
G1 X270.038 Y-112.477 Z-446.534 F2000
G1 B90.0 F1000
G1 X249.886 Y-92.325 Z-426.382 F2000
G1 B90.0 F1000
G1 X249.886 Y-92.325 Z-406.23 F2000
G1 B90.0 F1000
G1 X249.886 Y-92.325 Z-386.078 F2000
G1 B90.0 F1000
G1 X229.733 Y-92.325 Z-365.925 F2000
G1 B90.0 F1000
G1 X229.733 Y-92.325 Z-345.773 F2000
G1 B90.0 F1000
G1 X229.733 Y-92.325 Z-325.621 F2000
G1 B90.0 F1000
G1 X209.581 Y-92.325 Z-305.469 F2000
G1 B54.73628045861546 F1000
G1 X209.581 Y-92.325 Z-285.317 F2000
G1 B90.0 F1000
G1 X189.429 Y-72.173 Z-265.164 F2000
G1 B90.0 F1000
G1 X189.429 Y-72.173 Z-245.012 F2000
G1 B90.0 F1000
G1 X169.277 Y-72.173 Z-224.86 F2000
G1 B90.0 F1000
G1 X149.125 Y-72.173 Z-204.708 F2000
G1 B67.01005503774128 F1000
G1 X128.972 Y-72.173 Z-184.556 F2000
G1 B90.0 F1000
G1 X-12.093 Y-11.716 Z-164.403 F2000
G1 B90.0 F1000
G1 X-12.093 Y-11.716 Z-144.251 F2000
G1 X-12.093 Y-11.716 Z-124.099 F2000
G1 X-19.275133243394247 Y-18.674229808947903 Z-124.099 F5000
M01
G1 X158.56698899245123 Y-55.3147583193717 Z-708.513 F5000
M00
G1 B90.0 F1000
G1 X149.125 Y-52.021 Z-708.513 F2000
G1 B90.0 F1000
G1 X169.277 Y-52.021 Z-688.361 F2000
G1 B90.0 F1000
G1 X169.277 Y-52.021 Z-668.209 F2000
G1 B90.0 F1000
G1 X189.429 Y-52.021 Z-648.056 F2000
G1 B90.0 F1000
G1 X209.581 Y-52.021 Z-627.904 F2000
G1 B90.0 F1000
G1 X209.581 Y-52.021 Z-607.752 F2000
G1 B90.0 F1000
G1 X229.733 Y-52.021 Z-587.6 F2000
G1 B90.0 F1000
G1 X249.886 Y-52.021 Z-567.448 F2000
G1 B90.0 F1000
G1 X249.886 Y-52.021 Z-547.295 F2000
G1 B90.0 F1000
G1 X249.886 Y-52.021 Z-527.143 F2000
G1 B90.0 F1000
G1 X270.038 Y-52.021 Z-506.991 F2000
G1 B90.0 F1000
G1 X270.038 Y-52.021 Z-486.839 F2000
G1 B90.0 F1000
G1 X270.038 Y-52.021 Z-466.687 F2000
G1 B90.0 F1000
G1 X270.038 Y-52.021 Z-446.534 F2000
G1 B90.0 F1000
G1 X270.038 Y-52.021 Z-426.382 F2000
G1 B90.0 F1000
G1 X270.038 Y-52.021 Z-406.23 F2000
G1 B90.0 F1000
G1 X249.886 Y-52.021 Z-386.078 F2000
G1 B90.0 F1000
G1 X249.886 Y-52.021 Z-365.925 F2000
G1 B90.0 F1000
G1 X229.733 Y-52.021 Z-345.773 F2000
G1 B90.0 F1000
G1 X229.733 Y-52.021 Z-325.621 F2000
G1 B90.0 F1000
G1 X229.733 Y-52.021 Z-305.469 F2000
G1 B90.0 F1000
G1 X209.581 Y-52.021 Z-285.317 F2000
G1 B90.0 F1000
G1 X209.581 Y-52.021 Z-265.164 F2000
G1 B90.0 F1000
G1 X189.429 Y-52.021 Z-245.012 F2000
G1 B90.0 F1000
G1 X169.277 Y-52.021 Z-224.86 F2000
G1 B54.734940203585914 F1000
G1 X149.125 Y-52.021 Z-204.708 F2000
G1 B81.95059609651129 F1000
G1 X128.972 Y-31.868 Z-184.556 F2000
G1 B90.0 F1000
G1 X-12.093 Y-11.716 Z-164.403 F2000
G1 B90.0 F1000
G1 X-12.093 Y-11.716 Z-144.251 F2000
G1 X-12.093 Y-11.716 Z-124.099 F2000
G1 X-19.275133243394247 Y-18.674229808947903 Z-124.099 F5000
M01
G1 X138.93099280415396 Y-12.620689077423531 Z-708.513 F5000
M00
G1 B90.0 F1000
G1 X128.972 Y-11.716 Z-708.513 F2000
G1 B90.0 F1000
G1 X149.125 Y-11.716 Z-688.361 F2000
G1 B90.0 F1000
G1 X169.277 Y-11.716 Z-668.209 F2000
G1 B90.0 F1000
G1 X-12.093 Y-11.716 Z-648.056 F2000
G1 B90.0 F1000
G1 X-12.093 Y-11.716 Z-627.904 F2000
G1 B90.0 F1000
G1 X-12.093 Y-11.716 Z-607.752 F2000
G1 B90.0 F1000
G1 X209.581 Y-11.716 Z-587.6 F2000
G1 B90.0 F1000
G1 X229.733 Y-11.716 Z-567.448 F2000
G1 B90.0 F1000
G1 X229.733 Y-11.716 Z-547.295 F2000
G1 B90.0 F1000
G1 X229.733 Y-11.716 Z-527.143 F2000
G1 B90.0 F1000
G1 X249.886 Y-11.716 Z-506.991 F2000
G1 B90.0 F1000
G1 X249.886 Y-11.716 Z-486.839 F2000
G1 B90.0 F1000
G1 X249.886 Y-11.716 Z-466.687 F2000
G1 B90.0 F1000
G1 X249.886 Y-11.716 Z-446.534 F2000
G1 B90.0 F1000
G1 X249.886 Y-11.716 Z-426.382 F2000
G1 B90.0 F1000
G1 X249.886 Y-11.716 Z-406.23 F2000
G1 B90.0 F1000
G1 X229.733 Y-11.716 Z-386.078 F2000
G1 B90.0 F1000
G1 X229.733 Y-11.716 Z-365.925 F2000
G1 B90.0 F1000
G1 X229.733 Y-11.716 Z-345.773 F2000
G1 B90.0 F1000
G1 X209.581 Y-11.716 Z-325.621 F2000
G1 B90.0 F1000
G1 X209.581 Y-11.716 Z-305.469 F2000
G1 B90.0 F1000
G1 X-12.093 Y-11.716 Z-285.317 F2000
G1 B90.0 F1000
G1 X-12.093 Y-11.716 Z-265.164 F2000
G1 B90.0 F1000
G1 X169.277 Y-11.716 Z-245.012 F2000
G1 B90.0 F1000
G1 X149.125 Y-11.716 Z-224.86 F2000
G1 B90.0 F1000
G1 X149.125 Y-11.716 Z-204.708 F2000
G1 B90.0 F1000
G1 X88.668 Y-11.716 Z-184.556 F2000
G1 B90.0 F1000
G1 X-12.093 Y-11.716 Z-164.403 F2000
G1 B90.0 F1000
G1 X-12.093 Y-11.716 Z-144.251 F2000
G1 X-12.093 Y-11.716 Z-124.099 F2000
G1 X-19.275133243394247 Y-18.674229808947903 Z-124.099 F5000
M01
G1 X138.9506763553989 Y9.088700692663098 Z-708.513 F5000
M00
G1 B90.0 F1000
G1 X128.972 Y8.436 Z-708.513 F2000
G1 B90.0 F1000
G1 X149.125 Y8.436 Z-688.361 F2000
G1 B96.3016545005515 F1000
G1 X169.277 Y8.436 Z-668.209 F2000
G1 B90.0 F1000
G1 X-12.093 Y-11.716 Z-648.056 F2000
G1 B90.0 F1000
G1 X-12.093 Y-11.716 Z-627.904 F2000
G1 B81.2793008226896 F1000
G1 X-12.093 Y-11.716 Z-607.752 F2000
G1 B90.0 F1000
G1 X249.886 Y28.588 Z-587.6 F2000
G1 B90.0 F1000
G1 X270.038 Y28.588 Z-567.448 F2000
G1 B90.0 F1000
G1 X270.038 Y28.588 Z-547.295 F2000
G1 B90.0 F1000
G1 X270.038 Y28.588 Z-527.143 F2000
G1 B90.0 F1000
G1 X270.038 Y28.588 Z-506.991 F2000
G1 B90.0 F1000
G1 X270.038 Y28.588 Z-486.839 F2000
G1 B90.0 F1000
G1 X270.038 Y28.588 Z-466.687 F2000
G1 B90.0 F1000
G1 X270.038 Y28.588 Z-446.534 F2000
G1 B90.0 F1000
G1 X270.038 Y28.588 Z-426.382 F2000
G1 B90.0 F1000
G1 X270.038 Y28.588 Z-406.23 F2000
G1 B90.0 F1000
G1 X270.038 Y28.588 Z-386.078 F2000
G1 B90.0 F1000
G1 X270.038 Y28.588 Z-365.925 F2000
G1 B90.0 F1000
G1 X270.038 Y28.588 Z-345.773 F2000
G1 B90.0 F1000
G1 X249.886 Y28.588 Z-325.621 F2000
G1 B98.72069917731041 F1000
G1 X249.886 Y28.588 Z-305.469 F2000
G1 B90.0 F1000
G1 X-12.093 Y-11.716 Z-285.317 F2000
G1 B83.69834171662771 F1000
G1 X-12.093 Y-11.716 Z-265.164 F2000
G1 B90.0 F1000
G1 X169.277 Y8.436 Z-245.012 F2000
G1 B90.0 F1000
G1 X149.125 Y8.436 Z-224.86 F2000
G1 B90.0 F1000
G1 X149.125 Y8.436 Z-204.708 F2000
G1 B98.04940390348871 F1000
G1 X128.972 Y8.436 Z-184.556 F2000
G1 B90.0 F1000
G1 X-12.093 Y-11.716 Z-164.403 F2000
G1 B90.0 F1000
G1 X-12.093 Y-11.716 Z-144.251 F2000
G1 X-12.093 Y-11.716 Z-124.099 F2000
G1 X-19.275133243394247 Y-18.674229808947903 Z-124.099 F5000
M01
G1 X138.73503051226234 Y30.75207837580681 Z-708.513 F5000
M00
G1 B72.45102724682616 F1000
G1 X128.972 Y28.588 Z-708.513 F2000
G1 B90.0 F1000
G1 X189.429 Y48.741 Z-688.361 F2000
G1 B90.0 F1000
G1 X189.429 Y48.741 Z-668.209 F2000
G1 B90.0 F1000
G1 X189.429 Y48.741 Z-648.056 F2000
G1 B90.0 F1000
G1 X189.429 Y48.741 Z-627.904 F2000
G1 B72.45184459019563 F1000
G1 X189.429 Y48.741 Z-607.752 F2000
G1 B90.0 F1000
G1 X249.886 Y68.893 Z-587.6 F2000
G1 B90.0 F1000
G1 X249.886 Y68.893 Z-567.448 F2000
G1 B90.0 F1000
G1 X249.886 Y68.893 Z-547.295 F2000
G1 B90.0 F1000
G1 X249.886 Y68.893 Z-527.143 F2000
G1 B90.0 F1000
G1 X249.886 Y68.893 Z-506.991 F2000
G1 B90.0 F1000
G1 X249.886 Y68.893 Z-486.839 F2000
G1 B90.0 F1000
G1 X249.886 Y68.893 Z-466.687 F2000
G1 B90.0 F1000
G1 X249.886 Y68.893 Z-446.534 F2000
G1 B90.0 F1000
G1 X249.886 Y68.893 Z-426.382 F2000
G1 B90.0 F1000
G1 X249.886 Y68.893 Z-406.23 F2000
G1 B90.0 F1000
G1 X249.886 Y68.893 Z-386.078 F2000
G1 B90.0 F1000
G1 X249.886 Y68.893 Z-365.925 F2000
G1 B90.0 F1000
G1 X249.886 Y68.893 Z-345.773 F2000
G1 B90.0 F1000
G1 X249.886 Y68.893 Z-325.621 F2000
G1 B107.54815540980437 F1000
G1 X249.886 Y68.893 Z-305.469 F2000
G1 B90.0 F1000
G1 X189.429 Y48.741 Z-285.317 F2000
G1 B90.0 F1000
G1 X189.429 Y48.741 Z-265.164 F2000
G1 B90.0 F1000
G1 X189.429 Y48.741 Z-245.012 F2000
G1 B90.0 F1000
G1 X189.429 Y48.741 Z-224.86 F2000
G1 B115.87698558767002 F1000
G1 X189.429 Y48.741 Z-204.708 F2000
G1 B99.33577292962923 F1000
G1 X108.82 Y8.436 Z-184.556 F2000
G1 B90.0 F1000
G1 X-12.093 Y-11.716 Z-164.403 F2000
G1 B90.0 F1000
G1 X-12.093 Y-11.716 Z-144.251 F2000
G1 X-12.093 Y-11.716 Z-124.099 F2000
G1 X-19.275133243394247 Y-18.674229808947903 Z-124.099 F5000
M01
G1 X117.94635686919904 Y52.82873902004807 Z-708.513 F5000
M00
G1 B90.0 F1000
G1 X108.82 Y48.741 Z-708.513 F2000
G1 B57.688852084246065 F1000
G1 X128.972 Y48.741 Z-688.361 F2000
G1 B90.0 F1000
G1 X189.429 Y89.045 Z-668.209 F2000
G1 B90.0 F1000
G1 X209.581 Y89.045 Z-648.056 F2000
G1 B54.73561031724539 F1000
G1 X209.581 Y89.045 Z-627.904 F2000
G1 B90.0 F1000
G1 X229.733 Y109.197 Z-607.752 F2000
G1 B90.0 F1000
G1 X249.886 Y109.197 Z-587.6 F2000
G1 B54.7362804586155 F1000
G1 X249.886 Y109.197 Z-567.448 F2000
G1 B90.0 F1000
G1 X270.038 Y129.349 Z-547.295 F2000
G1 B90.0 F1000
G1 X270.038 Y129.349 Z-527.143 F2000
G1 B90.0 F1000
G1 X270.038 Y129.349 Z-506.991 F2000
G1 B90.0 F1000
G1 X290.19 Y129.349 Z-486.839 F2000
G1 B90.0 F1000
G1 X290.19 Y129.349 Z-466.687 F2000
G1 B90.0 F1000
G1 X290.19 Y129.349 Z-446.534 F2000
G1 B90.0 F1000
G1 X270.038 Y129.349 Z-426.382 F2000
G1 B90.0 F1000
G1 X270.038 Y129.349 Z-406.23 F2000
G1 B125.26371954138455 F1000
G1 X270.038 Y129.349 Z-386.078 F2000
G1 B90.0 F1000
G1 X249.886 Y109.197 Z-365.925 F2000
G1 B90.0 F1000
G1 X249.886 Y109.197 Z-345.773 F2000
G1 B90.0 F1000
G1 X249.886 Y109.197 Z-325.621 F2000
G1 B90.0 F1000
G1 X229.733 Y109.197 Z-305.469 F2000
G1 B125.26371954138452 F1000
G1 X229.733 Y109.197 Z-285.317 F2000
G1 B90.0 F1000
G1 X209.581 Y89.045 Z-265.164 F2000
G1 B90.0 F1000
G1 X209.581 Y89.045 Z-245.012 F2000
G1 B122.31114791575396 F1000
G1 X189.429 Y89.045 Z-224.86 F2000
G1 B90.0 F1000
G1 X128.972 Y48.741 Z-204.708 F2000
G1 B116.25253769494957 F1000
G1 X108.82 Y48.741 Z-184.556 F2000
G1 B90.0 F1000
G1 X-12.093 Y-11.716 Z-164.403 F2000
G1 B90.0 F1000
G1 X-12.093 Y-11.716 Z-144.251 F2000
G1 X-12.093 Y-11.716 Z-124.099 F2000
G1 X-19.275133243394247 Y-18.674229808947903 Z-124.099 F5000
M01
G1 X157.71083220034828 Y94.17174218461031 Z-708.513 F5000
M00
G1 B54.73561031724537 F1000
G1 X149.125 Y89.045 Z-708.513 F2000
G1 B90.0 F1000
G1 X169.277 Y109.197 Z-688.361 F2000
G1 B54.73628045861541 F1000
G1 X169.277 Y109.197 Z-668.209 F2000
G1 B90.0 F1000
G1 X189.429 Y129.349 Z-648.056 F2000
G1 B90.0 F1000
G1 X209.581 Y129.349 Z-627.904 F2000
G1 B54.734270051131524 F1000
G1 X209.581 Y129.349 Z-607.752 F2000
G1 B90.0 F1000
G1 X229.733 Y149.502 Z-587.6 F2000
G1 B90.0 F1000
G1 X229.733 Y149.502 Z-567.448 F2000
G1 B54.73628045861541 F1000
G1 X229.733 Y149.502 Z-547.295 F2000
G1 B90.0 F1000
G1 X249.886 Y169.654 Z-527.143 F2000
G1 B90.0 F1000
G1 X249.886 Y169.654 Z-506.991 F2000
G1 B90.0 F1000
G1 X249.886 Y169.654 Z-486.839 F2000
G1 B90.0 F1000
G1 X249.886 Y169.654 Z-466.687 F2000
G1 B90.0 F1000
G1 X249.886 Y169.654 Z-446.534 F2000
G1 B90.0 F1000
G1 X249.886 Y169.654 Z-426.382 F2000
G1 B90.0 F1000
G1 X249.886 Y169.654 Z-406.23 F2000
G1 B125.26304943880946 F1000
G1 X249.886 Y169.654 Z-386.078 F2000
G1 B90.0 F1000
G1 X229.733 Y149.502 Z-365.925 F2000
G1 B90.0 F1000
G1 X229.733 Y149.502 Z-345.773 F2000
G1 B125.26572994886844 F1000
G1 X229.733 Y149.502 Z-325.621 F2000
G1 B90.0 F1000
G1 X209.581 Y129.349 Z-305.469 F2000
G1 B90.0 F1000
G1 X209.581 Y129.349 Z-285.317 F2000
G1 B90.0 F1000
G1 X189.429 Y129.349 Z-265.164 F2000
G1 B125.26438968275463 F1000
G1 X189.429 Y129.349 Z-245.012 F2000
G1 B90.0 F1000
G1 X169.277 Y109.197 Z-224.86 F2000
G1 B125.26438968275468 F1000
G1 X169.277 Y109.197 Z-204.708 F2000
G1 B121.8060216526874 F1000
G1 X149.125 Y89.045 Z-184.556 F2000
G1 B90.0 F1000
G1 X-12.093 Y-11.716 Z-164.403 F2000
G1 B90.0 F1000
G1 X-12.093 Y-11.716 Z-144.251 F2000
G1 X-12.093 Y-11.716 Z-124.099 F2000
G1 X-19.275133243394247 Y-18.674229808947903 Z-124.099 F5000
M01
G1 X136.03274060275544 Y136.43037996019143 Z-708.513 F5000
M00
G1 B90.0 F1000
G1 X128.972 Y129.349 Z-708.513 F2000
G1 B54.73494020358592 F1000
G1 X128.972 Y129.349 Z-688.361 F2000
G1 B90.0 F1000
G1 X149.125 Y149.502 Z-668.209 F2000
G1 B54.73561031724538 F1000
G1 X149.125 Y149.502 Z-648.056 F2000
G1 B90.0 F1000
G1 X169.277 Y169.654 Z-627.904 F2000
G1 B54.735610317245296 F1000
G1 X169.277 Y169.654 Z-607.752 F2000
G1 B90.0 F1000
G1 X189.429 Y189.806 Z-587.6 F2000
G1 B54.73628045861548 F1000
G1 X189.429 Y189.806 Z-567.448 F2000
G1 B90.0 F1000
G1 X209.581 Y209.958 Z-547.295 F2000
G1 B90.0 F1000
G1 X209.581 Y209.958 Z-527.143 F2000
G1 B90.0 F1000
G1 X209.581 Y209.958 Z-506.991 F2000
G1 B90.0 F1000
G1 X209.581 Y209.958 Z-486.839 F2000
G1 B90.0 F1000
G1 X209.581 Y209.958 Z-466.687 F2000
G1 B90.0 F1000
G1 X209.581 Y209.958 Z-446.534 F2000
G1 B90.0 F1000
G1 X209.581 Y209.958 Z-426.382 F2000
G1 B90.0 F1000
G1 X209.581 Y209.958 Z-406.23 F2000
G1 B125.26371954138457 F1000
G1 X209.581 Y209.958 Z-386.078 F2000
G1 B90.0 F1000
G1 X189.429 Y189.806 Z-365.925 F2000
G1 B90.0 F1000
G1 X189.429 Y189.806 Z-345.773 F2000
G1 B125.26438968275468 F1000
G1 X189.429 Y189.806 Z-325.621 F2000
G1 B90.0 F1000
G1 X169.277 Y169.654 Z-305.469 F2000
G1 B90.0 F1000
G1 X169.277 Y169.654 Z-285.317 F2000
G1 B125.26438968275465 F1000
G1 X169.277 Y169.654 Z-265.164 F2000
G1 B90.0 F1000
G1 X149.125 Y149.502 Z-245.012 F2000
G1 B125.26505979641409 F1000
G1 X149.125 Y149.502 Z-224.86 F2000
G1 B125.26438968275463 F1000
G1 X128.972 Y129.349 Z-204.708 F2000
G1 B134.60751886420098 F1000
G1 X108.82 Y109.197 Z-184.556 F2000
G1 B90.0 F1000
G1 X-12.093 Y-11.716 Z-164.403 F2000
G1 B90.0 F1000
G1 X-12.093 Y-11.716 Z-144.251 F2000
G1 X-12.093 Y-11.716 Z-124.099 F2000
G1 X-19.275133243394247 Y-18.674229808947903 Z-124.099 F5000
M01
G1 X94.32204923306952 Y137.59713477520984 Z-708.513 F5000
M00
G1 B90.0 F1000
G1 X88.668 Y129.349 Z-708.513 F2000
G1 B90.0 F1000
G1 X88.668 Y129.349 Z-688.361 F2000
G1 B36.69904356431485 F1000
G1 X88.668 Y129.349 Z-668.209 F2000
G1 B90.0 F1000
G1 X128.972 Y189.806 Z-648.056 F2000
G1 B90.0 F1000
G1 X128.972 Y189.806 Z-627.904 F2000
G1 B90.0 F1000
G1 X128.972 Y189.806 Z-607.752 F2000
G1 B90.0 F1000
G1 X128.972 Y189.806 Z-587.6 F2000
G1 B90.0 F1000
G1 X128.972 Y189.806 Z-567.448 F2000
G1 B44.999999999999915 F1000
G1 X128.972 Y189.806 Z-547.295 F2000
G1 B48.18954382994937 F1000
G1 X128.972 Y209.958 Z-527.143 F2000
G1 B90.0 F1000
G1 X169.277 Y250.263 Z-506.991 F2000
G1 B90.0 F1000
G1 X169.277 Y250.263 Z-486.839 F2000
G1 B90.0 F1000
G1 X169.277 Y250.263 Z-466.687 F2000
G1 B90.0 F1000
G1 X169.277 Y250.263 Z-446.534 F2000
G1 B90.0 F1000
G1 X169.277 Y250.263 Z-426.382 F2000
G1 B131.81045617005063 F1000
G1 X169.277 Y250.263 Z-406.23 F2000
G1 B134.99857844487036 F1000
G1 X128.972 Y209.958 Z-386.078 F2000
G1 B90.0 F1000
G1 X128.972 Y189.806 Z-365.925 F2000
G1 B90.0 F1000
G1 X128.972 Y189.806 Z-345.773 F2000
G1 B90.0 F1000
G1 X128.972 Y189.806 Z-325.621 F2000
G1 B90.0 F1000
G1 X128.972 Y189.806 Z-305.469 F2000
G1 B90.0 F1000
G1 X128.972 Y189.806 Z-285.317 F2000
G1 B131.81031489577862 F1000
G1 X128.972 Y189.806 Z-265.164 F2000
G1 B135.0014215551297 F1000
G1 X88.668 Y149.502 Z-245.012 F2000
G1 B90.0 F1000
G1 X88.668 Y129.349 Z-224.86 F2000
G1 B90.0 F1000
G1 X88.668 Y129.349 Z-204.708 F2000
G1 B143.9291123961244 F1000
G1 X88.668 Y129.349 Z-184.556 F2000
G1 B90.0 F1000
G1 X-12.093 Y-11.716 Z-164.403 F2000
G1 B90.0 F1000
G1 X-12.093 Y-11.716 Z-144.251 F2000
G1 X-12.093 Y-11.716 Z-124.099 F2000
G1 X-19.275133243394247 Y-18.674229808947903 Z-124.099 F5000
M01
G1 X72.68225816012755 Y158.5927806564217 Z-708.513 F5000
M00
G1 B90.0 F1000
G1 X68.516 Y149.502 Z-708.513 F2000
G1 B35.264389682754675 F1000
G1 X68.516 Y149.502 Z-688.361 F2000
G1 B90.0 F1000
G1 X88.668 Y189.806 Z-668.209 F2000
G1 B90.0 F1000
G1 X88.668 Y189.806 Z-648.056 F2000
G1 B90.0 F1000
G1 X88.668 Y189.806 Z-627.904 F2000
G1 B35.2643896827546 F1000
G1 X88.668 Y189.806 Z-607.752 F2000
G1 B90.0 F1000
G1 X108.82 Y230.11 Z-587.6 F2000
G1 B90.0 F1000
G1 X108.82 Y230.11 Z-567.448 F2000
G1 B90.0 F1000
G1 X108.82 Y230.11 Z-547.295 F2000
G1 B90.0 F1000
G1 X108.82 Y230.11 Z-527.143 F2000
G1 B35.263719549697676 F1000
G1 X108.82 Y230.11 Z-506.991 F2000
G1 B90.0 F1000
G1 X128.972 Y270.415 Z-486.839 F2000
G1 B90.0 F1000
G1 X128.972 Y270.415 Z-466.687 F2000
G1 B90.0 F1000
G1 X128.972 Y270.415 Z-446.534 F2000
G1 B144.73628045030233 F1000
G1 X128.972 Y270.415 Z-426.382 F2000
G1 B90.0 F1000
G1 X108.82 Y230.11 Z-406.23 F2000
G1 B90.0 F1000
G1 X108.82 Y230.11 Z-386.078 F2000
G1 B90.0 F1000
G1 X108.82 Y230.11 Z-365.925 F2000
G1 B90.0 F1000
G1 X108.82 Y230.11 Z-345.773 F2000
G1 B90.0 F1000
G1 X108.82 Y230.11 Z-325.621 F2000
G1 B144.73561031724537 F1000
G1 X108.82 Y230.11 Z-305.469 F2000
G1 B90.0 F1000
G1 X88.668 Y189.806 Z-285.317 F2000
G1 B90.0 F1000
G1 X88.668 Y189.806 Z-265.164 F2000
G1 B90.0 F1000
G1 X88.668 Y189.806 Z-245.012 F2000
G1 B144.73561031724535 F1000
G1 X88.668 Y189.806 Z-224.86 F2000
G1 B90.0 F1000
G1 X68.516 Y149.502 Z-204.708 F2000
G1 B152.73390446957544 F1000
G1 X68.516 Y149.502 Z-184.556 F2000
G1 B90.0 F1000
G1 X-12.093 Y-11.716 Z-164.403 F2000
G1 B90.0 F1000
G1 X-12.093 Y-11.716 Z-144.251 F2000
G1 X-12.093 Y-11.716 Z-124.099 F2000
G1 X-19.275133243394247 Y-18.674229808947903 Z-124.099 F5000
M01
G1 X30.341906461394217 Y139.11932433713375 Z-708.513 F5000
M00
G1 B44.99857844487037 F1000
G1 X28.211 Y129.349 Z-708.513 F2000
G1 B90.0 F1000
G1 X28.211 Y149.502 Z-688.361 F2000
G1 B45.001421555129554 F1000
G1 X28.211 Y149.502 Z-668.209 F2000
G1 B54.73628045861546 F1000
G1 X28.211 Y169.654 Z-648.056 F2000
G1 B90.0 F1000
G1 X48.364 Y189.806 Z-627.904 F2000
G1 B44.999999999999915 F1000
G1 X48.364 Y189.806 Z-607.752 F2000
G1 B90.0 F1000
G1 X48.364 Y209.958 Z-587.6 F2000
G1 B45.001421555129674 F1000
G1 X48.364 Y209.958 Z-567.448 F2000
G1 B90.0 F1000
G1 X48.364 Y230.11 Z-547.295 F2000
G1 B54.73427005113163 F1000
G1 X48.364 Y230.11 Z-527.143 F2000
G1 B90.0 F1000
G1 X68.516 Y250.263 Z-506.991 F2000
G1 B90.0 F1000
G1 X68.516 Y250.263 Z-486.839 F2000
G1 B90.0 F1000
G1 X68.516 Y250.263 Z-466.687 F2000
G1 B90.0 F1000
G1 X68.516 Y250.263 Z-446.534 F2000
G1 B90.0 F1000
G1 X68.516 Y250.263 Z-426.382 F2000
G1 B125.26572994886837 F1000
G1 X68.516 Y250.263 Z-406.23 F2000
G1 B90.0 F1000
G1 X48.364 Y230.11 Z-386.078 F2000
G1 B135.00000000000006 F1000
G1 X48.364 Y230.11 Z-365.925 F2000
G1 B90.0 F1000
G1 X48.364 Y209.958 Z-345.773 F2000
G1 B90.0 F1000
G1 X48.364 Y209.958 Z-325.621 F2000
G1 B135.0 F1000
G1 X48.364 Y209.958 Z-305.469 F2000
G1 B90.0 F1000
G1 X48.364 Y189.806 Z-285.317 F2000
G1 B125.2637195413846 F1000
G1 X48.364 Y189.806 Z-265.164 F2000
G1 B90.0 F1000
G1 X28.211 Y169.654 Z-245.012 F2000
G1 B134.99999999999997 F1000
G1 X28.211 Y169.654 Z-224.86 F2000
G1 B144.73628045030236 F1000
G1 X28.211 Y149.502 Z-204.708 F2000
G1 B166.73711236522593 F1000
G1 X8.059 Y109.197 Z-184.556 F2000
G1 B90.0 F1000
G1 X-12.093 Y-11.716 Z-164.403 F2000
G1 B90.0 F1000
G1 X-12.093 Y-11.716 Z-144.251 F2000
G1 X-12.093 Y-11.716 Z-124.099 F2000
G1 X-19.275133243394247 Y-18.674229808947903 Z-124.099 F5000
M01
G1 X-13.193718743087315 Y119.13623630107547 Z-708.513 F5000
M00
G1 B35.263719549697704 F1000
G1 X-12.093 Y109.197 Z-708.513 F2000
G1 B90.0 F1000
G1 X8.059 Y149.502 Z-688.361 F2000
G1 B45.001421555129554 F1000
G1 X8.059 Y149.502 Z-668.209 F2000
G1 B18.434948822922035 F1000
G1 X8.059 Y169.654 Z-648.056 F2000
G1 B90.0 F1000
G1 X8.059 Y230.11 Z-627.904 F2000
G1 B90.0 F1000
G1 X8.059 Y230.11 Z-607.752 F2000
G1 B90.0 F1000
G1 X8.059 Y230.11 Z-587.6 F2000
G1 B54.73494020358595 F1000
G1 X8.059 Y230.11 Z-567.448 F2000
G1 B90.0 F1000
G1 X28.211 Y250.263 Z-547.295 F2000
G1 B90.0 F1000
G1 X28.211 Y250.263 Z-527.143 F2000
G1 B90.0 F1000
G1 X28.211 Y250.263 Z-506.991 F2000
G1 B170.24043735112528 F1000
G1 X28.211 Y250.263 Z-486.839 F2000
G1 B90.0 F1000
G1 X-12.093 Y-11.716 Z-466.687 F2000
G1 B90.0 F1000
G1 X-12.093 Y-11.716 Z-446.534 F2000
G1 B9.759562648874722 F1000
G1 X-12.093 Y-11.716 Z-426.382 F2000
G1 B90.0 F1000
G1 X28.211 Y250.263 Z-406.23 F2000
G1 B125.26505979641409 F1000
G1 X28.211 Y250.263 Z-386.078 F2000
G1 B90.0 F1000
G1 X8.059 Y230.11 Z-365.925 F2000
G1 B90.0 F1000
G1 X8.059 Y230.11 Z-345.773 F2000
G1 B90.0 F1000
G1 X8.059 Y230.11 Z-325.621 F2000
G1 B90.0 F1000
G1 X8.059 Y230.11 Z-305.469 F2000
G1 B90.0 F1000
G1 X8.059 Y230.11 Z-285.317 F2000
G1 B161.565051177078 F1000
G1 X8.059 Y230.11 Z-265.164 F2000
G1 B90.0 F1000
G1 X8.059 Y169.654 Z-245.012 F2000
G1 B134.99999999999997 F1000
G1 X8.059 Y169.654 Z-224.86 F2000
G1 B144.73628045030236 F1000
G1 X8.059 Y149.502 Z-204.708 F2000
G1 B170.53729358195957 F1000
G1 X-12.093 Y109.197 Z-184.556 F2000
G1 B90.0 F1000
G1 X-12.093 Y-11.716 Z-164.403 F2000
G1 B90.0 F1000
G1 X-12.093 Y-11.716 Z-144.251 F2000
G1 X-12.093 Y-11.716 Z-124.099 F2000
G1 X-19.275133243394247 Y-18.674229808947903 Z-124.099 F5000
M01
G1 X-13.438723984331816 Y98.95403764035612 Z-708.513 F5000
M00
G1 B18.434664509074427 F1000
G1 X-12.093 Y89.045 Z-708.513 F2000
G1 B90.0 F1000
G1 X-12.093 Y149.502 Z-688.361 F2000
G1 B45.001421555129554 F1000
G1 X-12.093 Y149.502 Z-668.209 F2000
G1 B45.00000000000004 F1000
G1 X-12.093 Y169.654 Z-648.056 F2000
G1 B45.00000000000008 F1000
G1 X-12.093 Y189.806 Z-627.904 F2000
G1 B90.0 F1000
G1 X-12.093 Y209.958 Z-607.752 F2000
G1 B45.00000000000004 F1000
G1 X-12.093 Y209.958 Z-587.6 F2000
G1 B45.00000000000004 F1000
G1 X-12.093 Y230.11 Z-567.448 F2000
G1 B90.0 F1000
G1 X-12.093 Y250.263 Z-547.295 F2000
G1 B90.0 F1000
G1 X-12.093 Y250.263 Z-527.143 F2000
G1 B90.0 F1000
G1 X-12.093 Y250.263 Z-506.991 F2000
G1 B175.60134481821217 F1000
G1 X-12.093 Y250.263 Z-486.839 F2000
G1 B90.0 F1000
G1 X-12.093 Y-11.716 Z-466.687 F2000
G1 B90.0 F1000
G1 X-12.093 Y-11.716 Z-446.534 F2000
G1 B4.398655181787842 F1000
G1 X-12.093 Y-11.716 Z-426.382 F2000
G1 B90.0 F1000
G1 X-12.093 Y250.263 Z-406.23 F2000
G1 B135.00000000000006 F1000
G1 X-12.093 Y250.263 Z-386.078 F2000
G1 B90.0 F1000
G1 X-12.093 Y230.11 Z-365.925 F2000
G1 B134.99999999999997 F1000
G1 X-12.093 Y230.11 Z-345.773 F2000
G1 B90.0 F1000
G1 X-12.093 Y209.958 Z-325.621 F2000
G1 B135.0 F1000
G1 X-12.093 Y209.958 Z-305.469 F2000
G1 B90.0 F1000
G1 X-12.093 Y189.806 Z-285.317 F2000
G1 B135.00000000000006 F1000
G1 X-12.093 Y189.806 Z-265.164 F2000
G1 B90.0 F1000
G1 X-12.093 Y169.654 Z-245.012 F2000
G1 B134.99999999999997 F1000
G1 X-12.093 Y169.654 Z-224.86 F2000
G1 B161.5653354909256 F1000
G1 X-12.093 Y149.502 Z-204.708 F2000
G1 B168.68963011855772 F1000
G1 X-12.093 Y89.045 Z-184.556 F2000
G1 B90.0 F1000
G1 X-12.093 Y-11.716 Z-164.403 F2000
G1 B90.0 F1000
G1 X-12.093 Y-11.716 Z-144.251 F2000
G1 X-12.093 Y-11.716 Z-124.099 F2000
G1 X-19.275133243394247 Y-18.674229808947903 Z-124.099 F5000
M01
G1 X-35.077027584673914 Y118.78760059431347 Z-708.513 F5000
M00
G1 B25.239584590766892 F1000
G1 X-32.245 Y109.197 Z-708.513 F2000
G1 B90.0 F1000
G1 X-52.398 Y169.654 Z-688.361 F2000
G1 B90.0 F1000
G1 X-52.398 Y169.654 Z-668.209 F2000
G1 B45.00000000000004 F1000
G1 X-52.398 Y169.654 Z-648.056 F2000
G1 B25.239036292457655 F1000
G1 X-52.398 Y189.806 Z-627.904 F2000
G1 B90.0 F1000
G1 X-72.55 Y250.263 Z-607.752 F2000
G1 B45.00000000000004 F1000
G1 X-72.55 Y250.263 Z-587.6 F2000
G1 B90.0 F1000
G1 X-72.55 Y270.415 Z-567.448 F2000
G1 B44.999999999999915 F1000
G1 X-72.55 Y270.415 Z-547.295 F2000
G1 B90.0 F1000
G1 X-72.55 Y290.567 Z-527.143 F2000
G1 B90.0 F1000
G1 X-72.55 Y290.567 Z-506.991 F2000
G1 B90.0 F1000
G1 X-72.55 Y290.567 Z-486.839 F2000
G1 B90.0 F1000
G1 X-72.55 Y290.567 Z-466.687 F2000
G1 B90.0 F1000
G1 X-72.55 Y290.567 Z-446.534 F2000
G1 B90.0 F1000
G1 X-72.55 Y290.567 Z-426.382 F2000
G1 B90.0 F1000
G1 X-72.55 Y290.567 Z-406.23 F2000
G1 B134.99857844487036 F1000
G1 X-72.55 Y290.567 Z-386.078 F2000
G1 B90.0 F1000
G1 X-72.55 Y270.415 Z-365.925 F2000
G1 B134.99999999999997 F1000
G1 X-72.55 Y270.415 Z-345.773 F2000
G1 B90.0 F1000
G1 X-72.55 Y250.263 Z-325.621 F2000
G1 B154.76096370754237 F1000
G1 X-72.55 Y250.263 Z-305.469 F2000
G1 B90.0 F1000
G1 X-52.398 Y189.806 Z-285.317 F2000
G1 B135.00000000000006 F1000
G1 X-52.398 Y189.806 Z-265.164 F2000
G1 B90.0 F1000
G1 X-52.398 Y169.654 Z-245.012 F2000
G1 B90.0 F1000
G1 X-52.398 Y169.654 Z-224.86 F2000
G1 B160.52855598166565 F1000
G1 X-52.398 Y169.654 Z-204.708 F2000
G1 B164.20660756820024 F1000
G1 X-32.245 Y89.045 Z-184.556 F2000
G1 B90.0 F1000
G1 X-12.093 Y-11.716 Z-164.403 F2000
G1 B90.0 F1000
G1 X-12.093 Y-11.716 Z-144.251 F2000
G1 X-12.093 Y-11.716 Z-124.099 F2000
G1 X-19.275133243394247 Y-18.674229808947903 Z-124.099 F5000
M01
G1 X-76.91586196239426 Y158.49862432945372 Z-708.513 F5000
M00
G1 B90.0 F1000
G1 X-72.55 Y149.502 Z-708.513 F2000
G1 B35.264389682754675 F1000
G1 X-72.55 Y149.502 Z-688.361 F2000
G1 B45.001421555129554 F1000
G1 X-92.702 Y189.806 Z-668.209 F2000
G1 B45.00000000000004 F1000
G1 X-92.702 Y209.958 Z-648.056 F2000
G1 B90.0 F1000
G1 X-92.702 Y230.11 Z-627.904 F2000
G1 B54.73427005113156 F1000
G1 X-92.702 Y230.11 Z-607.752 F2000
G1 B90.0 F1000
G1 X-112.854 Y250.263 Z-587.6 F2000
G1 B45.001421555129674 F1000
G1 X-112.854 Y250.263 Z-567.448 F2000
G1 B90.0 F1000
G1 X-112.854 Y270.415 Z-547.295 F2000
G1 B45.00000000000008 F1000
G1 X-112.854 Y270.415 Z-527.143 F2000
G1 B90.0 F1000
G1 X-112.854 Y290.567 Z-506.991 F2000
G1 B90.0 F1000
G1 X-112.854 Y290.567 Z-486.839 F2000
G1 B90.0 F1000
G1 X-112.854 Y290.567 Z-466.687 F2000
G1 B90.0 F1000
G1 X-112.854 Y290.567 Z-446.534 F2000
G1 B135.0 F1000
G1 X-112.854 Y290.567 Z-426.382 F2000
G1 B90.0 F1000
G1 X-112.854 Y270.415 Z-406.23 F2000
G1 B90.0 F1000
G1 X-112.854 Y270.415 Z-386.078 F2000
G1 B135.00000000000006 F1000
G1 X-112.854 Y270.415 Z-365.925 F2000
G1 B90.0 F1000
G1 X-112.854 Y250.263 Z-345.773 F2000
G1 B125.26572994886841 F1000
G1 X-112.854 Y250.263 Z-325.621 F2000
G1 B90.0 F1000
G1 X-92.702 Y230.11 Z-305.469 F2000
G1 B134.99857844487033 F1000
G1 X-92.702 Y230.11 Z-285.317 F2000
G1 B90.0 F1000
G1 X-92.702 Y209.958 Z-265.164 F2000
G1 B135.0 F1000
G1 X-92.702 Y209.958 Z-245.012 F2000
G1 B144.73561031724535 F1000
G1 X-92.702 Y189.806 Z-224.86 F2000
G1 B154.76096370754237 F1000
G1 X-72.55 Y149.502 Z-204.708 F2000
G1 B155.90473361607656 F1000
G1 X-52.398 Y89.045 Z-184.556 F2000
G1 B90.0 F1000
G1 X-12.093 Y-11.716 Z-164.403 F2000
G1 B90.0 F1000
G1 X-12.093 Y-11.716 Z-144.251 F2000
G1 X-12.093 Y-11.716 Z-124.099 F2000
G1 X-19.275133243394247 Y-18.674229808947903 Z-124.099 F5000
M01
G1 X-98.52726760193109 Y137.4771152406872 Z-708.513 F5000
M00
G1 B90.0 F1000
G1 X-92.702 Y129.349 Z-708.513 F2000
G1 B35.263719549697704 F1000
G1 X-92.702 Y129.349 Z-688.361 F2000
G1 B90.0 F1000
G1 X-112.854 Y169.654 Z-668.209 F2000
G1 B90.0 F1000
G1 X-112.854 Y169.654 Z-648.056 F2000
G1 B35.264389682754675 F1000
G1 X-112.854 Y169.654 Z-627.904 F2000
G1 B90.0 F1000
G1 X-133.006 Y209.958 Z-607.752 F2000
G1 B90.0 F1000
G1 X-133.006 Y209.958 Z-587.6 F2000
G1 B35.26505980472735 F1000
G1 X-133.006 Y209.958 Z-567.448 F2000
G1 B90.0 F1000
G1 X-153.159 Y250.263 Z-547.295 F2000
G1 B90.0 F1000
G1 X-153.159 Y250.263 Z-527.143 F2000
G1 B90.0 F1000
G1 X-153.159 Y250.263 Z-506.991 F2000
G1 B90.0 F1000
G1 X-153.159 Y250.263 Z-486.839 F2000
G1 B90.0 F1000
G1 X-153.159 Y250.263 Z-466.687 F2000
G1 B90.0 F1000
G1 X-153.159 Y250.263 Z-446.534 F2000
G1 B90.0 F1000
G1 X-153.159 Y250.263 Z-426.382 F2000
G1 B90.0 F1000
G1 X-153.159 Y250.263 Z-406.23 F2000
G1 B144.73494019527269 F1000
G1 X-153.159 Y250.263 Z-386.078 F2000
G1 B90.0 F1000
G1 X-133.006 Y209.958 Z-365.925 F2000
G1 B90.0 F1000
G1 X-133.006 Y209.958 Z-345.773 F2000
G1 B90.0 F1000
G1 X-133.006 Y209.958 Z-325.621 F2000
G1 B90.0 F1000
G1 X-133.006 Y209.958 Z-305.469 F2000
G1 B144.73494017033283 F1000
G1 X-133.006 Y209.958 Z-285.317 F2000
G1 B90.0 F1000
G1 X-112.854 Y169.654 Z-265.164 F2000
G1 B90.0 F1000
G1 X-112.854 Y169.654 Z-245.012 F2000
G1 B144.73628045030233 F1000
G1 X-112.854 Y169.654 Z-224.86 F2000
G1 B90.0 F1000
G1 X-92.702 Y129.349 Z-204.708 F2000
G1 B149.501084948808 F1000
G1 X-92.702 Y129.349 Z-184.556 F2000
G1 B90.0 F1000
G1 X-12.093 Y-11.716 Z-164.403 F2000
G1 B90.0 F1000
G1 X-12.093 Y-11.716 Z-144.251 F2000
G1 X-12.093 Y-11.716 Z-124.099 F2000
G1 X-19.275133243394247 Y-18.674229808947903 Z-124.099 F5000
M01
G1 X-79.80146651460815 Y75.77894462564988 Z-708.513 F5000
M00
G1 B54.735610317245374 F1000
G1 X-72.55 Y68.893 Z-708.513 F2000
G1 B36.69877109492258 F1000
G1 X-92.702 Y89.045 Z-688.361 F2000
G1 B54.736950561190504 F1000
G1 X-133.006 Y149.502 Z-668.209 F2000
G1 B90.0 F1000
G1 X-153.159 Y169.654 Z-648.056 F2000
G1 B90.0 F1000
G1 X-153.159 Y169.654 Z-627.904 F2000
G1 B90.0 F1000
G1 X-153.159 Y169.654 Z-607.752 F2000
G1 B35.26438968275469 F1000
G1 X-153.159 Y169.654 Z-587.6 F2000
G1 B90.0 F1000
G1 X-173.311 Y209.958 Z-567.448 F2000
G1 B90.0 F1000
G1 X-173.311 Y209.958 Z-547.295 F2000
G1 B54.735610317245346 F1000
G1 X-173.311 Y209.958 Z-527.143 F2000
G1 B90.0 F1000
G1 X-193.463 Y230.11 Z-506.991 F2000
G1 B90.0 F1000
G1 X-193.463 Y230.11 Z-486.839 F2000
G1 B90.0 F1000
G1 X-193.463 Y230.11 Z-466.687 F2000
G1 B90.0 F1000
G1 X-193.463 Y230.11 Z-446.534 F2000
G1 B125.26438968275471 F1000
G1 X-193.463 Y230.11 Z-426.382 F2000
G1 B90.0 F1000
G1 X-173.311 Y209.958 Z-406.23 F2000
G1 B90.0 F1000
G1 X-173.311 Y209.958 Z-386.078 F2000
G1 B90.0 F1000
G1 X-173.311 Y209.958 Z-365.925 F2000
G1 B144.73561031724532 F1000
G1 X-173.311 Y209.958 Z-345.773 F2000
G1 B90.0 F1000
G1 X-153.159 Y169.654 Z-325.621 F2000
G1 B90.0 F1000
G1 X-153.159 Y169.654 Z-305.469 F2000
G1 B90.0 F1000
G1 X-153.159 Y169.654 Z-285.317 F2000
G1 B125.26371954138455 F1000
G1 X-153.159 Y169.654 Z-265.164 F2000
G1 B90.0 F1000
G1 X-133.006 Y149.502 Z-245.012 F2000
G1 B143.30122890507744 F1000
G1 X-133.006 Y149.502 Z-224.86 F2000
G1 B125.26438968275465 F1000
G1 X-92.702 Y89.045 Z-204.708 F2000
G1 B141.6709744174055 F1000
G1 X-72.55 Y68.893 Z-184.556 F2000
G1 B90.0 F1000
G1 X-12.093 Y-11.716 Z-164.403 F2000
G1 B90.0 F1000
G1 X-12.093 Y-11.716 Z-144.251 F2000
G1 X-12.093 Y-11.716 Z-124.099 F2000
G1 X-19.275133243394247 Y-18.674229808947903 Z-124.099 F5000
M01
G1 X-140.73491333740992 Y115.54238404060833 Z-708.513 F5000
M00
G1 B90.0 F1000
G1 X-133.006 Y109.197 Z-708.513 F2000
G1 B54.7362804586155 F1000
G1 X-133.006 Y109.197 Z-688.361 F2000
G1 B90.0 F1000
G1 X-153.159 Y129.349 Z-668.209 F2000
G1 B54.7342700511316 F1000
G1 X-153.159 Y129.349 Z-648.056 F2000
G1 B90.0 F1000
G1 X-173.311 Y149.502 Z-627.904 F2000
G1 B54.73561031724531 F1000
G1 X-173.311 Y149.502 Z-607.752 F2000
G1 B90.0 F1000
G1 X-193.463 Y169.654 Z-587.6 F2000
G1 B54.73628045861546 F1000
G1 X-193.463 Y169.654 Z-567.448 F2000
G1 B90.0 F1000
G1 X-213.615 Y189.806 Z-547.295 F2000
G1 B90.0 F1000
G1 X-213.615 Y189.806 Z-527.143 F2000
G1 B90.0 F1000
G1 X-213.615 Y189.806 Z-506.991 F2000
G1 B90.0 F1000
G1 X-213.615 Y189.806 Z-486.839 F2000
G1 B90.0 F1000
G1 X-213.615 Y189.806 Z-466.687 F2000
G1 B90.0 F1000
G1 X-213.615 Y189.806 Z-446.534 F2000
G1 B90.0 F1000
G1 X-213.615 Y189.806 Z-426.382 F2000
G1 B90.0 F1000
G1 X-213.615 Y189.806 Z-406.23 F2000
G1 B125.2637195413846 F1000
G1 X-213.615 Y189.806 Z-386.078 F2000
G1 B90.0 F1000
G1 X-193.463 Y169.654 Z-365.925 F2000
G1 B90.0 F1000
G1 X-193.463 Y169.654 Z-345.773 F2000
G1 B90.0 F1000
G1 X-193.463 Y169.654 Z-325.621 F2000
G1 B125.26438968275465 F1000
G1 X-193.463 Y169.654 Z-305.469 F2000
G1 B90.0 F1000
G1 X-173.311 Y149.502 Z-285.317 F2000
G1 B125.26572994886844 F1000
G1 X-173.311 Y149.502 Z-265.164 F2000
G1 B90.0 F1000
G1 X-153.159 Y129.349 Z-245.012 F2000
G1 B125.26371954138452 F1000
G1 X-153.159 Y129.349 Z-224.86 F2000
G1 B125.26438968275465 F1000
G1 X-133.006 Y109.197 Z-204.708 F2000
G1 B134.43819693794944 F1000
G1 X-112.854 Y89.045 Z-184.556 F2000
G1 B90.0 F1000
G1 X-12.093 Y-11.716 Z-164.403 F2000
G1 B90.0 F1000
G1 X-12.093 Y-11.716 Z-144.251 F2000
G1 X-12.093 Y-11.716 Z-124.099 F2000
G1 X-19.275133243394247 Y-18.674229808947903 Z-124.099 F5000
M01
G1 X-102.25792488865713 Y31.53491355868191 Z-708.513 F5000
M00
G1 B54.734270051131624 F1000
G1 X-92.702 Y28.588 Z-708.513 F2000
G1 B54.735610317245374 F1000
G1 X-112.854 Y48.741 Z-688.361 F2000
G1 B54.73695056119048 F1000
G1 X-133.006 Y68.893 Z-668.209 F2000
G1 B90.0 F1000
G1 X-153.159 Y89.045 Z-648.056 F2000
G1 B90.0 F1000
G1 X-153.159 Y89.045 Z-627.904 F2000
G1 B54.73561031724528 F1000
G1 X-173.311 Y89.045 Z-607.752 F2000
G1 B90.0 F1000
G1 X-193.463 Y109.197 Z-587.6 F2000
G1 B90.0 F1000
G1 X-193.463 Y109.197 Z-567.448 F2000
G1 B54.73561031724533 F1000
G1 X-193.463 Y109.197 Z-547.295 F2000
G1 B90.0 F1000
G1 X-213.615 Y129.349 Z-527.143 F2000
G1 B90.0 F1000
G1 X-213.615 Y129.349 Z-506.991 F2000
G1 B90.0 F1000
G1 X-213.615 Y129.349 Z-486.839 F2000
G1 B90.0 F1000
G1 X-213.615 Y129.349 Z-466.687 F2000
G1 B90.0 F1000
G1 X-213.615 Y129.349 Z-446.534 F2000
G1 B90.0 F1000
G1 X-213.615 Y129.349 Z-426.382 F2000
G1 B90.0 F1000
G1 X-213.615 Y129.349 Z-406.23 F2000
G1 B125.26371954138455 F1000
G1 X-213.615 Y129.349 Z-386.078 F2000
G1 B90.0 F1000
G1 X-193.463 Y109.197 Z-365.925 F2000
G1 B90.0 F1000
G1 X-193.463 Y109.197 Z-345.773 F2000
G1 B125.26438968275468 F1000
G1 X-193.463 Y109.197 Z-325.621 F2000
G1 B90.0 F1000
G1 X-173.311 Y89.045 Z-305.469 F2000
G1 B90.0 F1000
G1 X-173.311 Y89.045 Z-285.317 F2000
G1 B90.0 F1000
G1 X-153.159 Y89.045 Z-265.164 F2000
G1 B125.26371954138457 F1000
G1 X-153.159 Y89.045 Z-245.012 F2000
G1 B125.26438968275465 F1000
G1 X-133.006 Y68.893 Z-224.86 F2000
G1 B125.26572994886841 F1000
G1 X-112.854 Y48.741 Z-204.708 F2000
G1 B115.87636169592412 F1000
G1 X-92.702 Y28.588 Z-184.556 F2000
G1 B90.0 F1000
G1 X-12.093 Y-11.716 Z-164.403 F2000
G1 B90.0 F1000
G1 X-12.093 Y-11.716 Z-144.251 F2000
G1 X-12.093 Y-11.716 Z-124.099 F2000
G1 X-19.275133243394247 Y-18.674229808947903 Z-124.099 F5000
M01
G1 X-122.54780872588616 Y31.043620570432893 Z-708.513 F5000
M00
G1 B54.734270051131624 F1000
G1 X-112.854 Y28.588 Z-708.513 F2000
G1 B90.0 F1000
G1 X-133.006 Y48.741 Z-688.361 F2000
G1 B90.0 F1000
G1 X-133.006 Y48.741 Z-668.209 F2000
G1 B54.73561031724539 F1000
G1 X-153.159 Y48.741 Z-648.056 F2000
G1 B90.0 F1000
G1 X-173.311 Y68.893 Z-627.904 F2000
G1 B90.0 F1000
G1 X-193.463 Y68.893 Z-607.752 F2000
G1 B54.73561031724539 F1000
G1 X-193.463 Y68.893 Z-587.6 F2000
G1 B90.0 F1000
G1 X-213.615 Y89.045 Z-567.448 F2000
G1 B90.0 F1000
G1 X-213.615 Y89.045 Z-547.295 F2000
G1 B90.0 F1000
G1 X-233.767 Y89.045 Z-527.143 F2000
G1 B90.0 F1000
G1 X-233.767 Y89.045 Z-506.991 F2000
G1 B90.0 F1000
G1 X-233.767 Y89.045 Z-486.839 F2000
G1 B90.0 F1000
G1 X-233.767 Y89.045 Z-466.687 F2000
G1 B90.0 F1000
G1 X-233.767 Y89.045 Z-446.534 F2000
G1 B90.0 F1000
G1 X-233.767 Y89.045 Z-426.382 F2000
G1 B90.0 F1000
G1 X-233.767 Y89.045 Z-406.23 F2000
G1 B90.0 F1000
G1 X-233.767 Y89.045 Z-386.078 F2000
G1 B90.0 F1000
G1 X-213.615 Y89.045 Z-365.925 F2000
G1 B125.26438968275461 F1000
G1 X-213.615 Y89.045 Z-345.773 F2000
G1 B90.0 F1000
G1 X-193.463 Y68.893 Z-325.621 F2000
G1 B90.0 F1000
G1 X-193.463 Y68.893 Z-305.469 F2000
G1 B90.0 F1000
G1 X-173.311 Y68.893 Z-285.317 F2000
G1 B125.26438968275465 F1000
G1 X-173.311 Y68.893 Z-265.164 F2000
G1 B90.0 F1000
G1 X-153.159 Y48.741 Z-245.012 F2000
G1 B90.0 F1000
G1 X-153.159 Y48.741 Z-224.86 F2000
G1 B122.31217544195215 F1000
G1 X-133.006 Y48.741 Z-204.708 F2000
G1 B107.5480736760758 F1000
G1 X-72.55 Y8.436 Z-184.556 F2000
G1 B90.0 F1000
G1 X-12.093 Y-11.716 Z-164.403 F2000
G1 B90.0 F1000
G1 X-12.093 Y-11.716 Z-144.251 F2000
G1 X-12.093 Y-11.716 Z-124.099 F2000
G1 X-19.275133243394247 Y-18.674229808947903 Z-124.099 F5000
M01
G1 X-122.82617764925004 Y9.181434726718356 Z-708.513 F5000
M00
G1 B90.0 F1000
G1 X-112.854 Y8.436 Z-708.513 F2000
G1 B72.45184459019565 F1000
G1 X-133.006 Y8.436 Z-688.361 F2000
G1 B90.0 F1000
G1 X-193.463 Y28.588 Z-668.209 F2000
G1 B65.90409786572857 F1000
G1 X-193.463 Y28.588 Z-648.056 F2000
G1 B90.0 F1000
G1 X-233.767 Y48.741 Z-627.904 F2000
G1 B90.0 F1000
G1 X-233.767 Y48.741 Z-607.752 F2000
G1 B90.0 F1000
G1 X-253.92 Y48.741 Z-587.6 F2000
G1 B90.0 F1000
G1 X-253.92 Y48.741 Z-567.448 F2000
G1 B65.9051574478893 F1000
G1 X-253.92 Y48.741 Z-547.295 F2000
G1 B90.0 F1000
G1 X-294.224 Y68.893 Z-527.143 F2000
G1 B90.0 F1000
G1 X-294.224 Y68.893 Z-506.991 F2000
G1 B90.0 F1000
G1 X-294.224 Y68.893 Z-486.839 F2000
G1 B90.0 F1000
G1 X-294.224 Y68.893 Z-466.687 F2000
G1 B90.0 F1000
G1 X-294.224 Y68.893 Z-446.534 F2000
G1 B90.0 F1000
G1 X-294.224 Y68.893 Z-426.382 F2000
G1 B114.09484255211069 F1000
G1 X-294.224 Y68.893 Z-406.23 F2000
G1 B90.0 F1000
G1 X-253.92 Y48.741 Z-386.078 F2000
G1 B90.0 F1000
G1 X-253.92 Y48.741 Z-365.925 F2000
G1 B90.0 F1000
G1 X-253.92 Y48.741 Z-345.773 F2000
G1 B90.0 F1000
G1 X-253.92 Y48.741 Z-325.621 F2000
G1 B90.0 F1000
G1 X-233.767 Y48.741 Z-305.469 F2000
G1 B114.09569020662241 F1000
G1 X-233.767 Y48.741 Z-285.317 F2000
G1 B90.0 F1000
G1 X-193.463 Y28.588 Z-265.164 F2000
G1 B90.0 F1000
G1 X-193.463 Y28.588 Z-245.012 F2000
G1 B107.54815540980437 F1000
G1 X-193.463 Y28.588 Z-224.86 F2000
G1 B90.0 F1000
G1 X-133.006 Y8.436 Z-204.708 F2000
G1 B103.63283067954994 F1000
G1 X-92.702 Y8.436 Z-184.556 F2000
G1 B90.0 F1000
G1 X-12.093 Y-11.716 Z-164.403 F2000
G1 B90.0 F1000
G1 X-12.093 Y-11.716 Z-144.251 F2000
G1 X-12.093 Y-11.716 Z-124.099 F2000
G1 X-19.275133243394247 Y-18.674229808947903 Z-124.099 F5000
M01
G1 X-122.80054337593364 Y-12.748605864146938 Z-708.513 F5000
M00
G1 B90.0 F1000
G1 X-112.854 Y-11.716 Z-708.513 F2000
G1 B54.736280458615475 F1000
G1 X-133.006 Y-11.716 Z-688.361 F2000
G1 B90.0 F1000
G1 X-153.159 Y8.436 Z-668.209 F2000
G1 B90.0 F1000
G1 X-213.615 Y8.436 Z-648.056 F2000
G1 B90.0 F1000
G1 X-233.767 Y8.436 Z-627.904 F2000
G1 B90.0 F1000
G1 X-253.92 Y8.436 Z-607.752 F2000
G1 B90.0 F1000
G1 X-253.92 Y8.436 Z-587.6 F2000
G1 B90.0 F1000
G1 X-253.92 Y8.436 Z-567.448 F2000
G1 B90.0 F1000
G1 X-253.92 Y8.436 Z-547.295 F2000
G1 B90.0 F1000
G1 X-253.92 Y8.436 Z-527.143 F2000
G1 B90.0 F1000
G1 X-253.92 Y8.436 Z-506.991 F2000
G1 B90.0 F1000
G1 X-253.92 Y8.436 Z-486.839 F2000
G1 B90.0 F1000
G1 X-253.92 Y8.436 Z-466.687 F2000
G1 B90.0 F1000
G1 X-253.92 Y8.436 Z-446.534 F2000
G1 B90.0 F1000
G1 X-253.92 Y8.436 Z-426.382 F2000
G1 B90.0 F1000
G1 X-253.92 Y8.436 Z-406.23 F2000
G1 B90.0 F1000
G1 X-253.92 Y8.436 Z-386.078 F2000
G1 B90.0 F1000
G1 X-253.92 Y8.436 Z-365.925 F2000
G1 B90.0 F1000
G1 X-253.92 Y8.436 Z-345.773 F2000
G1 B90.0 F1000
G1 X-253.92 Y8.436 Z-325.621 F2000
G1 B90.0 F1000
G1 X-253.92 Y8.436 Z-305.469 F2000
G1 B90.0 F1000
G1 X-233.767 Y8.436 Z-285.317 F2000
G1 B90.0 F1000
G1 X-233.767 Y8.436 Z-265.164 F2000
G1 B90.0 F1000
G1 X-213.615 Y8.436 Z-245.012 F2000
G1 B125.26371954138455 F1000
G1 X-153.159 Y8.436 Z-224.86 F2000
G1 B90.0 F1000
G1 X-133.006 Y-11.716 Z-204.708 F2000
G1 B90.0 F1000
G1 X-112.854 Y-11.716 Z-184.556 F2000
G1 B90.0 F1000
G1 X-12.093 Y-11.716 Z-164.403 F2000
G1 B90.0 F1000
G1 X-12.093 Y-11.716 Z-144.251 F2000
G1 X-12.093 Y-11.716 Z-124.099 F2000
G1 X-19.275133243394247 Y-18.674229808947903 Z-124.099 F5000
M01
G1 X-102.62308027558976 Y-12.969860504722764 Z-708.513 F5000
M00
G1 B90.0 F1000
G1 X-92.702 Y-11.716 Z-708.513 F2000
G1 B90.0 F1000
G1 X-112.854 Y-11.716 Z-688.361 F2000
G1 B90.0 F1000
G1 X-153.159 Y-11.716 Z-668.209 F2000
G1 B90.0 F1000
G1 X-12.093 Y-11.716 Z-648.056 F2000
G1 B90.0 F1000
G1 X-12.093 Y-11.716 Z-627.904 F2000
G1 B90.0 F1000
G1 X-213.615 Y-11.716 Z-607.752 F2000
G1 B90.0 F1000
G1 X-213.615 Y-11.716 Z-587.6 F2000
G1 B90.0 F1000
G1 X-233.767 Y-11.716 Z-567.448 F2000
G1 B90.0 F1000
G1 X-253.92 Y-11.716 Z-547.295 F2000
G1 B90.0 F1000
G1 X-253.92 Y-11.716 Z-527.143 F2000
G1 B90.0 F1000
G1 X-253.92 Y-11.716 Z-506.991 F2000
G1 B90.0 F1000
G1 X-253.92 Y-11.716 Z-486.839 F2000
G1 B90.0 F1000
G1 X-253.92 Y-11.716 Z-466.687 F2000
G1 B90.0 F1000
G1 X-253.92 Y-11.716 Z-446.534 F2000
G1 B90.0 F1000
G1 X-253.92 Y-11.716 Z-426.382 F2000
G1 B90.0 F1000
G1 X-253.92 Y-11.716 Z-406.23 F2000
G1 B90.0 F1000
G1 X-253.92 Y-11.716 Z-386.078 F2000
G1 B90.0 F1000
G1 X-233.767 Y-11.716 Z-365.925 F2000
G1 B90.0 F1000
G1 X-233.767 Y-11.716 Z-345.773 F2000
G1 B90.0 F1000
G1 X-213.615 Y-11.716 Z-325.621 F2000
G1 B90.0 F1000
G1 X-213.615 Y-11.716 Z-305.469 F2000
G1 B90.0 F1000
G1 X-12.093 Y-11.716 Z-285.317 F2000
G1 B90.0 F1000
G1 X-12.093 Y-11.716 Z-265.164 F2000
G1 B90.0 F1000
G1 X-173.311 Y-11.716 Z-245.012 F2000
G1 B90.0 F1000
G1 X-153.159 Y-11.716 Z-224.86 F2000
G1 B90.0 F1000
G1 X-112.854 Y-11.716 Z-204.708 F2000
G1 B90.0 F1000
G1 X-92.702 Y-11.716 Z-184.556 F2000
G1 B90.0 F1000
G1 X-12.093 Y-11.716 Z-164.403 F2000
G1 B90.0 F1000
G1 X-12.093 Y-11.716 Z-144.251 F2000
G1 X-12.093 Y-11.716 Z-124.099 F2000
G1 X-19.275133243394247 Y-18.674229808947903 Z-124.099 F5000
M01
G1 X-122.47766339212983 Y-34.5855545836248 Z-708.513 F5000
M00
G1 B114.09547828983996 F1000
G1 X-112.854 Y-31.868 Z-708.513 F2000
G1 B90.0 F1000
G1 X-153.159 Y-52.021 Z-688.361 F2000
G1 B90.0 F1000
G1 X-153.159 Y-52.021 Z-668.209 F2000
G1 B90.0 F1000
G1 X-213.615 Y-52.021 Z-648.056 F2000
G1 B90.0 F1000
G1 X-233.767 Y-52.021 Z-627.904 F2000
G1 B90.0 F1000
G1 X-253.92 Y-52.021 Z-607.752 F2000
G1 B90.0 F1000
G1 X-253.92 Y-52.021 Z-587.6 F2000
G1 B90.0 F1000
G1 X-253.92 Y-52.021 Z-567.448 F2000
G1 B90.0 F1000
G1 X-253.92 Y-52.021 Z-547.295 F2000
G1 B90.0 F1000
G1 X-253.92 Y-52.021 Z-527.143 F2000
G1 B90.0 F1000
G1 X-253.92 Y-52.021 Z-506.991 F2000
G1 B90.0 F1000
G1 X-253.92 Y-52.021 Z-486.839 F2000
G1 B90.0 F1000
G1 X-253.92 Y-52.021 Z-466.687 F2000
G1 B90.0 F1000
G1 X-253.92 Y-52.021 Z-446.534 F2000
G1 B90.0 F1000
G1 X-253.92 Y-52.021 Z-426.382 F2000
G1 B90.0 F1000
G1 X-253.92 Y-52.021 Z-406.23 F2000
G1 B90.0 F1000
G1 X-253.92 Y-52.021 Z-386.078 F2000
G1 B90.0 F1000
G1 X-253.92 Y-52.021 Z-365.925 F2000
G1 B90.0 F1000
G1 X-253.92 Y-52.021 Z-345.773 F2000
G1 B90.0 F1000
G1 X-253.92 Y-52.021 Z-325.621 F2000
G1 B90.0 F1000
G1 X-253.92 Y-52.021 Z-305.469 F2000
G1 B90.0 F1000
G1 X-233.767 Y-52.021 Z-285.317 F2000
G1 B90.0 F1000
G1 X-233.767 Y-52.021 Z-265.164 F2000
G1 B90.0 F1000
G1 X-213.615 Y-52.021 Z-245.012 F2000
G1 B90.0 F1000
G1 X-153.159 Y-52.021 Z-224.86 F2000
G1 B65.90452171016003 F1000
G1 X-153.159 Y-52.021 Z-204.708 F2000
G1 B78.90432062550816 F1000
G1 X-112.854 Y-31.868 Z-184.556 F2000
G1 B90.0 F1000
G1 X-12.093 Y-11.716 Z-164.403 F2000
G1 B90.0 F1000
G1 X-12.093 Y-11.716 Z-144.251 F2000
G1 X-12.093 Y-11.716 Z-124.099 F2000
G1 X-19.275133243394247 Y-18.674229808947903 Z-124.099 F5000
M01
G1 X-142.3190175608832 Y-55.663485952022505 Z-708.513 F5000
M00
G1 B90.0 F1000
G1 X-133.006 Y-52.021 Z-708.513 F2000
G1 B107.54815540980437 F1000
G1 X-133.006 Y-52.021 Z-688.361 F2000
G1 B90.0 F1000
G1 X-193.463 Y-72.173 Z-668.209 F2000
G1 B90.0 F1000
G1 X-193.463 Y-72.173 Z-648.056 F2000
G1 B114.09484255211069 F1000
G1 X-193.463 Y-72.173 Z-627.904 F2000
G1 B90.0 F1000
G1 X-233.767 Y-92.325 Z-607.752 F2000
G1 B90.0 F1000
G1 X-253.92 Y-92.325 Z-587.6 F2000
G1 B90.0 F1000
G1 X-253.92 Y-92.325 Z-567.448 F2000
G1 B90.0 F1000
G1 X-253.92 Y-92.325 Z-547.295 F2000
G1 B90.0 F1000
G1 X-253.92 Y-92.325 Z-527.143 F2000
G1 B114.0948425521107 F1000
G1 X-253.92 Y-92.325 Z-506.991 F2000
G1 B90.0 F1000
G1 X-294.224 Y-112.477 Z-486.839 F2000
G1 B90.0 F1000
G1 X-294.224 Y-112.477 Z-466.687 F2000
G1 B65.9051574478893 F1000
G1 X-294.224 Y-112.477 Z-446.534 F2000
G1 B90.0 F1000
G1 X-253.92 Y-92.325 Z-426.382 F2000
G1 B90.0 F1000
G1 X-253.92 Y-92.325 Z-406.23 F2000
G1 B90.0 F1000
G1 X-253.92 Y-92.325 Z-386.078 F2000
G1 B90.0 F1000
G1 X-253.92 Y-92.325 Z-365.925 F2000
G1 B90.0 F1000
G1 X-253.92 Y-92.325 Z-345.773 F2000
G1 B90.0 F1000
G1 X-253.92 Y-92.325 Z-325.621 F2000
G1 B90.0 F1000
G1 X-233.767 Y-92.325 Z-305.469 F2000
G1 B65.90536936852776 F1000
G1 X-233.767 Y-92.325 Z-285.317 F2000
G1 B90.0 F1000
G1 X-193.463 Y-72.173 Z-265.164 F2000
G1 B90.0 F1000
G1 X-193.463 Y-72.173 Z-245.012 F2000
G1 B72.45184459019565 F1000
G1 X-193.463 Y-72.173 Z-224.86 F2000
G1 B90.0 F1000
G1 X-133.006 Y-52.021 Z-204.708 F2000
G1 B68.5830257606164 F1000
G1 X-112.854 Y-52.021 Z-184.556 F2000
G1 B90.0 F1000
G1 X-12.093 Y-11.716 Z-164.403 F2000
G1 B90.0 F1000
G1 X-12.093 Y-11.716 Z-144.251 F2000
G1 X-12.093 Y-11.716 Z-124.099 F2000
G1 X-19.275133243394247 Y-18.674229808947903 Z-124.099 F5000
M01
G1 X-121.27852884953235 Y-77.56070022026069 Z-708.513 F5000
M00
G1 B90.0 F1000
G1 X-112.854 Y-72.173 Z-708.513 F2000
G1 B125.26438968275463 F1000
G1 X-112.854 Y-72.173 Z-688.361 F2000
G1 B90.0 F1000
G1 X-133.006 Y-92.325 Z-668.209 F2000
G1 B90.0 F1000
G1 X-153.159 Y-92.325 Z-648.056 F2000
G1 B125.26438968275461 F1000
G1 X-153.159 Y-92.325 Z-627.904 F2000
G1 B90.0 F1000
G1 X-173.311 Y-112.477 Z-607.752 F2000
G1 B90.0 F1000
G1 X-193.463 Y-112.477 Z-587.6 F2000
G1 B125.26371954138452 F1000
G1 X-193.463 Y-112.477 Z-567.448 F2000
G1 B90.0 F1000
G1 X-213.615 Y-132.629 Z-547.295 F2000
G1 B90.0 F1000
G1 X-213.615 Y-132.629 Z-527.143 F2000
G1 B90.0 F1000
G1 X-233.767 Y-132.629 Z-506.991 F2000
G1 B90.0 F1000
G1 X-233.767 Y-132.629 Z-486.839 F2000
G1 B90.0 F1000
G1 X-233.767 Y-132.629 Z-466.687 F2000
G1 B90.0 F1000
G1 X-233.767 Y-132.629 Z-446.534 F2000
G1 B90.0 F1000
G1 X-233.767 Y-132.629 Z-426.382 F2000
G1 B90.0 F1000
G1 X-213.615 Y-132.629 Z-406.23 F2000
G1 B90.0 F1000
G1 X-213.615 Y-132.629 Z-386.078 F2000
G1 B54.73561031724537 F1000
G1 X-213.615 Y-132.629 Z-365.925 F2000
G1 B90.0 F1000
G1 X-193.463 Y-112.477 Z-345.773 F2000
G1 B90.0 F1000
G1 X-193.463 Y-112.477 Z-325.621 F2000
G1 B54.735610317245346 F1000
G1 X-173.311 Y-112.477 Z-305.469 F2000
G1 B90.0 F1000
G1 X-153.159 Y-92.325 Z-285.317 F2000
G1 B90.0 F1000
G1 X-153.159 Y-92.325 Z-265.164 F2000
G1 B90.0 F1000
G1 X-153.159 Y-92.325 Z-245.012 F2000
G1 B54.73561031724535 F1000
G1 X-133.006 Y-92.325 Z-224.86 F2000
G1 B65.9051574478893 F1000
G1 X-112.854 Y-72.173 Z-204.708 F2000
G1 B57.688338324766164 F1000
G1 X-72.55 Y-52.021 Z-184.556 F2000
G1 B90.0 F1000
G1 X-12.093 Y-11.716 Z-164.403 F2000
G1 B90.0 F1000
G1 X-12.093 Y-11.716 Z-144.251 F2000
G1 X-12.093 Y-11.716 Z-124.099 F2000
G1 X-19.275133243394247 Y-18.674229808947903 Z-124.099 F5000
M01
G1 X-59.49455132422167 Y-59.06649212636618 Z-708.513 F5000
M00
G1 B114.09484255211069 F1000
G1 X-52.398 Y-52.021 Z-708.513 F2000
G1 B125.26438968275463 F1000
G1 X-92.702 Y-72.173 Z-688.361 F2000
G1 B125.26371954138462 F1000
G1 X-112.854 Y-92.325 Z-668.209 F2000
G1 B125.26371954138452 F1000
G1 X-133.006 Y-112.477 Z-648.056 F2000
G1 B90.0 F1000
G1 X-153.159 Y-132.629 Z-627.904 F2000
G1 B90.0 F1000
G1 X-153.159 Y-132.629 Z-607.752 F2000
G1 B90.0 F1000
G1 X-173.311 Y-132.629 Z-587.6 F2000
G1 B125.26505979641409 F1000
G1 X-173.311 Y-132.629 Z-567.448 F2000
G1 B90.0 F1000
G1 X-193.463 Y-152.782 Z-547.295 F2000
G1 B90.0 F1000
G1 X-193.463 Y-152.782 Z-527.143 F2000
G1 B90.0 F1000
G1 X-193.463 Y-152.782 Z-506.991 F2000
G1 B90.0 F1000
G1 X-193.463 Y-152.782 Z-486.839 F2000
G1 B90.0 F1000
G1 X-193.463 Y-152.782 Z-466.687 F2000
G1 B90.0 F1000
G1 X-193.463 Y-152.782 Z-446.534 F2000
G1 B90.0 F1000
G1 X-193.463 Y-152.782 Z-426.382 F2000
G1 B90.0 F1000
G1 X-193.463 Y-152.782 Z-406.23 F2000
G1 B90.0 F1000
G1 X-193.463 Y-152.782 Z-386.078 F2000
G1 B54.73427005113155 F1000
G1 X-193.463 Y-152.782 Z-365.925 F2000
G1 B90.0 F1000
G1 X-173.311 Y-132.629 Z-345.773 F2000
G1 B90.0 F1000
G1 X-153.159 Y-132.629 Z-325.621 F2000
G1 B90.0 F1000
G1 X-153.159 Y-132.629 Z-305.469 F2000
G1 B54.736950561190575 F1000
G1 X-153.159 Y-132.629 Z-285.317 F2000
G1 B90.0 F1000
G1 X-133.006 Y-112.477 Z-265.164 F2000
G1 B54.735610317245346 F1000
G1 X-133.006 Y-112.477 Z-245.012 F2000
G1 B54.73561031724535 F1000
G1 X-112.854 Y-92.325 Z-224.86 F2000
G1 B53.959973961462225 F1000
G1 X-92.702 Y-72.173 Z-204.708 F2000
G1 B90.0 F1000
G1 X-12.093 Y-11.716 Z-184.556 F2000
G1 B90.0 F1000
G1 X-12.093 Y-11.716 Z-164.403 F2000
G1 B90.0 F1000
G1 X-12.093 Y-11.716 Z-144.251 F2000
G1 X-12.093 Y-11.716 Z-124.099 F2000
G1 X-19.275133243394247 Y-18.674229808947903 Z-124.099 F5000
M01
G1 X-39.3575244420028 Y-38.89736668995953 Z-708.513 F5000
M00
G1 B133.49156666466737 F1000
G1 X-32.245 Y-31.868 Z-708.513 F2000
G1 B90.0 F1000
G1 X-92.702 Y-92.325 Z-688.361 F2000
G1 B125.26371954138462 F1000
G1 X-92.702 Y-92.325 Z-668.209 F2000
G1 B125.26438968275461 F1000
G1 X-112.854 Y-112.477 Z-648.056 F2000
G1 B90.0 F1000
G1 X-133.006 Y-132.629 Z-627.904 F2000
G1 B125.26505979641418 F1000
G1 X-133.006 Y-132.629 Z-607.752 F2000
G1 B90.0 F1000
G1 X-153.159 Y-152.782 Z-587.6 F2000
G1 B90.0 F1000
G1 X-153.159 Y-152.782 Z-567.448 F2000
G1 B90.0 F1000
G1 X-153.159 Y-152.782 Z-547.295 F2000
G1 B125.26438968275461 F1000
G1 X-153.159 Y-152.782 Z-527.143 F2000
G1 B90.0 F1000
G1 X-173.311 Y-172.934 Z-506.991 F2000
G1 B90.0 F1000
G1 X-173.311 Y-172.934 Z-486.839 F2000
G1 B90.0 F1000
G1 X-173.311 Y-172.934 Z-466.687 F2000
G1 B90.0 F1000
G1 X-173.311 Y-172.934 Z-446.534 F2000
G1 B90.0 F1000
G1 X-173.311 Y-172.934 Z-426.382 F2000
G1 B54.7356103172454 F1000
G1 X-173.311 Y-172.934 Z-406.23 F2000
G1 B90.0 F1000
G1 X-153.159 Y-152.782 Z-386.078 F2000
G1 B90.0 F1000
G1 X-153.159 Y-152.782 Z-365.925 F2000
G1 B54.73494020358592 F1000
G1 X-153.159 Y-152.782 Z-345.773 F2000
G1 B90.0 F1000
G1 X-133.006 Y-132.629 Z-325.621 F2000
G1 B90.0 F1000
G1 X-133.006 Y-132.629 Z-305.469 F2000
G1 B54.73628045861549 F1000
G1 X-133.006 Y-132.629 Z-285.317 F2000
G1 B90.0 F1000
G1 X-112.854 Y-112.477 Z-265.164 F2000
G1 B54.735610317245346 F1000
G1 X-112.854 Y-112.477 Z-245.012 F2000
G1 B90.0 F1000
G1 X-92.702 Y-92.325 Z-224.86 F2000
G1 B45.868229892201924 F1000
G1 X-92.702 Y-92.325 Z-204.708 F2000
G1 B90.0 F1000
G1 X-12.093 Y-11.716 Z-184.556 F2000
G1 B90.0 F1000
G1 X-12.093 Y-11.716 Z-164.403 F2000
G1 B90.0 F1000
G1 X-12.093 Y-11.716 Z-144.251 F2000
G1 X-12.093 Y-11.716 Z-124.099 F2000
G1 X-19.275133243394247 Y-18.674229808947903 Z-124.099 F5000
M01
G1 X-78.72868565939078 Y-100.18781396972093 Z-708.513 F5000
M00
G1 B90.0 F1000
G1 X-72.55 Y-92.325 Z-708.513 F2000
G1 B125.26438968275463 F1000
G1 X-72.55 Y-92.325 Z-688.361 F2000
G1 B143.30095643568512 F1000
G1 X-92.702 Y-112.477 Z-668.209 F2000
G1 B90.0 F1000
G1 X-133.006 Y-172.934 Z-648.056 F2000
G1 B125.26371954138455 F1000
G1 X-133.006 Y-172.934 Z-627.904 F2000
G1 B90.0 F1000
G1 X-153.159 Y-193.086 Z-607.752 F2000
G1 B90.0 F1000
G1 X-153.159 Y-193.086 Z-587.6 F2000
G1 B144.7349401703328 F1000
G1 X-153.159 Y-193.086 Z-567.448 F2000
G1 B90.0 F1000
G1 X-173.311 Y-233.39 Z-547.295 F2000
G1 B90.0 F1000
G1 X-173.311 Y-233.39 Z-527.143 F2000
G1 B90.0 F1000
G1 X-173.311 Y-233.39 Z-506.991 F2000
G1 B90.0 F1000
G1 X-173.311 Y-233.39 Z-486.839 F2000
G1 B90.0 F1000
G1 X-173.311 Y-233.39 Z-466.687 F2000
G1 B90.0 F1000
G1 X-173.311 Y-233.39 Z-446.534 F2000
G1 B90.0 F1000
G1 X-173.311 Y-233.39 Z-426.382 F2000
G1 B90.0 F1000
G1 X-173.311 Y-233.39 Z-406.23 F2000
G1 B35.26505982966718 F1000
G1 X-173.311 Y-233.39 Z-386.078 F2000
G1 B90.0 F1000
G1 X-153.159 Y-193.086 Z-365.925 F2000
G1 B90.0 F1000
G1 X-153.159 Y-193.086 Z-345.773 F2000
G1 B90.0 F1000
G1 X-153.159 Y-193.086 Z-325.621 F2000
G1 B90.0 F1000
G1 X-153.159 Y-193.086 Z-305.469 F2000
G1 B54.73695056119054 F1000
G1 X-153.159 Y-193.086 Z-285.317 F2000
G1 B90.0 F1000
G1 X-133.006 Y-172.934 Z-265.164 F2000
G1 B36.69877109492258 F1000
G1 X-133.006 Y-172.934 Z-245.012 F2000
G1 B54.73561031724535 F1000
G1 X-92.702 Y-112.477 Z-224.86 F2000
G1 B38.328887261853026 F1000
G1 X-72.55 Y-92.325 Z-204.708 F2000
G1 B90.0 F1000
G1 X-12.093 Y-11.716 Z-184.556 F2000
G1 B90.0 F1000
G1 X-12.093 Y-11.716 Z-164.403 F2000
G1 B90.0 F1000
G1 X-12.093 Y-11.716 Z-144.251 F2000
G1 X-12.093 Y-11.716 Z-124.099 F2000
G1 X-19.275133243394247 Y-18.674229808947903 Z-124.099 F5000
M01
G1 X-58.27300819521668 Y-80.26523570505313 Z-708.513 F5000
M00
G1 B150.79437049000313 F1000
G1 X-52.398 Y-72.173 Z-708.513 F2000
G1 B90.0 F1000
G1 X-92.702 Y-152.782 Z-688.361 F2000
G1 B144.7349401703329 F1000
G1 X-92.702 Y-152.782 Z-668.209 F2000
G1 B90.0 F1000
G1 X-112.854 Y-193.086 Z-648.056 F2000
G1 B90.0 F1000
G1 X-112.854 Y-193.086 Z-627.904 F2000
G1 B144.73561031724537 F1000
G1 X-112.854 Y-193.086 Z-607.752 F2000
G1 B90.0 F1000
G1 X-133.006 Y-233.39 Z-587.6 F2000
G1 B90.0 F1000
G1 X-133.006 Y-233.39 Z-567.448 F2000
G1 B90.0 F1000
G1 X-133.006 Y-233.39 Z-547.295 F2000
G1 B144.73561030893214 F1000
G1 X-133.006 Y-233.39 Z-527.143 F2000
G1 B90.0 F1000
G1 X-153.159 Y-273.695 Z-506.991 F2000
G1 B90.0 F1000
G1 X-153.159 Y-273.695 Z-486.839 F2000
G1 B90.0 F1000
G1 X-153.159 Y-273.695 Z-466.687 F2000
G1 B90.0 F1000
G1 X-153.159 Y-273.695 Z-446.534 F2000
G1 B35.264389691067834 F1000
G1 X-153.159 Y-273.695 Z-426.382 F2000
G1 B90.0 F1000
G1 X-133.006 Y-233.39 Z-406.23 F2000
G1 B90.0 F1000
G1 X-133.006 Y-233.39 Z-386.078 F2000
G1 B90.0 F1000
G1 X-133.006 Y-233.39 Z-365.925 F2000
G1 B90.0 F1000
G1 X-133.006 Y-233.39 Z-345.773 F2000
G1 B35.26438968275466 F1000
G1 X-133.006 Y-233.39 Z-325.621 F2000
G1 B90.0 F1000
G1 X-112.854 Y-193.086 Z-305.469 F2000
G1 B90.0 F1000
G1 X-112.854 Y-193.086 Z-285.317 F2000
G1 B90.0 F1000
G1 X-112.854 Y-193.086 Z-265.164 F2000
G1 B35.26438968275465 F1000
G1 X-112.854 Y-193.086 Z-245.012 F2000
G1 B90.0 F1000
G1 X-92.702 Y-152.782 Z-224.86 F2000
G1 B29.205629509996843 F1000
G1 X-92.702 Y-152.782 Z-204.708 F2000
G1 B36.699588482432844 F1000
G1 X-52.398 Y-72.173 Z-184.556 F2000
G1 B90.0 F1000
G1 X-12.093 Y-11.716 Z-164.403 F2000
G1 B90.0 F1000
G1 X-12.093 Y-11.716 Z-144.251 F2000
G1 X-12.093 Y-11.716 Z-124.099 F2000
G1 X-19.275133243394247 Y-18.674229808947903 Z-124.099 F5000
M01
G1 X-56.62081379148352 Y-121.54164801757112 Z-708.513 F5000
M00
G1 B154.76096370754237 F1000
G1 X-52.398 Y-112.477 Z-708.513 F2000
G1 B90.0 F1000
G1 X-72.55 Y-172.934 Z-688.361 F2000
G1 B90.0 F1000
G1 X-72.55 Y-172.934 Z-668.209 F2000
G1 B144.73561031724532 F1000
G1 X-72.55 Y-172.934 Z-648.056 F2000
G1 B134.99999999999991 F1000
G1 X-92.702 Y-213.238 Z-627.904 F2000
G1 B135.0014215551298 F1000
G1 X-92.702 Y-233.39 Z-607.752 F2000
G1 B90.0 F1000
G1 X-92.702 Y-253.543 Z-587.6 F2000
G1 B125.26371954138452 F1000
G1 X-92.702 Y-253.543 Z-567.448 F2000
G1 B90.0 F1000
G1 X-112.854 Y-273.695 Z-547.295 F2000
G1 B90.0 F1000
G1 X-112.854 Y-273.695 Z-527.143 F2000
G1 B90.0 F1000
G1 X-112.854 Y-273.695 Z-506.991 F2000
G1 B90.0 F1000
G1 X-112.854 Y-273.695 Z-486.839 F2000
G1 B90.0 F1000
G1 X-112.854 Y-273.695 Z-466.687 F2000
G1 B90.0 F1000
G1 X-112.854 Y-273.695 Z-446.534 F2000
G1 B90.0 F1000
G1 X-112.854 Y-273.695 Z-426.382 F2000
G1 B90.0 F1000
G1 X-112.854 Y-273.695 Z-406.23 F2000
G1 B54.73628045861545 F1000
G1 X-112.854 Y-273.695 Z-386.078 F2000
G1 B90.0 F1000
G1 X-92.702 Y-253.543 Z-365.925 F2000
G1 B90.0 F1000
G1 X-92.702 Y-253.543 Z-345.773 F2000
G1 B44.99857844487028 F1000
G1 X-92.702 Y-253.543 Z-325.621 F2000
G1 B45.0 F1000
G1 X-92.702 Y-233.39 Z-305.469 F2000
G1 B90.0 F1000
G1 X-92.702 Y-213.238 Z-285.317 F2000
G1 B35.26438968275465 F1000
G1 X-92.702 Y-213.238 Z-265.164 F2000
G1 B90.0 F1000
G1 X-72.55 Y-172.934 Z-245.012 F2000
G1 B90.0 F1000
G1 X-72.55 Y-172.934 Z-224.86 F2000
G1 B25.239036292457623 F1000
G1 X-72.55 Y-172.934 Z-204.708 F2000
G1 B24.09526638392343 F1000
G1 X-52.398 Y-112.477 Z-184.556 F2000
G1 B90.0 F1000
G1 X-12.093 Y-11.716 Z-164.403 F2000
G1 B90.0 F1000
G1 X-12.093 Y-11.716 Z-144.251 F2000
G1 X-12.093 Y-11.716 Z-124.099 F2000
G1 X-19.275133243394247 Y-18.674229808947903 Z-124.099 F5000
M01
G1 X-34.60740155498516 Y-142.3459469944527 Z-708.513 F5000
M00
G1 B90.0 F1000
G1 X-32.245 Y-132.629 Z-708.513 F2000
G1 B154.76041540923313 F1000
G1 X-32.245 Y-132.629 Z-688.361 F2000
G1 B90.0 F1000
G1 X-52.398 Y-193.086 Z-668.209 F2000
G1 B90.0 F1000
G1 X-52.398 Y-193.086 Z-648.056 F2000
G1 B134.99999999999991 F1000
G1 X-52.398 Y-193.086 Z-627.904 F2000
G1 B90.0 F1000
G1 X-52.398 Y-213.238 Z-607.752 F2000
G1 B154.76096370754237 F1000
G1 X-52.398 Y-213.238 Z-587.6 F2000
G1 B90.0 F1000
G1 X-72.55 Y-273.695 Z-567.448 F2000
G1 B135.0000000000001 F1000
G1 X-72.55 Y-273.695 Z-547.295 F2000
G1 B90.0 F1000
G1 X-72.55 Y-293.847 Z-527.143 F2000
G1 B90.0 F1000
G1 X-72.55 Y-293.847 Z-506.991 F2000
G1 B90.0 F1000
G1 X-72.55 Y-293.847 Z-486.839 F2000
G1 B90.0 F1000
G1 X-72.55 Y-293.847 Z-466.687 F2000
G1 B90.0 F1000
G1 X-72.55 Y-293.847 Z-446.534 F2000
G1 B90.0 F1000
G1 X-72.55 Y-293.847 Z-426.382 F2000
G1 B45.00000000000008 F1000
G1 X-72.55 Y-293.847 Z-406.23 F2000
G1 B90.0 F1000
G1 X-72.55 Y-273.695 Z-386.078 F2000
G1 B35.26371954969766 F1000
G1 X-72.55 Y-273.695 Z-365.925 F2000
G1 B45.00000000000008 F1000
G1 X-52.398 Y-233.39 Z-345.773 F2000
G1 B90.0 F1000
G1 X-52.398 Y-213.238 Z-325.621 F2000
G1 B45.0 F1000
G1 X-52.398 Y-213.238 Z-305.469 F2000
G1 B90.0 F1000
G1 X-52.398 Y-193.086 Z-285.317 F2000
G1 B90.0 F1000
G1 X-52.398 Y-193.086 Z-265.164 F2000
G1 B90.0 F1000
G1 X-52.398 Y-193.086 Z-245.012 F2000
G1 B25.239584590766864 F1000
G1 X-52.398 Y-193.086 Z-224.86 F2000
G1 B45.0 F1000
G1 X-32.245 Y-132.629 Z-204.708 F2000
G1 B15.793392431799736 F1000
G1 X-32.245 Y-112.477 Z-184.556 F2000
G1 B90.0 F1000
G1 X-12.093 Y-11.716 Z-164.403 F2000
G1 B90.0 F1000
G1 X-12.093 Y-11.716 Z-144.251 F2000
G1 X-12.093 Y-11.716 Z-124.099 F2000
G1 X-19.275133243394247 Y-18.674229808947903 Z-124.099 F5000
M01
G1 X-13.001024856287028 Y-142.58768921396612 Z-708.513 F5000
M00
G1 B135.00142155512964 F1000
G1 X-12.093 Y-132.629 Z-708.513 F2000
G1 B134.99999999999991 F1000
G1 X-12.093 Y-152.782 Z-688.361 F2000
G1 B90.0 F1000
G1 X-12.093 Y-172.934 Z-668.209 F2000
G1 B134.99999999999997 F1000
G1 X-12.093 Y-172.934 Z-648.056 F2000
G1 B134.99999999999991 F1000
G1 X-12.093 Y-193.086 Z-627.904 F2000
G1 B90.0 F1000
G1 X-12.093 Y-213.238 Z-607.752 F2000
G1 B134.99999999999991 F1000
G1 X-12.093 Y-213.238 Z-587.6 F2000
G1 B135.0 F1000
G1 X-12.093 Y-233.39 Z-567.448 F2000
G1 B90.0 F1000
G1 X-12.093 Y-253.543 Z-547.295 F2000
G1 B90.0 F1000
G1 X-12.093 Y-253.543 Z-527.143 F2000
G1 B90.0 F1000
G1 X-12.093 Y-253.543 Z-506.991 F2000
G1 B4.763582867020562 F1000
G1 X-12.093 Y-253.543 Z-486.839 F2000
G1 B90.0 F1000
G1 X-12.093 Y-11.716 Z-466.687 F2000
G1 B90.0 F1000
G1 X-12.093 Y-11.716 Z-446.534 F2000
G1 B175.23641713297945 F1000
G1 X-12.093 Y-11.716 Z-426.382 F2000
G1 B90.0 F1000
G1 X-12.093 Y-253.543 Z-406.23 F2000
G1 B44.999999999999915 F1000
G1 X-12.093 Y-253.543 Z-386.078 F2000
G1 B90.0 F1000
G1 X-12.093 Y-233.39 Z-365.925 F2000
G1 B45.00000000000008 F1000
G1 X-12.093 Y-233.39 Z-345.773 F2000
G1 B90.0 F1000
G1 X-12.093 Y-213.238 Z-325.621 F2000
G1 B45.0 F1000
G1 X-12.093 Y-213.238 Z-305.469 F2000
G1 B90.0 F1000
G1 X-12.093 Y-193.086 Z-285.317 F2000
G1 B44.999999999999964 F1000
G1 X-12.093 Y-193.086 Z-265.164 F2000
G1 B90.0 F1000
G1 X-12.093 Y-172.934 Z-245.012 F2000
G1 B45.00000000000004 F1000
G1 X-12.093 Y-172.934 Z-224.86 F2000
G1 B26.564482552204392 F1000
G1 X-12.093 Y-152.782 Z-204.708 F2000
G1 B11.31036988144226 F1000
G1 X-12.093 Y-112.477 Z-184.556 F2000
G1 B90.0 F1000
G1 X-12.093 Y-11.716 Z-164.403 F2000
G1 B90.0 F1000
G1 X-12.093 Y-11.716 Z-144.251 F2000
G1 X-12.093 Y-11.716 Z-124.099 F2000
G1 X-19.275133243394247 Y-18.674229808947903 Z-124.099 F5000
M01
G1 X-13.161992363721541 Y-122.41969859375737 Z-708.513 F5000
M00
G1 B144.7362804503023 F1000
G1 X-12.093 Y-112.477 Z-708.513 F2000
G1 B134.99999999999991 F1000
G1 X8.059 Y-152.782 Z-688.361 F2000
G1 B90.0 F1000
G1 X8.059 Y-172.934 Z-668.209 F2000
G1 B134.99999999999997 F1000
G1 X8.059 Y-172.934 Z-648.056 F2000
G1 B161.56533549092558 F1000
G1 X8.059 Y-193.086 Z-627.904 F2000
G1 B90.0 F1000
G1 X8.059 Y-253.543 Z-607.752 F2000
G1 B90.0 F1000
G1 X8.059 Y-253.543 Z-587.6 F2000
G1 B90.0 F1000
G1 X8.059 Y-253.543 Z-567.448 F2000
G1 B90.0 F1000
G1 X8.059 Y-253.543 Z-547.295 F2000
G1 B90.0 F1000
G1 X8.059 Y-253.543 Z-527.143 F2000
G1 B90.0 F1000
G1 X8.059 Y-253.543 Z-506.991 F2000
G1 B6.721286719869751 F1000
G1 X8.059 Y-253.543 Z-486.839 F2000
G1 B90.0 F1000
G1 X-12.093 Y-11.716 Z-466.687 F2000
G1 B90.0 F1000
G1 X-12.093 Y-11.716 Z-446.534 F2000
G1 B173.27871328013026 F1000
G1 X-12.093 Y-11.716 Z-426.382 F2000
G1 B90.0 F1000
G1 X8.059 Y-253.543 Z-406.23 F2000
G1 B90.0 F1000
G1 X8.059 Y-253.543 Z-386.078 F2000
G1 B90.0 F1000
G1 X8.059 Y-253.543 Z-365.925 F2000
G1 B90.0 F1000
G1 X8.059 Y-253.543 Z-345.773 F2000
G1 B90.0 F1000
G1 X8.059 Y-253.543 Z-325.621 F2000
G1 B18.434664509074388 F1000
G1 X8.059 Y-253.543 Z-305.469 F2000
G1 B90.0 F1000
G1 X8.059 Y-193.086 Z-285.317 F2000
G1 B44.999999999999964 F1000
G1 X8.059 Y-193.086 Z-265.164 F2000
G1 B45.0 F1000
G1 X8.059 Y-172.934 Z-245.012 F2000
G1 B90.0 F1000
G1 X8.059 Y-152.782 Z-224.86 F2000
G1 B25.239036292457623 F1000
G1 X8.059 Y-152.782 Z-204.708 F2000
G1 B14.036745198392252 F1000
G1 X-12.093 Y-92.325 Z-184.556 F2000
G1 B90.0 F1000
G1 X-12.093 Y-11.716 Z-164.403 F2000
G1 B90.0 F1000
G1 X-12.093 Y-11.716 Z-144.251 F2000
G1 X-12.093 Y-11.716 Z-124.099 F2000
G1 X-19.275133243394247 Y-18.674229808947903 Z-124.099 F5000
M01
G1 X8.66551617284794 Y-142.61058996012528 Z-708.513 F5000
M00
G1 B125.26572994886841 F1000
G1 X8.059 Y-132.629 Z-708.513 F2000
G1 B90.0 F1000
G1 X28.211 Y-152.782 Z-688.361 F2000
G1 B134.99857844487045 F1000
G1 X28.211 Y-152.782 Z-668.209 F2000
G1 B134.99999999999997 F1000
G1 X28.211 Y-172.934 Z-648.056 F2000
G1 B90.0 F1000
G1 X28.211 Y-193.086 Z-627.904 F2000
G1 B125.2637195413846 F1000
G1 X28.211 Y-193.086 Z-607.752 F2000
G1 B90.0 F1000
G1 X48.364 Y-213.238 Z-587.6 F2000
G1 B134.99857844487028 F1000
G1 X48.364 Y-213.238 Z-567.448 F2000
G1 B90.0 F1000
G1 X48.364 Y-233.39 Z-547.295 F2000
G1 B90.0 F1000
G1 X48.364 Y-233.39 Z-527.143 F2000
G1 B90.0 F1000
G1 X48.364 Y-233.39 Z-506.991 F2000
G1 B90.0 F1000
G1 X48.364 Y-233.39 Z-486.839 F2000
G1 B135.0 F1000
G1 X48.364 Y-233.39 Z-466.687 F2000
G1 B44.99857844487028 F1000
G1 X48.364 Y-253.543 Z-446.534 F2000
G1 B90.0 F1000
G1 X48.364 Y-233.39 Z-426.382 F2000
G1 B90.0 F1000
G1 X48.364 Y-233.39 Z-406.23 F2000
G1 B45.00142155512964 F1000
G1 X48.364 Y-233.39 Z-386.078 F2000
G1 B90.0 F1000
G1 X48.364 Y-213.238 Z-365.925 F2000
G1 B90.0 F1000
G1 X48.364 Y-213.238 Z-345.773 F2000
G1 B54.73628045861547 F1000
G1 X48.364 Y-213.238 Z-325.621 F2000
G1 B90.0 F1000
G1 X28.211 Y-193.086 Z-305.469 F2000
G1 B45.001421555129674 F1000
G1 X28.211 Y-193.086 Z-285.317 F2000
G1 B90.0 F1000
G1 X28.211 Y-172.934 Z-265.164 F2000
G1 B45.0 F1000
G1 X28.211 Y-172.934 Z-245.012 F2000
G1 B54.73427005113157 F1000
G1 X28.211 Y-152.782 Z-224.86 F2000
G1 B26.56505117707798 F1000
G1 X8.059 Y-132.629 Z-204.708 F2000
G1 B19.471444018334374 F1000
G1 X8.059 Y-92.325 Z-184.556 F2000
G1 B90.0 F1000
G1 X-12.093 Y-11.716 Z-164.403 F2000
G1 B90.0 F1000
G1 X-12.093 Y-11.716 Z-144.251 F2000
G1 X-12.093 Y-11.716 Z-124.099 F2000
G1 X-19.275133243394247 Y-18.674229808947903 Z-124.099 F5000
M01
G1 X51.78989228807805 Y-142.02385295417054 Z-708.513 F5000
M00
G1 B144.7362804503023 F1000
G1 X48.364 Y-132.629 Z-708.513 F2000
G1 B90.0 F1000
G1 X68.516 Y-172.934 Z-688.361 F2000
G1 B90.0 F1000
G1 X68.516 Y-172.934 Z-668.209 F2000
G1 B144.73561031724532 F1000
G1 X68.516 Y-172.934 Z-648.056 F2000
G1 B90.0 F1000
G1 X88.668 Y-213.238 Z-627.904 F2000
G1 B90.0 F1000
G1 X88.668 Y-213.238 Z-607.752 F2000
G1 B90.0 F1000
G1 X88.668 Y-213.238 Z-587.6 F2000
G1 B144.73561030893217 F1000
G1 X88.668 Y-213.238 Z-567.448 F2000
G1 B90.0 F1000
G1 X108.82 Y-253.543 Z-547.295 F2000
G1 B90.0 F1000
G1 X108.82 Y-253.543 Z-527.143 F2000
G1 B90.0 F1000
G1 X108.82 Y-253.543 Z-506.991 F2000
G1 B90.0 F1000
G1 X108.82 Y-253.543 Z-486.839 F2000
G1 B90.0 F1000
G1 X108.82 Y-253.543 Z-466.687 F2000
G1 B90.0 F1000
G1 X108.82 Y-253.543 Z-446.534 F2000
G1 B90.0 F1000
G1 X108.82 Y-253.543 Z-426.382 F2000
G1 B90.0 F1000
G1 X108.82 Y-253.543 Z-406.23 F2000
G1 B90.0 F1000
G1 X108.82 Y-253.543 Z-386.078 F2000
G1 B35.263719549697655 F1000
G1 X108.82 Y-253.543 Z-365.925 F2000
G1 B90.0 F1000
G1 X88.668 Y-213.238 Z-345.773 F2000
G1 B90.0 F1000
G1 X88.668 Y-213.238 Z-325.621 F2000
G1 B90.0 F1000
G1 X88.668 Y-213.238 Z-305.469 F2000
G1 B90.0 F1000
G1 X88.668 Y-213.238 Z-285.317 F2000
G1 B35.26438968275465 F1000
G1 X88.668 Y-213.238 Z-265.164 F2000
G1 B90.0 F1000
G1 X68.516 Y-172.934 Z-245.012 F2000
G1 B90.0 F1000
G1 X68.516 Y-172.934 Z-224.86 F2000
G1 B35.263719549697676 F1000
G1 X68.516 Y-172.934 Z-204.708 F2000
G1 B27.791579279903953 F1000
G1 X48.364 Y-132.629 Z-184.556 F2000
G1 B90.0 F1000
G1 X-12.093 Y-11.716 Z-164.403 F2000
G1 B90.0 F1000
G1 X-12.093 Y-11.716 Z-144.251 F2000
G1 X-12.093 Y-11.716 Z-124.099 F2000
G1 X-19.275133243394247 Y-18.674229808947903 Z-124.099 F5000
M01
G1 X93.68748679775551 Y-161.4309740598038 Z-708.513 F5000
M00
G1 B90.0 F1000
G1 X88.668 Y-152.782 Z-708.513 F2000
G1 B90.0 F1000
G1 X88.668 Y-152.782 Z-688.361 F2000
G1 B90.0 F1000
G1 X88.668 Y-152.782 Z-668.209 F2000
G1 B90.0 F1000
G1 X88.668 Y-152.782 Z-648.056 F2000
G1 B143.3007747995101 F1000
G1 X88.668 Y-152.782 Z-627.904 F2000
G1 B90.0 F1000
G1 X128.972 Y-213.238 Z-607.752 F2000
G1 B90.0 F1000
G1 X128.972 Y-213.238 Z-587.6 F2000
G1 B90.0 F1000
G1 X128.972 Y-213.238 Z-567.448 F2000
G1 B90.0 F1000
G1 X128.972 Y-213.238 Z-547.295 F2000
G1 B90.0 F1000
G1 X128.972 Y-213.238 Z-527.143 F2000
G1 B90.0 F1000
G1 X128.972 Y-213.238 Z-506.991 F2000
G1 B90.0 F1000
G1 X128.972 Y-213.238 Z-486.839 F2000
G1 B90.0 F1000
G1 X128.972 Y-213.238 Z-466.687 F2000
G1 B90.0 F1000
G1 X128.972 Y-213.238 Z-446.534 F2000
G1 B90.0 F1000
G1 X128.972 Y-213.238 Z-426.382 F2000
G1 B90.0 F1000
G1 X128.972 Y-213.238 Z-406.23 F2000
G1 B90.0 F1000
G1 X128.972 Y-213.238 Z-386.078 F2000
G1 B90.0 F1000
G1 X128.972 Y-213.238 Z-365.925 F2000
G1 B90.0 F1000
G1 X128.972 Y-213.238 Z-345.773 F2000
G1 B90.0 F1000
G1 X128.972 Y-213.238 Z-325.621 F2000
G1 B90.0 F1000
G1 X128.972 Y-213.238 Z-305.469 F2000
G1 B36.6994976711699 F1000
G1 X128.972 Y-213.238 Z-285.317 F2000
G1 B90.0 F1000
G1 X88.668 Y-152.782 Z-265.164 F2000
G1 B90.0 F1000
G1 X88.668 Y-152.782 Z-245.012 F2000
G1 B90.0 F1000
G1 X88.668 Y-152.782 Z-224.86 F2000
G1 B48.18897871806157 F1000
G1 X88.668 Y-152.782 Z-204.708 F2000
G1 B32.31179011905305 F1000
G1 X48.364 Y-112.477 Z-184.556 F2000
G1 B90.0 F1000
G1 X-12.093 Y-11.716 Z-164.403 F2000
G1 B90.0 F1000
G1 X-12.093 Y-11.716 Z-144.251 F2000
G1 X-12.093 Y-11.716 Z-124.099 F2000
G1 X-19.275133243394247 Y-18.674229808947903 Z-124.099 F5000
M01
G1 X74.47541201149923 Y-100.3552807221914 Z-708.513 F5000
M00
G1 B125.26438968275463 F1000
G1 X68.516 Y-92.325 Z-708.513 F2000
G1 B131.81102128193842 F1000
G1 X88.668 Y-112.477 Z-688.361 F2000
G1 B125.26304943880952 F1000
G1 X128.972 Y-152.782 Z-668.209 F2000
G1 B90.0 F1000
G1 X149.125 Y-172.934 Z-648.056 F2000
G1 B125.26438968275465 F1000
G1 X149.125 Y-172.934 Z-627.904 F2000
G1 B90.0 F1000
G1 X169.277 Y-193.086 Z-607.752 F2000
G1 B90.0 F1000
G1 X169.277 Y-193.086 Z-587.6 F2000
G1 B90.0 F1000
G1 X169.277 Y-193.086 Z-567.448 F2000
G1 B144.73561031724537 F1000
G1 X169.277 Y-193.086 Z-547.295 F2000
G1 B90.0 F1000
G1 X189.429 Y-233.39 Z-527.143 F2000
G1 B90.0 F1000
G1 X189.429 Y-233.39 Z-506.991 F2000
G1 B90.0 F1000
G1 X189.429 Y-233.39 Z-486.839 F2000
G1 B90.0 F1000
G1 X189.429 Y-233.39 Z-466.687 F2000
G1 B90.0 F1000
G1 X189.429 Y-233.39 Z-446.534 F2000
G1 B90.0 F1000
G1 X189.429 Y-233.39 Z-426.382 F2000
G1 B90.0 F1000
G1 X189.429 Y-233.39 Z-406.23 F2000
G1 B35.26505982966718 F1000
G1 X189.429 Y-233.39 Z-386.078 F2000
G1 B90.0 F1000
G1 X169.277 Y-193.086 Z-365.925 F2000
G1 B90.0 F1000
G1 X169.277 Y-193.086 Z-345.773 F2000
G1 B90.0 F1000
G1 X169.277 Y-193.086 Z-325.621 F2000
G1 B54.73561031724531 F1000
G1 X169.277 Y-193.086 Z-305.469 F2000
G1 B90.0 F1000
G1 X149.125 Y-172.934 Z-285.317 F2000
G1 B90.0 F1000
G1 X149.125 Y-172.934 Z-265.164 F2000
G1 B54.73628045861546 F1000
G1 X149.125 Y-172.934 Z-245.012 F2000
G1 B48.18897871806157 F1000
G1 X128.972 Y-152.782 Z-224.86 F2000
G1 B48.18968510422141 F1000
G1 X88.668 Y-112.477 Z-204.708 F2000
G1 B46.50857529592488 F1000
G1 X48.364 Y-72.173 Z-184.556 F2000
G1 B90.0 F1000
G1 X-12.093 Y-11.716 Z-164.403 F2000
G1 B90.0 F1000
G1 X-12.093 Y-11.716 Z-144.251 F2000
G1 X-12.093 Y-11.716 Z-124.099 F2000
G1 X-19.275133243394247 Y-18.674229808947903 Z-124.099 F5000
M01
G1 X115.77326691916474 Y-119.66393809287717 Z-708.513 F5000
M00
G1 B90.0 F1000
G1 X108.82 Y-112.477 Z-708.513 F2000
G1 B114.09441872170005 F1000
G1 X108.82 Y-112.477 Z-688.361 F2000
G1 B125.26505979641418 F1000
G1 X149.125 Y-132.629 Z-668.209 F2000
G1 B90.0 F1000
G1 X169.277 Y-152.782 Z-648.056 F2000
G1 B125.26438968275461 F1000
G1 X169.277 Y-152.782 Z-627.904 F2000
G1 B90.0 F1000
G1 X189.429 Y-172.934 Z-607.752 F2000
G1 B90.0 F1000
G1 X209.581 Y-172.934 Z-587.6 F2000
G1 B125.26371954138455 F1000
G1 X209.581 Y-172.934 Z-567.448 F2000
G1 B90.0 F1000
G1 X229.733 Y-193.086 Z-547.295 F2000
G1 B90.0 F1000
G1 X229.733 Y-193.086 Z-527.143 F2000
G1 B90.0 F1000
G1 X229.733 Y-193.086 Z-506.991 F2000
G1 B90.0 F1000
G1 X229.733 Y-193.086 Z-486.839 F2000
G1 B90.0 F1000
G1 X229.733 Y-193.086 Z-466.687 F2000
G1 B90.0 F1000
G1 X229.733 Y-193.086 Z-446.534 F2000
G1 B90.0 F1000
G1 X229.733 Y-193.086 Z-426.382 F2000
G1 B90.0 F1000
G1 X229.733 Y-193.086 Z-406.23 F2000
G1 B54.736280458615425 F1000
G1 X229.733 Y-193.086 Z-386.078 F2000
G1 B90.0 F1000
G1 X209.581 Y-172.934 Z-365.925 F2000
G1 B90.0 F1000
G1 X209.581 Y-172.934 Z-345.773 F2000
G1 B90.0 F1000
G1 X209.581 Y-172.934 Z-325.621 F2000
G1 B54.73561031724537 F1000
G1 X189.429 Y-172.934 Z-305.469 F2000
G1 B90.0 F1000
G1 X169.277 Y-152.782 Z-285.317 F2000
G1 B90.0 F1000
G1 X169.277 Y-152.782 Z-265.164 F2000
G1 B54.73427005113155 F1000
G1 X169.277 Y-152.782 Z-245.012 F2000
G1 B65.90558127829995 F1000
G1 X149.125 Y-132.629 Z-224.86 F2000
G1 B90.0 F1000
G1 X108.82 Y-112.477 Z-204.708 F2000
G1 B50.579953358932535 F1000
G1 X108.82 Y-112.477 Z-184.556 F2000
G1 B90.0 F1000
G1 X-12.093 Y-11.716 Z-164.403 F2000
G1 B90.0 F1000
G1 X-12.093 Y-11.716 Z-144.251 F2000
G1 X-12.093 Y-11.716 Z-124.099 F2000
G1 X-19.275133243394247 Y-18.674229808947903 Z-124.099 F5000
M01
G1 X96.42356127938358 Y-78.48578617107582 Z-708.513 F5000
M00
G1 B114.09484255211069 F1000
G1 X88.668 Y-72.173 Z-708.513 F2000
G1 B90.0 F1000
G1 X128.972 Y-92.325 Z-688.361 F2000
G1 B122.31101947616855 F1000
G1 X128.972 Y-92.325 Z-668.209 F2000
G1 B90.0 F1000
G1 X189.429 Y-132.629 Z-648.056 F2000
G1 B90.0 F1000
G1 X209.581 Y-132.629 Z-627.904 F2000
G1 B125.2657299488685 F1000
G1 X209.581 Y-132.629 Z-607.752 F2000
G1 B90.0 F1000
G1 X229.733 Y-152.782 Z-587.6 F2000
G1 B90.0 F1000
G1 X229.733 Y-152.782 Z-567.448 F2000
G1 B90.0 F1000
G1 X249.886 Y-152.782 Z-547.295 F2000
G1 B90.0 F1000
G1 X249.886 Y-152.782 Z-527.143 F2000
G1 B90.0 F1000
G1 X249.886 Y-152.782 Z-506.991 F2000
G1 B90.0 F1000
G1 X249.886 Y-152.782 Z-486.839 F2000
G1 B90.0 F1000
G1 X249.886 Y-152.782 Z-466.687 F2000
G1 B90.0 F1000
G1 X249.886 Y-152.782 Z-446.534 F2000
G1 B90.0 F1000
G1 X249.886 Y-152.782 Z-426.382 F2000
G1 B90.0 F1000
G1 X249.886 Y-152.782 Z-406.23 F2000
G1 B90.0 F1000
G1 X249.886 Y-152.782 Z-386.078 F2000
G1 B90.0 F1000
G1 X249.886 Y-152.782 Z-365.925 F2000
G1 B90.0 F1000
G1 X229.733 Y-152.782 Z-345.773 F2000
G1 B54.73427005113157 F1000
G1 X229.733 Y-152.782 Z-325.621 F2000
G1 B90.0 F1000
G1 X209.581 Y-132.629 Z-305.469 F2000
G1 B90.0 F1000
G1 X209.581 Y-132.629 Z-285.317 F2000
G1 B57.688852084246065 F1000
G1 X189.429 Y-132.629 Z-265.164 F2000
G1 B90.0 F1000
G1 X128.972 Y-92.325 Z-245.012 F2000
G1 B90.0 F1000
G1 X128.972 Y-92.325 Z-224.86 F2000
G1 B54.73561031724533 F1000
G1 X108.82 Y-92.325 Z-204.708 F2000
G1 B59.52951308640362 F1000
G1 X88.668 Y-72.173 Z-184.556 F2000
G1 B90.0 F1000
G1 X-12.093 Y-11.716 Z-164.403 F2000
G1 B90.0 F1000
G1 X-12.093 Y-11.716 Z-144.251 F2000
G1 X-12.093 Y-11.716 Z-124.099 F2000
G1 X-19.275133243394247 Y-18.674229808947903 Z-124.099 F5000
M01
G1 X137.69854008785288 Y-77.05639002078439 Z-708.513 F5000
M00
G1 B90.0 F1000
G1 X128.972 Y-72.173 Z-708.513 F2000
G1 B114.09484255211069 F1000
G1 X149.125 Y-72.173 Z-688.361 F2000
G1 B90.0 F1000
G1 X189.429 Y-92.325 Z-668.209 F2000
G1 B90.0 F1000
G1 X189.429 Y-92.325 Z-648.056 F2000
G1 B90.0 F1000
G1 X189.429 Y-92.325 Z-627.904 F2000
G1 B107.54815540980437 F1000
G1 X189.429 Y-92.325 Z-607.752 F2000
G1 B90.0 F1000
G1 X249.886 Y-112.477 Z-587.6 F2000
G1 B90.0 F1000
G1 X249.886 Y-112.477 Z-567.448 F2000
G1 B90.0 F1000
G1 X249.886 Y-112.477 Z-547.295 F2000
G1 B90.0 F1000
G1 X249.886 Y-112.477 Z-527.143 F2000
G1 B90.0 F1000
G1 X249.886 Y-112.477 Z-506.991 F2000
G1 B90.0 F1000
G1 X249.886 Y-112.477 Z-486.839 F2000
G1 B90.0 F1000
G1 X249.886 Y-112.477 Z-466.687 F2000
G1 B90.0 F1000
G1 X249.886 Y-112.477 Z-446.534 F2000
G1 B90.0 F1000
G1 X249.886 Y-112.477 Z-426.382 F2000
G1 B90.0 F1000
G1 X249.886 Y-112.477 Z-406.23 F2000
G1 B90.0 F1000
G1 X249.886 Y-112.477 Z-386.078 F2000
G1 B90.0 F1000
G1 X249.886 Y-112.477 Z-365.925 F2000
G1 B65.90558127829993 F1000
G1 X249.886 Y-112.477 Z-345.773 F2000
G1 B90.0 F1000
G1 X209.581 Y-92.325 Z-325.621 F2000
G1 B90.0 F1000
G1 X189.429 Y-92.325 Z-305.469 F2000
G1 B90.0 F1000
G1 X189.429 Y-92.325 Z-285.317 F2000
G1 B90.0 F1000
G1 X189.429 Y-92.325 Z-265.164 F2000
G1 B90.0 F1000
G1 X189.429 Y-92.325 Z-245.012 F2000
G1 B72.45184459019565 F1000
G1 X189.429 Y-92.325 Z-224.86 F2000
G1 B54.735610317245346 F1000
G1 X128.972 Y-72.173 Z-204.708 F2000
G1 B71.79897752970452 F1000
G1 X108.82 Y-52.021 Z-184.556 F2000
G1 B90.0 F1000
G1 X-12.093 Y-11.716 Z-164.403 F2000
G1 B90.0 F1000
G1 X-12.093 Y-11.716 Z-144.251 F2000
G1 X-12.093 Y-11.716 Z-124.099 F2000
G1 X-19.275133243394247 Y-18.674229808947903 Z-124.099 F5000
M01
G1 X138.2460116065723 Y-55.761682921762066 Z-708.513 F5000
M00
G1 B90.0 F1000
G1 X128.972 Y-52.021 Z-708.513 F2000
G1 B90.0 F1000
G1 X149.125 Y-52.021 Z-688.361 F2000
G1 B90.0 F1000
G1 X149.125 Y-52.021 Z-668.209 F2000
G1 B90.0 F1000
G1 X169.277 Y-52.021 Z-648.056 F2000
G1 B90.0 F1000
G1 X189.429 Y-52.021 Z-627.904 F2000
G1 B107.54815540980437 F1000
G1 X189.429 Y-52.021 Z-607.752 F2000
G1 B90.0 F1000
G1 X249.886 Y-72.173 Z-587.6 F2000
G1 B90.0 F1000
G1 X270.038 Y-72.173 Z-567.448 F2000
G1 B90.0 F1000
G1 X270.038 Y-72.173 Z-547.295 F2000
G1 B90.0 F1000
G1 X270.038 Y-72.173 Z-527.143 F2000
G1 B90.0 F1000
G1 X270.038 Y-72.173 Z-506.991 F2000
G1 B90.0 F1000
G1 X270.038 Y-72.173 Z-486.839 F2000
G1 B90.0 F1000
G1 X270.038 Y-72.173 Z-466.687 F2000
G1 B90.0 F1000
G1 X270.038 Y-72.173 Z-446.534 F2000
G1 B90.0 F1000
G1 X270.038 Y-72.173 Z-426.382 F2000
G1 B90.0 F1000
G1 X270.038 Y-72.173 Z-406.23 F2000
G1 B90.0 F1000
G1 X270.038 Y-72.173 Z-386.078 F2000
G1 B90.0 F1000
G1 X270.038 Y-72.173 Z-365.925 F2000
G1 B90.0 F1000
G1 X249.886 Y-72.173 Z-345.773 F2000
G1 B90.0 F1000
G1 X249.886 Y-72.173 Z-325.621 F2000
G1 B72.45184459019563 F1000
G1 X249.886 Y-72.173 Z-305.469 F2000
G1 B90.0 F1000
G1 X189.429 Y-52.021 Z-285.317 F2000
G1 B90.0 F1000
G1 X189.429 Y-52.021 Z-265.164 F2000
G1 B90.0 F1000
G1 X169.277 Y-52.021 Z-245.012 F2000
G1 B90.0 F1000
G1 X149.125 Y-52.021 Z-224.86 F2000
G1 B90.0 F1000
G1 X128.972 Y-52.021 Z-204.708 F2000
G1 B74.20657778876388 F1000
G1 X128.972 Y-52.021 Z-184.556 F2000
G1 B90.0 F1000
G1 X-12.093 Y-11.716 Z-164.403 F2000
G1 B90.0 F1000
G1 X-12.093 Y-11.716 Z-144.251 F2000
G1 X-12.093 Y-11.716 Z-124.099 F2000
G1 X-19.275133243394247 Y-18.674229808947903 Z-124.099 F5000
M01
G1 X118.76254132699353 Y-12.786454091040767 Z-708.513 F5000
M00
G1 B90.0 F1000
G1 X108.82 Y-11.716 Z-708.513 F2000
G1 B90.0 F1000
G1 X128.972 Y-11.716 Z-688.361 F2000
G1 B90.0 F1000
G1 X149.125 Y-11.716 Z-668.209 F2000
G1 B90.0 F1000
G1 X-12.093 Y-11.716 Z-648.056 F2000
G1 B90.0 F1000
G1 X-12.093 Y-11.716 Z-627.904 F2000
G1 B90.0 F1000
G1 X-12.093 Y-11.716 Z-607.752 F2000
G1 B90.0 F1000
G1 X-12.093 Y-11.716 Z-587.6 F2000
G1 B90.0 F1000
G1 X209.581 Y-11.716 Z-567.448 F2000
G1 B90.0 F1000
G1 X209.581 Y-11.716 Z-547.295 F2000
G1 B90.0 F1000
G1 X209.581 Y-11.716 Z-527.143 F2000
G1 B90.0 F1000
G1 X229.733 Y-11.716 Z-506.991 F2000
G1 B90.0 F1000
G1 X229.733 Y-11.716 Z-486.839 F2000
G1 B90.0 F1000
G1 X229.733 Y-11.716 Z-466.687 F2000
G1 B90.0 F1000
G1 X229.733 Y-11.716 Z-446.534 F2000
G1 B90.0 F1000
G1 X229.733 Y-11.716 Z-426.382 F2000
G1 B90.0 F1000
G1 X229.733 Y-11.716 Z-406.23 F2000
G1 B90.0 F1000
G1 X209.581 Y-11.716 Z-386.078 F2000
G1 B90.0 F1000
G1 X209.581 Y-11.716 Z-365.925 F2000
G1 B90.0 F1000
G1 X209.581 Y-11.716 Z-345.773 F2000
G1 B90.0 F1000
G1 X-12.093 Y-11.716 Z-325.621 F2000
G1 B90.0 F1000
G1 X-12.093 Y-11.716 Z-305.469 F2000
G1 B90.0 F1000
G1 X-12.093 Y-11.716 Z-285.317 F2000
G1 B90.0 F1000
G1 X-12.093 Y-11.716 Z-265.164 F2000
G1 B90.0 F1000
G1 X149.125 Y-11.716 Z-245.012 F2000
G1 B90.0 F1000
G1 X128.972 Y-11.716 Z-224.86 F2000
G1 B90.0 F1000
G1 X128.972 Y-11.716 Z-204.708 F2000
G1 B90.0 F1000
G1 X68.516 Y-11.716 Z-184.556 F2000
G1 B90.0 F1000
G1 X-12.093 Y-11.716 Z-164.403 F2000
G1 B90.0 F1000
G1 X-12.093 Y-11.716 Z-144.251 F2000
G1 X-12.093 Y-11.716 Z-124.099 F2000
G1 X-19.275133243394247 Y-18.674229808947903 Z-124.099 F5000
M01
G1 X118.79008606284705 Y9.208906138818028 Z-708.513 F5000
M00
G1 B90.0 F1000
G1 X108.82 Y8.436 Z-708.513 F2000
G1 B90.0 F1000
G1 X128.972 Y8.436 Z-688.361 F2000
G1 B97.0704642831444 F1000
G1 X149.125 Y8.436 Z-668.209 F2000
G1 B80.56985092473798 F1000
G1 X-12.093 Y-11.716 Z-648.056 F2000
G1 B90.0 F1000
G1 X229.733 Y28.588 Z-627.904 F2000
G1 B90.0 F1000
G1 X229.733 Y28.588 Z-607.752 F2000
G1 B90.0 F1000
G1 X229.733 Y28.588 Z-587.6 F2000
G1 B90.0 F1000
G1 X249.886 Y28.588 Z-567.448 F2000
G1 B90.0 F1000
G1 X249.886 Y28.588 Z-547.295 F2000
G1 B90.0 F1000
G1 X249.886 Y28.588 Z-527.143 F2000
G1 B90.0 F1000
G1 X249.886 Y28.588 Z-506.991 F2000
G1 B90.0 F1000
G1 X249.886 Y28.588 Z-486.839 F2000
G1 B90.0 F1000
G1 X249.886 Y28.588 Z-466.687 F2000
G1 B90.0 F1000
G1 X249.886 Y28.588 Z-446.534 F2000
G1 B90.0 F1000
G1 X249.886 Y28.588 Z-426.382 F2000
G1 B90.0 F1000
G1 X249.886 Y28.588 Z-406.23 F2000
G1 B90.0 F1000
G1 X249.886 Y28.588 Z-386.078 F2000
G1 B90.0 F1000
G1 X249.886 Y28.588 Z-365.925 F2000
G1 B90.0 F1000
G1 X249.886 Y28.588 Z-345.773 F2000
G1 B90.0 F1000
G1 X229.733 Y28.588 Z-325.621 F2000
G1 B90.0 F1000
G1 X229.733 Y28.588 Z-305.469 F2000
G1 B90.0 F1000
G1 X229.733 Y28.588 Z-285.317 F2000
G1 B103.63302222536642 F1000
G1 X229.733 Y28.588 Z-265.164 F2000
G1 B90.0 F1000
G1 X149.125 Y8.436 Z-245.012 F2000
G1 B90.0 F1000
G1 X128.972 Y8.436 Z-224.86 F2000
G1 B103.63302222536642 F1000
G1 X128.972 Y8.436 Z-204.708 F2000
G1 B90.0 F1000
G1 X48.364 Y-11.716 Z-184.556 F2000
G1 B90.0 F1000
G1 X-12.093 Y-11.716 Z-164.403 F2000
G1 B90.0 F1000
G1 X-12.093 Y-11.716 Z-144.251 F2000
G1 X-12.093 Y-11.716 Z-124.099 F2000
G1 X-19.275133243394247 Y-18.674229808947903 Z-124.099 F5000
M01
G1 X178.88657879113723 Y51.50794695592916 Z-708.513 F5000
M00
G1 B90.0 F1000
G1 X169.277 Y48.741 Z-708.513 F2000
G1 B90.0 F1000
G1 X169.277 Y48.741 Z-688.361 F2000
G1 B90.0 F1000
G1 X169.277 Y48.741 Z-668.209 F2000
G1 B72.45159938620772 F1000
G1 X169.277 Y48.741 Z-648.056 F2000
G1 B90.0 F1000
G1 X229.733 Y68.893 Z-627.904 F2000
G1 B90.0 F1000
G1 X229.733 Y68.893 Z-607.752 F2000
G1 B65.90558127829993 F1000
G1 X229.733 Y68.893 Z-587.6 F2000
G1 B90.0 F1000
G1 X270.038 Y89.045 Z-567.448 F2000
G1 B90.0 F1000
G1 X270.038 Y89.045 Z-547.295 F2000
G1 B90.0 F1000
G1 X290.19 Y89.045 Z-527.143 F2000
G1 B90.0 F1000
G1 X290.19 Y89.045 Z-506.991 F2000
G1 B90.0 F1000
G1 X290.19 Y89.045 Z-486.839 F2000
G1 B90.0 F1000
G1 X290.19 Y89.045 Z-466.687 F2000
G1 B90.0 F1000
G1 X290.19 Y89.045 Z-446.534 F2000
G1 B90.0 F1000
G1 X290.19 Y89.045 Z-426.382 F2000
G1 B90.0 F1000
G1 X290.19 Y89.045 Z-406.23 F2000
G1 B90.0 F1000
G1 X270.038 Y89.045 Z-386.078 F2000
G1 B90.0 F1000
G1 X270.038 Y89.045 Z-365.925 F2000
G1 B114.09441872170007 F1000
G1 X270.038 Y89.045 Z-345.773 F2000
G1 B90.0 F1000
G1 X229.733 Y68.893 Z-325.621 F2000
G1 B90.0 F1000
G1 X229.733 Y68.893 Z-305.469 F2000
G1 B90.0 F1000
G1 X229.733 Y68.893 Z-285.317 F2000
G1 B107.5484006137923 F1000
G1 X229.733 Y68.893 Z-265.164 F2000
G1 B90.0 F1000
G1 X169.277 Y48.741 Z-245.012 F2000
G1 B90.0 F1000
G1 X169.277 Y48.741 Z-224.86 F2000
G1 B107.54897275317386 F1000
G1 X169.277 Y48.741 Z-204.708 F2000
G1 B108.20060066002468 F1000
G1 X108.82 Y28.588 Z-184.556 F2000
G1 B90.0 F1000
G1 X-12.093 Y-11.716 Z-164.403 F2000
G1 B90.0 F1000
G1 X-12.093 Y-11.716 Z-144.251 F2000
G1 X-12.093 Y-11.716 Z-124.099 F2000
G1 X-19.275133243394247 Y-18.674229808947903 Z-124.099 F5000
M01
G1 X98.18554335076391 Y31.656610201105682 Z-708.513 F5000
M00
G1 B48.188978718061584 F1000
G1 X88.668 Y28.588 Z-708.513 F2000
G1 B90.0 F1000
G1 X128.972 Y68.893 Z-688.361 F2000
G1 B65.90536936852773 F1000
G1 X149.125 Y68.893 Z-668.209 F2000
G1 B90.0 F1000
G1 X189.429 Y89.045 Z-648.056 F2000
G1 B90.0 F1000
G1 X189.429 Y89.045 Z-627.904 F2000
G1 B65.9051574478893 F1000
G1 X189.429 Y89.045 Z-607.752 F2000
G1 B54.7362804586155 F1000
G1 X229.733 Y109.197 Z-587.6 F2000
G1 B90.0 F1000
G1 X249.886 Y129.349 Z-567.448 F2000
G1 B90.0 F1000
G1 X249.886 Y129.349 Z-547.295 F2000
G1 B90.0 F1000
G1 X249.886 Y129.349 Z-527.143 F2000
G1 B90.0 F1000
G1 X249.886 Y129.349 Z-506.991 F2000
G1 B90.0 F1000
G1 X249.886 Y129.349 Z-486.839 F2000
G1 B90.0 F1000
G1 X249.886 Y129.349 Z-466.687 F2000
G1 B90.0 F1000
G1 X249.886 Y129.349 Z-446.534 F2000
G1 B90.0 F1000
G1 X249.886 Y129.349 Z-426.382 F2000
G1 B90.0 F1000
G1 X249.886 Y129.349 Z-406.23 F2000
G1 B90.0 F1000
G1 X249.886 Y129.349 Z-386.078 F2000
G1 B90.0 F1000
G1 X249.886 Y129.349 Z-365.925 F2000
G1 B125.26371954138452 F1000
G1 X249.886 Y129.349 Z-345.773 F2000
G1 B114.0948425521107 F1000
G1 X229.733 Y109.197 Z-325.621 F2000
G1 B90.0 F1000
G1 X189.429 Y89.045 Z-305.469 F2000
G1 B90.0 F1000
G1 X189.429 Y89.045 Z-285.317 F2000
G1 B90.0 F1000
G1 X189.429 Y89.045 Z-265.164 F2000
G1 B107.54815540980437 F1000
G1 X189.429 Y89.045 Z-245.012 F2000
G1 B90.0 F1000
G1 X128.972 Y68.893 Z-224.86 F2000
G1 B131.81102128193845 F1000
G1 X128.972 Y68.893 Z-204.708 F2000
G1 B111.41649099722748 F1000
G1 X88.668 Y28.588 Z-184.556 F2000
G1 B90.0 F1000
G1 X-12.093 Y-11.716 Z-164.403 F2000
G1 B90.0 F1000
G1 X-12.093 Y-11.716 Z-144.251 F2000
G1 X-12.093 Y-11.716 Z-124.099 F2000
G1 X-19.275133243394247 Y-18.674229808947903 Z-124.099 F5000
M01
G1 X116.55920858052578 Y95.37782326826795 Z-708.513 F5000
M00
G1 B90.0 F1000
G1 X108.82 Y89.045 Z-708.513 F2000
G1 B90.0 F1000
G1 X108.82 Y89.045 Z-688.361 F2000
G1 B90.0 F1000
G1 X128.972 Y89.045 Z-668.209 F2000
G1 B54.736280458615475 F1000
G1 X128.972 Y89.045 Z-648.056 F2000
G1 B90.0 F1000
G1 X149.125 Y109.197 Z-627.904 F2000
G1 B54.73561031724531 F1000
G1 X149.125 Y109.197 Z-607.752 F2000
G1 B90.0 F1000
G1 X169.277 Y129.349 Z-587.6 F2000
G1 B54.73494020358592 F1000
G1 X169.277 Y129.349 Z-567.448 F2000
G1 B90.0 F1000
G1 X189.429 Y149.502 Z-547.295 F2000
G1 B54.73561031724538 F1000
G1 X189.429 Y149.502 Z-527.143 F2000
G1 B90.0 F1000
G1 X209.581 Y169.654 Z-506.991 F2000
G1 B90.0 F1000
G1 X209.581 Y169.654 Z-486.839 F2000
G1 B90.0 F1000
G1 X209.581 Y169.654 Z-466.687 F2000
G1 B90.0 F1000
G1 X209.581 Y169.654 Z-446.534 F2000
G1 B125.26438968275465 F1000
G1 X209.581 Y169.654 Z-426.382 F2000
G1 B90.0 F1000
G1 X189.429 Y149.502 Z-406.23 F2000
G1 B125.26505979641412 F1000
G1 X189.429 Y149.502 Z-386.078 F2000
G1 B90.0 F1000
G1 X169.277 Y129.349 Z-365.925 F2000
G1 B90.0 F1000
G1 X169.277 Y129.349 Z-345.773 F2000
G1 B125.26438968275465 F1000
G1 X169.277 Y129.349 Z-325.621 F2000
G1 B90.0 F1000
G1 X149.125 Y109.197 Z-305.469 F2000
G1 B90.0 F1000
G1 X149.125 Y109.197 Z-285.317 F2000
G1 B125.26371954138457 F1000
G1 X149.125 Y109.197 Z-265.164 F2000
G1 B90.0 F1000
G1 X128.972 Y89.045 Z-245.012 F2000
G1 B90.0 F1000
G1 X128.972 Y89.045 Z-224.86 F2000
G1 B125.26438968275468 F1000
G1 X108.82 Y89.045 Z-204.708 F2000
G1 B128.11295305193974 F1000
G1 X88.668 Y68.893 Z-184.556 F2000
G1 B90.0 F1000
G1 X-12.093 Y-11.716 Z-164.403 F2000
G1 B90.0 F1000
G1 X-12.093 Y-11.716 Z-144.251 F2000
G1 X-12.093 Y-11.716 Z-124.099 F2000
G1 X-19.275133243394247 Y-18.674229808947903 Z-124.099 F5000
M01
G1 X74.61421728984264 Y96.97038616635585 Z-708.513 F5000
M00
G1 B36.69877109492258 F1000
G1 X68.516 Y89.045 Z-708.513 F2000
G1 B54.7356103172454 F1000
G1 X108.82 Y149.502 Z-688.361 F2000
G1 B90.0 F1000
G1 X128.972 Y169.654 Z-668.209 F2000
G1 B54.73628045861546 F1000
G1 X128.972 Y169.654 Z-648.056 F2000
G1 B90.0 F1000
G1 X149.125 Y189.806 Z-627.904 F2000
G1 B90.0 F1000
G1 X149.125 Y189.806 Z-607.752 F2000
G1 B90.0 F1000
G1 X149.125 Y189.806 Z-587.6 F2000
G1 B90.0 F1000
G1 X149.125 Y189.806 Z-567.448 F2000
G1 B90.0 F1000
G1 X149.125 Y189.806 Z-547.295 F2000
G1 B90.0 F1000
G1 X149.125 Y189.806 Z-527.143 F2000
G1 B90.0 F1000
G1 X149.125 Y189.806 Z-506.991 F2000
G1 B90.0 F1000
G1 X149.125 Y189.806 Z-486.839 F2000
G1 B90.0 F1000
G1 X149.125 Y189.806 Z-466.687 F2000
G1 B90.0 F1000
G1 X149.125 Y189.806 Z-446.534 F2000
G1 B90.0 F1000
G1 X149.125 Y189.806 Z-426.382 F2000
G1 B90.0 F1000
G1 X149.125 Y189.806 Z-406.23 F2000
G1 B90.0 F1000
G1 X149.125 Y189.806 Z-386.078 F2000
G1 B90.0 F1000
G1 X149.125 Y189.806 Z-365.925 F2000
G1 B90.0 F1000
G1 X149.125 Y189.806 Z-345.773 F2000
G1 B90.0 F1000
G1 X149.125 Y189.806 Z-325.621 F2000
G1 B90.0 F1000
G1 X149.125 Y189.806 Z-305.469 F2000
G1 B90.0 F1000
G1 X149.125 Y189.806 Z-285.317 F2000
G1 B125.2637195413846 F1000
G1 X149.125 Y189.806 Z-265.164 F2000
G1 B90.0 F1000
G1 X128.972 Y169.654 Z-245.012 F2000
G1 B125.26438968275463 F1000
G1 X128.972 Y169.654 Z-224.86 F2000
G1 B143.30122890507747 F1000
G1 X108.82 Y149.502 Z-204.708 F2000
G1 B140.4901563671115 F1000
G1 X68.516 Y89.045 Z-184.556 F2000
G1 B90.0 F1000
G1 X-12.093 Y-11.716 Z-164.403 F2000
G1 B90.0 F1000
G1 X-12.093 Y-11.716 Z-144.251 F2000
G1 X-12.093 Y-11.716 Z-124.099 F2000
G1 X-19.275133243394247 Y-18.674229808947903 Z-124.099 F5000
M01
G1 X52.41363459648063 Y118.34032869555652 Z-708.513 F5000
M00
G1 B36.69877109492259 F1000
G1 X48.364 Y109.197 Z-708.513 F2000
G1 B90.0 F1000
G1 X88.668 Y169.654 Z-688.361 F2000
G1 B90.0 F1000
G1 X88.668 Y169.654 Z-668.209 F2000
G1 B35.26438968275466 F1000
G1 X88.668 Y169.654 Z-648.056 F2000
G1 B90.0 F1000
G1 X108.82 Y209.958 Z-627.904 F2000
G1 B90.0 F1000
G1 X108.82 Y209.958 Z-607.752 F2000
G1 B90.0 F1000
G1 X108.82 Y209.958 Z-587.6 F2000
G1 B35.264389691067876 F1000
G1 X108.82 Y209.958 Z-567.448 F2000
G1 B90.0 F1000
G1 X128.972 Y250.263 Z-547.295 F2000
G1 B90.0 F1000
G1 X128.972 Y250.263 Z-527.143 F2000
G1 B90.0 F1000
G1 X128.972 Y250.263 Z-506.991 F2000
G1 B90.0 F1000
G1 X128.972 Y250.263 Z-486.839 F2000
G1 B90.0 F1000
G1 X128.972 Y250.263 Z-466.687 F2000
G1 B90.0 F1000
G1 X128.972 Y250.263 Z-446.534 F2000
G1 B90.0 F1000
G1 X128.972 Y250.263 Z-426.382 F2000
G1 B90.0 F1000
G1 X128.972 Y250.263 Z-406.23 F2000
G1 B90.0 F1000
G1 X128.972 Y250.263 Z-386.078 F2000
G1 B144.73628045030233 F1000
G1 X128.972 Y250.263 Z-365.925 F2000
G1 B90.0 F1000
G1 X108.82 Y209.958 Z-345.773 F2000
G1 B90.0 F1000
G1 X108.82 Y209.958 Z-325.621 F2000
G1 B90.0 F1000
G1 X108.82 Y209.958 Z-305.469 F2000
G1 B90.0 F1000
G1 X108.82 Y209.958 Z-285.317 F2000
G1 B144.73561031724537 F1000
G1 X108.82 Y209.958 Z-265.164 F2000
G1 B90.0 F1000
G1 X88.668 Y169.654 Z-245.012 F2000
G1 B90.0 F1000
G1 X88.668 Y169.654 Z-224.86 F2000
G1 B143.30122890507744 F1000
G1 X88.668 Y169.654 Z-204.708 F2000
G1 B152.20842072009606 F1000
G1 X48.364 Y109.197 Z-184.556 F2000
G1 B90.0 F1000
G1 X-12.093 Y-11.716 Z-164.403 F2000
G1 B90.0 F1000
G1 X-12.093 Y-11.716 Z-144.251 F2000
G1 X-12.093 Y-11.716 Z-124.099 F2000
G1 X-19.275133243394247 Y-18.674229808947903 Z-124.099 F5000
M01
G1 X51.10552089172667 Y179.2708634803779 Z-708.513 F5000
M00
G1 B90.0 F1000
G1 X48.364 Y169.654 Z-708.513 F2000
G1 B90.0 F1000
G1 X48.364 Y169.654 Z-688.361 F2000
G1 B35.265059829667116 F1000
G1 X48.364 Y169.654 Z-668.209 F2000
G1 B90.0 F1000
G1 X68.516 Y209.958 Z-648.056 F2000
G1 B45.00000000000004 F1000
G1 X68.516 Y209.958 Z-627.904 F2000
G1 B90.0 F1000
G1 X68.516 Y230.11 Z-607.752 F2000
G1 B90.0 F1000
G1 X68.516 Y230.11 Z-587.6 F2000
G1 B35.26438969106787 F1000
G1 X68.516 Y230.11 Z-567.448 F2000
G1 B90.0 F1000
G1 X88.668 Y270.415 Z-547.295 F2000
G1 B90.0 F1000
G1 X88.668 Y270.415 Z-527.143 F2000
G1 B90.0 F1000
G1 X88.668 Y270.415 Z-506.991 F2000
G1 B90.0 F1000
G1 X88.668 Y270.415 Z-486.839 F2000
G1 B90.0 F1000
G1 X88.668 Y270.415 Z-466.687 F2000
G1 B90.0 F1000
G1 X88.668 Y270.415 Z-446.534 F2000
G1 B90.0 F1000
G1 X88.668 Y270.415 Z-426.382 F2000
G1 B90.0 F1000
G1 X88.668 Y270.415 Z-406.23 F2000
G1 B144.73561030893217 F1000
G1 X88.668 Y270.415 Z-386.078 F2000
G1 B90.0 F1000
G1 X68.516 Y230.11 Z-365.925 F2000
G1 B90.0 F1000
G1 X68.516 Y230.11 Z-345.773 F2000
G1 B90.0 F1000
G1 X68.516 Y230.11 Z-325.621 F2000
G1 B90.0 F1000
G1 X68.516 Y230.11 Z-305.469 F2000
G1 B134.99857844487033 F1000
G1 X68.516 Y230.11 Z-285.317 F2000
G1 B90.0 F1000
G1 X68.516 Y209.958 Z-265.164 F2000
G1 B144.73561031724537 F1000
G1 X68.516 Y209.958 Z-245.012 F2000
G1 B90.0 F1000
G1 X48.364 Y169.654 Z-224.86 F2000
G1 B154.76041540923316 F1000
G1 X48.364 Y169.654 Z-204.708 F2000
G1 B159.56065141089383 F1000
G1 X28.211 Y109.197 Z-184.556 F2000
G1 B90.0 F1000
G1 X-12.093 Y-11.716 Z-164.403 F2000
G1 B90.0 F1000
G1 X-12.093 Y-11.716 Z-144.251 F2000
G1 X-12.093 Y-11.716 Z-124.099 F2000
G1 X-19.275133243394247 Y-18.674229808947903 Z-124.099 F5000
M01
G1 X8.79502218012281 Y119.16987678407628 Z-708.513 F5000
M00
G1 B45.00000000000008 F1000
G1 X8.059 Y109.197 Z-708.513 F2000
G1 B90.0 F1000
G1 X8.059 Y129.349 Z-688.361 F2000
G1 B44.999999999999844 F1000
G1 X8.059 Y129.349 Z-668.209 F2000
G1 B26.565051177078022 F1000
G1 X8.059 Y149.502 Z-648.056 F2000
G1 B45.00000000000008 F1000
G1 X8.059 Y189.806 Z-627.904 F2000
G1 B90.0 F1000
G1 X8.059 Y209.958 Z-607.752 F2000
G1 B54.73561031724535 F1000
G1 X8.059 Y209.958 Z-587.6 F2000
G1 B90.0 F1000
G1 X28.211 Y230.11 Z-567.448 F2000
G1 B90.0 F1000
G1 X28.211 Y230.11 Z-547.295 F2000
G1 B90.0 F1000
G1 X28.211 Y230.11 Z-527.143 F2000
G1 B169.44470486943854 F1000
G1 X28.211 Y230.11 Z-506.991 F2000
G1 B90.0 F1000
G1 X-12.093 Y-11.716 Z-486.839 F2000
G1 B90.0 F1000
G1 X-12.093 Y-11.716 Z-466.687 F2000
G1 B90.0 F1000
G1 X-12.093 Y-11.716 Z-446.534 F2000
G1 B90.0 F1000
G1 X-12.093 Y-11.716 Z-426.382 F2000
G1 B10.555295130561474 F1000
G1 X-12.093 Y-11.716 Z-406.23 F2000
G1 B90.0 F1000
G1 X28.211 Y230.11 Z-386.078 F2000
G1 B90.0 F1000
G1 X28.211 Y230.11 Z-365.925 F2000
G1 B125.26438968275465 F1000
G1 X28.211 Y230.11 Z-345.773 F2000
G1 B90.0 F1000
G1 X8.059 Y209.958 Z-325.621 F2000
G1 B135.0 F1000
G1 X8.059 Y209.958 Z-305.469 F2000
G1 B90.0 F1000
G1 X8.059 Y189.806 Z-285.317 F2000
G1 B153.43494882292202 F1000
G1 X8.059 Y189.806 Z-265.164 F2000
G1 B90.0 F1000
G1 X8.059 Y149.502 Z-245.012 F2000
G1 B135.0014215551297 F1000
G1 X8.059 Y149.502 Z-224.86 F2000
G1 B154.76059817932108 F1000
G1 X8.059 Y129.349 Z-204.708 F2000
G1 B165.96325480160777 F1000
G1 X-12.093 Y68.893 Z-184.556 F2000
G1 B90.0 F1000
G1 X-12.093 Y-11.716 Z-164.403 F2000
G1 B90.0 F1000
G1 X-12.093 Y-11.716 Z-144.251 F2000
G1 X-12.093 Y-11.716 Z-124.099 F2000
G1 X-19.275133243394247 Y-18.674229808947903 Z-124.099 F5000
M01
G1 X-13.821897525568165 Y78.74241182741814 Z-708.513 F5000
M00
G1 B18.434948822922035 F1000
G1 X-12.093 Y68.893 Z-708.513 F2000
G1 B90.0 F1000
G1 X-12.093 Y129.349 Z-688.361 F2000
G1 B44.999999999999844 F1000
G1 X-12.093 Y129.349 Z-668.209 F2000
G1 B45.00000000000008 F1000
G1 X-12.093 Y149.502 Z-648.056 F2000
G1 B45.00000000000004 F1000
G1 X-12.093 Y169.654 Z-627.904 F2000
G1 B90.0 F1000
G1 X-12.093 Y189.806 Z-607.752 F2000
G1 B45.00000000000008 F1000
G1 X-12.093 Y189.806 Z-587.6 F2000
G1 B45.001421555129674 F1000
G1 X-12.093 Y209.958 Z-567.448 F2000
G1 B90.0 F1000
G1 X-12.093 Y230.11 Z-547.295 F2000
G1 B90.0 F1000
G1 X-12.093 Y230.11 Z-527.143 F2000
G1 B175.23639752523866 F1000
G1 X-12.093 Y230.11 Z-506.991 F2000
G1 B90.0 F1000
G1 X-12.093 Y-11.716 Z-486.839 F2000
G1 B90.0 F1000
G1 X-12.093 Y-11.716 Z-466.687 F2000
G1 B90.0 F1000
G1 X-12.093 Y-11.716 Z-446.534 F2000
G1 B90.0 F1000
G1 X-12.093 Y-11.716 Z-426.382 F2000
G1 B4.763602474761355 F1000
G1 X-12.093 Y-11.716 Z-406.23 F2000
G1 B134.99857844487042 F1000
G1 X-12.093 Y230.11 Z-386.078 F2000
G1 B90.0 F1000
G1 X-12.093 Y209.958 Z-365.925 F2000
G1 B134.99999999999991 F1000
G1 X-12.093 Y209.958 Z-345.773 F2000
G1 B90.0 F1000
G1 X-12.093 Y189.806 Z-325.621 F2000
G1 B135.00000000000006 F1000
G1 X-12.093 Y189.806 Z-305.469 F2000
G1 B90.0 F1000
G1 X-12.093 Y169.654 Z-285.317 F2000
G1 B135.0 F1000
G1 X-12.093 Y169.654 Z-265.164 F2000
G1 B90.0 F1000
G1 X-12.093 Y149.502 Z-245.012 F2000
G1 B135.0014215551297 F1000
G1 X-12.093 Y149.502 Z-224.86 F2000
G1 B165.96375653207352 F1000
G1 X-12.093 Y129.349 Z-204.708 F2000
G1 B161.5644825522044 F1000
G1 X-12.093 Y48.741 Z-184.556 F2000
G1 B90.0 F1000
G1 X-12.093 Y-11.716 Z-164.403 F2000
G1 B90.0 F1000
G1 X-12.093 Y-11.716 Z-144.251 F2000
G1 X-12.093 Y-11.716 Z-124.099 F2000
G1 X-19.275133243394247 Y-18.674229808947903 Z-124.099 F5000
M01
G1 X-56.72419940817552 Y118.21276389889962 Z-708.513 F5000
M00
G1 B26.564482552204463 F1000
G1 X-52.398 Y109.197 Z-708.513 F2000
G1 B90.0 F1000
G1 X-52.398 Y149.502 Z-688.361 F2000
G1 B90.0 F1000
G1 X-52.398 Y149.502 Z-668.209 F2000
G1 B45.00000000000008 F1000
G1 X-52.398 Y149.502 Z-648.056 F2000
G1 B26.565051177078022 F1000
G1 X-52.398 Y169.654 Z-627.904 F2000
G1 B90.0 F1000
G1 X-52.398 Y209.958 Z-607.752 F2000
G1 B35.263719549697704 F1000
G1 X-52.398 Y209.958 Z-587.6 F2000
G1 B90.0 F1000
G1 X-72.55 Y250.263 Z-567.448 F2000
G1 B44.99999999999988 F1000
G1 X-72.55 Y250.263 Z-547.295 F2000
G1 B90.0 F1000
G1 X-72.55 Y270.415 Z-527.143 F2000
G1 B90.0 F1000
G1 X-72.55 Y270.415 Z-506.991 F2000
G1 B90.0 F1000
G1 X-72.55 Y270.415 Z-486.839 F2000
G1 B90.0 F1000
G1 X-72.55 Y270.415 Z-466.687 F2000
G1 B90.0 F1000
G1 X-72.55 Y270.415 Z-446.534 F2000
G1 B90.0 F1000
G1 X-72.55 Y270.415 Z-426.382 F2000
G1 B90.0 F1000
G1 X-72.55 Y270.415 Z-406.23 F2000
G1 B134.99857844487042 F1000
G1 X-72.55 Y270.415 Z-386.078 F2000
G1 B90.0 F1000
G1 X-72.55 Y250.263 Z-365.925 F2000
G1 B144.7362804503023 F1000
G1 X-72.55 Y250.263 Z-345.773 F2000
G1 B90.0 F1000
G1 X-52.398 Y209.958 Z-325.621 F2000
G1 B153.43494882292202 F1000
G1 X-52.398 Y209.958 Z-305.469 F2000
G1 B90.0 F1000
G1 X-52.398 Y169.654 Z-285.317 F2000
G1 B135.0 F1000
G1 X-52.398 Y169.654 Z-265.164 F2000
G1 B90.0 F1000
G1 X-52.398 Y149.502 Z-245.012 F2000
G1 B135.0014215551297 F1000
G1 X-52.398 Y149.502 Z-224.86 F2000
G1 B154.7600498752405 F1000
G1 X-52.398 Y129.349 Z-204.708 F2000
G1 B160.52855598166565 F1000
G1 X-32.245 Y68.893 Z-184.556 F2000
G1 B90.0 F1000
G1 X-12.093 Y-11.716 Z-164.403 F2000
G1 B90.0 F1000
G1 X-12.093 Y-11.716 Z-144.251 F2000
G1 X-12.093 Y-11.716 Z-124.099 F2000
G1 X-19.275133243394247 Y-18.674229808947903 Z-124.099 F5000
M01
G1 X-78.08389891105702 Y117.52622342371735 Z-708.513 F5000
M00
G1 B45.00000000000008 F1000
G1 X-72.55 Y109.197 Z-708.513 F2000
G1 B44.99857844487037 F1000
G1 X-72.55 Y129.349 Z-688.361 F2000
G1 B35.265059829667116 F1000
G1 X-72.55 Y149.502 Z-668.209 F2000
G1 B90.0 F1000
G1 X-92.702 Y189.806 Z-648.056 F2000
G1 B90.0 F1000
G1 X-92.702 Y189.806 Z-627.904 F2000
G1 B90.0 F1000
G1 X-92.702 Y189.806 Z-607.752 F2000
G1 B54.73561031724539 F1000
G1 X-92.702 Y189.806 Z-587.6 F2000
G1 B26.56561979630839 F1000
G1 X-112.854 Y209.958 Z-567.448 F2000
G1 B90.0 F1000
G1 X-112.854 Y250.263 Z-547.295 F2000
G1 B90.0 F1000
G1 X-112.854 Y250.263 Z-527.143 F2000
G1 B90.0 F1000
G1 X-112.854 Y250.263 Z-506.991 F2000
G1 B90.0 F1000
G1 X-112.854 Y250.263 Z-486.839 F2000
G1 B90.0 F1000
G1 X-112.854 Y250.263 Z-466.687 F2000
G1 B90.0 F1000
G1 X-112.854 Y250.263 Z-446.534 F2000
G1 B90.0 F1000
G1 X-112.854 Y250.263 Z-426.382 F2000
G1 B90.0 F1000
G1 X-112.854 Y250.263 Z-406.23 F2000
G1 B90.0 F1000
G1 X-112.854 Y250.263 Z-386.078 F2000
G1 B154.76096370754237 F1000
G1 X-112.854 Y250.263 Z-365.925 F2000
G1 B90.0 F1000
G1 X-92.702 Y189.806 Z-345.773 F2000
G1 B90.0 F1000
G1 X-92.702 Y189.806 Z-325.621 F2000
G1 B90.0 F1000
G1 X-92.702 Y189.806 Z-305.469 F2000
G1 B90.0 F1000
G1 X-92.702 Y189.806 Z-285.317 F2000
G1 B90.0 F1000
G1 X-92.702 Y189.806 Z-265.164 F2000
G1 B144.73561031724537 F1000
G1 X-92.702 Y189.806 Z-245.012 F2000
G1 B135.0014215551297 F1000
G1 X-72.55 Y149.502 Z-224.86 F2000
G1 B154.76059817932108 F1000
G1 X-72.55 Y129.349 Z-204.708 F2000
G1 B150.7936439220397 F1000
G1 X-52.398 Y68.893 Z-184.556 F2000
G1 B90.0 F1000
G1 X-12.093 Y-11.716 Z-164.403 F2000
G1 B90.0 F1000
G1 X-12.093 Y-11.716 Z-144.251 F2000
G1 X-12.093 Y-11.716 Z-124.099 F2000
G1 X-19.275133243394247 Y-18.674229808947903 Z-124.099 F5000
M01
G1 X-78.86645819687493 Y96.79757091854898 Z-708.513 F5000
M00
G1 B54.735610317245374 F1000
G1 X-72.55 Y89.045 Z-708.513 F2000
G1 B54.73561031724539 F1000
G1 X-92.702 Y109.197 Z-688.361 F2000
G1 B44.999999999999844 F1000
G1 X-112.854 Y129.349 Z-668.209 F2000
G1 B90.0 F1000
G1 X-112.854 Y149.502 Z-648.056 F2000
G1 B90.0 F1000
G1 X-112.854 Y149.502 Z-627.904 F2000
G1 B54.73561031724532 F1000
G1 X-112.854 Y149.502 Z-607.752 F2000
G1 B45.00000000000004 F1000
G1 X-133.006 Y169.654 Z-587.6 F2000
G1 B90.0 F1000
G1 X-133.006 Y189.806 Z-567.448 F2000
G1 B90.0 F1000
G1 X-133.006 Y189.806 Z-547.295 F2000
G1 B54.7362804586155 F1000
G1 X-133.006 Y189.806 Z-527.143 F2000
G1 B90.0 F1000
G1 X-153.159 Y209.958 Z-506.991 F2000
G1 B90.0 F1000
G1 X-153.159 Y209.958 Z-486.839 F2000
G1 B90.0 F1000
G1 X-153.159 Y209.958 Z-466.687 F2000
G1 B90.0 F1000
G1 X-153.159 Y209.958 Z-446.534 F2000
G1 B125.26371954138455 F1000
G1 X-153.159 Y209.958 Z-426.382 F2000
G1 B90.0 F1000
G1 X-133.006 Y189.806 Z-406.23 F2000
G1 B90.0 F1000
G1 X-133.006 Y189.806 Z-386.078 F2000
G1 B90.0 F1000
G1 X-133.006 Y189.806 Z-365.925 F2000
G1 B134.99999999999997 F1000
G1 X-133.006 Y189.806 Z-345.773 F2000
G1 B90.0 F1000
G1 X-133.006 Y169.654 Z-325.621 F2000
G1 B125.26438968275465 F1000
G1 X-133.006 Y169.654 Z-305.469 F2000
G1 B90.0 F1000
G1 X-112.854 Y149.502 Z-285.317 F2000
G1 B135.0014215551297 F1000
G1 X-112.854 Y149.502 Z-265.164 F2000
G1 B125.26438968275465 F1000
G1 X-112.854 Y129.349 Z-245.012 F2000
G1 B90.0 F1000
G1 X-92.702 Y109.197 Z-224.86 F2000
G1 B125.26438968275465 F1000
G1 X-92.702 Y109.197 Z-204.708 F2000
G1 B147.68820988094694 F1000
G1 X-72.55 Y89.045 Z-184.556 F2000
G1 B90.0 F1000
G1 X-12.093 Y-11.716 Z-164.403 F2000
G1 B90.0 F1000
G1 X-12.093 Y-11.716 Z-144.251 F2000
G1 X-12.093 Y-11.716 Z-124.099 F2000
G1 X-19.275133243394247 Y-18.674229808947903 Z-124.099 F5000
M01
G1 X-120.70452786870489 Y95.23928867447168 Z-708.513 F5000
M00
G1 B90.0 F1000
G1 X-112.854 Y89.045 Z-708.513 F2000
G1 B54.735610317245374 F1000
G1 X-112.854 Y89.045 Z-688.361 F2000
G1 B90.0 F1000
G1 X-133.006 Y109.197 Z-668.209 F2000
G1 B90.0 F1000
G1 X-133.006 Y109.197 Z-648.056 F2000
G1 B45.00000000000008 F1000
G1 X-133.006 Y109.197 Z-627.904 F2000
G1 B54.73494020358584 F1000
G1 X-133.006 Y129.349 Z-607.752 F2000
G1 B48.18968510422141 F1000
G1 X-153.159 Y149.502 Z-587.6 F2000
G1 B90.0 F1000
G1 X-193.463 Y189.806 Z-567.448 F2000
G1 B90.0 F1000
G1 X-193.463 Y189.806 Z-547.295 F2000
G1 B54.7356103172454 F1000
G1 X-193.463 Y189.806 Z-527.143 F2000
G1 B90.0 F1000
G1 X-213.615 Y209.958 Z-506.991 F2000
G1 B90.0 F1000
G1 X-213.615 Y209.958 Z-486.839 F2000
G1 B90.0 F1000
G1 X-213.615 Y209.958 Z-466.687 F2000
G1 B90.0 F1000
G1 X-213.615 Y209.958 Z-446.534 F2000
G1 B125.26438968275463 F1000
G1 X-213.615 Y209.958 Z-426.382 F2000
G1 B90.0 F1000
G1 X-193.463 Y189.806 Z-406.23 F2000
G1 B90.0 F1000
G1 X-193.463 Y189.806 Z-386.078 F2000
G1 B90.0 F1000
G1 X-193.463 Y189.806 Z-365.925 F2000
G1 B131.8103148957786 F1000
G1 X-193.463 Y189.806 Z-345.773 F2000
G1 B90.0 F1000
G1 X-153.159 Y149.502 Z-325.621 F2000
G1 B125.26505979641412 F1000
G1 X-153.159 Y149.502 Z-305.469 F2000
G1 B134.99857844487028 F1000
G1 X-133.006 Y129.349 Z-285.317 F2000
G1 B90.0 F1000
G1 X-133.006 Y109.197 Z-265.164 F2000
G1 B90.0 F1000
G1 X-133.006 Y109.197 Z-245.012 F2000
G1 B125.26438968275465 F1000
G1 X-133.006 Y109.197 Z-224.86 F2000
G1 B125.26438968275465 F1000
G1 X-112.854 Y89.045 Z-204.708 F2000
G1 B134.13168652336037 F1000
G1 X-92.702 Y68.893 Z-184.556 F2000
G1 B90.0 F1000
G1 X-12.093 Y-11.716 Z-164.403 F2000
G1 B90.0 F1000
G1 X-12.093 Y-11.716 Z-144.251 F2000
G1 X-12.093 Y-11.716 Z-124.099 F2000
G1 X-19.275133243394247 Y-18.674229808947903 Z-124.099 F5000
M01
G1 X-101.55313038844075 Y53.39476093571865 Z-708.513 F5000
M00
G1 B54.735610317245374 F1000
G1 X-92.702 Y48.741 Z-708.513 F2000
G1 B57.688852084246065 F1000
G1 X-112.854 Y68.893 Z-688.361 F2000
G1 B90.0 F1000
G1 X-173.311 Y109.197 Z-668.209 F2000
G1 B54.73561031724538 F1000
G1 X-173.311 Y109.197 Z-648.056 F2000
G1 B90.0 F1000
G1 X-193.463 Y129.349 Z-627.904 F2000
G1 B54.734270051131524 F1000
G1 X-193.463 Y129.349 Z-607.752 F2000
G1 B90.0 F1000
G1 X-213.615 Y149.502 Z-587.6 F2000
G1 B54.73628045861548 F1000
G1 X-213.615 Y149.502 Z-567.448 F2000
G1 B90.0 F1000
G1 X-233.767 Y169.654 Z-547.295 F2000
G1 B90.0 F1000
G1 X-233.767 Y169.654 Z-527.143 F2000
G1 B90.0 F1000
G1 X-233.767 Y169.654 Z-506.991 F2000
G1 B90.0 F1000
G1 X-233.767 Y169.654 Z-486.839 F2000
G1 B90.0 F1000
G1 X-233.767 Y169.654 Z-466.687 F2000
G1 B90.0 F1000
G1 X-233.767 Y169.654 Z-446.534 F2000
G1 B90.0 F1000
G1 X-233.767 Y169.654 Z-426.382 F2000
G1 B90.0 F1000
G1 X-233.767 Y169.654 Z-406.23 F2000
G1 B125.26371954138457 F1000
G1 X-233.767 Y169.654 Z-386.078 F2000
G1 B90.0 F1000
G1 X-213.615 Y149.502 Z-365.925 F2000
G1 B90.0 F1000
G1 X-213.615 Y149.502 Z-345.773 F2000
G1 B125.26572994886844 F1000
G1 X-213.615 Y149.502 Z-325.621 F2000
G1 B90.0 F1000
G1 X-193.463 Y129.349 Z-305.469 F2000
G1 B90.0 F1000
G1 X-193.463 Y129.349 Z-285.317 F2000
G1 B125.26438968275465 F1000
G1 X-193.463 Y129.349 Z-265.164 F2000
G1 B90.0 F1000
G1 X-173.311 Y109.197 Z-245.012 F2000
G1 B122.31114791575393 F1000
G1 X-173.311 Y109.197 Z-224.86 F2000
G1 B125.26438968275465 F1000
G1 X-112.854 Y68.893 Z-204.708 F2000
G1 B126.03994647249755 F1000
G1 X-92.702 Y48.741 Z-184.556 F2000
G1 B90.0 F1000
G1 X-12.093 Y-11.716 Z-164.403 F2000
G1 B90.0 F1000
G1 X-12.093 Y-11.716 Z-144.251 F2000
G1 X-12.093 Y-11.716 Z-124.099 F2000
G1 X-19.275133243394247 Y-18.674229808947903 Z-124.099 F5000
M01
G1 X-82.48307453360555 Y9.591002298628482 Z-708.513 F5000
M00
G1 B53.959973961462225 F1000
G1 X-72.55 Y8.436 Z-708.513 F2000
G1 B90.0 F1000
G1 X-153.159 Y68.893 Z-688.361 F2000
G1 B65.90536936852773 F1000
G1 X-153.159 Y68.893 Z-668.209 F2000
G1 B90.0 F1000
G1 X-193.463 Y89.045 Z-648.056 F2000
G1 B90.0 F1000
G1 X-193.463 Y89.045 Z-627.904 F2000
G1 B65.9051574478893 F1000
G1 X-193.463 Y89.045 Z-607.752 F2000
G1 B90.0 F1000
G1 X-233.767 Y109.197 Z-587.6 F2000
G1 B90.0 F1000
G1 X-233.767 Y109.197 Z-567.448 F2000
G1 B90.0 F1000
G1 X-233.767 Y109.197 Z-547.295 F2000
G1 B65.90558127829996 F1000
G1 X-233.767 Y109.197 Z-527.143 F2000
G1 B90.0 F1000
G1 X-274.072 Y129.349 Z-506.991 F2000
G1 B90.0 F1000
G1 X-274.072 Y129.349 Z-486.839 F2000
G1 B90.0 F1000
G1 X-274.072 Y129.349 Z-466.687 F2000
G1 B90.0 F1000
G1 X-274.072 Y129.349 Z-446.534 F2000
G1 B90.0 F1000
G1 X-274.072 Y129.349 Z-426.382 F2000
G1 B114.09441872170005 F1000
G1 X-274.072 Y129.349 Z-406.23 F2000
G1 B90.0 F1000
G1 X-233.767 Y109.197 Z-386.078 F2000
G1 B90.0 F1000
G1 X-233.767 Y109.197 Z-365.925 F2000
G1 B90.0 F1000
G1 X-233.767 Y109.197 Z-345.773 F2000
G1 B90.0 F1000
G1 X-233.767 Y109.197 Z-325.621 F2000
G1 B114.0948425521107 F1000
G1 X-233.767 Y109.197 Z-305.469 F2000
G1 B90.0 F1000
G1 X-193.463 Y89.045 Z-285.317 F2000
G1 B90.0 F1000
G1 X-193.463 Y89.045 Z-265.164 F2000
G1 B114.0948425521107 F1000
G1 X-193.463 Y89.045 Z-245.012 F2000
G1 B90.0 F1000
G1 X-153.159 Y68.893 Z-224.86 F2000
G1 B120.47053470765884 F1000
G1 X-153.159 Y68.893 Z-204.708 F2000
G1 B114.09420681227834 F1000
G1 X-52.398 Y8.436 Z-184.556 F2000
G1 B90.0 F1000
G1 X-12.093 Y-11.716 Z-164.403 F2000
G1 B90.0 F1000
G1 X-12.093 Y-11.716 Z-144.251 F2000
G1 X-12.093 Y-11.716 Z-124.099 F2000
G1 X-19.275133243394247 Y-18.674229808947903 Z-124.099 F5000
M01
G1 X-102.66084925017331 Y9.34226795834461 Z-708.513 F5000
M00
G1 B65.90515744788931 F1000
G1 X-92.702 Y8.436 Z-708.513 F2000
G1 B90.0 F1000
G1 X-133.006 Y28.588 Z-688.361 F2000
G1 B90.0 F1000
G1 X-153.159 Y28.588 Z-668.209 F2000
G1 B103.93192800182528 F1000
G1 X-173.311 Y28.588 Z-648.056 F2000
G1 B71.67014964880025 F1000
G1 X-12.093 Y-11.716 Z-627.904 F2000
G1 B90.0 F1000
G1 X-193.463 Y48.741 Z-607.752 F2000
G1 B54.73561031724537 F1000
G1 X-213.615 Y48.741 Z-587.6 F2000
G1 B90.0 F1000
G1 X-233.767 Y68.893 Z-567.448 F2000
G1 B90.0 F1000
G1 X-233.767 Y68.893 Z-547.295 F2000
G1 B90.0 F1000
G1 X-233.767 Y68.893 Z-527.143 F2000
G1 B90.0 F1000
G1 X-253.92 Y68.893 Z-506.991 F2000
G1 B90.0 F1000
G1 X-253.92 Y68.893 Z-486.839 F2000
G1 B90.0 F1000
G1 X-253.92 Y68.893 Z-466.687 F2000
G1 B90.0 F1000
G1 X-253.92 Y68.893 Z-446.534 F2000
G1 B90.0 F1000
G1 X-253.92 Y68.893 Z-426.382 F2000
G1 B90.0 F1000
G1 X-233.767 Y68.893 Z-406.23 F2000
G1 B90.0 F1000
G1 X-233.767 Y68.893 Z-386.078 F2000
G1 B90.0 F1000
G1 X-233.767 Y68.893 Z-365.925 F2000
G1 B125.26438968275463 F1000
G1 X-233.767 Y68.893 Z-345.773 F2000
G1 B90.0 F1000
G1 X-213.615 Y48.741 Z-325.621 F2000
G1 B90.0 F1000
G1 X-193.463 Y48.741 Z-305.469 F2000
G1 B108.32984000024697 F1000
G1 X-193.463 Y48.741 Z-285.317 F2000
G1 B76.06807199817472 F1000
G1 X-12.093 Y-11.716 Z-265.164 F2000
G1 B90.0 F1000
G1 X-173.311 Y28.588 Z-245.012 F2000
G1 B90.0 F1000
G1 X-153.159 Y28.588 Z-224.86 F2000
G1 B115.87669006082751 F1000
G1 X-133.006 Y28.588 Z-204.708 F2000
G1 B90.0 F1000
G1 X-52.398 Y-11.716 Z-184.556 F2000
G1 B90.0 F1000
G1 X-12.093 Y-11.716 Z-164.403 F2000
G1 B90.0 F1000
G1 X-12.093 Y-11.716 Z-144.251 F2000
G1 X-12.093 Y-11.716 Z-124.099 F2000
G1 X-19.275133243394247 Y-18.674229808947903 Z-124.099 F5000
M01
G1 X-82.42210327120902 Y-13.310232417994278 Z-708.513 F5000
M00
G1 B90.0 F1000
G1 X-72.55 Y-11.716 Z-708.513 F2000
G1 B65.90515744788931 F1000
G1 X-92.702 Y-11.716 Z-688.361 F2000
G1 B99.33577292962923 F1000
G1 X-133.006 Y8.436 Z-668.209 F2000
G1 B84.31761698791942 F1000
G1 X-12.093 Y-11.716 Z-648.056 F2000
G1 B90.0 F1000
G1 X-213.615 Y8.436 Z-627.904 F2000
G1 B90.0 F1000
G1 X-233.767 Y8.436 Z-607.752 F2000
G1 B90.0 F1000
G1 X-233.767 Y8.436 Z-587.6 F2000
G1 B54.73695056119057 F1000
G1 X-233.767 Y8.436 Z-567.448 F2000
G1 B90.0 F1000
G1 X-253.92 Y28.588 Z-547.295 F2000
G1 B90.0 F1000
G1 X-253.92 Y28.588 Z-527.143 F2000
G1 B90.0 F1000
G1 X-253.92 Y28.588 Z-506.991 F2000
G1 B90.0 F1000
G1 X-253.92 Y28.588 Z-486.839 F2000
G1 B90.0 F1000
G1 X-253.92 Y28.588 Z-466.687 F2000
G1 B90.0 F1000
G1 X-253.92 Y28.588 Z-446.534 F2000
G1 B90.0 F1000
G1 X-253.92 Y28.588 Z-426.382 F2000
G1 B90.0 F1000
G1 X-253.92 Y28.588 Z-406.23 F2000
G1 B125.26304943880949 F1000
G1 X-253.92 Y28.588 Z-386.078 F2000
G1 B90.0 F1000
G1 X-233.767 Y8.436 Z-365.925 F2000
G1 B90.0 F1000
G1 X-233.767 Y8.436 Z-345.773 F2000
G1 B90.0 F1000
G1 X-233.767 Y8.436 Z-325.621 F2000
G1 B90.0 F1000
G1 X-233.767 Y8.436 Z-305.469 F2000
G1 B90.0 F1000
G1 X-213.615 Y8.436 Z-285.317 F2000
G1 B90.0 F1000
G1 X-213.615 Y8.436 Z-265.164 F2000
G1 B90.0 F1000
G1 X-173.311 Y8.436 Z-245.012 F2000
G1 B114.0948425521107 F1000
G1 X-133.006 Y8.436 Z-224.86 F2000
G1 B90.0 F1000
G1 X-92.702 Y-11.716 Z-204.708 F2000
G1 B90.0 F1000
G1 X-72.55 Y-11.716 Z-184.556 F2000
G1 B90.0 F1000
G1 X-12.093 Y-11.716 Z-164.403 F2000
G1 B90.0 F1000
G1 X-12.093 Y-11.716 Z-144.251 F2000
G1 X-12.093 Y-11.716 Z-124.099 F2000
G1 X-19.275133243394247 Y-18.674229808947903 Z-124.099 F5000
M01
G1 X-62.15702250361834 Y-13.898081523195398 Z-708.513 F5000
M00
G1 B90.0 F1000
G1 X-52.398 Y-11.716 Z-708.513 F2000
G1 B90.0 F1000
G1 X-72.55 Y-11.716 Z-688.361 F2000
G1 B90.0 F1000
G1 X-133.006 Y-11.716 Z-668.209 F2000
G1 B90.0 F1000
G1 X-12.093 Y-11.716 Z-648.056 F2000
G1 B90.0 F1000
G1 X-12.093 Y-11.716 Z-627.904 F2000
G1 B90.0 F1000
G1 X-12.093 Y-11.716 Z-607.752 F2000
G1 B90.0 F1000
G1 X-12.093 Y-11.716 Z-587.6 F2000
G1 B90.0 F1000
G1 X-213.615 Y-11.716 Z-567.448 F2000
G1 B90.0 F1000
G1 X-233.767 Y-11.716 Z-547.295 F2000
G1 B90.0 F1000
G1 X-233.767 Y-11.716 Z-527.143 F2000
G1 B90.0 F1000
G1 X-233.767 Y-11.716 Z-506.991 F2000
G1 B90.0 F1000
G1 X-233.767 Y-11.716 Z-486.839 F2000
G1 B90.0 F1000
G1 X-233.767 Y-11.716 Z-466.687 F2000
G1 B90.0 F1000
G1 X-233.767 Y-11.716 Z-446.534 F2000
G1 B90.0 F1000
G1 X-233.767 Y-11.716 Z-426.382 F2000
G1 B90.0 F1000
G1 X-233.767 Y-11.716 Z-406.23 F2000
G1 B90.0 F1000
G1 X-233.767 Y-11.716 Z-386.078 F2000
G1 B90.0 F1000
G1 X-213.615 Y-11.716 Z-365.925 F2000
G1 B90.0 F1000
G1 X-213.615 Y-11.716 Z-345.773 F2000
G1 B90.0 F1000
G1 X-12.093 Y-11.716 Z-325.621 F2000
G1 B90.0 F1000
G1 X-12.093 Y-11.716 Z-305.469 F2000
G1 B90.0 F1000
G1 X-12.093 Y-11.716 Z-285.317 F2000
G1 B90.0 F1000
G1 X-12.093 Y-11.716 Z-265.164 F2000
G1 B90.0 F1000
G1 X-153.159 Y-11.716 Z-245.012 F2000
G1 B90.0 F1000
G1 X-133.006 Y-11.716 Z-224.86 F2000
G1 B90.0 F1000
G1 X-72.55 Y-11.716 Z-204.708 F2000
G1 B90.0 F1000
G1 X-32.245 Y-11.716 Z-184.556 F2000
G1 B90.0 F1000
G1 X-12.093 Y-11.716 Z-164.403 F2000
G1 B90.0 F1000
G1 X-12.093 Y-11.716 Z-144.251 F2000
G1 X-12.093 Y-11.716 Z-124.099 F2000
G1 X-19.275133243394247 Y-18.674229808947903 Z-124.099 F5000
M01
G1 X-102.15881306974546 Y-35.11895163973429 Z-708.513 F5000
M00
G1 B90.0 F1000
G1 X-92.702 Y-31.868 Z-708.513 F2000
G1 B125.2657299488684 F1000
G1 X-112.854 Y-31.868 Z-688.361 F2000
G1 B90.0 F1000
G1 X-133.006 Y-52.021 Z-668.209 F2000
G1 B90.0 F1000
G1 X-173.311 Y-52.021 Z-648.056 F2000
G1 B90.0 F1000
G1 X-213.615 Y-52.021 Z-627.904 F2000
G1 B90.0 F1000
G1 X-233.767 Y-52.021 Z-607.752 F2000
G1 B90.0 F1000
G1 X-233.767 Y-52.021 Z-587.6 F2000
G1 B90.0 F1000
G1 X-233.767 Y-52.021 Z-567.448 F2000
G1 B125.2637195413846 F1000
G1 X-233.767 Y-52.021 Z-547.295 F2000
G1 B90.0 F1000
G1 X-253.92 Y-72.173 Z-527.143 F2000
G1 B90.0 F1000
G1 X-253.92 Y-72.173 Z-506.991 F2000
G1 B90.0 F1000
G1 X-253.92 Y-72.173 Z-486.839 F2000
G1 B90.0 F1000
G1 X-253.92 Y-72.173 Z-466.687 F2000
G1 B90.0 F1000
G1 X-253.92 Y-72.173 Z-446.534 F2000
G1 B90.0 F1000
G1 X-253.92 Y-72.173 Z-426.382 F2000
G1 B90.0 F1000
G1 X-253.92 Y-72.173 Z-406.23 F2000
G1 B54.73695056119051 F1000
G1 X-253.92 Y-72.173 Z-386.078 F2000
G1 B90.0 F1000
G1 X-233.767 Y-52.021 Z-365.925 F2000
G1 B90.0 F1000
G1 X-233.767 Y-52.021 Z-345.773 F2000
G1 B90.0 F1000
G1 X-233.767 Y-52.021 Z-325.621 F2000
G1 B90.0 F1000
G1 X-233.767 Y-52.021 Z-305.469 F2000
G1 B90.0 F1000
G1 X-213.615 Y-52.021 Z-285.317 F2000
G1 B90.0 F1000
G1 X-213.615 Y-52.021 Z-265.164 F2000
G1 B90.0 F1000
G1 X-173.311 Y-52.021 Z-245.012 F2000
G1 B54.7342700511316 F1000
G1 X-133.006 Y-52.021 Z-224.86 F2000
G1 B90.0 F1000
G1 X-112.854 Y-31.868 Z-204.708 F2000
G1 B76.36716932045006 F1000
G1 X-92.702 Y-31.868 Z-184.556 F2000
G1 B90.0 F1000
G1 X-12.093 Y-11.716 Z-164.403 F2000
G1 B90.0 F1000
G1 X-12.093 Y-11.716 Z-144.251 F2000
G1 X-12.093 Y-11.716 Z-124.099 F2000
G1 X-19.275133243394247 Y-18.674229808947903 Z-124.099 F5000
M01
G1 X-121.9355971502832 Y-56.20723855029403 Z-708.513 F5000
M00
G1 B125.26438968275463 F1000
G1 X-112.854 Y-52.021 Z-708.513 F2000
G1 B90.0 F1000
G1 X-133.006 Y-72.173 Z-688.361 F2000
G1 B90.0 F1000
G1 X-153.159 Y-72.173 Z-668.209 F2000
G1 B90.0 F1000
G1 X-173.311 Y-72.173 Z-648.056 F2000
G1 B125.26438968275463 F1000
G1 X-173.311 Y-72.173 Z-627.904 F2000
G1 B90.0 F1000
G1 X-193.463 Y-92.325 Z-607.752 F2000
G1 B90.0 F1000
G1 X-213.615 Y-92.325 Z-587.6 F2000
G1 B125.26371954138455 F1000
G1 X-213.615 Y-92.325 Z-567.448 F2000
G1 B90.0 F1000
G1 X-233.767 Y-112.477 Z-547.295 F2000
G1 B90.0 F1000
G1 X-233.767 Y-112.477 Z-527.143 F2000
G1 B90.0 F1000
G1 X-233.767 Y-112.477 Z-506.991 F2000
G1 B90.0 F1000
G1 X-233.767 Y-112.477 Z-486.839 F2000
G1 B90.0 F1000
G1 X-233.767 Y-112.477 Z-466.687 F2000
G1 B90.0 F1000
G1 X-233.767 Y-112.477 Z-446.534 F2000
G1 B90.0 F1000
G1 X-233.767 Y-112.477 Z-426.382 F2000
G1 B90.0 F1000
G1 X-233.767 Y-112.477 Z-406.23 F2000
G1 B54.736280458615425 F1000
G1 X-233.767 Y-112.477 Z-386.078 F2000
G1 B90.0 F1000
G1 X-213.615 Y-92.325 Z-365.925 F2000
G1 B90.0 F1000
G1 X-213.615 Y-92.325 Z-345.773 F2000
G1 B90.0 F1000
G1 X-193.463 Y-92.325 Z-325.621 F2000
G1 B54.73561031724533 F1000
G1 X-193.463 Y-92.325 Z-305.469 F2000
G1 B90.0 F1000
G1 X-173.311 Y-72.173 Z-285.317 F2000
G1 B90.0 F1000
G1 X-173.311 Y-72.173 Z-265.164 F2000
G1 B90.0 F1000
G1 X-153.159 Y-72.173 Z-245.012 F2000
G1 B90.0 F1000
G1 X-133.006 Y-72.173 Z-224.86 F2000
G1 B65.9051574478893 F1000
G1 X-133.006 Y-72.173 Z-204.708 F2000
G1 B64.12308008629286 F1000
G1 X-92.702 Y-52.021 Z-184.556 F2000
G1 B90.0 F1000
G1 X-12.093 Y-11.716 Z-164.403 F2000
G1 B90.0 F1000
G1 X-12.093 Y-11.716 Z-144.251 F2000
G1 X-12.093 Y-11.716 Z-124.099 F2000
G1 X-19.275133243394247 Y-18.674229808947903 Z-124.099 F5000
M01
G1 X-80.67674786279088 Y-57.8481750595485 Z-708.513 F5000
M00
G1 B126.03957516832538 F1000
G1 X-72.55 Y-52.021 Z-708.513 F2000
G1 B90.0 F1000
G1 X-153.159 Y-112.477 Z-688.361 F2000
G1 B90.0 F1000
G1 X-153.159 Y-112.477 Z-668.209 F2000
G1 B114.09484255211068 F1000
G1 X-153.159 Y-112.477 Z-648.056 F2000
G1 B90.0 F1000
G1 X-193.463 Y-132.629 Z-627.904 F2000
G1 B114.09590213427147 F1000
G1 X-193.463 Y-132.629 Z-607.752 F2000
G1 B90.0 F1000
G1 X-233.767 Y-152.782 Z-587.6 F2000
G1 B90.0 F1000
G1 X-233.767 Y-152.782 Z-567.448 F2000
G1 B90.0 F1000
G1 X-233.767 Y-152.782 Z-547.295 F2000
G1 B90.0 F1000
G1 X-233.767 Y-152.782 Z-527.143 F2000
G1 B90.0 F1000
G1 X-233.767 Y-152.782 Z-506.991 F2000
G1 B90.0 F1000
G1 X-233.767 Y-152.782 Z-486.839 F2000
G1 B90.0 F1000
G1 X-233.767 Y-152.782 Z-466.687 F2000
G1 B90.0 F1000
G1 X-233.767 Y-152.782 Z-446.534 F2000
G1 B90.0 F1000
G1 X-233.767 Y-152.782 Z-426.382 F2000
G1 B90.0 F1000
G1 X-233.767 Y-152.782 Z-406.23 F2000
G1 B90.0 F1000
G1 X-233.767 Y-152.782 Z-386.078 F2000
G1 B90.0 F1000
G1 X-233.767 Y-152.782 Z-365.925 F2000
G1 B65.90409786572855 F1000
G1 X-233.767 Y-152.782 Z-345.773 F2000
G1 B90.0 F1000
G1 X-193.463 Y-132.629 Z-325.621 F2000
G1 B90.0 F1000
G1 X-193.463 Y-132.629 Z-305.469 F2000
G1 B90.0 F1000
G1 X-193.463 Y-132.629 Z-285.317 F2000
G1 B65.90515744788932 F1000
G1 X-193.463 Y-132.629 Z-265.164 F2000
G1 B90.0 F1000
G1 X-153.159 Y-112.477 Z-245.012 F2000
G1 B90.0 F1000
G1 X-153.159 Y-112.477 Z-224.86 F2000
G1 B54.735717539013315 F1000
G1 X-153.159 Y-112.477 Z-204.708 F2000
G1 B90.0 F1000
G1 X-12.093 Y-11.716 Z-184.556 F2000
G1 B90.0 F1000
G1 X-12.093 Y-11.716 Z-164.403 F2000
G1 B90.0 F1000
G1 X-12.093 Y-11.716 Z-144.251 F2000
G1 X-12.093 Y-11.716 Z-124.099 F2000
G1 X-19.275133243394247 Y-18.674229808947903 Z-124.099 F5000
M01
G1 X-19.275133243394247 Y-18.674229808947903 Z-708.513 F5000
M00
G1 B133.49156666466737 F1000
G1 X-12.093 Y-11.716 Z-708.513 F2000
G1 B90.0 F1000
G1 X-72.55 Y-72.173 Z-688.361 F2000
G1 B128.11295305193974 F1000
G1 X-72.55 Y-72.173 Z-668.209 F2000
G1 B90.0 F1000
G1 X-173.311 Y-152.782 Z-648.056 F2000
G1 B125.26438968275463 F1000
G1 X-173.311 Y-152.782 Z-627.904 F2000
G1 B90.0 F1000
G1 X-193.463 Y-172.934 Z-607.752 F2000
G1 B90.0 F1000
G1 X-193.463 Y-172.934 Z-587.6 F2000
G1 B125.26371954138455 F1000
G1 X-193.463 Y-172.934 Z-567.448 F2000
G1 B90.0 F1000
G1 X-213.615 Y-193.086 Z-547.295 F2000
G1 B90.0 F1000
G1 X-213.615 Y-193.086 Z-527.143 F2000
G1 B90.0 F1000
G1 X-213.615 Y-193.086 Z-506.991 F2000
G1 B90.0 F1000
G1 X-213.615 Y-193.086 Z-486.839 F2000
G1 B90.0 F1000
G1 X-213.615 Y-193.086 Z-466.687 F2000
G1 B90.0 F1000
G1 X-213.615 Y-193.086 Z-446.534 F2000
G1 B90.0 F1000
G1 X-213.615 Y-193.086 Z-426.382 F2000
G1 B90.0 F1000
G1 X-213.615 Y-193.086 Z-406.23 F2000
G1 B90.0 F1000
G1 X-213.615 Y-193.086 Z-386.078 F2000
G1 B54.73561031724533 F1000
G1 X-213.615 Y-193.086 Z-365.925 F2000
G1 B90.0 F1000
G1 X-193.463 Y-172.934 Z-345.773 F2000
G1 B90.0 F1000
G1 X-193.463 Y-172.934 Z-325.621 F2000
G1 B54.735610317245346 F1000
G1 X-193.463 Y-172.934 Z-305.469 F2000
G1 B90.0 F1000
G1 X-173.311 Y-152.782 Z-285.317 F2000
G1 B53.959973961462225 F1000
G1 X-173.311 Y-152.782 Z-265.164 F2000
G1 B54.735610317245346 F1000
G1 X-92.702 Y-92.325 Z-245.012 F2000
G1 B90.0 F1000
G1 X-72.55 Y-72.173 Z-224.86 F2000
G1 B46.50843333533261 F1000
G1 X-72.55 Y-72.173 Z-204.708 F2000
G1 B90.0 F1000
G1 X-12.093 Y-11.716 Z-184.556 F2000
G1 B90.0 F1000
G1 X-12.093 Y-11.716 Z-164.403 F2000
G1 B90.0 F1000
G1 X-12.093 Y-11.716 Z-144.251 F2000
G1 X-12.093 Y-11.716 Z-124.099 F2000
G1 X-19.275133243394247 Y-18.674229808947903 Z-124.099 F5000
M01
G1 X-19.275133243394247 Y-18.674229808947903 Z-708.513 F5000
M00
G1 B131.8104561700506 F1000
G1 X-12.093 Y-11.716 Z-708.513 F2000
G1 B90.0 F1000
G1 X-52.398 Y-52.021 Z-688.361 F2000
G1 B131.8100323341484 F1000
G1 X-52.398 Y-52.021 Z-668.209 F2000
G1 B125.26438968275463 F1000
G1 X-92.702 Y-92.325 Z-648.056 F2000
G1 B90.0 F1000
G1 X-112.854 Y-112.477 Z-627.904 F2000
G1 B144.7362804503024 F1000
G1 X-112.854 Y-112.477 Z-607.752 F2000
G1 B125.26371954138452 F1000
G1 X-133.006 Y-152.782 Z-587.6 F2000
G1 B131.81003233414833 F1000
G1 X-153.159 Y-172.934 Z-567.448 F2000
G1 B90.0 F1000
G1 X-193.463 Y-213.238 Z-547.295 F2000
G1 B90.0 F1000
G1 X-193.463 Y-213.238 Z-527.143 F2000
G1 B90.0 F1000
G1 X-193.463 Y-213.238 Z-506.991 F2000
G1 B90.0 F1000
G1 X-193.463 Y-213.238 Z-486.839 F2000
G1 B90.0 F1000
G1 X-193.463 Y-213.238 Z-466.687 F2000
G1 B90.0 F1000
G1 X-193.463 Y-213.238 Z-446.534 F2000
G1 B90.0 F1000
G1 X-193.463 Y-213.238 Z-426.382 F2000
G1 B90.0 F1000
G1 X-193.463 Y-213.238 Z-406.23 F2000
G1 B90.0 F1000
G1 X-193.463 Y-213.238 Z-386.078 F2000
G1 B48.1896851042214 F1000
G1 X-193.463 Y-213.238 Z-365.925 F2000
G1 B54.7362804586155 F1000
G1 X-153.159 Y-172.934 Z-345.773 F2000
G1 B90.0 F1000
G1 X-133.006 Y-152.782 Z-325.621 F2000
G1 B35.26371954969766 F1000
G1 X-133.006 Y-152.782 Z-305.469 F2000
G1 B54.73628045861547 F1000
G1 X-112.854 Y-112.477 Z-285.317 F2000
G1 B54.735610317245346 F1000
G1 X-92.702 Y-92.325 Z-265.164 F2000
G1 B54.735610317245346 F1000
G1 X-72.55 Y-72.173 Z-245.012 F2000
G1 B90.0 F1000
G1 X-52.398 Y-52.021 Z-224.86 F2000
G1 B48.18954382994938 F1000
G1 X-52.398 Y-52.021 Z-204.708 F2000
G1 B90.0 F1000
G1 X-12.093 Y-11.716 Z-184.556 F2000
G1 B90.0 F1000
G1 X-12.093 Y-11.716 Z-164.403 F2000
G1 B90.0 F1000
G1 X-12.093 Y-11.716 Z-144.251 F2000
G1 X-12.093 Y-11.716 Z-124.099 F2000
G1 X-19.275133243394247 Y-18.674229808947903 Z-124.099 F5000
M01
G1 X-19.275133243394247 Y-18.674229808947903 Z-708.513 F5000
M00
G1 B147.6883383218981 F1000
G1 X-12.093 Y-11.716 Z-708.513 F2000
G1 B125.26438968275461 F1000
G1 X-72.55 Y-112.477 Z-688.361 F2000
G1 B90.0 F1000
G1 X-92.702 Y-132.629 Z-668.209 F2000
G1 B125.26572994886841 F1000
G1 X-92.702 Y-132.629 Z-648.056 F2000
G1 B134.99999999999991 F1000
G1 X-112.854 Y-152.782 Z-627.904 F2000
G1 B90.0 F1000
G1 X-112.854 Y-172.934 Z-607.752 F2000
G1 B125.26438968275465 F1000
G1 X-112.854 Y-172.934 Z-587.6 F2000
G1 B134.99857844487028 F1000
G1 X-133.006 Y-193.086 Z-567.448 F2000
G1 B90.0 F1000
G1 X-133.006 Y-213.238 Z-547.295 F2000
G1 B90.0 F1000
G1 X-133.006 Y-213.238 Z-527.143 F2000
G1 B90.0 F1000
G1 X-133.006 Y-213.238 Z-506.991 F2000
G1 B90.0 F1000
G1 X-133.006 Y-213.238 Z-486.839 F2000
G1 B90.0 F1000
G1 X-133.006 Y-213.238 Z-466.687 F2000
G1 B90.0 F1000
G1 X-133.006 Y-213.238 Z-446.534 F2000
G1 B90.0 F1000
G1 X-133.006 Y-213.238 Z-426.382 F2000
G1 B90.0 F1000
G1 X-133.006 Y-213.238 Z-406.23 F2000
G1 B45.00142155512964 F1000
G1 X-133.006 Y-213.238 Z-386.078 F2000
G1 B90.0 F1000
G1 X-133.006 Y-193.086 Z-365.925 F2000
G1 B54.73561031724535 F1000
G1 X-133.006 Y-193.086 Z-345.773 F2000
G1 B90.0 F1000
G1 X-112.854 Y-172.934 Z-325.621 F2000
G1 B45.0 F1000
G1 X-112.854 Y-172.934 Z-305.469 F2000
G1 B90.0 F1000
G1 X-112.854 Y-152.782 Z-285.317 F2000
G1 B54.73427005113156 F1000
G1 X-112.854 Y-152.782 Z-265.164 F2000
G1 B90.0 F1000
G1 X-92.702 Y-132.629 Z-245.012 F2000
G1 B36.69922520048989 F1000
G1 X-92.702 Y-132.629 Z-224.86 F2000
G1 B36.699316022311535 F1000
G1 X-52.398 Y-72.173 Z-204.708 F2000
G1 B90.0 F1000
G1 X-12.093 Y-11.716 Z-184.556 F2000
G1 B90.0 F1000
G1 X-12.093 Y-11.716 Z-164.403 F2000
G1 B90.0 F1000
G1 X-12.093 Y-11.716 Z-144.251 F2000
G1 X-12.093 Y-11.716 Z-124.099 F2000
G1 X-19.275133243394247 Y-18.674229808947903 Z-124.099 F5000
M01
G1 X-57.33386455654189 Y-101.02196734956927 Z-708.513 F5000
M00
G1 B134.99999999999994 F1000
G1 X-52.398 Y-92.325 Z-708.513 F2000
G1 B125.26438968275463 F1000
G1 X-52.398 Y-112.477 Z-688.361 F2000
G1 B135.00000000000014 F1000
G1 X-72.55 Y-132.629 Z-668.209 F2000
G1 B134.99999999999991 F1000
G1 X-72.55 Y-152.782 Z-648.056 F2000
G1 B144.73561031724532 F1000
G1 X-72.55 Y-172.934 Z-627.904 F2000
G1 B90.0 F1000
G1 X-92.702 Y-213.238 Z-607.752 F2000
G1 B90.0 F1000
G1 X-92.702 Y-213.238 Z-587.6 F2000
G1 B90.0 F1000
G1 X-92.702 Y-213.238 Z-567.448 F2000
G1 B125.26438968275468 F1000
G1 X-92.702 Y-213.238 Z-547.295 F2000
G1 B90.0 F1000
G1 X-112.854 Y-233.39 Z-527.143 F2000
G1 B90.0 F1000
G1 X-112.854 Y-233.39 Z-506.991 F2000
G1 B90.0 F1000
G1 X-112.854 Y-233.39 Z-486.839 F2000
G1 B90.0 F1000
G1 X-112.854 Y-233.39 Z-466.687 F2000
G1 B90.0 F1000
G1 X-112.854 Y-233.39 Z-446.534 F2000
G1 B90.0 F1000
G1 X-112.854 Y-233.39 Z-426.382 F2000
G1 B90.0 F1000
G1 X-112.854 Y-233.39 Z-406.23 F2000
G1 B54.73628045861545 F1000
G1 X-112.854 Y-233.39 Z-386.078 F2000
G1 B90.0 F1000
G1 X-92.702 Y-213.238 Z-365.925 F2000
G1 B90.0 F1000
G1 X-92.702 Y-213.238 Z-345.773 F2000
G1 B90.0 F1000
G1 X-92.702 Y-213.238 Z-325.621 F2000
G1 B35.26438968275465 F1000
G1 X-92.702 Y-213.238 Z-305.469 F2000
G1 B90.0 F1000
G1 X-72.55 Y-172.934 Z-285.317 F2000
G1 B45.0 F1000
G1 X-72.55 Y-172.934 Z-265.164 F2000
G1 B44.99857844487028 F1000
G1 X-72.55 Y-152.782 Z-245.012 F2000
G1 B54.735610317245374 F1000
G1 X-72.55 Y-132.629 Z-224.86 F2000
G1 B25.239950124759506 F1000
G1 X-52.398 Y-112.477 Z-204.708 F2000
G1 B35.26438969106787 F1000
G1 X-32.245 Y-52.021 Z-184.556 F2000
G1 B90.0 F1000
G1 X-12.093 Y-11.716 Z-164.403 F2000
G1 B90.0 F1000
G1 X-12.093 Y-11.716 Z-144.251 F2000
G1 X-12.093 Y-11.716 Z-124.099 F2000
G1 X-19.275133243394247 Y-18.674229808947903 Z-124.099 F5000
M01
G1 X-35.000800162973015 Y-122.08978135930273 Z-708.513 F5000
M00
G1 B125.26371954138449 F1000
G1 X-32.245 Y-112.477 Z-708.513 F2000
G1 B135.00142155512964 F1000
G1 X-52.398 Y-132.629 Z-688.361 F2000
G1 B134.99857844487045 F1000
G1 X-52.398 Y-152.782 Z-668.209 F2000
G1 B90.0 F1000
G1 X-52.398 Y-172.934 Z-648.056 F2000
G1 B134.99999999999997 F1000
G1 X-52.398 Y-172.934 Z-627.904 F2000
G1 B90.0 F1000
G1 X-52.398 Y-193.086 Z-607.752 F2000
G1 B153.43494882292197 F1000
G1 X-52.398 Y-193.086 Z-587.6 F2000
G1 B90.0 F1000
G1 X-52.398 Y-233.39 Z-567.448 F2000
G1 B144.7362804503024 F1000
G1 X-52.398 Y-233.39 Z-547.295 F2000
G1 B90.0 F1000
G1 X-72.55 Y-273.695 Z-527.143 F2000
G1 B90.0 F1000
G1 X-72.55 Y-273.695 Z-506.991 F2000
G1 B90.0 F1000
G1 X-72.55 Y-273.695 Z-486.839 F2000
G1 B90.0 F1000
G1 X-72.55 Y-273.695 Z-466.687 F2000
G1 B90.0 F1000
G1 X-72.55 Y-273.695 Z-446.534 F2000
G1 B90.0 F1000
G1 X-72.55 Y-273.695 Z-426.382 F2000
G1 B35.263719549697704 F1000
G1 X-72.55 Y-273.695 Z-406.23 F2000
G1 B90.0 F1000
G1 X-52.398 Y-233.39 Z-386.078 F2000
G1 B45.0 F1000
G1 X-52.398 Y-233.39 Z-365.925 F2000
G1 B45.00000000000008 F1000
G1 X-52.398 Y-213.238 Z-345.773 F2000
G1 B90.0 F1000
G1 X-52.398 Y-193.086 Z-325.621 F2000
G1 B44.999999999999964 F1000
G1 X-52.398 Y-193.086 Z-305.469 F2000
G1 B90.0 F1000
G1 X-52.398 Y-172.934 Z-285.317 F2000
G1 B90.0 F1000
G1 X-52.398 Y-172.934 Z-265.164 F2000
G1 B45.0 F1000
G1 X-52.398 Y-172.934 Z-245.012 F2000
G1 B44.998578444870326 F1000
G1 X-52.398 Y-152.782 Z-224.86 F2000
G1 B35.26505982966718 F1000
G1 X-52.398 Y-132.629 Z-204.708 F2000
G1 B19.471444018334374 F1000
G1 X-32.245 Y-92.325 Z-184.556 F2000
G1 B90.0 F1000
G1 X-12.093 Y-11.716 Z-164.403 F2000
G1 B90.0 F1000
G1 X-12.093 Y-11.716 Z-144.251 F2000
G1 X-12.093 Y-11.716 Z-124.099 F2000
G1 X-19.275133243394247 Y-18.674229808947903 Z-124.099 F5000
M01
G1 X-13.391735885144307 Y-102.24030559794494 Z-708.513 F5000
M00
G1 B153.43494882292197 F1000
G1 X-12.093 Y-92.325 Z-708.513 F2000
G1 B135.00142155512964 F1000
G1 X-12.093 Y-132.629 Z-688.361 F2000
G1 B90.0 F1000
G1 X-12.093 Y-152.782 Z-668.209 F2000
G1 B134.99999999999991 F1000
G1 X-12.093 Y-152.782 Z-648.056 F2000
G1 B134.99999999999997 F1000
G1 X-12.093 Y-172.934 Z-627.904 F2000
G1 B90.0 F1000
G1 X-12.093 Y-193.086 Z-607.752 F2000
G1 B134.99999999999991 F1000
G1 X-12.093 Y-193.086 Z-587.6 F2000
G1 B134.99857844487028 F1000
G1 X-12.093 Y-213.238 Z-567.448 F2000
G1 B90.0 F1000
G1 X-12.093 Y-233.39 Z-547.295 F2000
G1 B90.0 F1000
G1 X-12.093 Y-233.39 Z-527.143 F2000
G1 B5.194382298630602 F1000
G1 X-12.093 Y-233.39 Z-506.991 F2000
G1 B90.0 F1000
G1 X-12.093 Y-11.716 Z-486.839 F2000
G1 B90.0 F1000
G1 X-12.093 Y-11.716 Z-466.687 F2000
G1 B90.0 F1000
G1 X-12.093 Y-11.716 Z-446.534 F2000
G1 B90.0 F1000
G1 X-12.093 Y-11.716 Z-426.382 F2000
G1 B174.80561770136939 F1000
G1 X-12.093 Y-11.716 Z-406.23 F2000
G1 B45.00142155512964 F1000
G1 X-12.093 Y-233.39 Z-386.078 F2000
G1 B90.0 F1000
G1 X-12.093 Y-213.238 Z-365.925 F2000
G1 B45.00000000000008 F1000
G1 X-12.093 Y-213.238 Z-345.773 F2000
G1 B90.0 F1000
G1 X-12.093 Y-193.086 Z-325.621 F2000
G1 B44.999999999999964 F1000
G1 X-12.093 Y-193.086 Z-305.469 F2000
G1 B90.0 F1000
G1 X-12.093 Y-172.934 Z-285.317 F2000
G1 B45.0 F1000
G1 X-12.093 Y-172.934 Z-265.164 F2000
G1 B90.0 F1000
G1 X-12.093 Y-152.782 Z-245.012 F2000
G1 B44.998578444870326 F1000
G1 X-12.093 Y-152.782 Z-224.86 F2000
G1 B18.434948822922 F1000
G1 X-12.093 Y-132.629 Z-204.708 F2000
G1 B18.435517447795604 F1000
G1 X-12.093 Y-72.173 Z-184.556 F2000
G1 B90.0 F1000
G1 X-12.093 Y-11.716 Z-164.403 F2000
G1 B90.0 F1000
G1 X-12.093 Y-11.716 Z-144.251 F2000
G1 X-12.093 Y-11.716 Z-124.099 F2000
G1 X-19.275133243394247 Y-18.674229808947903 Z-124.099 F5000
M01
G1 X-13.745520713342906 Y-82.0355136396343 Z-708.513 F5000
M00
G1 B154.76059817932105 F1000
G1 X-12.093 Y-72.173 Z-708.513 F2000
G1 B135.00142155512964 F1000
G1 X8.059 Y-132.629 Z-688.361 F2000
G1 B90.0 F1000
G1 X8.059 Y-152.782 Z-668.209 F2000
G1 B134.99999999999991 F1000
G1 X8.059 Y-152.782 Z-648.056 F2000
G1 B134.99999999999997 F1000
G1 X8.059 Y-172.934 Z-627.904 F2000
G1 B135.0000000000001 F1000
G1 X8.059 Y-193.086 Z-607.752 F2000
G1 B134.99999999999991 F1000
G1 X8.059 Y-213.238 Z-587.6 F2000
G1 B90.0 F1000
G1 X8.059 Y-233.39 Z-567.448 F2000
G1 B125.2657299488685 F1000
G1 X8.059 Y-233.39 Z-547.295 F2000
G1 B90.0 F1000
G1 X28.211 Y-253.543 Z-527.143 F2000
G1 B90.0 F1000
G1 X28.211 Y-253.543 Z-506.991 F2000
G1 B10.555252463323125 F1000
G1 X28.211 Y-253.543 Z-486.839 F2000
G1 B90.0 F1000
G1 X-12.093 Y-11.716 Z-466.687 F2000
G1 B90.0 F1000
G1 X-12.093 Y-11.716 Z-446.534 F2000
G1 B169.44474753667689 F1000
G1 X-12.093 Y-11.716 Z-426.382 F2000
G1 B90.0 F1000
G1 X28.211 Y-253.543 Z-406.23 F2000
G1 B54.734940203585886 F1000
G1 X28.211 Y-253.543 Z-386.078 F2000
G1 B90.0 F1000
G1 X8.059 Y-233.39 Z-365.925 F2000
G1 B45.00000000000008 F1000
G1 X8.059 Y-233.39 Z-345.773 F2000
G1 B90.0 F1000
G1 X8.059 Y-213.238 Z-325.621 F2000
G1 B26.56505117707798 F1000
G1 X8.059 Y-213.238 Z-305.469 F2000
G1 B90.0 F1000
G1 X8.059 Y-172.934 Z-285.317 F2000
G1 B45.0 F1000
G1 X8.059 Y-172.934 Z-265.164 F2000
G1 B44.99857844487028 F1000
G1 X8.059 Y-152.782 Z-245.012 F2000
G1 B54.735610317245374 F1000
G1 X8.059 Y-132.629 Z-224.86 F2000
G1 B18.434948822922 F1000
G1 X-12.093 Y-112.477 Z-204.708 F2000
G1 B26.565619796308404 F1000
G1 X-12.093 Y-52.021 Z-184.556 F2000
G1 B90.0 F1000
G1 X-12.093 Y-11.716 Z-164.403 F2000
G1 B90.0 F1000
G1 X-12.093 Y-11.716 Z-144.251 F2000
G1 X-12.093 Y-11.716 Z-124.099 F2000
G1 X-19.275133243394247 Y-18.674229808947903 Z-124.099 F5000
M01
G1 X8.773669919848025 Y-122.45142965315132 Z-708.513 F5000
M00
G1 B125.26438968275461 F1000
G1 X8.059 Y-112.477 Z-708.513 F2000
G1 B154.76041540923313 F1000
G1 X28.211 Y-132.629 Z-688.361 F2000
G1 B90.0 F1000
G1 X48.364 Y-193.086 Z-668.209 F2000
G1 B90.0 F1000
G1 X48.364 Y-193.086 Z-648.056 F2000
G1 B144.73561031724532 F1000
G1 X48.364 Y-193.086 Z-627.904 F2000
G1 B135.0014215551298 F1000
G1 X68.516 Y-233.39 Z-607.752 F2000
G1 B90.0 F1000
G1 X68.516 Y-253.543 Z-587.6 F2000
G1 B90.0 F1000
G1 X68.516 Y-253.543 Z-567.448 F2000
G1 B90.0 F1000
G1 X68.516 Y-253.543 Z-547.295 F2000
G1 B90.0 F1000
G1 X68.516 Y-253.543 Z-527.143 F2000
G1 B90.0 F1000
G1 X68.516 Y-253.543 Z-506.991 F2000
G1 B90.0 F1000
G1 X68.516 Y-253.543 Z-486.839 F2000
G1 B90.0 F1000
G1 X68.516 Y-253.543 Z-466.687 F2000
G1 B90.0 F1000
G1 X68.516 Y-253.543 Z-446.534 F2000
G1 B90.0 F1000
G1 X68.516 Y-253.543 Z-426.382 F2000
G1 B90.0 F1000
G1 X68.516 Y-253.543 Z-406.23 F2000
G1 B90.0 F1000
G1 X68.516 Y-253.543 Z-386.078 F2000
G1 B90.0 F1000
G1 X68.516 Y-253.543 Z-365.925 F2000
G1 B90.0 F1000
G1 X68.516 Y-253.543 Z-345.773 F2000
G1 B44.99857844487028 F1000
G1 X68.516 Y-253.543 Z-325.621 F2000
G1 B90.0 F1000
G1 X68.516 Y-233.39 Z-305.469 F2000
G1 B35.265059829667194 F1000
G1 X68.516 Y-233.39 Z-285.317 F2000
G1 B90.0 F1000
G1 X48.364 Y-193.086 Z-265.164 F2000
G1 B90.0 F1000
G1 X48.364 Y-193.086 Z-245.012 F2000
G1 B25.23958459076683 F1000
G1 X48.364 Y-193.086 Z-224.86 F2000
G1 B25.23940182067891 F1000
G1 X28.211 Y-132.629 Z-204.708 F2000
G1 B25.239584590766878 F1000
G1 X8.059 Y-72.173 Z-184.556 F2000
G1 B90.0 F1000
G1 X-12.093 Y-11.716 Z-164.403 F2000
G1 B90.0 F1000
G1 X-12.093 Y-11.716 Z-144.251 F2000
G1 X-12.093 Y-11.716 Z-124.099 F2000
G1 X-19.275133243394247 Y-18.674229808947903 Z-124.099 F5000
M01
G1 X30.643802263402055 Y-122.17656046154596 Z-708.513 F5000
M00
G1 B125.26371954138449 F1000
G1 X28.211 Y-112.477 Z-708.513 F2000
G1 B90.0 F1000
G1 X48.364 Y-132.629 Z-688.361 F2000
G1 B143.30095643568515 F1000
G1 X48.364 Y-132.629 Z-668.209 F2000
G1 B90.0 F1000
G1 X88.668 Y-193.086 Z-648.056 F2000
G1 B90.0 F1000
G1 X88.668 Y-193.086 Z-627.904 F2000
G1 B144.7356103172454 F1000
G1 X88.668 Y-193.086 Z-607.752 F2000
G1 B90.0 F1000
G1 X108.82 Y-233.39 Z-587.6 F2000
G1 B90.0 F1000
G1 X108.82 Y-233.39 Z-567.448 F2000
G1 B90.0 F1000
G1 X108.82 Y-233.39 Z-547.295 F2000
G1 B90.0 F1000
G1 X108.82 Y-233.39 Z-527.143 F2000
G1 B90.0 F1000
G1 X108.82 Y-233.39 Z-506.991 F2000
G1 B90.0 F1000
G1 X108.82 Y-233.39 Z-486.839 F2000
G1 B90.0 F1000
G1 X108.82 Y-233.39 Z-466.687 F2000
G1 B90.0 F1000
G1 X108.82 Y-233.39 Z-446.534 F2000
G1 B90.0 F1000
G1 X108.82 Y-233.39 Z-426.382 F2000
G1 B90.0 F1000
G1 X108.82 Y-233.39 Z-406.23 F2000
G1 B90.0 F1000
G1 X108.82 Y-233.39 Z-386.078 F2000
G1 B90.0 F1000
G1 X108.82 Y-233.39 Z-365.925 F2000
G1 B90.0 F1000
G1 X108.82 Y-233.39 Z-345.773 F2000
G1 B90.0 F1000
G1 X108.82 Y-233.39 Z-325.621 F2000
G1 B35.264389682754654 F1000
G1 X108.82 Y-233.39 Z-305.469 F2000
G1 B90.0 F1000
G1 X88.668 Y-193.086 Z-285.317 F2000
G1 B90.0 F1000
G1 X88.668 Y-193.086 Z-265.164 F2000
G1 B36.69877109492256 F1000
G1 X88.668 Y-193.086 Z-245.012 F2000
G1 B90.0 F1000
G1 X48.364 Y-132.629 Z-224.86 F2000
G1 B54.73628045861547 F1000
G1 X48.364 Y-132.629 Z-204.708 F2000
G1 B24.094842556317023 F1000
G1 X28.211 Y-112.477 Z-184.556 F2000
G1 B90.0 F1000
G1 X-12.093 Y-11.716 Z-164.403 F2000
G1 B90.0 F1000
G1 X-12.093 Y-11.716 Z-144.251 F2000
G1 X-12.093 Y-11.716 Z-124.099 F2000
G1 X-19.275133243394247 Y-18.674229808947903 Z-124.099 F5000
M01
G1 X53.00431732088188 Y-101.18318577145025 Z-708.513 F5000
M00
G1 B125.26438968275463 F1000
G1 X48.364 Y-92.325 Z-708.513 F2000
G1 B143.30122890507744 F1000
G1 X68.516 Y-112.477 Z-688.361 F2000
G1 B90.0 F1000
G1 X108.82 Y-172.934 Z-668.209 F2000
G1 B125.26438968275463 F1000
G1 X108.82 Y-172.934 Z-648.056 F2000
G1 B90.0 F1000
G1 X128.972 Y-193.086 Z-627.904 F2000
G1 B125.2637195413846 F1000
G1 X128.972 Y-193.086 Z-607.752 F2000
G1 B90.0 F1000
G1 X149.125 Y-213.238 Z-587.6 F2000
G1 B90.0 F1000
G1 X149.125 Y-213.238 Z-567.448 F2000
G1 B90.0 F1000
G1 X149.125 Y-213.238 Z-547.295 F2000
G1 B90.0 F1000
G1 X149.125 Y-213.238 Z-527.143 F2000
G1 B90.0 F1000
G1 X149.125 Y-213.238 Z-506.991 F2000
G1 B90.0 F1000
G1 X149.125 Y-213.238 Z-486.839 F2000
G1 B90.0 F1000
G1 X149.125 Y-213.238 Z-466.687 F2000
G1 B90.0 F1000
G1 X149.125 Y-213.238 Z-446.534 F2000
G1 B90.0 F1000
G1 X149.125 Y-213.238 Z-426.382 F2000
G1 B90.0 F1000
G1 X149.125 Y-213.238 Z-406.23 F2000
G1 B90.0 F1000
G1 X149.125 Y-213.238 Z-386.078 F2000
G1 B90.0 F1000
G1 X149.125 Y-213.238 Z-365.925 F2000
G1 B90.0 F1000
G1 X149.125 Y-213.238 Z-345.773 F2000
G1 B90.0 F1000
G1 X149.125 Y-213.238 Z-325.621 F2000
G1 B54.73628045861546 F1000
G1 X149.125 Y-213.238 Z-305.469 F2000
G1 B90.0 F1000
G1 X128.972 Y-193.086 Z-285.317 F2000
G1 B54.73561031724533 F1000
G1 X128.972 Y-193.086 Z-265.164 F2000
G1 B90.0 F1000
G1 X108.82 Y-172.934 Z-245.012 F2000
G1 B36.69877109492256 F1000
G1 X108.82 Y-172.934 Z-224.86 F2000
G1 B54.735610317245346 F1000
G1 X68.516 Y-112.477 Z-204.708 F2000
G1 B38.32902558259451 F1000
G1 X48.364 Y-92.325 Z-184.556 F2000
G1 B90.0 F1000
G1 X-12.093 Y-11.716 Z-164.403 F2000
G1 B90.0 F1000
G1 X-12.093 Y-11.716 Z-144.251 F2000
G1 X-12.093 Y-11.716 Z-124.099 F2000
G1 X-19.275133243394247 Y-18.674229808947903 Z-124.099 F5000
M01
G1 X53.930801514046 Y-80.48026916039291 Z-708.513 F5000
M00
G1 B125.26438968275463 F1000
G1 X48.364 Y-72.173 Z-708.513 F2000
G1 B131.8103148957786 F1000
G1 X68.516 Y-92.325 Z-688.361 F2000
G1 B90.0 F1000
G1 X108.82 Y-132.629 Z-668.209 F2000
G1 B90.0 F1000
G1 X108.82 Y-132.629 Z-648.056 F2000
G1 B90.0 F1000
G1 X128.972 Y-132.629 Z-627.904 F2000
G1 B125.26505979641418 F1000
G1 X128.972 Y-132.629 Z-607.752 F2000
G1 B90.0 F1000
G1 X149.125 Y-152.782 Z-587.6 F2000
G1 B125.26371954138452 F1000
G1 X149.125 Y-152.782 Z-567.448 F2000
G1 B90.0 F1000
G1 X169.277 Y-172.934 Z-547.295 F2000
G1 B90.0 F1000
G1 X169.277 Y-172.934 Z-527.143 F2000
G1 B90.0 F1000
G1 X169.277 Y-172.934 Z-506.991 F2000
G1 B90.0 F1000
G1 X169.277 Y-172.934 Z-486.839 F2000
G1 B90.0 F1000
G1 X169.277 Y-172.934 Z-466.687 F2000
G1 B90.0 F1000
G1 X169.277 Y-172.934 Z-446.534 F2000
G1 B90.0 F1000
G1 X169.277 Y-172.934 Z-426.382 F2000
G1 B90.0 F1000
G1 X169.277 Y-172.934 Z-406.23 F2000
G1 B54.73628045861543 F1000
G1 X169.277 Y-172.934 Z-386.078 F2000
G1 B90.0 F1000
G1 X149.125 Y-152.782 Z-365.925 F2000
G1 B90.0 F1000
G1 X149.125 Y-152.782 Z-345.773 F2000
G1 B54.73494020358589 F1000
G1 X149.125 Y-152.782 Z-325.621 F2000
G1 B90.0 F1000
G1 X128.972 Y-132.629 Z-305.469 F2000
G1 B90.0 F1000
G1 X128.972 Y-132.629 Z-285.317 F2000
G1 B90.0 F1000
G1 X108.82 Y-132.629 Z-265.164 F2000
G1 B90.0 F1000
G1 X108.82 Y-132.629 Z-245.012 F2000
G1 B48.18968510422141 F1000
G1 X108.82 Y-132.629 Z-224.86 F2000
G1 B48.19025021455135 F1000
G1 X68.516 Y-92.325 Z-204.708 F2000
G1 B48.18926128047074 F1000
G1 X28.211 Y-52.021 Z-184.556 F2000
G1 B90.0 F1000
G1 X-12.093 Y-11.716 Z-164.403 F2000
G1 B90.0 F1000
G1 X-12.093 Y-11.716 Z-144.251 F2000
G1 X-12.093 Y-11.716 Z-124.099 F2000
G1 X-19.275133243394247 Y-18.674229808947903 Z-124.099 F5000
M01
G1 X75.40094043233887 Y-79.42541995772072 Z-708.513 F5000
M00
G1 B114.0948425521107 F1000
G1 X68.516 Y-72.173 Z-708.513 F2000
G1 B125.26438968275461 F1000
G1 X108.82 Y-92.325 Z-688.361 F2000
G1 B90.0 F1000
G1 X128.972 Y-112.477 Z-668.209 F2000
G1 B107.54815540980435 F1000
G1 X128.972 Y-112.477 Z-648.056 F2000
G1 B90.0 F1000
G1 X189.429 Y-132.629 Z-627.904 F2000
G1 B90.0 F1000
G1 X189.429 Y-132.629 Z-607.752 F2000
G1 B90.0 F1000
G1 X189.429 Y-132.629 Z-587.6 F2000
G1 B114.09569020662242 F1000
G1 X189.429 Y-132.629 Z-567.448 F2000
G1 B125.2637195413846 F1000
G1 X229.733 Y-152.782 Z-547.295 F2000
G1 B90.0 F1000
G1 X249.886 Y-172.934 Z-527.143 F2000
G1 B90.0 F1000
G1 X249.886 Y-172.934 Z-506.991 F2000
G1 B90.0 F1000
G1 X249.886 Y-172.934 Z-486.839 F2000
G1 B90.0 F1000
G1 X249.886 Y-172.934 Z-466.687 F2000
G1 B90.0 F1000
G1 X249.886 Y-172.934 Z-446.534 F2000
G1 B90.0 F1000
G1 X249.886 Y-172.934 Z-426.382 F2000
G1 B90.0 F1000
G1 X249.886 Y-172.934 Z-406.23 F2000
G1 B54.73695056119054 F1000
G1 X249.886 Y-172.934 Z-386.078 F2000
G1 B65.90409786572855 F1000
G1 X229.733 Y-152.782 Z-365.925 F2000
G1 B90.0 F1000
G1 X189.429 Y-132.629 Z-345.773 F2000
G1 B90.0 F1000
G1 X189.429 Y-132.629 Z-325.621 F2000
G1 B90.0 F1000
G1 X189.429 Y-132.629 Z-305.469 F2000
G1 B72.45192632392421 F1000
G1 X189.429 Y-132.629 Z-285.317 F2000
G1 B90.0 F1000
G1 X128.972 Y-112.477 Z-265.164 F2000
G1 B90.0 F1000
G1 X128.972 Y-112.477 Z-245.012 F2000
G1 B48.18968510422141 F1000
G1 X128.972 Y-112.477 Z-224.86 F2000
G1 B90.0 F1000
G1 X88.668 Y-72.173 Z-204.708 F2000
G1 B53.96005352750247 F1000
G1 X68.516 Y-72.173 Z-184.556 F2000
G1 B90.0 F1000
G1 X-12.093 Y-11.716 Z-164.403 F2000
G1 B90.0 F1000
G1 X-12.093 Y-11.716 Z-144.251 F2000
G1 X-12.093 Y-11.716 Z-124.099 F2000
G1 X-19.275133243394247 Y-18.674229808947903 Z-124.099 F5000
M01
G1 X117.15368686070572 Y-77.70017498435688 Z-708.513 F5000
M00
G1 B107.54815540980437 F1000
G1 X108.82 Y-72.173 Z-708.513 F2000
G1 B90.0 F1000
G1 X169.277 Y-92.325 Z-688.361 F2000
G1 B90.0 F1000
G1 X169.277 Y-92.325 Z-668.209 F2000
G1 B90.0 F1000
G1 X169.277 Y-92.325 Z-648.056 F2000
G1 B107.5484006137923 F1000
G1 X169.277 Y-92.325 Z-627.904 F2000
G1 B90.0 F1000
G1 X229.733 Y-112.477 Z-607.752 F2000
G1 B90.0 F1000
G1 X229.733 Y-112.477 Z-587.6 F2000
G1 B90.0 F1000
G1 X229.733 Y-112.477 Z-567.448 F2000
G1 B114.09441872170008 F1000
G1 X229.733 Y-112.477 Z-547.295 F2000
G1 B90.0 F1000
G1 X270.038 Y-132.629 Z-527.143 F2000
G1 B90.0 F1000
G1 X270.038 Y-132.629 Z-506.991 F2000
G1 B90.0 F1000
G1 X270.038 Y-132.629 Z-486.839 F2000
G1 B90.0 F1000
G1 X270.038 Y-132.629 Z-466.687 F2000
G1 B90.0 F1000
G1 X270.038 Y-132.629 Z-446.534 F2000
G1 B90.0 F1000
G1 X270.038 Y-132.629 Z-426.382 F2000
G1 B90.0 F1000
G1 X270.038 Y-132.629 Z-406.23 F2000
G1 B65.90579318772167 F1000
G1 X270.038 Y-132.629 Z-386.078 F2000
G1 B90.0 F1000
G1 X229.733 Y-112.477 Z-365.925 F2000
G1 B90.0 F1000
G1 X229.733 Y-112.477 Z-345.773 F2000
G1 B90.0 F1000
G1 X229.733 Y-112.477 Z-325.621 F2000
G1 B72.4515993862077 F1000
G1 X229.733 Y-112.477 Z-305.469 F2000
G1 B90.0 F1000
G1 X169.277 Y-92.325 Z-285.317 F2000
G1 B90.0 F1000
G1 X169.277 Y-92.325 Z-265.164 F2000
G1 B90.0 F1000
G1 X169.277 Y-92.325 Z-245.012 F2000
G1 B90.0 F1000
G1 X169.277 Y-92.325 Z-224.86 F2000
G1 B72.45184459019563 F1000
G1 X169.277 Y-92.325 Z-204.708 F2000
G1 B63.747462305050426 F1000
G1 X108.82 Y-72.173 Z-184.556 F2000
G1 B90.0 F1000
G1 X-12.093 Y-11.716 Z-164.403 F2000
G1 B90.0 F1000
G1 X-12.093 Y-11.716 Z-144.251 F2000
G1 X-12.093 Y-11.716 Z-124.099 F2000
G1 X-19.275133243394247 Y-18.674229808947903 Z-124.099 F5000
M01
G1 X117.84209552511825 Y-56.33397951950172 Z-708.513 F5000
M00
G1 B90.0 F1000
G1 X108.82 Y-52.021 Z-708.513 F2000
G1 B90.0 F1000
G1 X128.972 Y-52.021 Z-688.361 F2000
G1 B90.0 F1000
G1 X128.972 Y-52.021 Z-668.209 F2000
G1 B103.63302222536642 F1000
G1 X149.125 Y-52.021 Z-648.056 F2000
G1 B90.0 F1000
G1 X229.733 Y-72.173 Z-627.904 F2000
G1 B90.0 F1000
G1 X229.733 Y-72.173 Z-607.752 F2000
G1 B90.0 F1000
G1 X229.733 Y-72.173 Z-587.6 F2000
G1 B90.0 F1000
G1 X249.886 Y-72.173 Z-567.448 F2000
G1 B90.0 F1000
G1 X249.886 Y-72.173 Z-547.295 F2000
G1 B90.0 F1000
G1 X249.886 Y-72.173 Z-527.143 F2000
G1 B90.0 F1000
G1 X249.886 Y-72.173 Z-506.991 F2000
G1 B90.0 F1000
G1 X249.886 Y-72.173 Z-486.839 F2000
G1 B90.0 F1000
G1 X249.886 Y-72.173 Z-466.687 F2000
G1 B90.0 F1000
G1 X249.886 Y-72.173 Z-446.534 F2000
G1 B90.0 F1000
G1 X249.886 Y-72.173 Z-426.382 F2000
G1 B90.0 F1000
G1 X249.886 Y-72.173 Z-406.23 F2000
G1 B90.0 F1000
G1 X249.886 Y-72.173 Z-386.078 F2000
G1 B90.0 F1000
G1 X249.886 Y-72.173 Z-365.925 F2000
G1 B90.0 F1000
G1 X229.733 Y-72.173 Z-345.773 F2000
G1 B90.0 F1000
G1 X229.733 Y-72.173 Z-325.621 F2000
G1 B90.0 F1000
G1 X229.733 Y-72.173 Z-305.469 F2000
G1 B72.45168112336535 F1000
G1 X229.733 Y-72.173 Z-285.317 F2000
G1 B90.0 F1000
G1 X169.277 Y-52.021 Z-265.164 F2000
G1 B90.0 F1000
G1 X149.125 Y-52.021 Z-245.012 F2000
G1 B90.0 F1000
G1 X128.972 Y-52.021 Z-224.86 F2000
G1 B54.73427005113157 F1000
G1 X108.82 Y-52.021 Z-204.708 F2000
G1 B78.90432062550816 F1000
G1 X88.668 Y-31.868 Z-184.556 F2000
G1 B90.0 F1000
G1 X-12.093 Y-11.716 Z-164.403 F2000
G1 B90.0 F1000
G1 X-12.093 Y-11.716 Z-144.251 F2000
G1 X-12.093 Y-11.716 Z-124.099 F2000
G1 X-19.275133243394247 Y-18.674229808947903 Z-124.099 F5000
M01
G1 X98.58183059786208 Y-13.025947661891008 Z-708.513 F5000
M00
G1 B90.0 F1000
G1 X88.668 Y-11.716 Z-708.513 F2000
G1 B90.0 F1000
G1 X108.82 Y-11.716 Z-688.361 F2000
G1 B90.0 F1000
G1 X128.972 Y-11.716 Z-668.209 F2000
G1 B90.0 F1000
G1 X-12.093 Y-11.716 Z-648.056 F2000
G1 B90.0 F1000
G1 X-12.093 Y-11.716 Z-627.904 F2000
G1 B90.0 F1000
G1 X-12.093 Y-11.716 Z-607.752 F2000
G1 B90.0 F1000
G1 X-12.093 Y-11.716 Z-587.6 F2000
G1 B90.0 F1000
G1 X-12.093 Y-11.716 Z-567.448 F2000
G1 B90.0 F1000
G1 X-12.093 Y-11.716 Z-547.295 F2000
G1 B90.0 F1000
G1 X-12.093 Y-11.716 Z-527.143 F2000
G1 B90.0 F1000
G1 X209.581 Y-11.716 Z-506.991 F2000
G1 B90.0 F1000
G1 X209.581 Y-11.716 Z-486.839 F2000
G1 B90.0 F1000
G1 X209.581 Y-11.716 Z-466.687 F2000
G1 B90.0 F1000
G1 X209.581 Y-11.716 Z-446.534 F2000
G1 B90.0 F1000
G1 X209.581 Y-11.716 Z-426.382 F2000
G1 B90.0 F1000
G1 X209.581 Y-11.716 Z-406.23 F2000
G1 B90.0 F1000
G1 X-12.093 Y-11.716 Z-386.078 F2000
G1 B90.0 F1000
G1 X-12.093 Y-11.716 Z-365.925 F2000
G1 B90.0 F1000
G1 X-12.093 Y-11.716 Z-345.773 F2000
G1 B90.0 F1000
G1 X-12.093 Y-11.716 Z-325.621 F2000
G1 B90.0 F1000
G1 X-12.093 Y-11.716 Z-305.469 F2000
G1 B90.0 F1000
G1 X-12.093 Y-11.716 Z-285.317 F2000
G1 B90.0 F1000
G1 X-12.093 Y-11.716 Z-265.164 F2000
G1 B90.0 F1000
G1 X128.972 Y-11.716 Z-245.012 F2000
G1 B90.0 F1000
G1 X108.82 Y-11.716 Z-224.86 F2000
G1 B90.0 F1000
G1 X108.82 Y-11.716 Z-204.708 F2000
G1 B90.0 F1000
G1 X28.211 Y-11.716 Z-184.556 F2000
G1 B90.0 F1000
G1 X-12.093 Y-11.716 Z-164.403 F2000
G1 B90.0 F1000
G1 X-12.093 Y-11.716 Z-144.251 F2000
G1 X-12.093 Y-11.716 Z-124.099 F2000
G1 X-19.275133243394247 Y-18.674229808947903 Z-124.099 F5000
M01
G1 X78.3729308422841 Y-13.40150122231596 Z-708.513 F5000
M00
G1 B65.90515744788931 F1000
G1 X68.516 Y-11.716 Z-708.513 F2000
G1 B90.0 F1000
G1 X108.82 Y8.436 Z-688.361 F2000
G1 B98.04940390348871 F1000
G1 X128.972 Y8.436 Z-668.209 F2000
G1 B90.0 F1000
G1 X-12.093 Y-11.716 Z-648.056 F2000
G1 B90.0 F1000
G1 X-12.093 Y-11.716 Z-627.904 F2000
G1 B84.82683359419879 F1000
G1 X-12.093 Y-11.716 Z-607.752 F2000
G1 B54.73561031724539 F1000
G1 X209.581 Y8.436 Z-587.6 F2000
G1 B90.0 F1000
G1 X229.733 Y28.588 Z-567.448 F2000
G1 B90.0 F1000
G1 X229.733 Y28.588 Z-547.295 F2000
G1 B90.0 F1000
G1 X229.733 Y28.588 Z-527.143 F2000
G1 B90.0 F1000
G1 X229.733 Y28.588 Z-506.991 F2000
G1 B90.0 F1000
G1 X229.733 Y28.588 Z-486.839 F2000
G1 B90.0 F1000
G1 X229.733 Y28.588 Z-466.687 F2000
G1 B90.0 F1000
G1 X229.733 Y28.588 Z-446.534 F2000
G1 B90.0 F1000
G1 X229.733 Y28.588 Z-426.382 F2000
G1 B90.0 F1000
G1 X229.733 Y28.588 Z-406.23 F2000
G1 B90.0 F1000
G1 X229.733 Y28.588 Z-386.078 F2000
G1 B90.0 F1000
G1 X229.733 Y28.588 Z-365.925 F2000
G1 B125.26438968275461 F1000
G1 X229.733 Y28.588 Z-345.773 F2000
G1 B90.0 F1000
G1 X209.581 Y8.436 Z-325.621 F2000
G1 B95.17316640580121 F1000
G1 X209.581 Y8.436 Z-305.469 F2000
G1 B90.0 F1000
G1 X-12.093 Y-11.716 Z-285.317 F2000
G1 B81.9505882124407 F1000
G1 X-12.093 Y-11.716 Z-265.164 F2000
G1 B90.0 F1000
G1 X128.972 Y8.436 Z-245.012 F2000
G1 B90.0 F1000
G1 X108.82 Y8.436 Z-224.86 F2000
G1 B101.09570002598588 F1000
G1 X108.82 Y8.436 Z-204.708 F2000
G1 B90.0 F1000
G1 X8.059 Y-11.716 Z-184.556 F2000
G1 B90.0 F1000
G1 X-12.093 Y-11.716 Z-164.403 F2000
G1 B90.0 F1000
G1 X-12.093 Y-11.716 Z-144.251 F2000
G1 X-12.093 Y-11.716 Z-124.099 F2000
G1 X-19.275133243394247 Y-18.674229808947903 Z-124.099 F5000
M01
G1 X118.49181291050168 Y31.128872886283975 Z-708.513 F5000
M00
G1 B90.0 F1000
G1 X108.82 Y28.588 Z-708.513 F2000
G1 B90.0 F1000
G1 X149.125 Y28.588 Z-688.361 F2000
G1 B90.0 F1000
G1 X149.125 Y28.588 Z-668.209 F2000
G1 B103.9319280018253 F1000
G1 X149.125 Y28.588 Z-648.056 F2000
G1 B90.0 F1000
G1 X-12.093 Y-11.716 Z-627.904 F2000
G1 B70.09243770339472 F1000
G1 X-12.093 Y-11.716 Z-607.752 F2000
G1 B90.0 F1000
G1 X209.581 Y68.893 Z-587.6 F2000
G1 B90.0 F1000
G1 X229.733 Y68.893 Z-567.448 F2000
G1 B65.90558127829992 F1000
G1 X229.733 Y68.893 Z-547.295 F2000
G1 B90.0 F1000
G1 X270.038 Y89.045 Z-527.143 F2000
G1 B90.0 F1000
G1 X270.038 Y89.045 Z-506.991 F2000
G1 B90.0 F1000
G1 X270.038 Y89.045 Z-486.839 F2000
G1 B90.0 F1000
G1 X270.038 Y89.045 Z-466.687 F2000
G1 B90.0 F1000
G1 X270.038 Y89.045 Z-446.534 F2000
G1 B90.0 F1000
G1 X270.038 Y89.045 Z-426.382 F2000
G1 B114.09441872170007 F1000
G1 X270.038 Y89.045 Z-406.23 F2000
G1 B90.0 F1000
G1 X229.733 Y68.893 Z-386.078 F2000
G1 B90.0 F1000
G1 X229.733 Y68.893 Z-365.925 F2000
G1 B90.0 F1000
G1 X229.733 Y68.893 Z-345.773 F2000
G1 B125.26438968275468 F1000
G1 X209.581 Y68.893 Z-325.621 F2000
G1 B106.6210567137101 F1000
G1 X189.429 Y48.741 Z-305.469 F2000
G1 B71.67015999975303 F1000
G1 X-12.093 Y-11.716 Z-285.317 F2000
G1 B125.26572994886841 F1000
G1 X169.277 Y48.741 Z-265.164 F2000
G1 B90.0 F1000
G1 X149.125 Y28.588 Z-245.012 F2000
G1 B90.0 F1000
G1 X149.125 Y28.588 Z-224.86 F2000
G1 B107.54815540980437 F1000
G1 X149.125 Y28.588 Z-204.708 F2000
G1 B101.09567937449184 F1000
G1 X88.668 Y8.436 Z-184.556 F2000
G1 B90.0 F1000
G1 X-12.093 Y-11.716 Z-164.403 F2000
G1 B90.0 F1000
G1 X-12.093 Y-11.716 Z-144.251 F2000
G1 X-12.093 Y-11.716 Z-124.099 F2000
G1 X-19.275133243394247 Y-18.674229808947903 Z-124.099 F5000
M01
G1 X77.7448711976263 Y32.43870596353757 Z-708.513 F5000
M00
G1 B65.90409786572857 F1000
G1 X68.516 Y28.588 Z-708.513 F2000
G1 B54.73561031724539 F1000
G1 X108.82 Y48.741 Z-688.361 F2000
G1 B90.0 F1000
G1 X128.972 Y68.893 Z-668.209 F2000
G1 B54.73561031724537 F1000
G1 X149.125 Y68.893 Z-648.056 F2000
G1 B90.0 F1000
G1 X169.277 Y89.045 Z-627.904 F2000
G1 B90.0 F1000
G1 X169.277 Y89.045 Z-607.752 F2000
G1 B65.90515744788931 F1000
G1 X189.429 Y89.045 Z-587.6 F2000
G1 B90.0 F1000
G1 X229.733 Y109.197 Z-567.448 F2000
G1 B90.0 F1000
G1 X229.733 Y109.197 Z-547.295 F2000
G1 B90.0 F1000
G1 X229.733 Y109.197 Z-527.143 F2000
G1 B90.0 F1000
G1 X229.733 Y109.197 Z-506.991 F2000
G1 B90.0 F1000
G1 X229.733 Y109.197 Z-486.839 F2000
G1 B90.0 F1000
G1 X229.733 Y109.197 Z-466.687 F2000
G1 B90.0 F1000
G1 X229.733 Y109.197 Z-446.534 F2000
G1 B90.0 F1000
G1 X229.733 Y109.197 Z-426.382 F2000
G1 B90.0 F1000
G1 X229.733 Y109.197 Z-406.23 F2000
G1 B90.0 F1000
G1 X229.733 Y109.197 Z-386.078 F2000
G1 B90.0 F1000
G1 X229.733 Y109.197 Z-365.925 F2000
G1 B114.09484255211069 F1000
G1 X229.733 Y109.197 Z-345.773 F2000
G1 B90.0 F1000
G1 X189.429 Y89.045 Z-325.621 F2000
G1 B90.0 F1000
G1 X169.277 Y89.045 Z-305.469 F2000
G1 B90.0 F1000
G1 X169.277 Y89.045 Z-285.317 F2000
G1 B125.26438968275468 F1000
G1 X169.277 Y89.045 Z-265.164 F2000
G1 B114.09441872170008 F1000
G1 X149.125 Y68.893 Z-245.012 F2000
G1 B90.0 F1000
G1 X108.82 Y48.741 Z-224.86 F2000
G1 B114.09590213427144 F1000
G1 X108.82 Y48.741 Z-204.708 F2000
G1 B115.87636169592412 F1000
G1 X68.516 Y28.588 Z-184.556 F2000
G1 B90.0 F1000
G1 X-12.093 Y-11.716 Z-164.403 F2000
G1 B90.0 F1000
G1 X-12.093 Y-11.716 Z-144.251 F2000
G1 X-12.093 Y-11.716 Z-124.099 F2000
G1 X-19.275133243394247 Y-18.674229808947903 Z-124.099 F5000
M01
G1 X96.56458546721994 Y75.02846558615491 Z-708.513 F5000
M00
G1 B90.0 F1000
G1 X88.668 Y68.893 Z-708.513 F2000
G1 B54.73561031724537 F1000
G1 X88.668 Y68.893 Z-688.361 F2000
G1 B90.0 F1000
G1 X108.82 Y89.045 Z-668.209 F2000
G1 B90.0 F1000
G1 X108.82 Y89.045 Z-648.056 F2000
G1 B90.0 F1000
G1 X128.972 Y89.045 Z-627.904 F2000
G1 B54.736280458615404 F1000
G1 X128.972 Y89.045 Z-607.752 F2000
G1 B90.0 F1000
G1 X149.125 Y109.197 Z-587.6 F2000
G1 B54.73628045861548 F1000
G1 X149.125 Y109.197 Z-567.448 F2000
G1 B90.0 F1000
G1 X169.277 Y129.349 Z-547.295 F2000
G1 B54.7342700511316 F1000
G1 X169.277 Y129.349 Z-527.143 F2000
G1 B90.0 F1000
G1 X189.429 Y149.502 Z-506.991 F2000
G1 B90.0 F1000
G1 X189.429 Y149.502 Z-486.839 F2000
G1 B90.0 F1000
G1 X189.429 Y149.502 Z-466.687 F2000
G1 B90.0 F1000
G1 X189.429 Y149.502 Z-446.534 F2000
G1 B128.52090501525504 F1000
G1 X189.429 Y149.502 Z-426.382 F2000
G1 B52.29534049055008 F1000
G1 X-12.093 Y-11.716 Z-406.23 F2000
G1 B125.26371954138457 F1000
G1 X169.277 Y129.349 Z-386.078 F2000
G1 B90.0 F1000
G1 X149.125 Y109.197 Z-365.925 F2000
G1 B90.0 F1000
G1 X149.125 Y109.197 Z-345.773 F2000
G1 B126.65682471553625 F1000
G1 X149.125 Y109.197 Z-325.621 F2000
G1 B54.73552990060013 F1000
G1 X-12.093 Y-11.716 Z-305.469 F2000
G1 B90.0 F1000
G1 X128.972 Y89.045 Z-285.317 F2000
G1 B90.0 F1000
G1 X128.972 Y89.045 Z-265.164 F2000
G1 B90.0 F1000
G1 X108.82 Y89.045 Z-245.012 F2000
G1 B125.26438968275465 F1000
G1 X108.82 Y89.045 Z-224.86 F2000
G1 B125.26438968275465 F1000
G1 X88.668 Y68.893 Z-204.708 F2000
G1 B126.03994647249755 F1000
G1 X68.516 Y48.741 Z-184.556 F2000
G1 B90.0 F1000
G1 X-12.093 Y-11.716 Z-164.403 F2000
G1 B90.0 F1000
G1 X-12.093 Y-11.716 Z-144.251 F2000
G1 X-12.093 Y-11.716 Z-124.099 F2000
G1 X-19.275133243394247 Y-18.674229808947903 Z-124.099 F5000
M01
G1 X54.10969301102365 Y77.07755935423978 Z-708.513 F5000
M00
G1 B48.18968510422142 F1000
G1 X48.364 Y68.893 Z-708.513 F2000
G1 B35.263719549697704 F1000
G1 X88.668 Y109.197 Z-688.361 F2000
G1 B90.0 F1000
G1 X108.82 Y149.502 Z-668.209 F2000
G1 B54.7356103172454 F1000
G1 X108.82 Y149.502 Z-648.056 F2000
G1 B90.0 F1000
G1 X128.972 Y169.654 Z-627.904 F2000
G1 B90.0 F1000
G1 X128.972 Y169.654 Z-607.752 F2000
G1 B90.0 F1000
G1 X128.972 Y169.654 Z-587.6 F2000
G1 B90.0 F1000
G1 X128.972 Y169.654 Z-567.448 F2000
G1 B90.0 F1000
G1 X128.972 Y169.654 Z-547.295 F2000
G1 B90.0 F1000
G1 X128.972 Y169.654 Z-527.143 F2000
G1 B90.0 F1000
G1 X128.972 Y169.654 Z-506.991 F2000
G1 B90.0 F1000
G1 X128.972 Y169.654 Z-486.839 F2000
G1 B90.0 F1000
G1 X128.972 Y169.654 Z-466.687 F2000
G1 B90.0 F1000
G1 X128.972 Y169.654 Z-446.534 F2000
G1 B90.0 F1000
G1 X128.972 Y169.654 Z-426.382 F2000
G1 B90.0 F1000
G1 X128.972 Y169.654 Z-406.23 F2000
G1 B90.0 F1000
G1 X128.972 Y169.654 Z-386.078 F2000
G1 B90.0 F1000
G1 X128.972 Y169.654 Z-365.925 F2000
G1 B90.0 F1000
G1 X128.972 Y169.654 Z-345.773 F2000
G1 B90.0 F1000
G1 X128.972 Y169.654 Z-325.621 F2000
G1 B90.0 F1000
G1 X128.972 Y169.654 Z-305.469 F2000
G1 B90.0 F1000
G1 X128.972 Y169.654 Z-285.317 F2000
G1 B125.26438968275463 F1000
G1 X128.972 Y169.654 Z-265.164 F2000
G1 B90.0 F1000
G1 X108.82 Y149.502 Z-245.012 F2000
G1 B144.73628045030233 F1000
G1 X108.82 Y149.502 Z-224.86 F2000
G1 B131.81031489577862 F1000
G1 X88.668 Y109.197 Z-204.708 F2000
G1 B141.6709744174055 F1000
G1 X48.364 Y68.893 Z-184.556 F2000
G1 B90.0 F1000
G1 X-12.093 Y-11.716 Z-164.403 F2000
G1 B90.0 F1000
G1 X-12.093 Y-11.716 Z-144.251 F2000
G1 X-12.093 Y-11.716 Z-124.099 F2000
G1 X-19.275133243394247 Y-18.674229808947903 Z-124.099 F5000
M01
G1 X31.23122247615487 Y98.57800876924641 Z-708.513 F5000
M00
G1 B48.19025021455137 F1000
G1 X28.211 Y89.045 Z-708.513 F2000
G1 B44.99857844487037 F1000
G1 X68.516 Y129.349 Z-688.361 F2000
G1 B90.0 F1000
G1 X68.516 Y149.502 Z-668.209 F2000
G1 B54.73561031724539 F1000
G1 X68.516 Y149.502 Z-648.056 F2000
G1 B90.0 F1000
G1 X88.668 Y169.654 Z-627.904 F2000
G1 B44.99999999999988 F1000
G1 X88.668 Y169.654 Z-607.752 F2000
G1 B90.0 F1000
G1 X88.668 Y189.806 Z-587.6 F2000
G1 B54.73628045861548 F1000
G1 X88.668 Y189.806 Z-567.448 F2000
G1 B90.0 F1000
G1 X108.82 Y209.958 Z-547.295 F2000
G1 B90.0 F1000
G1 X108.82 Y209.958 Z-527.143 F2000
G1 B44.999999999999964 F1000
G1 X108.82 Y209.958 Z-506.991 F2000
G1 B90.0 F1000
G1 X108.82 Y230.11 Z-486.839 F2000
G1 B90.0 F1000
G1 X108.82 Y230.11 Z-466.687 F2000
G1 B90.0 F1000
G1 X108.82 Y230.11 Z-446.534 F2000
G1 B135.00000000000006 F1000
G1 X108.82 Y230.11 Z-426.382 F2000
G1 B90.0 F1000
G1 X108.82 Y209.958 Z-406.23 F2000
G1 B90.0 F1000
G1 X108.82 Y209.958 Z-386.078 F2000
G1 B125.26438968275465 F1000
G1 X108.82 Y209.958 Z-365.925 F2000
G1 B90.0 F1000
G1 X88.668 Y189.806 Z-345.773 F2000
G1 B90.0 F1000
G1 X88.668 Y189.806 Z-325.621 F2000
G1 B135.00000000000006 F1000
G1 X88.668 Y189.806 Z-305.469 F2000
G1 B90.0 F1000
G1 X88.668 Y169.654 Z-285.317 F2000
G1 B125.26438968275465 F1000
G1 X88.668 Y169.654 Z-265.164 F2000
G1 B90.0 F1000
G1 X68.516 Y149.502 Z-245.012 F2000
G1 B144.73628045030233 F1000
G1 X68.516 Y149.502 Z-224.86 F2000
G1 B125.26371954138457 F1000
G1 X48.364 Y109.197 Z-204.708 F2000
G1 B155.90515744368298 F1000
G1 X28.211 Y89.045 Z-184.556 F2000
G1 B90.0 F1000
G1 X-12.093 Y-11.716 Z-164.403 F2000
G1 B90.0 F1000
G1 X-12.093 Y-11.716 Z-144.251 F2000
G1 X-12.093 Y-11.716 Z-124.099 F2000
G1 X-19.275133243394247 Y-18.674229808947903 Z-124.099 F5000
M01
G1 X30.712367862356956 Y118.87910508191106 Z-708.513 F5000
M00
G1 B45.00000000000008 F1000
G1 X28.211 Y109.197 Z-708.513 F2000
G1 B90.0 F1000
G1 X28.211 Y129.349 Z-688.361 F2000
G1 B35.26505980472729 F1000
G1 X28.211 Y129.349 Z-668.209 F2000
G1 B90.0 F1000
G1 X48.364 Y169.654 Z-648.056 F2000
G1 B35.264389682754675 F1000
G1 X48.364 Y169.654 Z-627.904 F2000
G1 B90.0 F1000
G1 X68.516 Y209.958 Z-607.752 F2000
G1 B90.0 F1000
G1 X68.516 Y209.958 Z-587.6 F2000
G1 B45.001421555129674 F1000
G1 X68.516 Y209.958 Z-567.448 F2000
G1 B90.0 F1000
G1 X68.516 Y230.11 Z-547.295 F2000
G1 B90.0 F1000
G1 X68.516 Y230.11 Z-527.143 F2000
G1 B90.0 F1000
G1 X68.516 Y230.11 Z-506.991 F2000
G1 B90.0 F1000
G1 X68.516 Y230.11 Z-486.839 F2000
G1 B90.0 F1000
G1 X68.516 Y230.11 Z-466.687 F2000
G1 B90.0 F1000
G1 X68.516 Y230.11 Z-446.534 F2000
G1 B90.0 F1000
G1 X68.516 Y230.11 Z-426.382 F2000
G1 B90.0 F1000
G1 X68.516 Y230.11 Z-406.23 F2000
G1 B134.99857844487042 F1000
G1 X68.516 Y230.11 Z-386.078 F2000
G1 B90.0 F1000
G1 X68.516 Y209.958 Z-365.925 F2000
G1 B90.0 F1000
G1 X68.516 Y209.958 Z-345.773 F2000
G1 B90.0 F1000
G1 X68.516 Y209.958 Z-325.621 F2000
G1 B90.0 F1000
G1 X68.516 Y209.958 Z-305.469 F2000
G1 B144.73494017033283 F1000
G1 X68.516 Y209.958 Z-285.317 F2000
G1 B90.0 F1000
G1 X48.364 Y169.654 Z-265.164 F2000
G1 B125.26371954138455 F1000
G1 X48.364 Y169.654 Z-245.012 F2000
G1 B135.0014215551297 F1000
G1 X28.211 Y149.502 Z-224.86 F2000
G1 B144.73561031724535 F1000
G1 X28.211 Y129.349 Z-204.708 F2000
G1 B164.20660756820024 F1000
G1 X8.059 Y89.045 Z-184.556 F2000
G1 B90.0 F1000
G1 X-12.093 Y-11.716 Z-164.403 F2000
G1 B90.0 F1000
G1 X-12.093 Y-11.716 Z-144.251 F2000
G1 X-12.093 Y-11.716 Z-124.099 F2000
G1 X-19.275133243394247 Y-18.674229808947903 Z-124.099 F5000
M01
G1 X-14.50106334262306 Y58.44673185998434 Z-708.513 F5000
M00
G1 B25.23940182067894 F1000
G1 X-12.093 Y48.741 Z-708.513 F2000
G1 B90.0 F1000
G1 X8.059 Y109.197 Z-688.361 F2000
G1 B166.73711236522595 F1000
G1 X8.059 Y109.197 Z-668.209 F2000
G1 B8.930044948634546 F1000
G1 X-12.093 Y-11.716 Z-648.056 F2000
G1 B45.00000000000004 F1000
G1 X8.059 Y169.654 Z-627.904 F2000
G1 B90.0 F1000
G1 X8.059 Y189.806 Z-607.752 F2000
G1 B45.00000000000008 F1000
G1 X8.059 Y189.806 Z-587.6 F2000
G1 B90.0 F1000
G1 X8.059 Y209.958 Z-567.448 F2000
G1 B90.0 F1000
G1 X8.059 Y209.958 Z-547.295 F2000
G1 B172.6740284261837 F1000
G1 X8.059 Y209.958 Z-527.143 F2000
G1 B90.0 F1000
G1 X-12.093 Y-11.716 Z-506.991 F2000
G1 B90.0 F1000
G1 X-12.093 Y-11.716 Z-486.839 F2000
G1 B90.0 F1000
G1 X-12.093 Y-11.716 Z-466.687 F2000
G1 B90.0 F1000
G1 X-12.093 Y-11.716 Z-446.534 F2000
G1 B90.0 F1000
G1 X-12.093 Y-11.716 Z-426.382 F2000
G1 B7.325971573816322 F1000
G1 X-12.093 Y-11.716 Z-406.23 F2000
G1 B90.0 F1000
G1 X8.059 Y209.958 Z-386.078 F2000
G1 B90.0 F1000
G1 X8.059 Y209.958 Z-365.925 F2000
G1 B134.99999999999991 F1000
G1 X8.059 Y209.958 Z-345.773 F2000
G1 B90.0 F1000
G1 X8.059 Y189.806 Z-325.621 F2000
G1 B135.00000000000006 F1000
G1 X8.059 Y189.806 Z-305.469 F2000
G1 B90.0 F1000
G1 X8.059 Y169.654 Z-285.317 F2000
G1 B153.4355174477956 F1000
G1 X8.059 Y169.654 Z-265.164 F2000
G1 B90.0 F1000
G1 X8.059 Y129.349 Z-245.012 F2000
G1 B134.99999999999997 F1000
G1 X8.059 Y129.349 Z-224.86 F2000
G1 B160.52900274442663 F1000
G1 X8.059 Y109.197 Z-204.708 F2000
G1 B153.43381156188835 F1000
G1 X-12.093 Y28.588 Z-184.556 F2000
G1 B90.0 F1000
G1 X-12.093 Y-11.716 Z-164.403 F2000
G1 B90.0 F1000
G1 X-12.093 Y-11.716 Z-144.251 F2000
G1 X-12.093 Y-11.716 Z-124.099 F2000
G1 X-19.275133243394247 Y-18.674229808947903 Z-124.099 F5000
M01
G1 X-15.988874422343478 Y37.79789481402095 Z-708.513 F5000
M00
G1 B14.036076223949733 F1000
G1 X-12.093 Y28.588 Z-708.513 F2000
G1 B90.0 F1000
G1 X-12.093 Y109.197 Z-688.361 F2000
G1 B170.5372935819596 F1000
G1 X-12.093 Y109.197 Z-668.209 F2000
G1 B7.12492886748418 F1000
G1 X-12.093 Y-11.716 Z-648.056 F2000
G1 B45.00000000000008 F1000
G1 X-12.093 Y149.502 Z-627.904 F2000
G1 B90.0 F1000
G1 X-12.093 Y169.654 Z-607.752 F2000
G1 B45.00000000000004 F1000
G1 X-12.093 Y169.654 Z-587.6 F2000
G1 B45.00142155512972 F1000
G1 X-12.093 Y189.806 Z-567.448 F2000
G1 B90.0 F1000
G1 X-12.093 Y209.958 Z-547.295 F2000
G1 B174.80561770136947 F1000
G1 X-12.093 Y209.958 Z-527.143 F2000
G1 B90.0 F1000
G1 X-12.093 Y-11.716 Z-506.991 F2000
G1 B90.0 F1000
G1 X-12.093 Y-11.716 Z-486.839 F2000
G1 B90.0 F1000
G1 X-12.093 Y-11.716 Z-466.687 F2000
G1 B90.0 F1000
G1 X-12.093 Y-11.716 Z-446.534 F2000
G1 B90.0 F1000
G1 X-12.093 Y-11.716 Z-426.382 F2000
G1 B5.194382298630531 F1000
G1 X-12.093 Y-11.716 Z-406.23 F2000
G1 B134.99857844487036 F1000
G1 X-12.093 Y209.958 Z-386.078 F2000
G1 B90.0 F1000
G1 X-12.093 Y189.806 Z-365.925 F2000
G1 B134.99999999999997 F1000
G1 X-12.093 Y189.806 Z-345.773 F2000
G1 B90.0 F1000
G1 X-12.093 Y169.654 Z-325.621 F2000
G1 B135.0 F1000
G1 X-12.093 Y169.654 Z-305.469 F2000
G1 B90.0 F1000
G1 X-12.093 Y149.502 Z-285.317 F2000
G1 B135.0014215551297 F1000
G1 X-12.093 Y149.502 Z-265.164 F2000
G1 B90.0 F1000
G1 X-12.093 Y129.349 Z-245.012 F2000
G1 B134.99999999999997 F1000
G1 X-12.093 Y129.349 Z-224.86 F2000
G1 B168.690176878044 F1000
G1 X-12.093 Y109.197 Z-204.708 F2000
G1 B134.9985784448703 F1000
G1 X-12.093 Y8.436 Z-184.556 F2000
G1 B90.0 F1000
G1 X-12.093 Y-11.716 Z-164.403 F2000
G1 B90.0 F1000
G1 X-12.093 Y-11.716 Z-144.251 F2000
G1 X-12.093 Y-11.716 Z-124.099 F2000
G1 X-19.275133243394247 Y-18.674229808947903 Z-124.099 F5000
M01
G1 X-35.64983736609593 Y98.4475040553268 Z-708.513 F5000
M00
G1 B35.26505982966721 F1000
G1 X-32.245 Y89.045 Z-708.513 F2000
G1 B90.0 F1000
G1 X-52.398 Y129.349 Z-688.361 F2000
G1 B90.0 F1000
G1 X-52.398 Y129.349 Z-668.209 F2000
G1 B44.99857844487037 F1000
G1 X-52.398 Y129.349 Z-648.056 F2000
G1 B26.565051177078022 F1000
G1 X-52.398 Y149.502 Z-627.904 F2000
G1 B90.0 F1000
G1 X-52.398 Y189.806 Z-607.752 F2000
G1 B35.264389682754675 F1000
G1 X-52.398 Y189.806 Z-587.6 F2000
G1 B90.0 F1000
G1 X-72.55 Y230.11 Z-567.448 F2000
G1 B44.998578444870255 F1000
G1 X-72.55 Y230.11 Z-547.295 F2000
G1 B90.0 F1000
G1 X-72.55 Y250.263 Z-527.143 F2000
G1 B90.0 F1000
G1 X-72.55 Y250.263 Z-506.991 F2000
G1 B90.0 F1000
G1 X-72.55 Y250.263 Z-486.839 F2000
G1 B90.0 F1000
G1 X-72.55 Y250.263 Z-466.687 F2000
G1 B90.0 F1000
G1 X-72.55 Y250.263 Z-446.534 F2000
G1 B90.0 F1000
G1 X-72.55 Y250.263 Z-426.382 F2000
G1 B90.0 F1000
G1 X-72.55 Y250.263 Z-406.23 F2000
G1 B135.00000000000006 F1000
G1 X-72.55 Y250.263 Z-386.078 F2000
G1 B90.0 F1000
G1 X-72.55 Y230.11 Z-365.925 F2000
G1 B144.73561031724532 F1000
G1 X-72.55 Y230.11 Z-345.773 F2000
G1 B90.0 F1000
G1 X-52.398 Y189.806 Z-325.621 F2000
G1 B153.43494882292202 F1000
G1 X-52.398 Y189.806 Z-305.469 F2000
G1 B90.0 F1000
G1 X-52.398 Y149.502 Z-285.317 F2000
G1 B135.0014215551297 F1000
G1 X-52.398 Y149.502 Z-265.164 F2000
G1 B90.0 F1000
G1 X-52.398 Y129.349 Z-245.012 F2000
G1 B134.99999999999997 F1000
G1 X-52.398 Y129.349 Z-224.86 F2000
G1 B154.7600498752405 F1000
G1 X-52.398 Y109.197 Z-204.708 F2000
G1 B154.76041540923316 F1000
G1 X-32.245 Y48.741 Z-184.556 F2000
G1 B90.0 F1000
G1 X-12.093 Y-11.716 Z-164.403 F2000
G1 B90.0 F1000
G1 X-12.093 Y-11.716 Z-144.251 F2000
G1 X-12.093 Y-11.716 Z-124.099 F2000
G1 X-19.275133243394247 Y-18.674229808947903 Z-124.099 F5000
M01
G1 X-57.469537835155215 Y97.66355579471346 Z-708.513 F5000
M00
G1 B54.735610317245374 F1000
G1 X-52.398 Y89.045 Z-708.513 F2000
G1 B45.00000000000008 F1000
G1 X-72.55 Y109.197 Z-688.361 F2000
G1 B44.999999999999844 F1000
G1 X-72.55 Y129.349 Z-668.209 F2000
G1 B54.73561031724539 F1000
G1 X-72.55 Y149.502 Z-648.056 F2000
G1 B90.0 F1000
G1 X-92.702 Y169.654 Z-627.904 F2000
G1 B90.0 F1000
G1 X-92.702 Y169.654 Z-607.752 F2000
G1 B45.00000000000004 F1000
G1 X-92.702 Y169.654 Z-587.6 F2000
G1 B54.73628045861549 F1000
G1 X-92.702 Y189.806 Z-567.448 F2000
G1 B44.99999999999988 F1000
G1 X-112.854 Y209.958 Z-547.295 F2000
G1 B90.0 F1000
G1 X-112.854 Y230.11 Z-527.143 F2000
G1 B90.0 F1000
G1 X-112.854 Y230.11 Z-506.991 F2000
G1 B90.0 F1000
G1 X-112.854 Y230.11 Z-486.839 F2000
G1 B90.0 F1000
G1 X-112.854 Y230.11 Z-466.687 F2000
G1 B90.0 F1000
G1 X-112.854 Y230.11 Z-446.534 F2000
G1 B90.0 F1000
G1 X-112.854 Y230.11 Z-426.382 F2000
G1 B90.0 F1000
G1 X-112.854 Y230.11 Z-406.23 F2000
G1 B134.99857844487042 F1000
G1 X-112.854 Y230.11 Z-386.078 F2000
G1 B144.73561031724537 F1000
G1 X-112.854 Y209.958 Z-365.925 F2000
G1 B90.0 F1000
G1 X-92.702 Y169.654 Z-345.773 F2000
G1 B90.0 F1000
G1 X-92.702 Y169.654 Z-325.621 F2000
G1 B90.0 F1000
G1 X-92.702 Y169.654 Z-305.469 F2000
G1 B90.0 F1000
G1 X-92.702 Y169.654 Z-285.317 F2000
G1 B125.26438968275465 F1000
G1 X-92.702 Y169.654 Z-265.164 F2000
G1 B135.0014215551297 F1000
G1 X-72.55 Y149.502 Z-245.012 F2000
G1 B134.99999999999997 F1000
G1 X-72.55 Y129.349 Z-224.86 F2000
G1 B154.76059817932108 F1000
G1 X-72.55 Y109.197 Z-204.708 F2000
G1 B143.30041151756717 F1000
G1 X-52.398 Y48.741 Z-184.556 F2000
G1 B90.0 F1000
G1 X-12.093 Y-11.716 Z-164.403 F2000
G1 B90.0 F1000
G1 X-12.093 Y-11.716 Z-144.251 F2000
G1 X-12.093 Y-11.716 Z-124.099 F2000
G1 X-19.275133243394247 Y-18.674229808947903 Z-124.099 F5000
M01
G1 X-59.7199597559209 Y55.55194012106073 Z-708.513 F5000
M00
G1 B35.264389682754675 F1000
G1 X-52.398 Y48.741 Z-708.513 F2000
G1 B54.735610317245374 F1000
G1 X-72.55 Y89.045 Z-688.361 F2000
G1 B54.73628045861541 F1000
G1 X-92.702 Y109.197 Z-668.209 F2000
G1 B90.0 F1000
G1 X-112.854 Y129.349 Z-648.056 F2000
G1 B90.0 F1000
G1 X-112.854 Y129.349 Z-627.904 F2000
G1 B44.998578444870205 F1000
G1 X-112.854 Y129.349 Z-607.752 F2000
G1 B54.73561031724539 F1000
G1 X-112.854 Y149.502 Z-587.6 F2000
G1 B90.0 F1000
G1 X-133.006 Y169.654 Z-567.448 F2000
G1 B90.0 F1000
G1 X-133.006 Y169.654 Z-547.295 F2000
G1 B45.00000000000004 F1000
G1 X-133.006 Y169.654 Z-527.143 F2000
G1 B90.0 F1000
G1 X-133.006 Y189.806 Z-506.991 F2000
G1 B90.0 F1000
G1 X-133.006 Y189.806 Z-486.839 F2000
G1 B90.0 F1000
G1 X-133.006 Y189.806 Z-466.687 F2000
G1 B90.0 F1000
G1 X-133.006 Y189.806 Z-446.534 F2000
G1 B135.00000000000006 F1000
G1 X-133.006 Y189.806 Z-426.382 F2000
G1 B90.0 F1000
G1 X-133.006 Y169.654 Z-406.23 F2000
G1 B90.0 F1000
G1 X-133.006 Y169.654 Z-386.078 F2000
G1 B90.0 F1000
G1 X-133.006 Y169.654 Z-365.925 F2000
G1 B125.26438968275461 F1000
G1 X-133.006 Y169.654 Z-345.773 F2000
G1 B90.0 F1000
G1 X-112.854 Y149.502 Z-325.621 F2000
G1 B135.0014215551297 F1000
G1 X-112.854 Y149.502 Z-305.469 F2000
G1 B90.0 F1000
G1 X-112.854 Y129.349 Z-285.317 F2000
G1 B125.26438968275465 F1000
G1 X-112.854 Y129.349 Z-265.164 F2000
G1 B125.26438968275465 F1000
G1 X-92.702 Y109.197 Z-245.012 F2000
G1 B90.0 F1000
G1 X-72.55 Y89.045 Z-224.86 F2000
G1 B154.76096370754237 F1000
G1 X-72.55 Y89.045 Z-204.708 F2000
G1 B131.80946723565842 F1000
G1 X-52.398 Y28.588 Z-184.556 F2000
G1 B90.0 F1000
G1 X-12.093 Y-11.716 Z-164.403 F2000
G1 B90.0 F1000
G1 X-12.093 Y-11.716 Z-144.251 F2000
G1 X-12.093 Y-11.716 Z-124.099 F2000
G1 X-19.275133243394247 Y-18.674229808947903 Z-124.099 F5000
M01
G1 X-100.72825059565365 Y74.85783875521959 Z-708.513 F5000
M00
G1 B90.0 F1000
G1 X-92.702 Y68.893 Z-708.513 F2000
G1 B54.735610317245374 F1000
G1 X-92.702 Y68.893 Z-688.361 F2000
G1 B90.0 F1000
G1 X-112.854 Y89.045 Z-668.209 F2000
G1 B90.0 F1000
G1 X-112.854 Y89.045 Z-648.056 F2000
G1 B54.735610317245374 F1000
G1 X-112.854 Y89.045 Z-627.904 F2000
G1 B44.999999999999915 F1000
G1 X-133.006 Y109.197 Z-607.752 F2000
G1 B54.73494020358592 F1000
G1 X-133.006 Y129.349 Z-587.6 F2000
G1 B54.7362804586155 F1000
G1 X-153.159 Y149.502 Z-567.448 F2000
G1 B90.0 F1000
G1 X-173.311 Y169.654 Z-547.295 F2000
G1 B54.735610317245346 F1000
G1 X-173.311 Y169.654 Z-527.143 F2000
G1 B90.0 F1000
G1 X-193.463 Y189.806 Z-506.991 F2000
G1 B90.0 F1000
G1 X-193.463 Y189.806 Z-486.839 F2000
G1 B90.0 F1000
G1 X-193.463 Y189.806 Z-466.687 F2000
G1 B90.0 F1000
G1 X-193.463 Y189.806 Z-446.534 F2000
G1 B125.26438968275471 F1000
G1 X-193.463 Y189.806 Z-426.382 F2000
G1 B90.0 F1000
G1 X-173.311 Y169.654 Z-406.23 F2000
G1 B125.26371954138455 F1000
G1 X-173.311 Y169.654 Z-386.078 F2000
G1 B90.0 F1000
G1 X-153.159 Y149.502 Z-365.925 F2000
G1 B125.26505979641409 F1000
G1 X-153.159 Y149.502 Z-345.773 F2000
G1 B90.0 F1000
G1 X-133.006 Y129.349 Z-325.621 F2000
G1 B135.0 F1000
G1 X-133.006 Y129.349 Z-305.469 F2000
G1 B125.26371954138455 F1000
G1 X-133.006 Y109.197 Z-285.317 F2000
G1 B90.0 F1000
G1 X-112.854 Y89.045 Z-265.164 F2000
G1 B90.0 F1000
G1 X-112.854 Y89.045 Z-245.012 F2000
G1 B125.26438968275465 F1000
G1 X-112.854 Y89.045 Z-224.86 F2000
G1 B125.26438968275465 F1000
G1 X-92.702 Y68.893 Z-204.708 F2000
G1 B133.49142470407514 F1000
G1 X-72.55 Y48.741 Z-184.556 F2000
G1 B90.0 F1000
G1 X-12.093 Y-11.716 Z-164.403 F2000
G1 B90.0 F1000
G1 X-12.093 Y-11.716 Z-144.251 F2000
G1 X-12.093 Y-11.716 Z-124.099 F2000
G1 X-19.275133243394247 Y-18.674229808947903 Z-124.099 F5000
M01
G1 X-81.85374728676229 Y32.254099620040805 Z-708.513 F5000
M00
G1 B54.734270051131624 F1000
G1 X-72.55 Y28.588 Z-708.513 F2000
G1 B54.735610317245374 F1000
G1 X-92.702 Y48.741 Z-688.361 F2000
G1 B54.73628045861539 F1000
G1 X-112.854 Y68.893 Z-668.209 F2000
G1 B65.90558127829993 F1000
G1 X-133.006 Y89.045 Z-648.056 F2000
G1 B90.0 F1000
G1 X-173.311 Y109.197 Z-627.904 F2000
G1 B54.73561031724531 F1000
G1 X-173.311 Y109.197 Z-607.752 F2000
G1 B90.0 F1000
G1 X-193.463 Y129.349 Z-587.6 F2000
G1 B54.73494020358592 F1000
G1 X-193.463 Y129.349 Z-567.448 F2000
G1 B90.0 F1000
G1 X-213.615 Y149.502 Z-547.295 F2000
G1 B90.0 F1000
G1 X-213.615 Y149.502 Z-527.143 F2000
G1 B90.0 F1000
G1 X-213.615 Y149.502 Z-506.991 F2000
G1 B90.0 F1000
G1 X-213.615 Y149.502 Z-486.839 F2000
G1 B90.0 F1000
G1 X-213.615 Y149.502 Z-466.687 F2000
G1 B90.0 F1000
G1 X-213.615 Y149.502 Z-446.534 F2000
G1 B90.0 F1000
G1 X-213.615 Y149.502 Z-426.382 F2000
G1 B90.0 F1000
G1 X-213.615 Y149.502 Z-406.23 F2000
G1 B125.26505979641412 F1000
G1 X-213.615 Y149.502 Z-386.078 F2000
G1 B90.0 F1000
G1 X-193.463 Y129.349 Z-365.925 F2000
G1 B90.0 F1000
G1 X-193.463 Y129.349 Z-345.773 F2000
G1 B125.26438968275465 F1000
G1 X-193.463 Y129.349 Z-325.621 F2000
G1 B90.0 F1000
G1 X-173.311 Y109.197 Z-305.469 F2000
G1 B90.0 F1000
G1 X-173.311 Y109.197 Z-285.317 F2000
G1 B114.09441872170008 F1000
G1 X-173.311 Y109.197 Z-265.164 F2000
G1 B125.26438968275465 F1000
G1 X-133.006 Y89.045 Z-245.012 F2000
G1 B125.26438968275465 F1000
G1 X-112.854 Y68.893 Z-224.86 F2000
G1 B125.26572994886841 F1000
G1 X-92.702 Y48.741 Z-204.708 F2000
G1 B122.31101947616854 F1000
G1 X-72.55 Y28.588 Z-184.556 F2000
G1 B90.0 F1000
G1 X-12.093 Y-11.716 Z-164.403 F2000
G1 B90.0 F1000
G1 X-12.093 Y-11.716 Z-144.251 F2000
G1 X-12.093 Y-11.716 Z-124.099 F2000
G1 X-19.275133243394247 Y-18.674229808947903 Z-124.099 F5000
M01
G1 X-62.27086370523452 Y10.02551635973431 Z-708.513 F5000
M00
G1 B72.4515993862077 F1000
G1 X-52.398 Y8.436 Z-708.513 F2000
G1 B90.0 F1000
G1 X-112.854 Y28.588 Z-688.361 F2000
G1 B48.189826380518596 F1000
G1 X-112.854 Y28.588 Z-668.209 F2000
G1 B90.0 F1000
G1 X-153.159 Y68.893 Z-648.056 F2000
G1 B90.0 F1000
G1 X-153.159 Y68.893 Z-627.904 F2000
G1 B54.73561031724528 F1000
G1 X-173.311 Y68.893 Z-607.752 F2000
G1 B90.0 F1000
G1 X-193.463 Y89.045 Z-587.6 F2000
G1 B90.0 F1000
G1 X-193.463 Y89.045 Z-567.448 F2000
G1 B90.0 F1000
G1 X-193.463 Y89.045 Z-547.295 F2000
G1 B54.73561031724537 F1000
G1 X-213.615 Y89.045 Z-527.143 F2000
G1 B90.0 F1000
G1 X-233.767 Y109.197 Z-506.991 F2000
G1 B90.0 F1000
G1 X-233.767 Y109.197 Z-486.839 F2000
G1 B90.0 F1000
G1 X-233.767 Y109.197 Z-466.687 F2000
G1 B90.0 F1000
G1 X-233.767 Y109.197 Z-446.534 F2000
G1 B90.0 F1000
G1 X-233.767 Y109.197 Z-426.382 F2000
G1 B125.26438968275463 F1000
G1 X-233.767 Y109.197 Z-406.23 F2000
G1 B90.0 F1000
G1 X-213.615 Y89.045 Z-386.078 F2000
G1 B90.0 F1000
G1 X-193.463 Y89.045 Z-365.925 F2000
G1 B90.0 F1000
G1 X-193.463 Y89.045 Z-345.773 F2000
G1 B90.0 F1000
G1 X-193.463 Y89.045 Z-325.621 F2000
G1 B114.0948425521107 F1000
G1 X-193.463 Y89.045 Z-305.469 F2000
G1 B90.0 F1000
G1 X-153.159 Y68.893 Z-285.317 F2000
G1 B90.0 F1000
G1 X-153.159 Y68.893 Z-265.164 F2000
G1 B125.26371954138457 F1000
G1 X-153.159 Y68.893 Z-245.012 F2000
G1 B125.2657299488684 F1000
G1 X-133.006 Y48.741 Z-224.86 F2000
G1 B111.41652816999189 F1000
G1 X-112.854 Y28.588 Z-204.708 F2000
G1 B90.0 F1000
G1 X-12.093 Y-11.716 Z-184.556 F2000
G1 B90.0 F1000
G1 X-12.093 Y-11.716 Z-164.403 F2000
G1 B90.0 F1000
G1 X-12.093 Y-11.716 Z-144.251 F2000
G1 X-12.093 Y-11.716 Z-124.099 F2000
G1 X-19.275133243394247 Y-18.674229808947903 Z-124.099 F5000
M01
G1 X-41.64381900202174 Y-15.130996539856932 Z-708.513 F5000
M00
G1 B76.36713101136256 F1000
G1 X-32.245 Y-11.716 Z-708.513 F2000
G1 B54.735610317245374 F1000
G1 X-112.854 Y8.436 Z-688.361 F2000
G1 B90.0 F1000
G1 X-133.006 Y28.588 Z-668.209 F2000
G1 B105.79296056162812 F1000
G1 X-153.159 Y28.588 Z-648.056 F2000
G1 B90.0 F1000
G1 X-12.093 Y-11.716 Z-627.904 F2000
G1 B71.67014964880025 F1000
G1 X-12.093 Y-11.716 Z-607.752 F2000
G1 B90.0 F1000
G1 X-193.463 Y48.741 Z-587.6 F2000
G1 B90.0 F1000
G1 X-213.615 Y48.741 Z-567.448 F2000
G1 B90.0 F1000
G1 X-213.615 Y48.741 Z-547.295 F2000
G1 B54.73561031724537 F1000
G1 X-213.615 Y48.741 Z-527.143 F2000
G1 B90.0 F1000
G1 X-233.767 Y68.893 Z-506.991 F2000
G1 B90.0 F1000
G1 X-233.767 Y68.893 Z-486.839 F2000
G1 B90.0 F1000
G1 X-233.767 Y68.893 Z-466.687 F2000
G1 B90.0 F1000
G1 X-233.767 Y68.893 Z-446.534 F2000
G1 B125.26438968275468 F1000
G1 X-233.767 Y68.893 Z-426.382 F2000
G1 B90.0 F1000
G1 X-213.615 Y48.741 Z-406.23 F2000
G1 B90.0 F1000
G1 X-213.615 Y48.741 Z-386.078 F2000
G1 B90.0 F1000
G1 X-213.615 Y48.741 Z-365.925 F2000
G1 B90.0 F1000
G1 X-213.615 Y48.741 Z-345.773 F2000
G1 B108.32985035119975 F1000
G1 X-193.463 Y48.741 Z-325.621 F2000
G1 B90.0 F1000
G1 X-12.093 Y-11.716 Z-305.469 F2000
G1 B90.0 F1000
G1 X-12.093 Y-11.716 Z-285.317 F2000
G1 B74.20703943837188 F1000
G1 X-12.093 Y-11.716 Z-265.164 F2000
G1 B90.0 F1000
G1 X-153.159 Y28.588 Z-245.012 F2000
G1 B125.26438968275465 F1000
G1 X-133.006 Y28.588 Z-224.86 F2000
G1 B101.09570002598588 F1000
G1 X-112.854 Y8.436 Z-204.708 F2000
G1 B90.0 F1000
G1 X-12.093 Y-11.716 Z-184.556 F2000
G1 B90.0 F1000
G1 X-12.093 Y-11.716 Z-164.403 F2000
G1 B90.0 F1000
G1 X-12.093 Y-11.716 Z-144.251 F2000
G1 X-12.093 Y-11.716 Z-124.099 F2000
G1 X-19.275133243394247 Y-18.674229808947903 Z-124.099 F5000
M01
G1 X-19.275133243394247 Y-18.674229808947903 Z-708.513 F5000
M00
G1 B90.0 F1000
G1 X-12.093 Y-11.716 Z-708.513 F2000
G1 B90.0 F1000
G1 X-52.398 Y-11.716 Z-688.361 F2000
G1 B90.0 F1000
G1 X-112.854 Y-11.716 Z-668.209 F2000
G1 B90.0 F1000
G1 X-12.093 Y-11.716 Z-648.056 F2000
G1 B84.31761698791942 F1000
G1 X-12.093 Y-11.716 Z-627.904 F2000
G1 B90.0 F1000
G1 X-213.615 Y8.436 Z-607.752 F2000
G1 B90.0 F1000
G1 X-213.615 Y8.436 Z-587.6 F2000
G1 B90.0 F1000
G1 X-213.615 Y8.436 Z-567.448 F2000
G1 B90.0 F1000
G1 X-233.767 Y8.436 Z-547.295 F2000
G1 B90.0 F1000
G1 X-233.767 Y8.436 Z-527.143 F2000
G1 B90.0 F1000
G1 X-233.767 Y8.436 Z-506.991 F2000
G1 B90.0 F1000
G1 X-233.767 Y8.436 Z-486.839 F2000
G1 B90.0 F1000
G1 X-233.767 Y8.436 Z-466.687 F2000
G1 B90.0 F1000
G1 X-233.767 Y8.436 Z-446.534 F2000
G1 B90.0 F1000
G1 X-233.767 Y8.436 Z-426.382 F2000
G1 B90.0 F1000
G1 X-233.767 Y8.436 Z-406.23 F2000
G1 B90.0 F1000
G1 X-233.767 Y8.436 Z-386.078 F2000
G1 B90.0 F1000
G1 X-213.615 Y8.436 Z-365.925 F2000
G1 B90.0 F1000
G1 X-213.615 Y8.436 Z-345.773 F2000
G1 B90.0 F1000
G1 X-213.615 Y8.436 Z-325.621 F2000
G1 B95.68238301208059 F1000
G1 X-213.615 Y8.436 Z-305.469 F2000
G1 B90.0 F1000
G1 X-12.093 Y-11.716 Z-285.317 F2000
G1 B81.95064339966588 F1000
G1 X-12.093 Y-11.716 Z-265.164 F2000
G1 B114.09441872170008 F1000
G1 X-153.159 Y8.436 Z-245.012 F2000
G1 B90.0 F1000
G1 X-112.854 Y-11.716 Z-224.86 F2000
G1 B90.0 F1000
G1 X-52.398 Y-11.716 Z-204.708 F2000
G1 B90.0 F1000
G1 X-12.093 Y-11.716 Z-184.556 F2000
G1 B90.0 F1000
G1 X-12.093 Y-11.716 Z-164.403 F2000
G1 B90.0 F1000
G1 X-12.093 Y-11.716 Z-144.251 F2000
G1 X-12.093 Y-11.716 Z-124.099 F2000
G1 X-19.275133243394247 Y-18.674229808947903 Z-124.099 F5000
M01
G1 X-19.275133243394247 Y-18.674229808947903 Z-708.513 F5000
M00
G1 B90.0 F1000
G1 X-12.093 Y-11.716 Z-708.513 F2000
G1 B90.0 F1000
G1 X-32.245 Y-11.716 Z-688.361 F2000
G1 B90.0 F1000
G1 X-92.702 Y-11.716 Z-668.209 F2000
G1 B90.0 F1000
G1 X-12.093 Y-11.716 Z-648.056 F2000
G1 B90.0 F1000
G1 X-12.093 Y-11.716 Z-627.904 F2000
G1 B90.0 F1000
G1 X-12.093 Y-11.716 Z-607.752 F2000
G1 B90.0 F1000
G1 X-12.093 Y-11.716 Z-587.6 F2000
G1 B90.0 F1000
G1 X-12.093 Y-11.716 Z-567.448 F2000
G1 B90.0 F1000
G1 X-213.615 Y-11.716 Z-547.295 F2000
G1 B90.0 F1000
G1 X-213.615 Y-11.716 Z-527.143 F2000
G1 B90.0 F1000
G1 X-213.615 Y-11.716 Z-506.991 F2000
G1 B90.0 F1000
G1 X-213.615 Y-11.716 Z-486.839 F2000
G1 B90.0 F1000
G1 X-213.615 Y-11.716 Z-466.687 F2000
G1 B90.0 F1000
G1 X-213.615 Y-11.716 Z-446.534 F2000
G1 B90.0 F1000
G1 X-213.615 Y-11.716 Z-426.382 F2000
G1 B90.0 F1000
G1 X-213.615 Y-11.716 Z-406.23 F2000
G1 B90.0 F1000
G1 X-213.615 Y-11.716 Z-386.078 F2000
G1 B90.0 F1000
G1 X-12.093 Y-11.716 Z-365.925 F2000
G1 B90.0 F1000
G1 X-12.093 Y-11.716 Z-345.773 F2000
G1 B90.0 F1000
G1 X-12.093 Y-11.716 Z-325.621 F2000
G1 B90.0 F1000
G1 X-12.093 Y-11.716 Z-305.469 F2000
G1 B90.0 F1000
G1 X-12.093 Y-11.716 Z-285.317 F2000
G1 B90.0 F1000
G1 X-12.093 Y-11.716 Z-265.164 F2000
G1 B90.0 F1000
G1 X-133.006 Y-11.716 Z-245.012 F2000
G1 B90.0 F1000
G1 X-92.702 Y-11.716 Z-224.86 F2000
G1 B90.0 F1000
G1 X-32.245 Y-11.716 Z-204.708 F2000
G1 B90.0 F1000
G1 X-12.093 Y-11.716 Z-184.556 F2000
G1 B90.0 F1000
G1 X-12.093 Y-11.716 Z-164.403 F2000
G1 B90.0 F1000
G1 X-12.093 Y-11.716 Z-144.251 F2000
G1 X-12.093 Y-11.716 Z-124.099 F2000
G1 X-19.275133243394247 Y-18.674229808947903 Z-124.099 F5000
M01
G1 X-81.70566066079826 Y-35.88967600190653 Z-708.513 F5000
M00
G1 B90.0 F1000
G1 X-72.55 Y-31.868 Z-708.513 F2000
G1 B90.0 F1000
G1 X-92.702 Y-31.868 Z-688.361 F2000
G1 B114.09526637340795 F1000
G1 X-112.854 Y-31.868 Z-668.209 F2000
G1 B90.0 F1000
G1 X-153.159 Y-52.021 Z-648.056 F2000
G1 B90.0 F1000
G1 X-193.463 Y-52.021 Z-627.904 F2000
G1 B90.0 F1000
G1 X-213.615 Y-52.021 Z-607.752 F2000
G1 B90.0 F1000
G1 X-213.615 Y-52.021 Z-587.6 F2000
G1 B90.0 F1000
G1 X-213.615 Y-52.021 Z-567.448 F2000
G1 B90.0 F1000
G1 X-213.615 Y-52.021 Z-547.295 F2000
G1 B90.0 F1000
G1 X-233.767 Y-52.021 Z-527.143 F2000
G1 B90.0 F1000
G1 X-233.767 Y-52.021 Z-506.991 F2000
G1 B90.0 F1000
G1 X-233.767 Y-52.021 Z-486.839 F2000
G1 B90.0 F1000
G1 X-233.767 Y-52.021 Z-466.687 F2000
G1 B90.0 F1000
G1 X-233.767 Y-52.021 Z-446.534 F2000
G1 B90.0 F1000
G1 X-233.767 Y-52.021 Z-426.382 F2000
G1 B90.0 F1000
G1 X-233.767 Y-52.021 Z-406.23 F2000
G1 B90.0 F1000
G1 X-233.767 Y-52.021 Z-386.078 F2000
G1 B90.0 F1000
G1 X-213.615 Y-52.021 Z-365.925 F2000
G1 B90.0 F1000
G1 X-213.615 Y-52.021 Z-345.773 F2000
G1 B90.0 F1000
G1 X-213.615 Y-52.021 Z-325.621 F2000
G1 B90.0 F1000
G1 X-213.615 Y-52.021 Z-305.469 F2000
G1 B90.0 F1000
G1 X-193.463 Y-52.021 Z-285.317 F2000
G1 B90.0 F1000
G1 X-173.311 Y-52.021 Z-265.164 F2000
G1 B65.90452171016003 F1000
G1 X-153.159 Y-52.021 Z-245.012 F2000
G1 B90.0 F1000
G1 X-112.854 Y-31.868 Z-224.86 F2000
G1 B90.0 F1000
G1 X-92.702 Y-31.868 Z-204.708 F2000
G1 B72.4519263239242 F1000
G1 X-72.55 Y-31.868 Z-184.556 F2000
G1 B90.0 F1000
G1 X-12.093 Y-11.716 Z-164.403 F2000
G1 B90.0 F1000
G1 X-12.093 Y-11.716 Z-144.251 F2000
G1 X-12.093 Y-11.716 Z-124.099 F2000
G1 X-19.275133243394247 Y-18.674229808947903 Z-124.099 F5000
M01
G1 X-101.42273031007369 Y-56.914757539862606 Z-708.513 F5000
M00
G1 B90.0 F1000
G1 X-92.702 Y-52.021 Z-708.513 F2000
G1 B125.26438968275463 F1000
G1 X-112.854 Y-52.021 Z-688.361 F2000
G1 B90.0 F1000
G1 X-133.006 Y-72.173 Z-668.209 F2000
G1 B90.0 F1000
G1 X-153.159 Y-72.173 Z-648.056 F2000
G1 B90.0 F1000
G1 X-153.159 Y-72.173 Z-627.904 F2000
G1 B125.26438968275471 F1000
G1 X-173.311 Y-72.173 Z-607.752 F2000
G1 B90.0 F1000
G1 X-193.463 Y-92.325 Z-587.6 F2000
G1 B90.0 F1000
G1 X-193.463 Y-92.325 Z-567.448 F2000
G1 B90.0 F1000
G1 X-213.615 Y-92.325 Z-547.295 F2000
G1 B90.0 F1000
G1 X-213.615 Y-92.325 Z-527.143 F2000
G1 B90.0 F1000
G1 X-213.615 Y-92.325 Z-506.991 F2000
G1 B90.0 F1000
G1 X-213.615 Y-92.325 Z-486.839 F2000
G1 B90.0 F1000
G1 X-213.615 Y-92.325 Z-466.687 F2000
G1 B90.0 F1000
G1 X-213.615 Y-92.325 Z-446.534 F2000
G1 B90.0 F1000
G1 X-213.615 Y-92.325 Z-426.382 F2000
G1 B90.0 F1000
G1 X-213.615 Y-92.325 Z-406.23 F2000
G1 B90.0 F1000
G1 X-213.615 Y-92.325 Z-386.078 F2000
G1 B90.0 F1000
G1 X-193.463 Y-92.325 Z-365.925 F2000
G1 B54.73561031724537 F1000
G1 X-193.463 Y-92.325 Z-345.773 F2000
G1 B90.0 F1000
G1 X-173.311 Y-72.173 Z-325.621 F2000
G1 B90.0 F1000
G1 X-173.311 Y-72.173 Z-305.469 F2000
G1 B90.0 F1000
G1 X-153.159 Y-72.173 Z-285.317 F2000
G1 B90.0 F1000
G1 X-153.159 Y-72.173 Z-265.164 F2000
G1 B54.735610317245346 F1000
G1 X-133.006 Y-72.173 Z-245.012 F2000
G1 B90.0 F1000
G1 X-112.854 Y-52.021 Z-224.86 F2000
G1 B72.45078203288293 F1000
G1 X-112.854 Y-52.021 Z-204.708 F2000
G1 B65.90579318772167 F1000
G1 X-52.398 Y-31.868 Z-184.556 F2000
G1 B90.0 F1000
G1 X-12.093 Y-11.716 Z-164.403 F2000
G1 B90.0 F1000
G1 X-12.093 Y-11.716 Z-144.251 F2000
G1 X-12.093 Y-11.716 Z-124.099 F2000
G1 X-19.275133243394247 Y-18.674229808947903 Z-124.099 F5000
M01
G1 X-19.275133243394247 Y-18.674229808947903 Z-708.513 F5000
M00
G1 B122.31179011618501 F1000
G1 X-12.093 Y-11.716 Z-708.513 F2000
G1 B114.09484255211069 F1000
G1 X-72.55 Y-52.021 Z-688.361 F2000
G1 B125.26371954138462 F1000
G1 X-112.854 Y-72.173 Z-668.209 F2000
G1 B125.26371954138452 F1000
G1 X-133.006 Y-92.325 Z-648.056 F2000
G1 B90.0 F1000
G1 X-153.159 Y-112.477 Z-627.904 F2000
G1 B114.0948425521107 F1000
G1 X-153.159 Y-112.477 Z-607.752 F2000
G1 B90.0 F1000
G1 X-193.463 Y-132.629 Z-587.6 F2000
G1 B90.0 F1000
G1 X-193.463 Y-132.629 Z-567.448 F2000
G1 B90.0 F1000
G1 X-193.463 Y-132.629 Z-547.295 F2000
G1 B90.0 F1000
G1 X-193.463 Y-132.629 Z-527.143 F2000
G1 B90.0 F1000
G1 X-213.615 Y-132.629 Z-506.991 F2000
G1 B90.0 F1000
G1 X-213.615 Y-132.629 Z-486.839 F2000
G1 B90.0 F1000
G1 X-213.615 Y-132.629 Z-466.687 F2000
G1 B90.0 F1000
G1 X-213.615 Y-132.629 Z-446.534 F2000
G1 B90.0 F1000
G1 X-213.615 Y-132.629 Z-426.382 F2000
G1 B90.0 F1000
G1 X-193.463 Y-132.629 Z-406.23 F2000
G1 B90.0 F1000
G1 X-193.463 Y-132.629 Z-386.078 F2000
G1 B90.0 F1000
G1 X-193.463 Y-132.629 Z-365.925 F2000
G1 B54.73561031724538 F1000
G1 X-193.463 Y-132.629 Z-345.773 F2000
G1 B90.0 F1000
G1 X-173.311 Y-112.477 Z-325.621 F2000
G1 B90.0 F1000
G1 X-153.159 Y-112.477 Z-305.469 F2000
G1 B90.0 F1000
G1 X-153.159 Y-112.477 Z-285.317 F2000
G1 B54.73628045861543 F1000
G1 X-153.159 Y-112.477 Z-265.164 F2000
G1 B54.735610317245346 F1000
G1 X-133.006 Y-92.325 Z-245.012 F2000
G1 B65.90515744788931 F1000
G1 X-112.854 Y-72.173 Z-224.86 F2000
G1 B57.68820988381499 F1000
G1 X-72.55 Y-52.021 Z-204.708 F2000
G1 B90.0 F1000
G1 X-12.093 Y-11.716 Z-184.556 F2000
G1 B90.0 F1000
G1 X-12.093 Y-11.716 Z-164.403 F2000
G1 B90.0 F1000
G1 X-12.093 Y-11.716 Z-144.251 F2000
G1 X-12.093 Y-11.716 Z-124.099 F2000
G1 X-19.275133243394247 Y-18.674229808947903 Z-124.099 F5000
M01
G1 X-19.275133243394247 Y-18.674229808947903 Z-708.513 F5000
M00
G1 B125.26438968275463 F1000
G1 X-12.093 Y-11.716 Z-708.513 F2000
G1 B90.0 F1000
G1 X-32.245 Y-31.868 Z-688.361 F2000
G1 B131.81017361948142 F1000
G1 X-32.245 Y-31.868 Z-668.209 F2000
G1 B125.26438968275463 F1000
G1 X-72.55 Y-72.173 Z-648.056 F2000
G1 B126.04002603853779 F1000
G1 X-92.702 Y-92.325 Z-627.904 F2000
G1 B90.0 F1000
G1 X-173.311 Y-152.782 Z-607.752 F2000
G1 B90.0 F1000
G1 X-173.311 Y-152.782 Z-587.6 F2000
G1 B125.26371954138452 F1000
G1 X-173.311 Y-152.782 Z-567.448 F2000
G1 B90.0 F1000
G1 X-193.463 Y-172.934 Z-547.295 F2000
G1 B90.0 F1000
G1 X-193.463 Y-172.934 Z-527.143 F2000
G1 B90.0 F1000
G1 X-193.463 Y-172.934 Z-506.991 F2000
G1 B90.0 F1000
G1 X-193.463 Y-172.934 Z-486.839 F2000
G1 B90.0 F1000
G1 X-193.463 Y-172.934 Z-466.687 F2000
G1 B90.0 F1000
G1 X-193.463 Y-172.934 Z-446.534 F2000
G1 B90.0 F1000
G1 X-193.463 Y-172.934 Z-426.382 F2000
G1 B90.0 F1000
G1 X-193.463 Y-172.934 Z-406.23 F2000
G1 B90.0 F1000
G1 X-193.463 Y-172.934 Z-386.078 F2000
G1 B54.735610317245346 F1000
G1 X-193.463 Y-172.934 Z-365.925 F2000
G1 B90.0 F1000
G1 X-173.311 Y-152.782 Z-345.773 F2000
G1 B90.0 F1000
G1 X-173.311 Y-152.782 Z-325.621 F2000
G1 B53.959973961462225 F1000
G1 X-173.311 Y-152.782 Z-305.469 F2000
G1 B54.73628045861547 F1000
G1 X-92.702 Y-92.325 Z-285.317 F2000
G1 B54.735610317245346 F1000
G1 X-72.55 Y-72.173 Z-265.164 F2000
G1 B54.73494020358592 F1000
G1 X-52.398 Y-52.021 Z-245.012 F2000
G1 B90.0 F1000
G1 X-32.245 Y-31.868 Z-224.86 F2000
G1 B54.735610317245346 F1000
G1 X-32.245 Y-31.868 Z-204.708 F2000
G1 B90.0 F1000
G1 X-12.093 Y-11.716 Z-184.556 F2000
G1 B90.0 F1000
G1 X-12.093 Y-11.716 Z-164.403 F2000
G1 B90.0 F1000
G1 X-12.093 Y-11.716 Z-144.251 F2000
G1 X-12.093 Y-11.716 Z-124.099 F2000
G1 X-19.275133243394247 Y-18.674229808947903 Z-124.099 F5000
M01
G1 X-19.275133243394247 Y-18.674229808947903 Z-708.513 F5000
M00
G1 B90.0 F1000
G1 X-12.093 Y-11.716 Z-708.513 F2000
G1 B90.0 F1000
G1 X-12.093 Y-11.716 Z-688.361 F2000
G1 B131.81017361948142 F1000
G1 X-12.093 Y-11.716 Z-668.209 F2000
G1 B125.26438968275463 F1000
G1 X-52.398 Y-52.021 Z-648.056 F2000
G1 B125.26438968275463 F1000
G1 X-72.55 Y-72.173 Z-627.904 F2000
G1 B131.81031489577862 F1000
G1 X-92.702 Y-92.325 Z-607.752 F2000
G1 B135.00142155512964 F1000
G1 X-133.006 Y-132.629 Z-587.6 F2000
G1 B125.26304943880942 F1000
G1 X-133.006 Y-152.782 Z-567.448 F2000
G1 B90.0 F1000
G1 X-153.159 Y-172.934 Z-547.295 F2000
G1 B125.26438968275463 F1000
G1 X-153.159 Y-172.934 Z-527.143 F2000
G1 B90.0 F1000
G1 X-173.311 Y-193.086 Z-506.991 F2000
G1 B90.0 F1000
G1 X-173.311 Y-193.086 Z-486.839 F2000
G1 B90.0 F1000
G1 X-173.311 Y-193.086 Z-466.687 F2000
G1 B90.0 F1000
G1 X-173.311 Y-193.086 Z-446.534 F2000
G1 B54.73561031724533 F1000
G1 X-173.311 Y-193.086 Z-426.382 F2000
G1 B90.0 F1000
G1 X-153.159 Y-172.934 Z-406.23 F2000
G1 B90.0 F1000
G1 X-153.159 Y-172.934 Z-386.078 F2000
G1 B54.73628045861546 F1000
G1 X-153.159 Y-172.934 Z-365.925 F2000
G1 B40.98935964216121 F1000
G1 X-133.006 Y-152.782 Z-345.773 F2000
G1 B134.4382516041997 F1000
G1 X-12.093 Y-11.716 Z-325.621 F2000
G1 B48.1896851042214 F1000
G1 X-112.854 Y-112.477 Z-305.469 F2000
G1 B54.73628045861547 F1000
G1 X-72.55 Y-72.173 Z-285.317 F2000
G1 B54.73494020358592 F1000
G1 X-52.398 Y-52.021 Z-265.164 F2000
G1 B54.735610317245346 F1000
G1 X-32.245 Y-31.868 Z-245.012 F2000
G1 B90.0 F1000
G1 X-12.093 Y-11.716 Z-224.86 F2000
G1 B90.0 F1000
G1 X-12.093 Y-11.716 Z-204.708 F2000
G1 B90.0 F1000
G1 X-12.093 Y-11.716 Z-184.556 F2000
G1 B90.0 F1000
G1 X-12.093 Y-11.716 Z-164.403 F2000
G1 B90.0 F1000
G1 X-12.093 Y-11.716 Z-144.251 F2000
G1 X-12.093 Y-11.716 Z-124.099 F2000
G1 X-19.275133243394247 Y-18.674229808947903 Z-124.099 F5000
M01
G1 X-19.275133243394247 Y-18.674229808947903 Z-708.513 F5000
M00
G1 B143.30068397768846 F1000
G1 X-12.093 Y-11.716 Z-708.513 F2000
G1 B144.73561031724532 F1000
G1 X-52.398 Y-72.173 Z-688.361 F2000
G1 B90.0 F1000
G1 X-72.55 Y-112.477 Z-668.209 F2000
G1 B125.26438968275461 F1000
G1 X-72.55 Y-112.477 Z-648.056 F2000
G1 B125.26572994886841 F1000
G1 X-92.702 Y-132.629 Z-627.904 F2000
G1 B90.0 F1000
G1 X-112.854 Y-152.782 Z-607.752 F2000
G1 B134.99999999999991 F1000
G1 X-112.854 Y-152.782 Z-587.6 F2000
G1 B125.26371954138455 F1000
G1 X-112.854 Y-172.934 Z-567.448 F2000
G1 B90.0 F1000
G1 X-133.006 Y-193.086 Z-547.295 F2000
G1 B90.0 F1000
G1 X-133.006 Y-193.086 Z-527.143 F2000
G1 B90.0 F1000
G1 X-133.006 Y-193.086 Z-506.991 F2000
G1 B90.0 F1000
G1 X-133.006 Y-193.086 Z-486.839 F2000
G1 B90.0 F1000
G1 X-133.006 Y-193.086 Z-466.687 F2000
G1 B90.0 F1000
G1 X-133.006 Y-193.086 Z-446.534 F2000
G1 B90.0 F1000
G1 X-133.006 Y-193.086 Z-426.382 F2000
G1 B90.0 F1000
G1 X-133.006 Y-193.086 Z-406.23 F2000
G1 B54.736280458615404 F1000
G1 X-133.006 Y-193.086 Z-386.078 F2000
G1 B90.0 F1000
G1 X-112.854 Y-172.934 Z-365.925 F2000
G1 B45.00000000000008 F1000
G1 X-112.854 Y-172.934 Z-345.773 F2000
G1 B90.0 F1000
G1 X-112.854 Y-152.782 Z-325.621 F2000
G1 B54.73427005113156 F1000
G1 X-112.854 Y-152.782 Z-305.469 F2000
G1 B90.0 F1000
G1 X-92.702 Y-132.629 Z-285.317 F2000
G1 B54.73561031724535 F1000
G1 X-92.702 Y-132.629 Z-265.164 F2000
G1 B90.0 F1000
G1 X-72.55 Y-112.477 Z-245.012 F2000
G1 B32.31166167810188 F1000
G1 X-72.55 Y-112.477 Z-224.86 F2000
G1 B90.0 F1000
G1 X-12.093 Y-11.716 Z-204.708 F2000
G1 B90.0 F1000
G1 X-12.093 Y-11.716 Z-184.556 F2000
G1 B90.0 F1000
G1 X-12.093 Y-11.716 Z-164.403 F2000
G1 B90.0 F1000
G1 X-12.093 Y-11.716 Z-144.251 F2000
G1 X-12.093 Y-11.716 Z-124.099 F2000
G1 X-19.275133243394247 Y-18.674229808947903 Z-124.099 F5000
M01
G1 X-37.513450128365605 Y-60.52061371151209 Z-708.513 F5000
M00
G1 B144.7349401703328 F1000
G1 X-32.245 Y-52.021 Z-708.513 F2000
G1 B134.99999999999994 F1000
G1 X-52.398 Y-92.325 Z-688.361 F2000
G1 B125.2637195413846 F1000
G1 X-52.398 Y-112.477 Z-668.209 F2000
G1 B135.00142155512964 F1000
G1 X-72.55 Y-132.629 Z-648.056 F2000
G1 B144.73561031724532 F1000
G1 X-72.55 Y-152.782 Z-627.904 F2000
G1 B90.0 F1000
G1 X-92.702 Y-193.086 Z-607.752 F2000
G1 B90.0 F1000
G1 X-92.702 Y-193.086 Z-587.6 F2000
G1 B90.0 F1000
G1 X-92.702 Y-193.086 Z-567.448 F2000
G1 B135.0000000000001 F1000
G1 X-92.702 Y-193.086 Z-547.295 F2000
G1 B90.0 F1000
G1 X-92.702 Y-213.238 Z-527.143 F2000
G1 B90.0 F1000
G1 X-92.702 Y-213.238 Z-506.991 F2000
G1 B90.0 F1000
G1 X-92.702 Y-213.238 Z-486.839 F2000
G1 B90.0 F1000
G1 X-92.702 Y-213.238 Z-466.687 F2000
G1 B90.0 F1000
G1 X-92.702 Y-213.238 Z-446.534 F2000
G1 B90.0 F1000
G1 X-92.702 Y-213.238 Z-426.382 F2000
G1 B90.0 F1000
G1 X-92.702 Y-213.238 Z-406.23 F2000
G1 B45.00142155512964 F1000
G1 X-92.702 Y-213.238 Z-386.078 F2000
G1 B90.0 F1000
G1 X-92.702 Y-193.086 Z-365.925 F2000
G1 B90.0 F1000
G1 X-92.702 Y-193.086 Z-345.773 F2000
G1 B90.0 F1000
G1 X-92.702 Y-193.086 Z-325.621 F2000
G1 B35.26438968275465 F1000
G1 X-92.702 Y-193.086 Z-305.469 F2000
G1 B90.0 F1000
G1 X-72.55 Y-152.782 Z-285.317 F2000
G1 B44.99857844487028 F1000
G1 X-72.55 Y-152.782 Z-265.164 F2000
G1 B54.735610317245346 F1000
G1 X-72.55 Y-132.629 Z-245.012 F2000
G1 B45.00000000000003 F1000
G1 X-52.398 Y-112.477 Z-224.86 F2000
G1 B29.2061138901843 F1000
G1 X-52.398 Y-92.325 Z-204.708 F2000
G1 B90.0 F1000
G1 X-12.093 Y-11.716 Z-184.556 F2000
G1 B90.0 F1000
G1 X-12.093 Y-11.716 Z-164.403 F2000
G1 B90.0 F1000
G1 X-12.093 Y-11.716 Z-144.251 F2000
G1 X-12.093 Y-11.716 Z-124.099 F2000
G1 X-19.275133243394247 Y-18.674229808947903 Z-124.099 F5000
M01
G1 X-35.5422406324775 Y-101.76577349646413 Z-708.513 F5000
M00
G1 B134.99999999999994 F1000
G1 X-32.245 Y-92.325 Z-708.513 F2000
G1 B125.26371954138449 F1000
G1 X-32.245 Y-112.477 Z-688.361 F2000
G1 B135.00000000000014 F1000
G1 X-52.398 Y-132.629 Z-668.209 F2000
G1 B90.0 F1000
G1 X-52.398 Y-152.782 Z-648.056 F2000
G1 B134.99999999999991 F1000
G1 X-52.398 Y-152.782 Z-627.904 F2000
G1 B90.0 F1000
G1 X-52.398 Y-172.934 Z-607.752 F2000
G1 B153.434948822922 F1000
G1 X-52.398 Y-172.934 Z-587.6 F2000
G1 B90.0 F1000
G1 X-52.398 Y-213.238 Z-567.448 F2000
G1 B135.0000000000001 F1000
G1 X-52.398 Y-213.238 Z-547.295 F2000
G1 B125.26572994886841 F1000
G1 X-52.398 Y-233.39 Z-527.143 F2000
G1 B90.0 F1000
G1 X-72.55 Y-253.543 Z-506.991 F2000
G1 B90.0 F1000
G1 X-72.55 Y-253.543 Z-486.839 F2000
G1 B90.0 F1000
G1 X-72.55 Y-253.543 Z-466.687 F2000
G1 B90.0 F1000
G1 X-72.55 Y-253.543 Z-446.534 F2000
G1 B54.73427005113155 F1000
G1 X-72.55 Y-253.543 Z-426.382 F2000
G1 B45.00000000000008 F1000
G1 X-52.398 Y-233.39 Z-406.23 F2000
G1 B90.0 F1000
G1 X-52.398 Y-213.238 Z-386.078 F2000
G1 B45.0 F1000
G1 X-52.398 Y-213.238 Z-365.925 F2000
G1 B45.00000000000004 F1000
G1 X-52.398 Y-193.086 Z-345.773 F2000
G1 B90.0 F1000
G1 X-52.398 Y-172.934 Z-325.621 F2000
G1 B45.0 F1000
G1 X-52.398 Y-172.934 Z-305.469 F2000
G1 B90.0 F1000
G1 X-52.398 Y-152.782 Z-285.317 F2000
G1 B90.0 F1000
G1 X-52.398 Y-152.782 Z-265.164 F2000
G1 B44.99857844487028 F1000
G1 X-52.398 Y-152.782 Z-245.012 F2000
G1 B54.73628045861549 F1000
G1 X-52.398 Y-132.629 Z-224.86 F2000
G1 B26.56505117707798 F1000
G1 X-32.245 Y-112.477 Z-204.708 F2000
G1 B25.239584590766846 F1000
G1 X-32.245 Y-72.173 Z-184.556 F2000
G1 B90.0 F1000
G1 X-12.093 Y-11.716 Z-164.403 F2000
G1 B90.0 F1000
G1 X-12.093 Y-11.716 Z-144.251 F2000
G1 X-12.093 Y-11.716 Z-124.099 F2000
G1 X-19.275133243394247 Y-18.674229808947903 Z-124.099 F5000
M01
G1 X-14.357263307977759 Y-61.76128293593906 Z-708.513 F5000
M00
G1 B161.56505117707798 F1000
G1 X-12.093 Y-52.021 Z-708.513 F2000
G1 B134.99999999999991 F1000
G1 X-12.093 Y-112.477 Z-688.361 F2000
G1 B9.462706418040385 F1000
G1 X-12.093 Y-132.629 Z-668.209 F2000
G1 B171.8700113714959 F1000
G1 X-12.093 Y-11.716 Z-648.056 F2000
G1 B134.99999999999991 F1000
G1 X-12.093 Y-152.782 Z-627.904 F2000
G1 B90.0 F1000
G1 X-12.093 Y-172.934 Z-607.752 F2000
G1 B134.99999999999997 F1000
G1 X-12.093 Y-172.934 Z-587.6 F2000
G1 B134.99857844487028 F1000
G1 X-12.093 Y-193.086 Z-567.448 F2000
G1 B90.0 F1000
G1 X-12.093 Y-213.238 Z-547.295 F2000
G1 B5.710536837442905 F1000
G1 X-12.093 Y-213.238 Z-527.143 F2000
G1 B90.0 F1000
G1 X-12.093 Y-11.716 Z-506.991 F2000
G1 B90.0 F1000
G1 X-12.093 Y-11.716 Z-486.839 F2000
G1 B90.0 F1000
G1 X-12.093 Y-11.716 Z-466.687 F2000
G1 B90.0 F1000
G1 X-12.093 Y-11.716 Z-446.534 F2000
G1 B90.0 F1000
G1 X-12.093 Y-11.716 Z-426.382 F2000
G1 B174.2894631625571 F1000
G1 X-12.093 Y-11.716 Z-406.23 F2000
G1 B45.00142155512964 F1000
G1 X-12.093 Y-213.238 Z-386.078 F2000
G1 B90.0 F1000
G1 X-12.093 Y-193.086 Z-365.925 F2000
G1 B45.00000000000004 F1000
G1 X-12.093 Y-193.086 Z-345.773 F2000
G1 B90.0 F1000
G1 X-12.093 Y-172.934 Z-325.621 F2000
G1 B45.0 F1000
G1 X-12.093 Y-172.934 Z-305.469 F2000
G1 B90.0 F1000
G1 X-12.093 Y-152.782 Z-285.317 F2000
G1 B44.99857844487028 F1000
G1 X-12.093 Y-152.782 Z-265.164 F2000
G1 B90.0 F1000
G1 X-12.093 Y-132.629 Z-245.012 F2000
G1 B26.565051177078008 F1000
G1 X-12.093 Y-132.629 Z-224.86 F2000
G1 B18.434664509074388 F1000
G1 X-12.093 Y-92.325 Z-204.708 F2000
G1 B45.001421555129696 F1000
G1 X-12.093 Y-31.868 Z-184.556 F2000
G1 B90.0 F1000
G1 X-12.093 Y-11.716 Z-164.403 F2000
G1 B90.0 F1000
G1 X-12.093 Y-11.716 Z-144.251 F2000
G1 X-12.093 Y-11.716 Z-124.099 F2000
G1 X-19.275133243394247 Y-18.674229808947903 Z-124.099 F5000
M01
G1 X-15.640860082078017 Y-41.21747532420923 Z-708.513 F5000
M00
G1 B161.56533549092558 F1000
G1 X-12.093 Y-31.868 Z-708.513 F2000
G1 B144.73561031724532 F1000
G1 X-12.093 Y-92.325 Z-688.361 F2000
G1 B13.262887634774057 F1000
G1 X8.059 Y-132.629 Z-668.209 F2000
G1 B168.57840401986428 F1000
G1 X-12.093 Y-11.716 Z-648.056 F2000
G1 B134.99999999999991 F1000
G1 X8.059 Y-152.782 Z-627.904 F2000
G1 B135.0000000000001 F1000
G1 X8.059 Y-172.934 Z-607.752 F2000
G1 B134.99999999999991 F1000
G1 X8.059 Y-193.086 Z-587.6 F2000
G1 B90.0 F1000
G1 X8.059 Y-213.238 Z-567.448 F2000
G1 B135.0000000000001 F1000
G1 X8.059 Y-213.238 Z-547.295 F2000
G1 B90.0 F1000
G1 X8.059 Y-233.39 Z-527.143 F2000
G1 B7.32597157381637 F1000
G1 X8.059 Y-233.39 Z-506.991 F2000
G1 B90.0 F1000
G1 X-12.093 Y-11.716 Z-486.839 F2000
G1 B90.0 F1000
G1 X-12.093 Y-11.716 Z-466.687 F2000
G1 B90.0 F1000
G1 X-12.093 Y-11.716 Z-446.534 F2000
G1 B90.0 F1000
G1 X-12.093 Y-11.716 Z-426.382 F2000
G1 B172.67402842618364 F1000
G1 X-12.093 Y-11.716 Z-406.23 F2000
G1 B45.00142155512964 F1000
G1 X8.059 Y-233.39 Z-386.078 F2000
G1 B90.0 F1000
G1 X8.059 Y-213.238 Z-365.925 F2000
G1 B45.00000000000008 F1000
G1 X8.059 Y-213.238 Z-345.773 F2000
G1 B90.0 F1000
G1 X8.059 Y-193.086 Z-325.621 F2000
G1 B26.56505117707798 F1000
G1 X8.059 Y-193.086 Z-305.469 F2000
G1 B90.0 F1000
G1 X8.059 Y-152.782 Z-285.317 F2000
G1 B44.99857844487028 F1000
G1 X8.059 Y-152.782 Z-265.164 F2000
G1 B54.73561031724535 F1000
G1 X8.059 Y-132.629 Z-245.012 F2000
G1 B26.565051177078008 F1000
G1 X-12.093 Y-112.477 Z-224.86 F2000
G1 B18.434664509074388 F1000
G1 X-12.093 Y-72.173 Z-204.708 F2000
G1 B90.0 F1000
G1 X-12.093 Y-11.716 Z-184.556 F2000
G1 B90.0 F1000
G1 X-12.093 Y-11.716 Z-164.403 F2000
G1 B90.0 F1000
G1 X-12.093 Y-11.716 Z-144.251 F2000
G1 X-12.093 Y-11.716 Z-124.099 F2000
G1 X-19.275133243394247 Y-18.674229808947903 Z-124.099 F5000
M01
G1 X8.928588060463616 Y-102.28711908205774 Z-708.513 F5000
M00
G1 B134.99999999999994 F1000
G1 X8.059 Y-92.325 Z-708.513 F2000
G1 B125.26438968275461 F1000
G1 X8.059 Y-112.477 Z-688.361 F2000
G1 B135.00000000000014 F1000
G1 X28.211 Y-132.629 Z-668.209 F2000
G1 B134.99999999999991 F1000
G1 X28.211 Y-152.782 Z-648.056 F2000
G1 B125.26371954138455 F1000
G1 X28.211 Y-172.934 Z-627.904 F2000
G1 B144.73561031724537 F1000
G1 X48.364 Y-193.086 Z-607.752 F2000
G1 B90.0 F1000
G1 X68.516 Y-233.39 Z-587.6 F2000
G1 B90.0 F1000
G1 X68.516 Y-233.39 Z-567.448 F2000
G1 B90.0 F1000
G1 X68.516 Y-233.39 Z-547.295 F2000
G1 B90.0 F1000
G1 X68.516 Y-233.39 Z-527.143 F2000
G1 B90.0 F1000
G1 X68.516 Y-233.39 Z-506.991 F2000
G1 B90.0 F1000
G1 X68.516 Y-233.39 Z-486.839 F2000
G1 B90.0 F1000
G1 X68.516 Y-233.39 Z-466.687 F2000
G1 B90.0 F1000
G1 X68.516 Y-233.39 Z-446.534 F2000
G1 B90.0 F1000
G1 X68.516 Y-233.39 Z-426.382 F2000
G1 B90.0 F1000
G1 X68.516 Y-233.39 Z-406.23 F2000
G1 B90.0 F1000
G1 X68.516 Y-233.39 Z-386.078 F2000
G1 B90.0 F1000
G1 X68.516 Y-233.39 Z-365.925 F2000
G1 B90.0 F1000
G1 X68.516 Y-233.39 Z-345.773 F2000
G1 B35.26438968275466 F1000
G1 X68.516 Y-233.39 Z-325.621 F2000
G1 B90.0 F1000
G1 X48.364 Y-193.086 Z-305.469 F2000
G1 B35.265729948868426 F1000
G1 X48.364 Y-193.086 Z-285.317 F2000
G1 B90.0 F1000
G1 X28.211 Y-152.782 Z-265.164 F2000
G1 B44.99857844487028 F1000
G1 X28.211 Y-152.782 Z-245.012 F2000
G1 B54.735610317245374 F1000
G1 X28.211 Y-132.629 Z-224.86 F2000
G1 B15.79302012871206 F1000
G1 X8.059 Y-112.477 Z-204.708 F2000
G1 B90.0 F1000
G1 X-12.093 Y-11.716 Z-184.556 F2000
G1 B90.0 F1000
G1 X-12.093 Y-11.716 Z-164.403 F2000
G1 B90.0 F1000
G1 X-12.093 Y-11.716 Z-144.251 F2000
G1 X-12.093 Y-11.716 Z-124.099 F2000
G1 X-19.275133243394247 Y-18.674229808947903 Z-124.099 F5000
M01
G1 X31.13324062084767 Y-101.88849882385456 Z-708.513 F5000
M00
G1 B134.99999999999994 F1000
G1 X28.211 Y-92.325 Z-708.513 F2000
G1 B90.0 F1000
G1 X28.211 Y-112.477 Z-688.361 F2000
G1 B131.81017361948142 F1000
G1 X28.211 Y-112.477 Z-668.209 F2000
G1 B134.99999999999991 F1000
G1 X68.516 Y-152.782 Z-648.056 F2000
G1 B90.0 F1000
G1 X68.516 Y-172.934 Z-627.904 F2000
G1 B125.26438968275474 F1000
G1 X68.516 Y-172.934 Z-607.752 F2000
G1 B90.0 F1000
G1 X88.668 Y-193.086 Z-587.6 F2000
G1 B134.99857844487028 F1000
G1 X88.668 Y-193.086 Z-567.448 F2000
G1 B90.0 F1000
G1 X88.668 Y-213.238 Z-547.295 F2000
G1 B90.0 F1000
G1 X88.668 Y-213.238 Z-527.143 F2000
G1 B90.0 F1000
G1 X88.668 Y-213.238 Z-506.991 F2000
G1 B90.0 F1000
G1 X88.668 Y-213.238 Z-486.839 F2000
G1 B90.0 F1000
G1 X88.668 Y-213.238 Z-466.687 F2000
G1 B90.0 F1000
G1 X88.668 Y-213.238 Z-446.534 F2000
G1 B90.0 F1000
G1 X88.668 Y-213.238 Z-426.382 F2000
G1 B90.0 F1000
G1 X88.668 Y-213.238 Z-406.23 F2000
G1 B90.0 F1000
G1 X88.668 Y-213.238 Z-386.078 F2000
G1 B45.0 F1000
G1 X88.668 Y-213.238 Z-365.925 F2000
G1 B90.0 F1000
G1 X88.668 Y-193.086 Z-345.773 F2000
G1 B90.0 F1000
G1 X88.668 Y-193.086 Z-325.621 F2000
G1 B54.73561031724532 F1000
G1 X88.668 Y-193.086 Z-305.469 F2000
G1 B90.0 F1000
G1 X68.516 Y-172.934 Z-285.317 F2000
G1 B45.0 F1000
G1 X68.516 Y-172.934 Z-265.164 F2000
G1 B48.18954382994937 F1000
G1 X68.516 Y-152.782 Z-245.012 F2000
G1 B90.0 F1000
G1 X28.211 Y-112.477 Z-224.86 F2000
G1 B44.99999999999998 F1000
G1 X28.211 Y-112.477 Z-204.708 F2000
G1 B29.205871704869196 F1000
G1 X28.211 Y-92.325 Z-184.556 F2000
G1 B90.0 F1000
G1 X-12.093 Y-11.716 Z-164.403 F2000
G1 B90.0 F1000
G1 X-12.093 Y-11.716 Z-144.251 F2000
G1 X-12.093 Y-11.716 Z-124.099 F2000
G1 X-19.275133243394247 Y-18.674229808947903 Z-124.099 F5000
M01
G1 X31.851567760368038 Y-81.48676757183519 Z-708.513 F5000
M00
G1 B125.26371954138452 F1000
G1 X28.211 Y-72.173 Z-708.513 F2000
G1 B125.26438968275463 F1000
G1 X48.364 Y-92.325 Z-688.361 F2000
G1 B125.2637195413846 F1000
G1 X68.516 Y-112.477 Z-668.209 F2000
G1 B144.7362804503023 F1000
G1 X88.668 Y-132.629 Z-648.056 F2000
G1 B90.0 F1000
G1 X108.82 Y-172.934 Z-627.904 F2000
G1 B125.26438968275471 F1000
G1 X108.82 Y-172.934 Z-607.752 F2000
G1 B90.0 F1000
G1 X128.972 Y-193.086 Z-587.6 F2000
G1 B90.0 F1000
G1 X128.972 Y-193.086 Z-567.448 F2000
G1 B90.0 F1000
G1 X128.972 Y-193.086 Z-547.295 F2000
G1 B90.0 F1000
G1 X128.972 Y-193.086 Z-527.143 F2000
G1 B90.0 F1000
G1 X128.972 Y-193.086 Z-506.991 F2000
G1 B90.0 F1000
G1 X128.972 Y-193.086 Z-486.839 F2000
G1 B90.0 F1000
G1 X128.972 Y-193.086 Z-466.687 F2000
G1 B90.0 F1000
G1 X128.972 Y-193.086 Z-446.534 F2000
G1 B90.0 F1000
G1 X128.972 Y-193.086 Z-426.382 F2000
G1 B90.0 F1000
G1 X128.972 Y-193.086 Z-406.23 F2000
G1 B90.0 F1000
G1 X128.972 Y-193.086 Z-386.078 F2000
G1 B90.0 F1000
G1 X128.972 Y-193.086 Z-365.925 F2000
G1 B90.0 F1000
G1 X128.972 Y-193.086 Z-345.773 F2000
G1 B90.0 F1000
G1 X128.972 Y-193.086 Z-325.621 F2000
G1 B54.73561031724533 F1000
G1 X128.972 Y-193.086 Z-305.469 F2000
G1 B90.0 F1000
G1 X108.82 Y-172.934 Z-285.317 F2000
G1 B35.263719549697655 F1000
G1 X108.82 Y-172.934 Z-265.164 F2000
G1 B54.73561031724535 F1000
G1 X88.668 Y-132.629 Z-245.012 F2000
G1 B54.73561031724535 F1000
G1 X68.516 Y-112.477 Z-224.86 F2000
G1 B54.73628045861544 F1000
G1 X48.364 Y-92.325 Z-204.708 F2000
G1 B36.69904356431489 F1000
G1 X28.211 Y-72.173 Z-184.556 F2000
G1 B90.0 F1000
G1 X-12.093 Y-11.716 Z-164.403 F2000
G1 B90.0 F1000
G1 X-12.093 Y-11.716 Z-144.251 F2000
G1 X-12.093 Y-11.716 Z-124.099 F2000
G1 X-19.275133243394247 Y-18.674229808947903 Z-124.099 F5000
M01
G1 X32.9781368802839 Y-60.811586212798154 Z-708.513 F5000
M00
G1 B125.26371954138452 F1000
G1 X28.211 Y-52.021 Z-708.513 F2000
G1 B131.8103148957786 F1000
G1 X48.364 Y-72.173 Z-688.361 F2000
G1 B90.0 F1000
G1 X88.668 Y-112.477 Z-668.209 F2000
G1 B125.26438968275463 F1000
G1 X88.668 Y-112.477 Z-648.056 F2000
G1 B90.0 F1000
G1 X108.82 Y-132.629 Z-627.904 F2000
G1 B90.0 F1000
G1 X108.82 Y-132.629 Z-607.752 F2000
G1 B90.0 F1000
G1 X128.972 Y-132.629 Z-587.6 F2000
G1 B125.26438968275468 F1000
G1 X128.972 Y-132.629 Z-567.448 F2000
G1 B90.0 F1000
G1 X149.125 Y-152.782 Z-547.295 F2000
G1 B90.0 F1000
G1 X149.125 Y-152.782 Z-527.143 F2000
G1 B90.0 F1000
G1 X149.125 Y-152.782 Z-506.991 F2000
G1 B90.0 F1000
G1 X149.125 Y-152.782 Z-486.839 F2000
G1 B90.0 F1000
G1 X149.125 Y-152.782 Z-466.687 F2000
G1 B90.0 F1000
G1 X149.125 Y-152.782 Z-446.534 F2000
G1 B90.0 F1000
G1 X149.125 Y-152.782 Z-426.382 F2000
G1 B90.0 F1000
G1 X149.125 Y-152.782 Z-406.23 F2000
G1 B49.03404122284484 F1000
G1 X149.125 Y-152.782 Z-386.078 F2000
G1 B130.31557961387205 F1000
G1 X-12.093 Y-11.716 Z-365.925 F2000
G1 B90.0 F1000
G1 X128.972 Y-132.629 Z-345.773 F2000
G1 B90.0 F1000
G1 X128.972 Y-132.629 Z-325.621 F2000
G1 B90.0 F1000
G1 X108.82 Y-132.629 Z-305.469 F2000
G1 B54.73628045861548 F1000
G1 X108.82 Y-132.629 Z-285.317 F2000
G1 B90.0 F1000
G1 X88.668 Y-112.477 Z-265.164 F2000
G1 B90.0 F1000
G1 X88.668 Y-112.477 Z-245.012 F2000
G1 B48.18968510422141 F1000
G1 X88.668 Y-112.477 Z-224.86 F2000
G1 B48.18954382994937 F1000
G1 X48.364 Y-72.173 Z-204.708 F2000
G1 B54.73628045861547 F1000
G1 X8.059 Y-31.868 Z-184.556 F2000
G1 B90.0 F1000
G1 X-12.093 Y-11.716 Z-164.403 F2000
G1 B90.0 F1000
G1 X-12.093 Y-11.716 Z-144.251 F2000
G1 X-12.093 Y-11.716 Z-124.099 F2000
G1 X-19.275133243394247 Y-18.674229808947903 Z-124.099 F5000
M01
G1 X55.17295393814705 Y-59.344806815324375 Z-708.513 F5000
M00
G1 B114.09484255211069 F1000
G1 X48.364 Y-52.021 Z-708.513 F2000
G1 B125.26438968275463 F1000
G1 X88.668 Y-72.173 Z-688.361 F2000
G1 B90.0 F1000
G1 X108.82 Y-92.325 Z-668.209 F2000
G1 B114.09441872170007 F1000
G1 X108.82 Y-92.325 Z-648.056 F2000
G1 B125.26438968275463 F1000
G1 X149.125 Y-112.477 Z-627.904 F2000
G1 B90.0 F1000
G1 X169.277 Y-132.629 Z-607.752 F2000
G1 B90.0 F1000
G1 X169.277 Y-132.629 Z-587.6 F2000
G1 B90.0 F1000
G1 X169.277 Y-132.629 Z-567.448 F2000
G1 B114.09590213427147 F1000
G1 X189.429 Y-132.629 Z-547.295 F2000
G1 B90.0 F1000
G1 X229.733 Y-152.782 Z-527.143 F2000
G1 B90.0 F1000
G1 X229.733 Y-152.782 Z-506.991 F2000
G1 B90.0 F1000
G1 X229.733 Y-152.782 Z-486.839 F2000
G1 B90.0 F1000
G1 X229.733 Y-152.782 Z-466.687 F2000
G1 B90.0 F1000
G1 X229.733 Y-152.782 Z-446.534 F2000
G1 B90.0 F1000
G1 X229.733 Y-152.782 Z-426.382 F2000
G1 B90.0 F1000
G1 X229.733 Y-152.782 Z-406.23 F2000
G1 B65.90430979337756 F1000
G1 X229.733 Y-152.782 Z-386.078 F2000
G1 B90.0 F1000
G1 X189.429 Y-132.629 Z-365.925 F2000
G1 B90.0 F1000
G1 X169.277 Y-132.629 Z-345.773 F2000
G1 B90.0 F1000
G1 X169.277 Y-132.629 Z-325.621 F2000
G1 B54.735610317245346 F1000
G1 X169.277 Y-132.629 Z-305.469 F2000
G1 B65.90579318772167 F1000
G1 X149.125 Y-112.477 Z-285.317 F2000
G1 B90.0 F1000
G1 X108.82 Y-92.325 Z-265.164 F2000
G1 B90.0 F1000
G1 X108.82 Y-92.325 Z-245.012 F2000
G1 B65.9051574478893 F1000
G1 X108.82 Y-92.325 Z-224.86 F2000
G1 B54.735610317245346 F1000
G1 X68.516 Y-72.173 Z-204.708 F2000
G1 B57.688338324766164 F1000
G1 X48.364 Y-52.021 Z-184.556 F2000
G1 B90.0 F1000
G1 X-12.093 Y-11.716 Z-164.403 F2000
G1 B90.0 F1000
G1 X-12.093 Y-11.716 Z-144.251 F2000
G1 X-12.093 Y-11.716 Z-124.099 F2000
G1 X-19.275133243394247 Y-18.674229808947903 Z-124.099 F5000
M01
G1 X97.29314546437351 Y-57.08132268915701 Z-708.513 F5000
M00
G1 B114.09484255211069 F1000
G1 X88.668 Y-52.021 Z-708.513 F2000
G1 B90.0 F1000
G1 X128.972 Y-72.173 Z-688.361 F2000
G1 B90.0 F1000
G1 X149.125 Y-72.173 Z-668.209 F2000
G1 B90.0 F1000
G1 X149.125 Y-72.173 Z-648.056 F2000
G1 B125.26438968275463 F1000
G1 X149.125 Y-72.173 Z-627.904 F2000
G1 B90.0 F1000
G1 X169.277 Y-92.325 Z-607.752 F2000
G1 B125.26438968275463 F1000
G1 X189.429 Y-92.325 Z-587.6 F2000
G1 B90.0 F1000
G1 X209.581 Y-112.477 Z-567.448 F2000
G1 B90.0 F1000
G1 X209.581 Y-112.477 Z-547.295 F2000
G1 B90.0 F1000
G1 X229.733 Y-112.477 Z-527.143 F2000
G1 B90.0 F1000
G1 X229.733 Y-112.477 Z-506.991 F2000
G1 B90.0 F1000
G1 X229.733 Y-112.477 Z-486.839 F2000
G1 B90.0 F1000
G1 X229.733 Y-112.477 Z-466.687 F2000
G1 B90.0 F1000
G1 X229.733 Y-112.477 Z-446.534 F2000
G1 B90.0 F1000
G1 X229.733 Y-112.477 Z-426.382 F2000
G1 B90.0 F1000
G1 X229.733 Y-112.477 Z-406.23 F2000
G1 B90.0 F1000
G1 X229.733 Y-112.477 Z-386.078 F2000
G1 B90.0 F1000
G1 X209.581 Y-112.477 Z-365.925 F2000
G1 B54.73561031724537 F1000
G1 X209.581 Y-112.477 Z-345.773 F2000
G1 B90.0 F1000
G1 X189.429 Y-92.325 Z-325.621 F2000
G1 B54.73561031724533 F1000
G1 X169.277 Y-92.325 Z-305.469 F2000
G1 B90.0 F1000
G1 X149.125 Y-72.173 Z-285.317 F2000
G1 B90.0 F1000
G1 X149.125 Y-72.173 Z-265.164 F2000
G1 B90.0 F1000
G1 X149.125 Y-72.173 Z-245.012 F2000
G1 B90.0 F1000
G1 X149.125 Y-72.173 Z-224.86 F2000
G1 B54.73561031724533 F1000
G1 X108.82 Y-72.173 Z-204.708 F2000
G1 B68.5830257606164 F1000
G1 X88.668 Y-52.021 Z-184.556 F2000
G1 B90.0 F1000
G1 X-12.093 Y-11.716 Z-164.403 F2000
G1 B90.0 F1000
G1 X-12.093 Y-11.716 Z-144.251 F2000
G1 X-12.093 Y-11.716 Z-124.099 F2000
G1 X-19.275133243394247 Y-18.674229808947903 Z-124.099 F5000
M01
G1 X98.07864793250417 Y-35.25026336799119 Z-708.513 F5000
M00
G1 B125.2657299488684 F1000
G1 X88.668 Y-31.868 Z-708.513 F2000
G1 B90.0 F1000
G1 X108.82 Y-52.021 Z-688.361 F2000
G1 B90.0 F1000
G1 X108.82 Y-52.021 Z-668.209 F2000
G1 B90.0 F1000
G1 X128.972 Y-52.021 Z-648.056 F2000
G1 B77.54525569239556 F1000
G1 X169.277 Y-52.021 Z-627.904 F2000
G1 B100.26358723921908 F1000
G1 X-12.093 Y-11.716 Z-607.752 F2000
G1 B125.26438968275461 F1000
G1 X209.581 Y-52.021 Z-587.6 F2000
G1 B90.0 F1000
G1 X229.733 Y-72.173 Z-567.448 F2000
G1 B90.0 F1000
G1 X229.733 Y-72.173 Z-547.295 F2000
G1 B90.0 F1000
G1 X229.733 Y-72.173 Z-527.143 F2000
G1 B90.0 F1000
G1 X229.733 Y-72.173 Z-506.991 F2000
G1 B90.0 F1000
G1 X229.733 Y-72.173 Z-486.839 F2000
G1 B90.0 F1000
G1 X229.733 Y-72.173 Z-466.687 F2000
G1 B90.0 F1000
G1 X229.733 Y-72.173 Z-446.534 F2000
G1 B90.0 F1000
G1 X229.733 Y-72.173 Z-426.382 F2000
G1 B90.0 F1000
G1 X229.733 Y-72.173 Z-406.23 F2000
G1 B90.0 F1000
G1 X229.733 Y-72.173 Z-386.078 F2000
G1 B54.735610317245346 F1000
G1 X229.733 Y-72.173 Z-365.925 F2000
G1 B90.0 F1000
G1 X209.581 Y-52.021 Z-345.773 F2000
G1 B90.0 F1000
G1 X209.581 Y-52.021 Z-325.621 F2000
G1 B79.73641276078092 F1000
G1 X209.581 Y-52.021 Z-305.469 F2000
G1 B103.93224998533616 F1000
G1 X-12.093 Y-11.716 Z-285.317 F2000
G1 B90.0 F1000
G1 X149.125 Y-52.021 Z-265.164 F2000
G1 B90.0 F1000
G1 X128.972 Y-52.021 Z-245.012 F2000
G1 B54.734270051131595 F1000
G1 X108.82 Y-52.021 Z-224.86 F2000
G1 B90.0 F1000
G1 X88.668 Y-31.868 Z-204.708 F2000
G1 B76.36716932045006 F1000
G1 X68.516 Y-31.868 Z-184.556 F2000
G1 B90.0 F1000
G1 X-12.093 Y-11.716 Z-164.403 F2000
G1 B90.0 F1000
G1 X-12.093 Y-11.716 Z-144.251 F2000
G1 X-12.093 Y-11.716 Z-124.099 F2000
G1 X-19.275133243394247 Y-18.674229808947903 Z-124.099 F5000
M01
G1 X58.082896900104195 Y-14.070366803441004 Z-708.513 F5000
M00
G1 B90.0 F1000
G1 X48.364 Y-11.716 Z-708.513 F2000
G1 B90.0 F1000
G1 X88.668 Y-11.716 Z-688.361 F2000
G1 B90.0 F1000
G1 X108.82 Y-11.716 Z-668.209 F2000
G1 B90.0 F1000
G1 X-12.093 Y-11.716 Z-648.056 F2000
G1 B90.0 F1000
G1 X-12.093 Y-11.716 Z-627.904 F2000
G1 B90.0 F1000
G1 X-12.093 Y-11.716 Z-607.752 F2000
G1 B90.0 F1000
G1 X-12.093 Y-11.716 Z-587.6 F2000
G1 B90.0 F1000
G1 X-12.093 Y-11.716 Z-567.448 F2000
G1 B90.0 F1000
G1 X-12.093 Y-11.716 Z-547.295 F2000
G1 B90.0 F1000
G1 X-12.093 Y-11.716 Z-527.143 F2000
G1 B90.0 F1000
G1 X-12.093 Y-11.716 Z-506.991 F2000
G1 B90.0 F1000
G1 X-12.093 Y-11.716 Z-486.839 F2000
G1 B90.0 F1000
G1 X-12.093 Y-11.716 Z-466.687 F2000
G1 B90.0 F1000
G1 X-12.093 Y-11.716 Z-446.534 F2000
G1 B90.0 F1000
G1 X-12.093 Y-11.716 Z-426.382 F2000
G1 B90.0 F1000
G1 X-12.093 Y-11.716 Z-406.23 F2000
G1 B90.0 F1000
G1 X-12.093 Y-11.716 Z-386.078 F2000
G1 B90.0 F1000
G1 X-12.093 Y-11.716 Z-365.925 F2000
G1 B90.0 F1000
G1 X-12.093 Y-11.716 Z-345.773 F2000
G1 B90.0 F1000
G1 X-12.093 Y-11.716 Z-325.621 F2000
G1 B90.0 F1000
G1 X-12.093 Y-11.716 Z-305.469 F2000
G1 B90.0 F1000
G1 X-12.093 Y-11.716 Z-285.317 F2000
G1 B90.0 F1000
G1 X-12.093 Y-11.716 Z-265.164 F2000
G1 B90.0 F1000
G1 X108.82 Y-11.716 Z-245.012 F2000
G1 B90.0 F1000
G1 X88.668 Y-11.716 Z-224.86 F2000
G1 B90.0 F1000
G1 X88.668 Y-11.716 Z-204.708 F2000
G1 B90.0 F1000
G1 X-12.093 Y-11.716 Z-184.556 F2000
G1 B90.0 F1000
G1 X-12.093 Y-11.716 Z-164.403 F2000
G1 B90.0 F1000
G1 X-12.093 Y-11.716 Z-144.251 F2000
G1 X-12.093 Y-11.716 Z-124.099 F2000
G1 X-19.275133243394247 Y-18.674229808947903 Z-124.099 F5000
M01
G1 X37.44624725345811 Y-15.551388919978564 Z-708.513 F5000
M00
G1 B90.0 F1000
G1 X28.211 Y-11.716 Z-708.513 F2000
G1 B65.90515744788931 F1000
G1 X68.516 Y-11.716 Z-688.361 F2000
G1 B78.90432062550816 F1000
G1 X108.82 Y8.436 Z-668.209 F2000
G1 B90.0 F1000
G1 X209.581 Y28.588 Z-648.056 F2000
G1 B90.0 F1000
G1 X209.581 Y28.588 Z-627.904 F2000
G1 B90.0 F1000
G1 X209.581 Y28.588 Z-607.752 F2000
G1 B90.0 F1000
G1 X209.581 Y28.588 Z-587.6 F2000
G1 B90.0 F1000
G1 X209.581 Y28.588 Z-567.448 F2000
G1 B90.0 F1000
G1 X209.581 Y28.588 Z-547.295 F2000
G1 B90.0 F1000
G1 X209.581 Y28.588 Z-527.143 F2000
G1 B90.0 F1000
G1 X209.581 Y28.588 Z-506.991 F2000
G1 B90.0 F1000
G1 X209.581 Y28.588 Z-486.839 F2000
G1 B90.0 F1000
G1 X209.581 Y28.588 Z-466.687 F2000
G1 B90.0 F1000
G1 X209.581 Y28.588 Z-446.534 F2000
G1 B90.0 F1000
G1 X209.581 Y28.588 Z-426.382 F2000
G1 B90.0 F1000
G1 X209.581 Y28.588 Z-406.23 F2000
G1 B90.0 F1000
G1 X209.581 Y28.588 Z-386.078 F2000
G1 B90.0 F1000
G1 X209.581 Y28.588 Z-365.925 F2000
G1 B90.0 F1000
G1 X209.581 Y28.588 Z-345.773 F2000
G1 B90.0 F1000
G1 X209.581 Y28.588 Z-325.621 F2000
G1 B90.0 F1000
G1 X209.581 Y28.588 Z-305.469 F2000
G1 B90.0 F1000
G1 X209.581 Y28.588 Z-285.317 F2000
G1 B90.0 F1000
G1 X209.581 Y28.588 Z-265.164 F2000
G1 B90.0 F1000
G1 X209.581 Y28.588 Z-245.012 F2000
G1 B105.79306480428288 F1000
G1 X209.581 Y28.588 Z-224.86 F2000
G1 B90.0 F1000
G1 X68.516 Y-11.716 Z-204.708 F2000
G1 B90.0 F1000
G1 X-12.093 Y-11.716 Z-184.556 F2000
G1 B90.0 F1000
G1 X-12.093 Y-11.716 Z-164.403 F2000
G1 B90.0 F1000
G1 X-12.093 Y-11.716 Z-144.251 F2000
G1 X-12.093 Y-11.716 Z-124.099 F2000
G1 X-19.275133243394247 Y-18.674229808947903 Z-124.099 F5000
M01
G1 X78.44105281721956 Y9.65801742025314 Z-708.513 F5000
M00
G1 B72.4515993862077 F1000
G1 X68.516 Y8.436 Z-708.513 F2000
G1 B54.73494020358595 F1000
G1 X128.972 Y28.588 Z-688.361 F2000
G1 B90.0 F1000
G1 X149.125 Y48.741 Z-668.209 F2000
G1 B110.41052653552332 F1000
G1 X149.125 Y48.741 Z-648.056 F2000
G1 B68.2966578581094 F1000
G1 X-12.093 Y-11.716 Z-627.904 F2000
G1 B90.0 F1000
G1 X189.429 Y68.893 Z-607.752 F2000
G1 B90.0 F1000
G1 X189.429 Y68.893 Z-587.6 F2000
G1 B90.0 F1000
G1 X209.581 Y68.893 Z-567.448 F2000
G1 B90.0 F1000
G1 X209.581 Y68.893 Z-547.295 F2000
G1 B54.736280458615475 F1000
G1 X229.733 Y68.893 Z-527.143 F2000
G1 B90.0 F1000
G1 X249.886 Y89.045 Z-506.991 F2000
G1 B90.0 F1000
G1 X249.886 Y89.045 Z-486.839 F2000
G1 B90.0 F1000
G1 X249.886 Y89.045 Z-466.687 F2000
G1 B90.0 F1000
G1 X249.886 Y89.045 Z-446.534 F2000
G1 B90.0 F1000
G1 X249.886 Y89.045 Z-426.382 F2000
G1 B114.09441872170007 F1000
G1 X249.886 Y89.045 Z-406.23 F2000
G1 B90.0 F1000
G1 X209.581 Y68.893 Z-386.078 F2000
G1 B90.0 F1000
G1 X209.581 Y68.893 Z-365.925 F2000
G1 B90.0 F1000
G1 X209.581 Y68.893 Z-345.773 F2000
G1 B90.0 F1000
G1 X189.429 Y68.893 Z-325.621 F2000
G1 B90.0 F1000
G1 X189.429 Y68.893 Z-305.469 F2000
G1 B114.09463063147226 F1000
G1 X189.429 Y68.893 Z-285.317 F2000
G1 B90.0 F1000
G1 X149.125 Y48.741 Z-265.164 F2000
G1 B90.0 F1000
G1 X149.125 Y48.741 Z-245.012 F2000
G1 B125.26505979641406 F1000
G1 X149.125 Y48.741 Z-224.86 F2000
G1 B107.54840061379231 F1000
G1 X128.972 Y28.588 Z-204.708 F2000
G1 B103.63283067954994 F1000
G1 X68.516 Y8.436 Z-184.556 F2000
G1 B90.0 F1000
G1 X-12.093 Y-11.716 Z-164.403 F2000
G1 B90.0 F1000
G1 X-12.093 Y-11.716 Z-144.251 F2000
G1 X-12.093 Y-11.716 Z-124.099 F2000
G1 X-19.275133243394247 Y-18.674229808947903 Z-124.099 F5000
M01
G1 X97.43126061955272 Y53.55818416855707 Z-708.513 F5000
M00
G1 B57.688852084246065 F1000
G1 X88.668 Y48.741 Z-708.513 F2000
G1 B90.0 F1000
G1 X149.125 Y89.045 Z-688.361 F2000
G1 B90.0 F1000
G1 X149.125 Y89.045 Z-668.209 F2000
G1 B90.0 F1000
G1 X149.125 Y89.045 Z-648.056 F2000
G1 B65.90515744788931 F1000
G1 X149.125 Y89.045 Z-627.904 F2000
G1 B54.73561031724531 F1000
G1 X189.429 Y109.197 Z-607.752 F2000
G1 B90.0 F1000
G1 X209.581 Y129.349 Z-587.6 F2000
G1 B90.0 F1000
G1 X209.581 Y129.349 Z-567.448 F2000
G1 B90.0 F1000
G1 X209.581 Y129.349 Z-547.295 F2000
G1 B90.0 F1000
G1 X229.733 Y129.349 Z-527.143 F2000
G1 B90.0 F1000
G1 X229.733 Y129.349 Z-506.991 F2000
G1 B90.0 F1000
G1 X229.733 Y129.349 Z-486.839 F2000
G1 B90.0 F1000
G1 X229.733 Y129.349 Z-466.687 F2000
G1 B90.0 F1000
G1 X229.733 Y129.349 Z-446.534 F2000
G1 B90.0 F1000
G1 X229.733 Y129.349 Z-426.382 F2000
G1 B90.0 F1000
G1 X229.733 Y129.349 Z-406.23 F2000
G1 B90.0 F1000
G1 X209.581 Y129.349 Z-386.078 F2000
G1 B90.0 F1000
G1 X209.581 Y129.349 Z-365.925 F2000
G1 B90.0 F1000
G1 X209.581 Y129.349 Z-345.773 F2000
G1 B125.26438968275465 F1000
G1 X209.581 Y129.349 Z-325.621 F2000
G1 B114.0948425521107 F1000
G1 X189.429 Y109.197 Z-305.469 F2000
G1 B90.0 F1000
G1 X149.125 Y89.045 Z-285.317 F2000
G1 B90.0 F1000
G1 X149.125 Y89.045 Z-265.164 F2000
G1 B90.0 F1000
G1 X149.125 Y89.045 Z-245.012 F2000
G1 B90.0 F1000
G1 X149.125 Y89.045 Z-224.86 F2000
G1 B122.31114791575396 F1000
G1 X149.125 Y89.045 Z-204.708 F2000
G1 B120.47048691359639 F1000
G1 X88.668 Y48.741 Z-184.556 F2000
G1 B90.0 F1000
G1 X-12.093 Y-11.716 Z-164.403 F2000
G1 B90.0 F1000
G1 X-12.093 Y-11.716 Z-144.251 F2000
G1 X-12.093 Y-11.716 Z-124.099 F2000
G1 X-19.275133243394247 Y-18.674229808947903 Z-124.099 F5000
M01
G1 X136.60391197678297 Y115.6587272906427 Z-708.513 F5000
M00
G1 B54.7362804586155 F1000
G1 X128.972 Y109.197 Z-708.513 F2000
G1 B90.0 F1000
G1 X149.125 Y129.349 Z-688.361 F2000
G1 B54.73494020358583 F1000
G1 X149.125 Y129.349 Z-668.209 F2000
G1 B90.0 F1000
G1 X169.277 Y149.502 Z-648.056 F2000
G1 B54.7356103172454 F1000
G1 X169.277 Y149.502 Z-627.904 F2000
G1 B90.0 F1000
G1 X189.429 Y169.654 Z-607.752 F2000
G1 B54.735610317245346 F1000
G1 X189.429 Y169.654 Z-587.6 F2000
G1 B90.0 F1000
G1 X209.581 Y189.806 Z-567.448 F2000
G1 B90.0 F1000
G1 X209.581 Y189.806 Z-547.295 F2000
G1 B54.7356103172454 F1000
G1 X209.581 Y189.806 Z-527.143 F2000
G1 B90.0 F1000
G1 X229.733 Y209.958 Z-506.991 F2000
G1 B90.0 F1000
G1 X229.733 Y209.958 Z-486.839 F2000
G1 B90.0 F1000
G1 X229.733 Y209.958 Z-466.687 F2000
G1 B90.0 F1000
G1 X229.733 Y209.958 Z-446.534 F2000
G1 B90.0 F1000
G1 X229.733 Y209.958 Z-426.382 F2000
G1 B125.26438968275461 F1000
G1 X229.733 Y209.958 Z-406.23 F2000
G1 B90.0 F1000
G1 X209.581 Y189.806 Z-386.078 F2000
G1 B90.0 F1000
G1 X209.581 Y189.806 Z-365.925 F2000
G1 B125.26438968275465 F1000
G1 X209.581 Y189.806 Z-345.773 F2000
G1 B90.0 F1000
G1 X189.429 Y169.654 Z-325.621 F2000
G1 B90.0 F1000
G1 X189.429 Y169.654 Z-305.469 F2000
G1 B125.26371954138452 F1000
G1 X189.429 Y169.654 Z-285.317 F2000
G1 B90.0 F1000
G1 X169.277 Y149.502 Z-265.164 F2000
G1 B125.26572994886847 F1000
G1 X169.277 Y149.502 Z-245.012 F2000
G1 B90.0 F1000
G1 X149.125 Y129.349 Z-224.86 F2000
G1 B125.26371954138455 F1000
G1 X149.125 Y129.349 Z-204.708 F2000
G1 B130.3155515610444 F1000
G1 X128.972 Y109.197 Z-184.556 F2000
G1 B90.0 F1000
G1 X-12.093 Y-11.716 Z-164.403 F2000
G1 B90.0 F1000
G1 X-12.093 Y-11.716 Z-144.251 F2000
G1 X-12.093 Y-11.716 Z-124.099 F2000
G1 X-19.275133243394247 Y-18.674229808947903 Z-124.099 F5000
M01
G1 X73.83092380692814 Y117.66763072778814 Z-708.513 F5000
M00
G1 B90.0 F1000
G1 X68.516 Y109.197 Z-708.513 F2000
G1 B45.00000000000008 F1000
G1 X68.516 Y109.197 Z-688.361 F2000
G1 B54.73494020358583 F1000
G1 X68.516 Y129.349 Z-668.209 F2000
G1 B90.0 F1000
G1 X88.668 Y149.502 Z-648.056 F2000
G1 B54.73561031724538 F1000
G1 X88.668 Y149.502 Z-627.904 F2000
G1 B90.0 F1000
G1 X108.82 Y169.654 Z-607.752 F2000
G1 B90.0 F1000
G1 X108.82 Y169.654 Z-587.6 F2000
G1 B90.0 F1000
G1 X108.82 Y169.654 Z-567.448 F2000
G1 B54.735610317245296 F1000
G1 X108.82 Y169.654 Z-547.295 F2000
G1 B45.00000000000008 F1000
G1 X128.972 Y189.806 Z-527.143 F2000
G1 B90.0 F1000
G1 X128.972 Y209.958 Z-506.991 F2000
G1 B90.0 F1000
G1 X128.972 Y209.958 Z-486.839 F2000
G1 B90.0 F1000
G1 X128.972 Y209.958 Z-466.687 F2000
G1 B90.0 F1000
G1 X128.972 Y209.958 Z-446.534 F2000
G1 B90.0 F1000
G1 X128.972 Y209.958 Z-426.382 F2000
G1 B134.99999999999991 F1000
G1 X128.972 Y209.958 Z-406.23 F2000
G1 B125.2637195413846 F1000
G1 X128.972 Y189.806 Z-386.078 F2000
G1 B90.0 F1000
G1 X108.82 Y169.654 Z-365.925 F2000
G1 B90.0 F1000
G1 X108.82 Y169.654 Z-345.773 F2000
G1 B90.0 F1000
G1 X108.82 Y169.654 Z-325.621 F2000
G1 B90.0 F1000
G1 X108.82 Y169.654 Z-305.469 F2000
G1 B125.26371954138452 F1000
G1 X108.82 Y169.654 Z-285.317 F2000
G1 B125.26572994886844 F1000
G1 X88.668 Y149.502 Z-265.164 F2000
G1 B90.0 F1000
G1 X68.516 Y129.349 Z-245.012 F2000
G1 B134.99999999999997 F1000
G1 X68.516 Y129.349 Z-224.86 F2000
G1 B125.26438968275465 F1000
G1 X68.516 Y109.197 Z-204.708 F2000
G1 B147.68820988094694 F1000
G1 X48.364 Y89.045 Z-184.556 F2000
G1 B90.0 F1000
G1 X-12.093 Y-11.716 Z-164.403 F2000
G1 B90.0 F1000
G1 X-12.093 Y-11.716 Z-144.251 F2000
G1 X-12.093 Y-11.716 Z-124.099 F2000
G1 X-19.275133243394247 Y-18.674229808947903 Z-124.099 F5000
M01
G1 X9.220862592949416 Y78.82527442810078 Z-708.513 F5000
M00
G1 B36.699770130454155 F1000
G1 X8.059 Y68.893 Z-708.513 F2000
G1 B44.99857844487037 F1000
G1 X48.364 Y129.349 Z-688.361 F2000
G1 B54.73628045861541 F1000
G1 X48.364 Y149.502 Z-668.209 F2000
G1 B90.0 F1000
G1 X68.516 Y169.654 Z-648.056 F2000
G1 B45.00000000000004 F1000
G1 X68.516 Y169.654 Z-627.904 F2000
G1 B90.0 F1000
G1 X68.516 Y189.806 Z-607.752 F2000
G1 B25.239036292457655 F1000
G1 X68.516 Y189.806 Z-587.6 F2000
G1 B90.0 F1000
G1 X88.668 Y250.263 Z-567.448 F2000
G1 B90.0 F1000
G1 X88.668 Y250.263 Z-547.295 F2000
G1 B90.0 F1000
G1 X88.668 Y250.263 Z-527.143 F2000
G1 B90.0 F1000
G1 X88.668 Y250.263 Z-506.991 F2000
G1 B90.0 F1000
G1 X88.668 Y250.263 Z-486.839 F2000
G1 B90.0 F1000
G1 X88.668 Y250.263 Z-466.687 F2000
G1 B90.0 F1000
G1 X88.668 Y250.263 Z-446.534 F2000
G1 B90.0 F1000
G1 X88.668 Y250.263 Z-426.382 F2000
G1 B90.0 F1000
G1 X88.668 Y250.263 Z-406.23 F2000
G1 B90.0 F1000
G1 X88.668 Y250.263 Z-386.078 F2000
G1 B90.0 F1000
G1 X88.668 Y250.263 Z-365.925 F2000
G1 B90.0 F1000
G1 X88.668 Y250.263 Z-345.773 F2000
G1 B154.76096370754237 F1000
G1 X88.668 Y250.263 Z-325.621 F2000
G1 B90.0 F1000
G1 X68.516 Y189.806 Z-305.469 F2000
G1 B134.99857844487033 F1000
G1 X68.516 Y189.806 Z-285.317 F2000
G1 B125.26438968275463 F1000
G1 X68.516 Y169.654 Z-265.164 F2000
G1 B90.0 F1000
G1 X48.364 Y149.502 Z-245.012 F2000
G1 B135.0014215551297 F1000
G1 X48.364 Y149.502 Z-224.86 F2000
G1 B143.30022986954586 F1000
G1 X48.364 Y129.349 Z-204.708 F2000
G1 B160.52855598166565 F1000
G1 X8.059 Y68.893 Z-184.556 F2000
G1 B90.0 F1000
G1 X-12.093 Y-11.716 Z-164.403 F2000
G1 B90.0 F1000
G1 X-12.093 Y-11.716 Z-144.251 F2000
G1 X-12.093 Y-11.716 Z-124.099 F2000
G1 X-19.275133243394247 Y-18.674229808947903 Z-124.099 F5000
M01
G1 X8.960363948513482 Y99.00429430393139 Z-708.513 F5000
M00
G1 B15.793020128712081 F1000
G1 X8.059 Y89.045 Z-708.513 F2000
G1 B90.0 F1000
G1 X28.211 Y189.806 Z-688.361 F2000
G1 B45.001421555129554 F1000
G1 X28.211 Y189.806 Z-668.209 F2000
G1 B90.0 F1000
G1 X28.211 Y209.958 Z-648.056 F2000
G1 B90.0 F1000
G1 X28.211 Y209.958 Z-627.904 F2000
G1 B35.26438969106781 F1000
G1 X28.211 Y209.958 Z-607.752 F2000
G1 B45.00000000000004 F1000
G1 X48.364 Y250.263 Z-587.6 F2000
G1 B90.0 F1000
G1 X48.364 Y270.415 Z-567.448 F2000
G1 B44.999999999999915 F1000
G1 X48.364 Y270.415 Z-547.295 F2000
G1 B90.0 F1000
G1 X48.364 Y290.567 Z-527.143 F2000
G1 B90.0 F1000
G1 X48.364 Y290.567 Z-506.991 F2000
G1 B90.0 F1000
G1 X48.364 Y290.567 Z-486.839 F2000
G1 B90.0 F1000
G1 X48.364 Y290.567 Z-466.687 F2000
G1 B90.0 F1000
G1 X48.364 Y290.567 Z-446.534 F2000
G1 B90.0 F1000
G1 X48.364 Y290.567 Z-426.382 F2000
G1 B90.0 F1000
G1 X48.364 Y290.567 Z-406.23 F2000
G1 B134.99857844487036 F1000
G1 X48.364 Y290.567 Z-386.078 F2000
G1 B90.0 F1000
G1 X48.364 Y270.415 Z-365.925 F2000
G1 B134.99999999999997 F1000
G1 X48.364 Y270.415 Z-345.773 F2000
G1 B90.0 F1000
G1 X48.364 Y250.263 Z-325.621 F2000
G1 B144.73561030893217 F1000
G1 X48.364 Y250.263 Z-305.469 F2000
G1 B90.0 F1000
G1 X28.211 Y209.958 Z-285.317 F2000
G1 B90.0 F1000
G1 X28.211 Y209.958 Z-265.164 F2000
G1 B90.0 F1000
G1 X28.211 Y209.958 Z-245.012 F2000
G1 B134.99999999999997 F1000
G1 X28.211 Y209.958 Z-224.86 F2000
G1 B167.39573844658184 F1000
G1 X28.211 Y189.806 Z-204.708 F2000
G1 B90.0 F1000
G1 X-12.093 Y-11.716 Z-184.556 F2000
G1 B90.0 F1000
G1 X-12.093 Y-11.716 Z-164.403 F2000
G1 B90.0 F1000
G1 X-12.093 Y-11.716 Z-144.251 F2000
G1 X-12.093 Y-11.716 Z-124.099 F2000
G1 X-19.275133243394247 Y-18.674229808947903 Z-124.099 F5000
M01
G1 X-20.294580386940083 Y14.15737039148487 Z-708.513 F5000
M00
G1 B14.036076223949733 F1000
G1 X-12.093 Y8.436 Z-708.513 F2000
G1 B90.0 F1000
G1 X-12.093 Y89.045 Z-688.361 F2000
G1 B168.68963011855777 F1000
G1 X-12.093 Y89.045 Z-668.209 F2000
G1 B90.0 F1000
G1 X-12.093 Y-11.716 Z-648.056 F2000
G1 B7.12492886748418 F1000
G1 X-12.093 Y-11.716 Z-627.904 F2000
G1 B90.0 F1000
G1 X-12.093 Y149.502 Z-607.752 F2000
G1 B45.00000000000008 F1000
G1 X-12.093 Y149.502 Z-587.6 F2000
G1 B45.001421555129674 F1000
G1 X-12.093 Y169.654 Z-567.448 F2000
G1 B174.28946316255718 F1000
G1 X-12.093 Y189.806 Z-547.295 F2000
G1 B90.0 F1000
G1 X-12.093 Y-11.716 Z-527.143 F2000
G1 B90.0 F1000
G1 X-12.093 Y-11.716 Z-506.991 F2000
G1 B90.0 F1000
G1 X-12.093 Y-11.716 Z-486.839 F2000
G1 B90.0 F1000
G1 X-12.093 Y-11.716 Z-466.687 F2000
G1 B90.0 F1000
G1 X-12.093 Y-11.716 Z-446.534 F2000
G1 B90.0 F1000
G1 X-12.093 Y-11.716 Z-426.382 F2000
G1 B90.0 F1000
G1 X-12.093 Y-11.716 Z-406.23 F2000
G1 B90.0 F1000
G1 X-12.093 Y-11.716 Z-386.078 F2000
G1 B6.340122400792123 F1000
G1 X-12.093 Y-11.716 Z-365.925 F2000
G1 B134.99999999999991 F1000
G1 X-12.093 Y169.654 Z-345.773 F2000
G1 B90.0 F1000
G1 X-12.093 Y149.502 Z-325.621 F2000
G1 B172.87507113251584 F1000
G1 X-12.093 Y149.502 Z-305.469 F2000
G1 B90.0 F1000
G1 X-12.093 Y-11.716 Z-285.317 F2000
G1 B9.46224536591959 F1000
G1 X-12.093 Y-11.716 Z-265.164 F2000
G1 B90.0 F1000
G1 X-12.093 Y109.197 Z-245.012 F2000
G1 B134.99999999999997 F1000
G1 X-12.093 Y109.197 Z-224.86 F2000
G1 B168.690176878044 F1000
G1 X-12.093 Y89.045 Z-204.708 F2000
G1 B90.0 F1000
G1 X-12.093 Y-11.716 Z-184.556 F2000
G1 B90.0 F1000
G1 X-12.093 Y-11.716 Z-164.403 F2000
G1 B90.0 F1000
G1 X-12.093 Y-11.716 Z-144.251 F2000
G1 X-12.093 Y-11.716 Z-124.099 F2000
G1 X-19.275133243394247 Y-18.674229808947903 Z-124.099 F5000
M01
G1 X-36.48410048919033 Y77.95004295245121 Z-708.513 F5000
M00
G1 B26.565051177078022 F1000
G1 X-32.245 Y68.893 Z-708.513 F2000
G1 B90.0 F1000
G1 X-32.245 Y109.197 Z-688.361 F2000
G1 B90.0 F1000
G1 X-32.245 Y109.197 Z-668.209 F2000
G1 B54.736280458615504 F1000
G1 X-32.245 Y109.197 Z-648.056 F2000
G1 B26.564482552204463 F1000
G1 X-52.398 Y129.349 Z-627.904 F2000
G1 B90.0 F1000
G1 X-52.398 Y169.654 Z-607.752 F2000
G1 B18.434948822922035 F1000
G1 X-52.398 Y169.654 Z-587.6 F2000
G1 B90.0 F1000
G1 X-52.398 Y230.11 Z-567.448 F2000
G1 B90.0 F1000
G1 X-52.398 Y230.11 Z-547.295 F2000
G1 B90.0 F1000
G1 X-52.398 Y230.11 Z-527.143 F2000
G1 B90.0 F1000
G1 X-52.398 Y230.11 Z-506.991 F2000
G1 B90.0 F1000
G1 X-52.398 Y230.11 Z-486.839 F2000
G1 B90.0 F1000
G1 X-52.398 Y230.11 Z-466.687 F2000
G1 B90.0 F1000
G1 X-52.398 Y230.11 Z-446.534 F2000
G1 B90.0 F1000
G1 X-52.398 Y230.11 Z-426.382 F2000
G1 B90.0 F1000
G1 X-52.398 Y230.11 Z-406.23 F2000
G1 B90.0 F1000
G1 X-52.398 Y230.11 Z-386.078 F2000
G1 B90.0 F1000
G1 X-52.398 Y230.11 Z-365.925 F2000
G1 B161.56505117707798 F1000
G1 X-52.398 Y230.11 Z-345.773 F2000
G1 B90.0 F1000
G1 X-52.398 Y169.654 Z-325.621 F2000
G1 B153.4355174477956 F1000
G1 X-52.398 Y169.654 Z-305.469 F2000
G1 B90.0 F1000
G1 X-52.398 Y129.349 Z-285.317 F2000
G1 B125.26371954138455 F1000
G1 X-52.398 Y129.349 Z-265.164 F2000
G1 B90.0 F1000
G1 X-32.245 Y109.197 Z-245.012 F2000
G1 B90.0 F1000
G1 X-32.245 Y109.197 Z-224.86 F2000
G1 B165.9639237760503 F1000
G1 X-32.245 Y109.197 Z-204.708 F2000
G1 B144.73494017033283 F1000
G1 X-32.245 Y28.588 Z-184.556 F2000
G1 B90.0 F1000
G1 X-12.093 Y-11.716 Z-164.403 F2000
G1 B90.0 F1000
G1 X-12.093 Y-11.716 Z-144.251 F2000
G1 X-12.093 Y-11.716 Z-124.099 F2000
G1 X-19.275133243394247 Y-18.674229808947903 Z-124.099 F5000
M01
G1 X-58.451711823082235 Y76.85243296743396 Z-708.513 F5000
M00
G1 B45.000000000000064 F1000
G1 X-52.398 Y68.893 Z-708.513 F2000
G1 B54.735610317245374 F1000
G1 X-52.398 Y89.045 Z-688.361 F2000
G1 B45.001421555129554 F1000
G1 X-72.55 Y109.197 Z-668.209 F2000
G1 B44.99857844487037 F1000
G1 X-72.55 Y129.349 Z-648.056 F2000
G1 B90.0 F1000
G1 X-72.55 Y149.502 Z-627.904 F2000
G1 B90.0 F1000
G1 X-72.55 Y149.502 Z-607.752 F2000
G1 B54.73561031724539 F1000
G1 X-72.55 Y149.502 Z-587.6 F2000
G1 B45.001421555129674 F1000
G1 X-92.702 Y169.654 Z-567.448 F2000
G1 B54.73561031724532 F1000
G1 X-92.702 Y189.806 Z-547.295 F2000
G1 B90.0 F1000
G1 X-112.854 Y209.958 Z-527.143 F2000
G1 B90.0 F1000
G1 X-112.854 Y209.958 Z-506.991 F2000
G1 B90.0 F1000
G1 X-112.854 Y209.958 Z-486.839 F2000
G1 B90.0 F1000
G1 X-112.854 Y209.958 Z-466.687 F2000
G1 B90.0 F1000
G1 X-112.854 Y209.958 Z-446.534 F2000
G1 B90.0 F1000
G1 X-112.854 Y209.958 Z-426.382 F2000
G1 B90.0 F1000
G1 X-112.854 Y209.958 Z-406.23 F2000
G1 B125.26371954138455 F1000
G1 X-112.854 Y209.958 Z-386.078 F2000
G1 B157.59309343263737 F1000
G1 X-92.702 Y189.806 Z-365.925 F2000
G1 B21.568178034875956 F1000
G1 X-12.093 Y-11.716 Z-345.773 F2000
G1 B90.0 F1000
G1 X-72.55 Y149.502 Z-325.621 F2000
G1 B90.0 F1000
G1 X-72.55 Y149.502 Z-305.469 F2000
G1 B90.0 F1000
G1 X-72.55 Y149.502 Z-285.317 F2000
G1 B135.0014215551297 F1000
G1 X-72.55 Y149.502 Z-265.164 F2000
G1 B135.0 F1000
G1 X-72.55 Y129.349 Z-245.012 F2000
G1 B125.26438968275465 F1000
G1 X-72.55 Y109.197 Z-224.86 F2000
G1 B160.52855598166565 F1000
G1 X-52.398 Y89.045 Z-204.708 F2000
G1 B125.26371954138455 F1000
G1 X-32.245 Y8.436 Z-184.556 F2000
G1 B90.0 F1000
G1 X-12.093 Y-11.716 Z-164.403 F2000
G1 B90.0 F1000
G1 X-12.093 Y-11.716 Z-144.251 F2000
G1 X-12.093 Y-11.716 Z-124.099 F2000
G1 X-19.275133243394247 Y-18.674229808947903 Z-124.099 F5000
M01
G1 X-61.17644347323989 Y33.37746032316085 Z-708.513 F5000
M00
G1 B35.26371954969772 F1000
G1 X-52.398 Y28.588 Z-708.513 F2000
G1 B54.735610317245374 F1000
G1 X-72.55 Y68.893 Z-688.361 F2000
G1 B45.00142155512953 F1000
G1 X-92.702 Y89.045 Z-668.209 F2000
G1 B38.328887261853026 F1000
G1 X-92.702 Y109.197 Z-648.056 F2000
G1 B90.0 F1000
G1 X-153.159 Y189.806 Z-627.904 F2000
G1 B90.0 F1000
G1 X-153.159 Y189.806 Z-607.752 F2000
G1 B90.0 F1000
G1 X-153.159 Y189.806 Z-587.6 F2000
G1 B35.265059829667194 F1000
G1 X-153.159 Y189.806 Z-567.448 F2000
G1 B90.0 F1000
G1 X-173.311 Y230.11 Z-547.295 F2000
G1 B90.0 F1000
G1 X-173.311 Y230.11 Z-527.143 F2000
G1 B90.0 F1000
G1 X-173.311 Y230.11 Z-506.991 F2000
G1 B90.0 F1000
G1 X-173.311 Y230.11 Z-486.839 F2000
G1 B90.0 F1000
G1 X-173.311 Y230.11 Z-466.687 F2000
G1 B90.0 F1000
G1 X-173.311 Y230.11 Z-446.534 F2000
G1 B90.0 F1000
G1 X-173.311 Y230.11 Z-426.382 F2000
G1 B90.0 F1000
G1 X-173.311 Y230.11 Z-406.23 F2000
G1 B144.73494017033283 F1000
G1 X-173.311 Y230.11 Z-386.078 F2000
G1 B90.0 F1000
G1 X-153.159 Y189.806 Z-365.925 F2000
G1 B90.0 F1000
G1 X-153.159 Y189.806 Z-345.773 F2000
G1 B90.0 F1000
G1 X-153.159 Y189.806 Z-325.621 F2000
G1 B90.0 F1000
G1 X-153.159 Y189.806 Z-305.469 F2000
G1 B141.6709744174055 F1000
G1 X-153.159 Y189.806 Z-285.317 F2000
G1 B135.00000000000003 F1000
G1 X-92.702 Y109.197 Z-265.164 F2000
G1 B90.0 F1000
G1 X-92.702 Y89.045 Z-245.012 F2000
G1 B125.26438968275465 F1000
G1 X-92.702 Y89.045 Z-224.86 F2000
G1 B141.67111273814697 F1000
G1 X-72.55 Y68.893 Z-204.708 F2000
G1 B90.0 F1000
G1 X-12.093 Y-11.716 Z-184.556 F2000
G1 B90.0 F1000
G1 X-12.093 Y-11.716 Z-164.403 F2000
G1 B90.0 F1000
G1 X-12.093 Y-11.716 Z-144.251 F2000
G1 X-12.093 Y-11.716 Z-124.099 F2000
G1 X-19.275133243394247 Y-18.674229808947903 Z-124.099 F5000
M01
G1 X-80.85068301892713 Y54.31761738146833 Z-708.513 F5000
M00
G1 B90.0 F1000
G1 X-72.55 Y48.741 Z-708.513 F2000
G1 B54.735610317245374 F1000
G1 X-72.55 Y48.741 Z-688.361 F2000
G1 B90.0 F1000
G1 X-92.702 Y68.893 Z-668.209 F2000
G1 B46.508906537945414 F1000
G1 X-92.702 Y68.893 Z-648.056 F2000
G1 B90.0 F1000
G1 X-153.159 Y129.349 Z-627.904 F2000
G1 B54.734270051131524 F1000
G1 X-153.159 Y129.349 Z-607.752 F2000
G1 B90.0 F1000
G1 X-173.311 Y149.502 Z-587.6 F2000
G1 B54.73628045861548 F1000
G1 X-173.311 Y149.502 Z-567.448 F2000
G1 B90.0 F1000
G1 X-193.463 Y169.654 Z-547.295 F2000
G1 B90.0 F1000
G1 X-193.463 Y169.654 Z-527.143 F2000
G1 B90.0 F1000
G1 X-193.463 Y169.654 Z-506.991 F2000
G1 B90.0 F1000
G1 X-193.463 Y169.654 Z-486.839 F2000
G1 B90.0 F1000
G1 X-193.463 Y169.654 Z-466.687 F2000
G1 B90.0 F1000
G1 X-193.463 Y169.654 Z-446.534 F2000
G1 B90.0 F1000
G1 X-193.463 Y169.654 Z-426.382 F2000
G1 B90.0 F1000
G1 X-193.463 Y169.654 Z-406.23 F2000
G1 B125.26371954138457 F1000
G1 X-193.463 Y169.654 Z-386.078 F2000
G1 B90.0 F1000
G1 X-173.311 Y149.502 Z-365.925 F2000
G1 B90.0 F1000
G1 X-173.311 Y149.502 Z-345.773 F2000
G1 B90.0 F1000
G1 X-173.311 Y149.502 Z-325.621 F2000
G1 B125.26572994886844 F1000
G1 X-173.311 Y149.502 Z-305.469 F2000
G1 B90.0 F1000
G1 X-153.159 Y129.349 Z-285.317 F2000
G1 B133.4910934620546 F1000
G1 X-153.159 Y129.349 Z-265.164 F2000
G1 B90.0 F1000
G1 X-92.702 Y68.893 Z-245.012 F2000
G1 B125.26438968275465 F1000
G1 X-92.702 Y68.893 Z-224.86 F2000
G1 B133.4915666646674 F1000
G1 X-72.55 Y48.741 Z-204.708 F2000
G1 B90.0 F1000
G1 X-12.093 Y-11.716 Z-184.556 F2000
G1 B90.0 F1000
G1 X-12.093 Y-11.716 Z-164.403 F2000
G1 B90.0 F1000
G1 X-12.093 Y-11.716 Z-144.251 F2000
G1 X-12.093 Y-11.716 Z-124.099 F2000
G1 X-19.275133243394247 Y-18.674229808947903 Z-124.099 F5000
M01
G1 X-19.275133243394247 Y-18.674229808947903 Z-708.513 F5000
M00
G1 B57.688852084246065 F1000
G1 X-12.093 Y-11.716 Z-708.513 F2000
G1 B65.90409786572857 F1000
G1 X-72.55 Y28.588 Z-688.361 F2000
G1 B54.73628045861539 F1000
G1 X-112.854 Y48.741 Z-668.209 F2000
G1 B90.0 F1000
G1 X-133.006 Y68.893 Z-648.056 F2000
G1 B54.736280458615475 F1000
G1 X-133.006 Y68.893 Z-627.904 F2000
G1 B54.7356103172453 F1000
G1 X-153.159 Y89.045 Z-607.752 F2000
G1 B57.68782455804784 F1000
G1 X-173.311 Y109.197 Z-587.6 F2000
G1 B90.0 F1000
G1 X-233.767 Y149.502 Z-567.448 F2000
G1 B90.0 F1000
G1 X-233.767 Y149.502 Z-547.295 F2000
G1 B90.0 F1000
G1 X-233.767 Y149.502 Z-527.143 F2000
G1 B54.73628045861546 F1000
G1 X-233.767 Y149.502 Z-506.991 F2000
G1 B90.0 F1000
G1 X-253.92 Y169.654 Z-486.839 F2000
G1 B90.0 F1000
G1 X-253.92 Y169.654 Z-466.687 F2000
G1 B125.26371954138455 F1000
G1 X-253.92 Y169.654 Z-446.534 F2000
G1 B90.0 F1000
G1 X-233.767 Y149.502 Z-426.382 F2000
G1 B90.0 F1000
G1 X-233.767 Y149.502 Z-406.23 F2000
G1 B90.0 F1000
G1 X-233.767 Y149.502 Z-386.078 F2000
G1 B90.0 F1000
G1 X-233.767 Y149.502 Z-365.925 F2000
G1 B122.31217544195216 F1000
G1 X-233.767 Y149.502 Z-345.773 F2000
G1 B125.26438968275465 F1000
G1 X-173.311 Y109.197 Z-325.621 F2000
G1 B90.0 F1000
G1 X-153.159 Y89.045 Z-305.469 F2000
G1 B125.26304943880945 F1000
G1 X-153.159 Y89.045 Z-285.317 F2000
G1 B90.0 F1000
G1 X-133.006 Y68.893 Z-265.164 F2000
G1 B125.26438968275465 F1000
G1 X-133.006 Y68.893 Z-245.012 F2000
G1 B114.09590213427144 F1000
G1 X-112.854 Y48.741 Z-224.86 F2000
G1 B122.31114791575396 F1000
G1 X-72.55 Y28.588 Z-204.708 F2000
G1 B90.0 F1000
G1 X-12.093 Y-11.716 Z-184.556 F2000
G1 B90.0 F1000
G1 X-12.093 Y-11.716 Z-164.403 F2000
G1 B90.0 F1000
G1 X-12.093 Y-11.716 Z-144.251 F2000
G1 X-12.093 Y-11.716 Z-124.099 F2000
G1 X-19.275133243394247 Y-18.674229808947903 Z-124.099 F5000
M01
G1 X-19.275133243394247 Y-18.674229808947903 Z-708.513 F5000
M00
G1 B69.5894734644767 F1000
G1 X-12.093 Y-11.716 Z-708.513 F2000
G1 B90.0 F1000
G1 X-173.311 Y48.741 Z-688.361 F2000
G1 B90.0 F1000
G1 X-173.311 Y48.741 Z-668.209 F2000
G1 B65.90515744788931 F1000
G1 X-173.311 Y48.741 Z-648.056 F2000
G1 B90.0 F1000
G1 X-213.615 Y68.893 Z-627.904 F2000
G1 B65.90558127829992 F1000
G1 X-213.615 Y68.893 Z-607.752 F2000
G1 B90.0 F1000
G1 X-253.92 Y89.045 Z-587.6 F2000
G1 B90.0 F1000
G1 X-253.92 Y89.045 Z-567.448 F2000
G1 B90.0 F1000
G1 X-253.92 Y89.045 Z-547.295 F2000
G1 B90.0 F1000
G1 X-253.92 Y89.045 Z-527.143 F2000
G1 B90.0 F1000
G1 X-253.92 Y89.045 Z-506.991 F2000
G1 B90.0 F1000
G1 X-253.92 Y89.045 Z-486.839 F2000
G1 B90.0 F1000
G1 X-253.92 Y89.045 Z-466.687 F2000
G1 B90.0 F1000
G1 X-253.92 Y89.045 Z-446.534 F2000
G1 B90.0 F1000
G1 X-253.92 Y89.045 Z-426.382 F2000
G1 B90.0 F1000
G1 X-253.92 Y89.045 Z-406.23 F2000
G1 B90.0 F1000
G1 X-253.92 Y89.045 Z-386.078 F2000
G1 B90.0 F1000
G1 X-253.92 Y89.045 Z-365.925 F2000
G1 B90.0 F1000
G1 X-253.92 Y89.045 Z-345.773 F2000
G1 B114.09441872170008 F1000
G1 X-253.92 Y89.045 Z-325.621 F2000
G1 B90.0 F1000
G1 X-213.615 Y68.893 Z-305.469 F2000
G1 B90.0 F1000
G1 X-213.615 Y68.893 Z-285.317 F2000
G1 B114.0948425521107 F1000
G1 X-213.615 Y68.893 Z-265.164 F2000
G1 B90.0 F1000
G1 X-173.311 Y48.741 Z-245.012 F2000
G1 B90.0 F1000
G1 X-173.311 Y48.741 Z-224.86 F2000
G1 B110.41052653552332 F1000
G1 X-173.311 Y48.741 Z-204.708 F2000
G1 B90.0 F1000
G1 X-12.093 Y-11.716 Z-184.556 F2000
G1 B90.0 F1000
G1 X-12.093 Y-11.716 Z-164.403 F2000
G1 B90.0 F1000
G1 X-12.093 Y-11.716 Z-144.251 F2000
G1 X-12.093 Y-11.716 Z-124.099 F2000
G1 X-19.275133243394247 Y-18.674229808947903 Z-124.099 F5000
M01
G1 X-19.275133243394247 Y-18.674229808947903 Z-708.513 F5000
M00
G1 B76.36713101136256 F1000
G1 X-12.093 Y-11.716 Z-708.513 F2000
G1 B90.0 F1000
G1 X-92.702 Y8.436 Z-688.361 F2000
G1 B101.09567937449184 F1000
G1 X-112.854 Y8.436 Z-668.209 F2000
G1 B77.54555506231542 F1000
G1 X-12.093 Y-11.716 Z-648.056 F2000
G1 B90.0 F1000
G1 X-193.463 Y28.588 Z-627.904 F2000
G1 B90.0 F1000
G1 X-213.615 Y28.588 Z-607.752 F2000
G1 B72.45102724682616 F1000
G1 X-213.615 Y28.588 Z-587.6 F2000
G1 B90.0 F1000
G1 X-274.072 Y48.741 Z-567.448 F2000
G1 B90.0 F1000
G1 X-294.224 Y48.741 Z-547.295 F2000
G1 B90.0 F1000
G1 X-294.224 Y48.741 Z-527.143 F2000
G1 B90.0 F1000
G1 X-294.224 Y48.741 Z-506.991 F2000
G1 B90.0 F1000
G1 X-294.224 Y48.741 Z-486.839 F2000
G1 B90.0 F1000
G1 X-294.224 Y48.741 Z-466.687 F2000
G1 B90.0 F1000
G1 X-294.224 Y48.741 Z-446.534 F2000
G1 B90.0 F1000
G1 X-294.224 Y48.741 Z-426.382 F2000
G1 B90.0 F1000
G1 X-294.224 Y48.741 Z-406.23 F2000
G1 B90.0 F1000
G1 X-294.224 Y48.741 Z-386.078 F2000
G1 B90.0 F1000
G1 X-274.072 Y48.741 Z-365.925 F2000
G1 B107.54897275317384 F1000
G1 X-274.072 Y48.741 Z-345.773 F2000
G1 B90.0 F1000
G1 X-213.615 Y28.588 Z-325.621 F2000
G1 B90.0 F1000
G1 X-213.615 Y28.588 Z-305.469 F2000
G1 B102.45443763595513 F1000
G1 X-193.463 Y28.588 Z-285.317 F2000
G1 B80.6642147699594 F1000
G1 X-12.093 Y-11.716 Z-265.164 F2000
G1 B90.0 F1000
G1 X-133.006 Y8.436 Z-245.012 F2000
G1 B90.0 F1000
G1 X-112.854 Y8.436 Z-224.86 F2000
G1 B103.63286898863744 F1000
G1 X-92.702 Y8.436 Z-204.708 F2000
G1 B90.0 F1000
G1 X-12.093 Y-11.716 Z-184.556 F2000
G1 B90.0 F1000
G1 X-12.093 Y-11.716 Z-164.403 F2000
G1 B90.0 F1000
G1 X-12.093 Y-11.716 Z-144.251 F2000
G1 X-12.093 Y-11.716 Z-124.099 F2000
G1 X-19.275133243394247 Y-18.674229808947903 Z-124.099 F5000
M01
G1 X-19.275133243394247 Y-18.674229808947903 Z-708.513 F5000
M00
G1 B90.0 F1000
G1 X-12.093 Y-11.716 Z-708.513 F2000
G1 B90.0 F1000
G1 X-12.093 Y-11.716 Z-688.361 F2000
G1 B90.0 F1000
G1 X-72.55 Y-11.716 Z-668.209 F2000
G1 B90.0 F1000
G1 X-12.093 Y-11.716 Z-648.056 F2000
G1 B90.0 F1000
G1 X-12.093 Y-11.716 Z-627.904 F2000
G1 B90.0 F1000
G1 X-12.093 Y-11.716 Z-607.752 F2000
G1 B90.0 F1000
G1 X-12.093 Y-11.716 Z-587.6 F2000
G1 B90.0 F1000
G1 X-12.093 Y-11.716 Z-567.448 F2000
G1 B90.0 F1000
G1 X-12.093 Y-11.716 Z-547.295 F2000
G1 B90.0 F1000
G1 X-12.093 Y-11.716 Z-527.143 F2000
G1 B90.0 F1000
G1 X-12.093 Y-11.716 Z-506.991 F2000
G1 B90.0 F1000
G1 X-12.093 Y-11.716 Z-486.839 F2000
G1 B90.0 F1000
G1 X-12.093 Y-11.716 Z-466.687 F2000
G1 B90.0 F1000
G1 X-12.093 Y-11.716 Z-446.534 F2000
G1 B90.0 F1000
G1 X-12.093 Y-11.716 Z-426.382 F2000
G1 B90.0 F1000
G1 X-12.093 Y-11.716 Z-406.23 F2000
G1 B90.0 F1000
G1 X-12.093 Y-11.716 Z-386.078 F2000
G1 B90.0 F1000
G1 X-12.093 Y-11.716 Z-365.925 F2000
G1 B90.0 F1000
G1 X-12.093 Y-11.716 Z-345.773 F2000
G1 B90.0 F1000
G1 X-12.093 Y-11.716 Z-325.621 F2000
G1 B90.0 F1000
G1 X-12.093 Y-11.716 Z-305.469 F2000
G1 B90.0 F1000
G1 X-12.093 Y-11.716 Z-285.317 F2000
G1 B90.0 F1000
G1 X-12.093 Y-11.716 Z-265.164 F2000
G1 B90.0 F1000
G1 X-112.854 Y-11.716 Z-245.012 F2000
G1 B90.0 F1000
G1 X-72.55 Y-11.716 Z-224.86 F2000
G1 B90.0 F1000
G1 X-12.093 Y-11.716 Z-204.708 F2000
G1 B90.0 F1000
G1 X-12.093 Y-11.716 Z-184.556 F2000
G1 B90.0 F1000
G1 X-12.093 Y-11.716 Z-164.403 F2000
G1 B90.0 F1000
G1 X-12.093 Y-11.716 Z-144.251 F2000
G1 X-12.093 Y-11.716 Z-124.099 F2000
G1 X-19.275133243394247 Y-18.674229808947903 Z-124.099 F5000
M01
G1 X-60.94189938744619 Y-37.064324013877155 Z-708.513 F5000
M00
G1 B90.0 F1000
G1 X-52.398 Y-31.868 Z-708.513 F2000
G1 B90.0 F1000
G1 X-153.159 Y-31.868 Z-688.361 F2000
G1 B90.0 F1000
G1 X-173.311 Y-31.868 Z-668.209 F2000
G1 B82.92953037369296 F1000
G1 X-173.311 Y-31.868 Z-648.056 F2000
G1 B102.45474430760444 F1000
G1 X-12.093 Y-11.716 Z-627.904 F2000
G1 B90.0 F1000
G1 X-193.463 Y-52.021 Z-607.752 F2000
G1 B90.0 F1000
G1 X-193.463 Y-52.021 Z-587.6 F2000
G1 B90.0 F1000
G1 X-274.072 Y-52.021 Z-567.448 F2000
G1 B90.0 F1000
G1 X-274.072 Y-52.021 Z-547.295 F2000
G1 B90.0 F1000
G1 X-294.224 Y-52.021 Z-527.143 F2000
G1 B90.0 F1000
G1 X-294.224 Y-52.021 Z-506.991 F2000
G1 B90.0 F1000
G1 X-294.224 Y-52.021 Z-486.839 F2000
G1 B90.0 F1000
G1 X-294.224 Y-52.021 Z-466.687 F2000
G1 B90.0 F1000
G1 X-294.224 Y-52.021 Z-446.534 F2000
G1 B90.0 F1000
G1 X-294.224 Y-52.021 Z-426.382 F2000
G1 B90.0 F1000
G1 X-294.224 Y-52.021 Z-406.23 F2000
G1 B90.0 F1000
G1 X-294.224 Y-52.021 Z-386.078 F2000
G1 B90.0 F1000
G1 X-274.072 Y-52.021 Z-365.925 F2000
G1 B90.0 F1000
G1 X-274.072 Y-52.021 Z-345.773 F2000
G1 B90.0 F1000
G1 X-193.463 Y-52.021 Z-325.621 F2000
G1 B77.54525569239557 F1000
G1 X-193.463 Y-52.021 Z-305.469 F2000
G1 B90.0 F1000
G1 X-12.093 Y-11.716 Z-285.317 F2000
G1 B97.07046962630704 F1000
G1 X-12.093 Y-11.716 Z-265.164 F2000
G1 B90.0 F1000
G1 X-173.311 Y-31.868 Z-245.012 F2000
G1 B90.0 F1000
G1 X-153.159 Y-31.868 Z-224.86 F2000
G1 B81.95064339966588 F1000
G1 X-153.159 Y-31.868 Z-204.708 F2000
G1 B90.0 F1000
G1 X-12.093 Y-11.716 Z-184.556 F2000
G1 B90.0 F1000
G1 X-12.093 Y-11.716 Z-164.403 F2000
G1 B90.0 F1000
G1 X-12.093 Y-11.716 Z-144.251 F2000
G1 X-12.093 Y-11.716 Z-124.099 F2000
G1 X-19.275133243394247 Y-18.674229808947903 Z-124.099 F5000
M01
G1 X-19.275133243394247 Y-18.674229808947903 Z-708.513 F5000
M00
G1 B115.87698558767002 F1000
G1 X-12.093 Y-11.716 Z-708.513 F2000
G1 B90.0 F1000
G1 X-92.702 Y-52.021 Z-688.361 F2000
G1 B90.0 F1000
G1 X-112.854 Y-52.021 Z-668.209 F2000
G1 B90.0 F1000
G1 X-133.006 Y-52.021 Z-648.056 F2000
G1 B107.54815540980437 F1000
G1 X-133.006 Y-52.021 Z-627.904 F2000
G1 B114.09484255211072 F1000
G1 X-193.463 Y-72.173 Z-607.752 F2000
G1 B90.0 F1000
G1 X-233.767 Y-92.325 Z-587.6 F2000
G1 B90.0 F1000
G1 X-233.767 Y-92.325 Z-567.448 F2000
G1 B90.0 F1000
G1 X-233.767 Y-92.325 Z-547.295 F2000
G1 B90.0 F1000
G1 X-233.767 Y-92.325 Z-527.143 F2000
G1 B90.0 F1000
G1 X-233.767 Y-92.325 Z-506.991 F2000
G1 B90.0 F1000
G1 X-253.92 Y-92.325 Z-486.839 F2000
G1 B90.0 F1000
G1 X-253.92 Y-92.325 Z-466.687 F2000
G1 B90.0 F1000
G1 X-253.92 Y-92.325 Z-446.534 F2000
G1 B90.0 F1000
G1 X-233.767 Y-92.325 Z-426.382 F2000
G1 B90.0 F1000
G1 X-233.767 Y-92.325 Z-406.23 F2000
G1 B90.0 F1000
G1 X-233.767 Y-92.325 Z-386.078 F2000
G1 B90.0 F1000
G1 X-233.767 Y-92.325 Z-365.925 F2000
G1 B90.0 F1000
G1 X-233.767 Y-92.325 Z-345.773 F2000
G1 B65.9051574478893 F1000
G1 X-233.767 Y-92.325 Z-325.621 F2000
G1 B90.0 F1000
G1 X-193.463 Y-72.173 Z-305.469 F2000
G1 B72.4519263239242 F1000
G1 X-193.463 Y-72.173 Z-285.317 F2000
G1 B90.0 F1000
G1 X-133.006 Y-52.021 Z-265.164 F2000
G1 B90.0 F1000
G1 X-133.006 Y-52.021 Z-245.012 F2000
G1 B90.0 F1000
G1 X-92.702 Y-52.021 Z-224.86 F2000
G1 B64.12301441232998 F1000
G1 X-92.702 Y-52.021 Z-204.708 F2000
G1 B90.0 F1000
G1 X-12.093 Y-11.716 Z-184.556 F2000
G1 B90.0 F1000
G1 X-12.093 Y-11.716 Z-164.403 F2000
G1 B90.0 F1000
G1 X-12.093 Y-11.716 Z-144.251 F2000
G1 X-12.093 Y-11.716 Z-124.099 F2000
G1 X-19.275133243394247 Y-18.674229808947903 Z-124.099 F5000
M01
G1 X-19.275133243394247 Y-18.674229808947903 Z-708.513 F5000
M00
G1 B90.0 F1000
G1 X-12.093 Y-11.716 Z-708.513 F2000
G1 B126.04002603853779 F1000
G1 X-12.093 Y-11.716 Z-688.361 F2000
G1 B90.0 F1000
G1 X-92.702 Y-72.173 Z-668.209 F2000
G1 B125.26438968275463 F1000
G1 X-112.854 Y-72.173 Z-648.056 F2000
G1 B90.0 F1000
G1 X-133.006 Y-92.325 Z-627.904 F2000
G1 B125.26438968275471 F1000
G1 X-153.159 Y-92.325 Z-607.752 F2000
G1 B90.0 F1000
G1 X-173.311 Y-112.477 Z-587.6 F2000
G1 B90.0 F1000
G1 X-173.311 Y-112.477 Z-567.448 F2000
G1 B90.0 F1000
G1 X-193.463 Y-112.477 Z-547.295 F2000
G1 B90.0 F1000
G1 X-193.463 Y-112.477 Z-527.143 F2000
G1 B90.0 F1000
G1 X-193.463 Y-112.477 Z-506.991 F2000
G1 B61.094404033439766 F1000
G1 X-193.463 Y-112.477 Z-486.839 F2000
G1 B90.0 F1000
G1 X-12.093 Y-11.716 Z-466.687 F2000
G1 B118.90559596656023 F1000
G1 X-12.093 Y-11.716 Z-446.534 F2000
G1 B90.0 F1000
G1 X-193.463 Y-112.477 Z-426.382 F2000
G1 B90.0 F1000
G1 X-193.463 Y-112.477 Z-406.23 F2000
G1 B90.0 F1000
G1 X-193.463 Y-112.477 Z-386.078 F2000
G1 B90.0 F1000
G1 X-193.463 Y-112.477 Z-365.925 F2000
G1 B54.73561031724539 F1000
G1 X-173.311 Y-112.477 Z-345.773 F2000
G1 B90.0 F1000
G1 X-153.159 Y-92.325 Z-325.621 F2000
G1 B90.0 F1000
G1 X-153.159 Y-92.325 Z-305.469 F2000
G1 B90.0 F1000
G1 X-133.006 Y-92.325 Z-285.317 F2000
G1 B54.735610317245346 F1000
G1 X-133.006 Y-92.325 Z-265.164 F2000
G1 B90.0 F1000
G1 X-112.854 Y-72.173 Z-245.012 F2000
G1 B53.959973961462225 F1000
G1 X-92.702 Y-72.173 Z-224.86 F2000
G1 B90.0 F1000
G1 X-12.093 Y-11.716 Z-204.708 F2000
G1 B90.0 F1000
G1 X-12.093 Y-11.716 Z-184.556 F2000
G1 B90.0 F1000
G1 X-12.093 Y-11.716 Z-164.403 F2000
G1 B90.0 F1000
G1 X-12.093 Y-11.716 Z-144.251 F2000
G1 X-12.093 Y-11.716 Z-124.099 F2000
G1 X-19.275133243394247 Y-18.674229808947903 Z-124.099 F5000
M01
G1 X-19.275133243394247 Y-18.674229808947903 Z-708.513 F5000
M00
G1 B90.0 F1000
G1 X-12.093 Y-11.716 Z-708.513 F2000
G1 B90.0 F1000
G1 X-12.093 Y-11.716 Z-688.361 F2000
G1 B125.26371954138462 F1000
G1 X-12.093 Y-11.716 Z-668.209 F2000
G1 B125.26505979641405 F1000
G1 X-32.245 Y-31.868 Z-648.056 F2000
G1 B48.18954382994939 F1000
G1 X-52.398 Y-52.021 Z-627.904 F2000
G1 B130.3153832481271 F1000
G1 X-12.093 Y-11.716 Z-607.752 F2000
G1 B90.0 F1000
G1 X-153.159 Y-132.629 Z-587.6 F2000
G1 B125.26505979641409 F1000
G1 X-153.159 Y-132.629 Z-567.448 F2000
G1 B90.0 F1000
G1 X-173.311 Y-152.782 Z-547.295 F2000
G1 B90.0 F1000
G1 X-173.311 Y-152.782 Z-527.143 F2000
G1 B90.0 F1000
G1 X-173.311 Y-152.782 Z-506.991 F2000
G1 B90.0 F1000
G1 X-173.311 Y-152.782 Z-486.839 F2000
G1 B90.0 F1000
G1 X-173.311 Y-152.782 Z-466.687 F2000
G1 B90.0 F1000
G1 X-173.311 Y-152.782 Z-446.534 F2000
G1 B90.0 F1000
G1 X-173.311 Y-152.782 Z-426.382 F2000
G1 B90.0 F1000
G1 X-173.311 Y-152.782 Z-406.23 F2000
G1 B90.0 F1000
G1 X-173.311 Y-152.782 Z-386.078 F2000
G1 B54.73427005113157 F1000
G1 X-173.311 Y-152.782 Z-365.925 F2000
G1 B49.68461675187294 F1000
G1 X-153.159 Y-132.629 Z-345.773 F2000
G1 B90.0 F1000
G1 X-12.093 Y-11.716 Z-325.621 F2000
G1 B90.0 F1000
G1 X-12.093 Y-11.716 Z-305.469 F2000
G1 B90.0 F1000
G1 X-12.093 Y-11.716 Z-285.317 F2000
G1 B90.0 F1000
G1 X-12.093 Y-11.716 Z-265.164 F2000
G1 B90.0 F1000
G1 X-12.093 Y-11.716 Z-245.012 F2000
G1 B90.0 F1000
G1 X-12.093 Y-11.716 Z-224.86 F2000
G1 B90.0 F1000
G1 X-12.093 Y-11.716 Z-204.708 F2000
G1 B90.0 F1000
G1 X-12.093 Y-11.716 Z-184.556 F2000
G1 B90.0 F1000
G1 X-12.093 Y-11.716 Z-164.403 F2000
G1 B90.0 F1000
G1 X-12.093 Y-11.716 Z-144.251 F2000
G1 X-12.093 Y-11.716 Z-124.099 F2000
G1 X-19.275133243394247 Y-18.674229808947903 Z-124.099 F5000
M01
G1 X-19.275133243394247 Y-18.674229808947903 Z-708.513 F5000
M00
G1 B90.0 F1000
G1 X-12.093 Y-11.716 Z-708.513 F2000
G1 B90.0 F1000
G1 X-12.093 Y-11.716 Z-688.361 F2000
G1 B90.0 F1000
G1 X-12.093 Y-11.716 Z-668.209 F2000
G1 B139.64086356982136 F1000
G1 X-12.093 Y-11.716 Z-648.056 F2000
G1 B90.0 F1000
G1 X-112.854 Y-132.629 Z-627.904 F2000
G1 B90.0 F1000
G1 X-112.854 Y-132.629 Z-607.752 F2000
G1 B40.359136430178616 F1000
G1 X-112.854 Y-132.629 Z-587.6 F2000
G1 B139.0106023120952 F1000
G1 X-12.093 Y-11.716 Z-567.448 F2000
G1 B90.0 F1000
G1 X-133.006 Y-152.782 Z-547.295 F2000
G1 B125.26371954138452 F1000
G1 X-133.006 Y-152.782 Z-527.143 F2000
G1 B90.0 F1000
G1 X-153.159 Y-172.934 Z-506.991 F2000
G1 B90.0 F1000
G1 X-153.159 Y-172.934 Z-486.839 F2000
G1 B90.0 F1000
G1 X-153.159 Y-172.934 Z-466.687 F2000
G1 B90.0 F1000
G1 X-153.159 Y-172.934 Z-446.534 F2000
G1 B54.73628045861546 F1000
G1 X-153.159 Y-172.934 Z-426.382 F2000
G1 B90.0 F1000
G1 X-133.006 Y-152.782 Z-406.23 F2000
G1 B90.0 F1000
G1 X-133.006 Y-152.782 Z-386.078 F2000
G1 B40.98935964216121 F1000
G1 X-133.006 Y-152.782 Z-365.925 F2000
G1 B139.64086356982136 F1000
G1 X-12.093 Y-11.716 Z-345.773 F2000
G1 B90.0 F1000
G1 X-112.854 Y-132.629 Z-325.621 F2000
G1 B90.0 F1000
G1 X-112.854 Y-132.629 Z-305.469 F2000
G1 B90.0 F1000
G1 X-112.854 Y-132.629 Z-285.317 F2000
G1 B40.359136430178616 F1000
G1 X-112.854 Y-132.629 Z-265.164 F2000
G1 B90.0 F1000
G1 X-12.093 Y-11.716 Z-245.012 F2000
G1 B90.0 F1000
G1 X-12.093 Y-11.716 Z-224.86 F2000
G1 B90.0 F1000
G1 X-12.093 Y-11.716 Z-204.708 F2000
G1 B90.0 F1000
G1 X-12.093 Y-11.716 Z-184.556 F2000
G1 B90.0 F1000
G1 X-12.093 Y-11.716 Z-164.403 F2000
G1 B90.0 F1000
G1 X-12.093 Y-11.716 Z-144.251 F2000
G1 X-12.093 Y-11.716 Z-124.099 F2000
G1 X-19.275133243394247 Y-18.674229808947903 Z-124.099 F5000
M01
G1 X-19.275133243394247 Y-18.674229808947903 Z-708.513 F5000
M00
G1 B90.0 F1000
G1 X-12.093 Y-11.716 Z-708.513 F2000
G1 B141.67111273814697 F1000
G1 X-12.093 Y-11.716 Z-688.361 F2000
G1 B154.7604154092332 F1000
G1 X-72.55 Y-92.325 Z-668.209 F2000
G1 B90.0 F1000
G1 X-92.702 Y-152.782 Z-648.056 F2000
G1 B90.0 F1000
G1 X-92.702 Y-152.782 Z-627.904 F2000
G1 B144.7356103172454 F1000
G1 X-92.702 Y-152.782 Z-607.752 F2000
G1 B90.0 F1000
G1 X-112.854 Y-193.086 Z-587.6 F2000
G1 B90.0 F1000
G1 X-112.854 Y-193.086 Z-567.448 F2000
G1 B90.0 F1000
G1 X-112.854 Y-193.086 Z-547.295 F2000
G1 B144.73561031724532 F1000
G1 X-112.854 Y-193.086 Z-527.143 F2000
G1 B90.0 F1000
G1 X-133.006 Y-233.39 Z-506.991 F2000
G1 B90.0 F1000
G1 X-133.006 Y-233.39 Z-486.839 F2000
G1 B90.0 F1000
G1 X-133.006 Y-233.39 Z-466.687 F2000
G1 B90.0 F1000
G1 X-133.006 Y-233.39 Z-446.534 F2000
G1 B35.26438968275466 F1000
G1 X-133.006 Y-233.39 Z-426.382 F2000
G1 B90.0 F1000
G1 X-112.854 Y-193.086 Z-406.23 F2000
G1 B90.0 F1000
G1 X-112.854 Y-193.086 Z-386.078 F2000
G1 B90.0 F1000
G1 X-112.854 Y-193.086 Z-365.925 F2000
G1 B90.0 F1000
G1 X-112.854 Y-193.086 Z-345.773 F2000
G1 B35.26438968275465 F1000
G1 X-112.854 Y-193.086 Z-325.621 F2000
G1 B90.0 F1000
G1 X-92.702 Y-152.782 Z-305.469 F2000
G1 B90.0 F1000
G1 X-92.702 Y-152.782 Z-285.317 F2000
G1 B90.0 F1000
G1 X-92.702 Y-152.782 Z-265.164 F2000
G1 B25.239036292457623 F1000
G1 X-92.702 Y-152.782 Z-245.012 F2000
G1 B38.328887261853026 F1000
G1 X-72.55 Y-92.325 Z-224.86 F2000
G1 B90.0 F1000
G1 X-12.093 Y-11.716 Z-204.708 F2000
G1 B90.0 F1000
G1 X-12.093 Y-11.716 Z-184.556 F2000
G1 B90.0 F1000
G1 X-12.093 Y-11.716 Z-164.403 F2000
G1 B90.0 F1000
G1 X-12.093 Y-11.716 Z-144.251 F2000
G1 X-12.093 Y-11.716 Z-124.099 F2000
G1 X-19.275133243394247 Y-18.674229808947903 Z-124.099 F5000
M01
G1 X-36.324135867861365 Y-81.30320539591126 Z-708.513 F5000
M00
G1 B90.0 F1000
G1 X-32.245 Y-72.173 Z-708.513 F2000
G1 B125.26371954138452 F1000
G1 X-32.245 Y-72.173 Z-688.361 F2000
G1 B153.4338115618885 F1000
G1 X-52.398 Y-92.325 Z-668.209 F2000
G1 B154.76096370754237 F1000
G1 X-52.398 Y-132.629 Z-648.056 F2000
G1 B90.0 F1000
G1 X-72.55 Y-193.086 Z-627.904 F2000
G1 B144.73561031724537 F1000
G1 X-72.55 Y-193.086 Z-607.752 F2000
G1 B90.0 F1000
G1 X-92.702 Y-233.39 Z-587.6 F2000
G1 B135.0 F1000
G1 X-92.702 Y-233.39 Z-567.448 F2000
G1 B90.0 F1000
G1 X-92.702 Y-253.543 Z-547.295 F2000
G1 B90.0 F1000
G1 X-92.702 Y-253.543 Z-527.143 F2000
G1 B90.0 F1000
G1 X-92.702 Y-253.543 Z-506.991 F2000
G1 B90.0 F1000
G1 X-92.702 Y-253.543 Z-486.839 F2000
G1 B90.0 F1000
G1 X-92.702 Y-253.543 Z-466.687 F2000
G1 B90.0 F1000
G1 X-92.702 Y-253.543 Z-446.534 F2000
G1 B90.0 F1000
G1 X-92.702 Y-253.543 Z-426.382 F2000
G1 B90.0 F1000
G1 X-92.702 Y-253.543 Z-406.23 F2000
G1 B44.999999999999915 F1000
G1 X-92.702 Y-253.543 Z-386.078 F2000
G1 B90.0 F1000
G1 X-92.702 Y-233.39 Z-365.925 F2000
G1 B90.0 F1000
G1 X-92.702 Y-233.39 Z-345.773 F2000
G1 B35.26438968275466 F1000
G1 X-92.702 Y-233.39 Z-325.621 F2000
G1 B90.0 F1000
G1 X-72.55 Y-193.086 Z-305.469 F2000
G1 B25.239584590766864 F1000
G1 X-72.55 Y-193.086 Z-285.317 F2000
G1 B90.0 F1000
G1 X-52.398 Y-132.629 Z-265.164 F2000
G1 B26.56505117707798 F1000
G1 X-52.398 Y-132.629 Z-245.012 F2000
G1 B54.73628045861547 F1000
G1 X-52.398 Y-92.325 Z-224.86 F2000
G1 B25.23903629245761 F1000
G1 X-32.245 Y-72.173 Z-204.708 F2000
G1 B90.0 F1000
G1 X-12.093 Y-11.716 Z-184.556 F2000
G1 B90.0 F1000
G1 X-12.093 Y-11.716 Z-164.403 F2000
G1 B90.0 F1000
G1 X-12.093 Y-11.716 Z-144.251 F2000
G1 X-12.093 Y-11.716 Z-124.099 F2000
G1 X-19.275133243394247 Y-18.674229808947903 Z-124.099 F5000
M01
G1 X-19.275133243394247 Y-18.674229808947903 Z-708.513 F5000
M00
G1 B168.57840401986428 F1000
G1 X-12.093 Y-11.716 Z-708.513 F2000
G1 B90.0 F1000
G1 X-32.245 Y-152.782 Z-688.361 F2000
G1 B134.99857844487045 F1000
G1 X-32.245 Y-152.782 Z-668.209 F2000
G1 B134.99999999999997 F1000
G1 X-32.245 Y-172.934 Z-648.056 F2000
G1 B90.0 F1000
G1 X-32.245 Y-193.086 Z-627.904 F2000
G1 B90.0 F1000
G1 X-32.245 Y-193.086 Z-607.752 F2000
G1 B90.0 F1000
G1 X-32.245 Y-193.086 Z-587.6 F2000
G1 B90.0 F1000
G1 X-32.245 Y-193.086 Z-567.448 F2000
G1 B154.7604154092332 F1000
G1 X-32.245 Y-193.086 Z-547.295 F2000
G1 B90.0 F1000
G1 X-52.398 Y-253.543 Z-527.143 F2000
G1 B90.0 F1000
G1 X-52.398 Y-253.543 Z-506.991 F2000
G1 B90.0 F1000
G1 X-52.398 Y-253.543 Z-486.839 F2000
G1 B90.0 F1000
G1 X-52.398 Y-253.543 Z-466.687 F2000
G1 B90.0 F1000
G1 X-52.398 Y-253.543 Z-446.534 F2000
G1 B90.0 F1000
G1 X-52.398 Y-253.543 Z-426.382 F2000
G1 B90.0 F1000
G1 X-52.398 Y-253.543 Z-406.23 F2000
G1 B25.240132870525745 F1000
G1 X-52.398 Y-253.543 Z-386.078 F2000
G1 B90.0 F1000
G1 X-32.245 Y-193.086 Z-365.925 F2000
G1 B90.0 F1000
G1 X-32.245 Y-193.086 Z-345.773 F2000
G1 B90.0 F1000
G1 X-32.245 Y-193.086 Z-325.621 F2000
G1 B90.0 F1000
G1 X-32.245 Y-193.086 Z-305.469 F2000
G1 B90.0 F1000
G1 X-32.245 Y-193.086 Z-285.317 F2000
G1 B44.999999999999964 F1000
G1 X-32.245 Y-193.086 Z-265.164 F2000
G1 B45.0 F1000
G1 X-32.245 Y-172.934 Z-245.012 F2000
G1 B90.0 F1000
G1 X-32.245 Y-152.782 Z-224.86 F2000
G1 B11.42159598013571 F1000
G1 X-32.245 Y-152.782 Z-204.708 F2000
G1 B90.0 F1000
G1 X-12.093 Y-11.716 Z-184.556 F2000
G1 B90.0 F1000
G1 X-12.093 Y-11.716 Z-164.403 F2000
G1 B90.0 F1000
G1 X-12.093 Y-11.716 Z-144.251 F2000
G1 X-12.093 Y-11.716 Z-124.099 F2000
G1 X-19.275133243394247 Y-18.674229808947903 Z-124.099 F5000
M01
G1 X-19.275133243394247 Y-18.674229808947903 Z-708.513 F5000
M00
G1 B161.56533549092558 F1000
G1 X-12.093 Y-11.716 Z-708.513 F2000
G1 B153.434948822922 F1000
G1 X-12.093 Y-72.173 Z-688.361 F2000
G1 B11.310369881442227 F1000
G1 X-12.093 Y-112.477 Z-668.209 F2000
G1 B90.0 F1000
G1 X-12.093 Y-11.716 Z-648.056 F2000
G1 B171.8700113714959 F1000
G1 X-12.093 Y-11.716 Z-627.904 F2000
G1 B90.0 F1000
G1 X-12.093 Y-152.782 Z-607.752 F2000
G1 B166.737429803099 F1000
G1 X-12.093 Y-152.782 Z-587.6 F2000
G1 B90.0 F1000
G1 X8.059 Y-273.695 Z-567.448 F2000
G1 B135.0000000000001 F1000
G1 X8.059 Y-273.695 Z-547.295 F2000
G1 B90.0 F1000
G1 X8.059 Y-293.847 Z-527.143 F2000
G1 B90.0 F1000
G1 X8.059 Y-293.847 Z-506.991 F2000
G1 B90.0 F1000
G1 X8.059 Y-293.847 Z-486.839 F2000
G1 B90.0 F1000
G1 X8.059 Y-293.847 Z-466.687 F2000
G1 B90.0 F1000
G1 X8.059 Y-293.847 Z-446.534 F2000
G1 B90.0 F1000
G1 X8.059 Y-293.847 Z-426.382 F2000
G1 B90.0 F1000
G1 X8.059 Y-293.847 Z-406.23 F2000
G1 B45.00142155512964 F1000
G1 X8.059 Y-293.847 Z-386.078 F2000
G1 B90.0 F1000
G1 X8.059 Y-273.695 Z-365.925 F2000
G1 B13.26257019690102 F1000
G1 X8.059 Y-273.695 Z-345.773 F2000
G1 B90.0 F1000
G1 X-12.093 Y-152.782 Z-325.621 F2000
G1 B8.129988628504028 F1000
G1 X-12.093 Y-152.782 Z-305.469 F2000
G1 B90.0 F1000
G1 X-12.093 Y-11.716 Z-285.317 F2000
G1 B168.690176878044 F1000
G1 X-12.093 Y-11.716 Z-265.164 F2000
G1 B44.99999999999998 F1000
G1 X-12.093 Y-112.477 Z-245.012 F2000
G1 B26.565051177078008 F1000
G1 X-12.093 Y-92.325 Z-224.86 F2000
G1 B26.564482552204407 F1000
G1 X-12.093 Y-52.021 Z-204.708 F2000
G1 B90.0 F1000
G1 X-12.093 Y-11.716 Z-184.556 F2000
G1 B90.0 F1000
G1 X-12.093 Y-11.716 Z-164.403 F2000
G1 B90.0 F1000
G1 X-12.093 Y-11.716 Z-144.251 F2000
G1 X-12.093 Y-11.716 Z-124.099 F2000
G1 X-19.275133243394247 Y-18.674229808947903 Z-124.099 F5000
M01
G1 X-19.275133243394247 Y-18.674229808947903 Z-708.513 F5000
M00
G1 B160.52900274442658 F1000
G1 X-12.093 Y-11.716 Z-708.513 F2000
G1 B134.99999999999994 F1000
G1 X8.059 Y-92.325 Z-688.361 F2000
G1 B164.2066075682003 F1000
G1 X8.059 Y-112.477 Z-668.209 F2000
G1 B90.0 F1000
G1 X28.211 Y-213.238 Z-648.056 F2000
G1 B90.0 F1000
G1 X28.211 Y-213.238 Z-627.904 F2000
G1 B90.0 F1000
G1 X28.211 Y-213.238 Z-607.752 F2000
G1 B90.0 F1000
G1 X28.211 Y-213.238 Z-587.6 F2000
G1 B154.75986712947423 F1000
G1 X28.211 Y-213.238 Z-567.448 F2000
G1 B90.0 F1000
G1 X48.364 Y-273.695 Z-547.295 F2000
G1 B90.0 F1000
G1 X48.364 Y-273.695 Z-527.143 F2000
G1 B90.0 F1000
G1 X48.364 Y-273.695 Z-506.991 F2000
G1 B90.0 F1000
G1 X48.364 Y-273.695 Z-486.839 F2000
G1 B90.0 F1000
G1 X48.364 Y-273.695 Z-466.687 F2000
G1 B90.0 F1000
G1 X48.364 Y-273.695 Z-446.534 F2000
G1 B90.0 F1000
G1 X48.364 Y-273.695 Z-426.382 F2000
G1 B90.0 F1000
G1 X48.364 Y-273.695 Z-406.23 F2000
G1 B90.0 F1000
G1 X48.364 Y-273.695 Z-386.078 F2000
G1 B25.23958459076683 F1000
G1 X48.364 Y-273.695 Z-365.925 F2000
G1 B90.0 F1000
G1 X28.211 Y-213.238 Z-345.773 F2000
G1 B90.0 F1000
G1 X28.211 Y-213.238 Z-325.621 F2000
G1 B90.0 F1000
G1 X28.211 Y-213.238 Z-305.469 F2000
G1 B90.0 F1000
G1 X28.211 Y-213.238 Z-285.317 F2000
G1 B90.0 F1000
G1 X28.211 Y-213.238 Z-265.164 F2000
G1 B15.793020128712108 F1000
G1 X28.211 Y-213.238 Z-245.012 F2000
G1 B45.00000000000003 F1000
G1 X8.059 Y-112.477 Z-224.86 F2000
G1 B19.47099725557339 F1000
G1 X8.059 Y-92.325 Z-204.708 F2000
G1 B90.0 F1000
G1 X-12.093 Y-11.716 Z-184.556 F2000
G1 B90.0 F1000
G1 X-12.093 Y-11.716 Z-164.403 F2000
G1 B90.0 F1000
G1 X-12.093 Y-11.716 Z-144.251 F2000
G1 X-12.093 Y-11.716 Z-124.099 F2000
G1 X-19.275133243394247 Y-18.674229808947903 Z-124.099 F5000
M01
G1 X9.168725706406555 Y-82.11123469518306 Z-708.513 F5000
M00
G1 B125.26438968275463 F1000
G1 X8.059 Y-72.173 Z-708.513 F2000
G1 B154.76041540923313 F1000
G1 X28.211 Y-92.325 Z-688.361 F2000
G1 B90.0 F1000
G1 X48.364 Y-152.782 Z-668.209 F2000
G1 B90.0 F1000
G1 X48.364 Y-152.782 Z-648.056 F2000
G1 B144.73561031724532 F1000
G1 X48.364 Y-152.782 Z-627.904 F2000
G1 B90.0 F1000
G1 X68.516 Y-193.086 Z-607.752 F2000
G1 B90.0 F1000
G1 X68.516 Y-193.086 Z-587.6 F2000
G1 B90.0 F1000
G1 X68.516 Y-193.086 Z-567.448 F2000
G1 B90.0 F1000
G1 X68.516 Y-193.086 Z-547.295 F2000
G1 B144.73561031724532 F1000
G1 X68.516 Y-193.086 Z-527.143 F2000
G1 B90.0 F1000
G1 X88.668 Y-233.39 Z-506.991 F2000
G1 B90.0 F1000
G1 X88.668 Y-233.39 Z-486.839 F2000
G1 B90.0 F1000
G1 X88.668 Y-233.39 Z-466.687 F2000
G1 B90.0 F1000
G1 X88.668 Y-233.39 Z-446.534 F2000
G1 B24.869961660561074 F1000
G1 X88.668 Y-233.39 Z-426.382 F2000
G1 B90.0 F1000
G1 X-12.093 Y-11.716 Z-406.23 F2000
G1 B155.38632494608123 F1000
G1 X-12.093 Y-11.716 Z-386.078 F2000
G1 B90.0 F1000
G1 X68.516 Y-193.086 Z-365.925 F2000
G1 B90.0 F1000
G1 X68.516 Y-193.086 Z-345.773 F2000
G1 B90.0 F1000
G1 X68.516 Y-193.086 Z-325.621 F2000
G1 B35.26438968275465 F1000
G1 X68.516 Y-193.086 Z-305.469 F2000
G1 B90.0 F1000
G1 X48.364 Y-152.782 Z-285.317 F2000
G1 B90.0 F1000
G1 X48.364 Y-152.782 Z-265.164 F2000
G1 B90.0 F1000
G1 X48.364 Y-152.782 Z-245.012 F2000
G1 B25.239584590766864 F1000
G1 X48.364 Y-152.782 Z-224.86 F2000
G1 B35.26438968275465 F1000
G1 X28.211 Y-92.325 Z-204.708 F2000
G1 B35.26438969106787 F1000
G1 X8.059 Y-52.021 Z-184.556 F2000
G1 B90.0 F1000
G1 X-12.093 Y-11.716 Z-164.403 F2000
G1 B90.0 F1000
G1 X-12.093 Y-11.716 Z-144.251 F2000
G1 X-12.093 Y-11.716 Z-124.099 F2000
G1 X-19.275133243394247 Y-18.674229808947903 Z-124.099 F5000
M01
G1 X52.3142009929233 Y-121.66372477630125 Z-708.513 F5000
M00
G1 B125.26438968275461 F1000
G1 X48.364 Y-112.477 Z-708.513 F2000
G1 B90.0 F1000
G1 X68.516 Y-132.629 Z-688.361 F2000
G1 B90.0 F1000
G1 X68.516 Y-132.629 Z-668.209 F2000
G1 B90.0 F1000
G1 X68.516 Y-132.629 Z-648.056 F2000
G1 B125.26572994886841 F1000
G1 X68.516 Y-132.629 Z-627.904 F2000
G1 B125.26438968275471 F1000
G1 X88.668 Y-152.782 Z-607.752 F2000
G1 B143.30022986954586 F1000
G1 X108.82 Y-172.934 Z-587.6 F2000
G1 B90.0 F1000
G1 X149.125 Y-233.39 Z-567.448 F2000
G1 B90.0 F1000
G1 X149.125 Y-233.39 Z-547.295 F2000
G1 B90.0 F1000
G1 X149.125 Y-233.39 Z-527.143 F2000
G1 B125.26572994886847 F1000
G1 X149.125 Y-233.39 Z-506.991 F2000
G1 B90.0 F1000
G1 X169.277 Y-253.543 Z-486.839 F2000
G1 B90.0 F1000
G1 X169.277 Y-253.543 Z-466.687 F2000
G1 B54.73427005113155 F1000
G1 X169.277 Y-253.543 Z-446.534 F2000
G1 B90.0 F1000
G1 X149.125 Y-233.39 Z-426.382 F2000
G1 B90.0 F1000
G1 X149.125 Y-233.39 Z-406.23 F2000
G1 B90.0 F1000
G1 X149.125 Y-233.39 Z-386.078 F2000
G1 B90.0 F1000
G1 X149.125 Y-233.39 Z-365.925 F2000
G1 B36.699770130454155 F1000
G1 X149.125 Y-233.39 Z-345.773 F2000
G1 B90.0 F1000
G1 X108.82 Y-172.934 Z-325.621 F2000
G1 B54.735610317245346 F1000
G1 X108.82 Y-172.934 Z-305.469 F2000
G1 B54.734940203585914 F1000
G1 X88.668 Y-152.782 Z-285.317 F2000
G1 B90.0 F1000
G1 X68.516 Y-132.629 Z-265.164 F2000
G1 B90.0 F1000
G1 X68.516 Y-132.629 Z-245.012 F2000
G1 B54.735610317245374 F1000
G1 X68.516 Y-132.629 Z-224.86 F2000
G1 B32.31166167810188 F1000
G1 X48.364 Y-112.477 Z-204.708 F2000
G1 B90.0 F1000
G1 X-12.093 Y-11.716 Z-184.556 F2000
G1 B90.0 F1000
G1 X-12.093 Y-11.716 Z-164.403 F2000
G1 B90.0 F1000
G1 X-12.093 Y-11.716 Z-144.251 F2000
G1 X-12.093 Y-11.716 Z-124.099 F2000
G1 X-19.275133243394247 Y-18.674229808947903 Z-124.099 F5000
M01
G1 X10.510688967794007 Y-41.56280382499807 Z-708.513 F5000
M00
G1 B125.2657299488684 F1000
G1 X8.059 Y-31.868 Z-708.513 F2000
G1 B131.80974978544864 F1000
G1 X28.211 Y-52.021 Z-688.361 F2000
G1 B133.49185058314538 F1000
G1 X68.516 Y-92.325 Z-668.209 F2000
G1 B90.0 F1000
G1 X128.972 Y-152.782 Z-648.056 F2000
G1 B90.0 F1000
G1 X128.972 Y-152.782 Z-627.904 F2000
G1 B90.0 F1000
G1 X128.972 Y-152.782 Z-607.752 F2000
G1 B90.0 F1000
G1 X128.972 Y-152.782 Z-587.6 F2000
G1 B90.0 F1000
G1 X128.972 Y-152.782 Z-567.448 F2000
G1 B90.0 F1000
G1 X128.972 Y-152.782 Z-547.295 F2000
G1 B90.0 F1000
G1 X128.972 Y-152.782 Z-527.143 F2000
G1 B90.0 F1000
G1 X128.972 Y-152.782 Z-506.991 F2000
G1 B90.0 F1000
G1 X128.972 Y-152.782 Z-486.839 F2000
G1 B90.0 F1000
G1 X128.972 Y-152.782 Z-466.687 F2000
G1 B90.0 F1000
G1 X128.972 Y-152.782 Z-446.534 F2000
G1 B90.0 F1000
G1 X128.972 Y-152.782 Z-426.382 F2000
G1 B90.0 F1000
G1 X128.972 Y-152.782 Z-406.23 F2000
G1 B90.0 F1000
G1 X128.972 Y-152.782 Z-386.078 F2000
G1 B90.0 F1000
G1 X128.972 Y-152.782 Z-365.925 F2000
G1 B90.0 F1000
G1 X128.972 Y-152.782 Z-345.773 F2000
G1 B90.0 F1000
G1 X128.972 Y-152.782 Z-325.621 F2000
G1 B90.0 F1000
G1 X128.972 Y-152.782 Z-305.469 F2000
G1 B90.0 F1000
G1 X128.972 Y-152.782 Z-285.317 F2000
G1 B90.0 F1000
G1 X128.972 Y-152.782 Z-265.164 F2000
G1 B46.508007451924456 F1000
G1 X128.972 Y-152.782 Z-245.012 F2000
G1 B48.19025021455136 F1000
G1 X68.516 Y-92.325 Z-224.86 F2000
G1 B48.18897871806156 F1000
G1 X28.211 Y-52.021 Z-204.708 F2000
G1 B90.0 F1000
G1 X-12.093 Y-11.716 Z-184.556 F2000
G1 B90.0 F1000
G1 X-12.093 Y-11.716 Z-164.403 F2000
G1 B90.0 F1000
G1 X-12.093 Y-11.716 Z-144.251 F2000
G1 X-12.093 Y-11.716 Z-124.099 F2000
G1 X-19.275133243394247 Y-18.674229808947903 Z-124.099 F5000
M01
G1 X-19.275133243394247 Y-18.674229808947903 Z-708.513 F5000
M00
G1 B126.04002603853776 F1000
G1 X-12.093 Y-11.716 Z-708.513 F2000
G1 B90.0 F1000
G1 X68.516 Y-72.173 Z-688.361 F2000
G1 B90.0 F1000
G1 X88.668 Y-72.173 Z-668.209 F2000
G1 B131.8103148957786 F1000
G1 X88.668 Y-72.173 Z-648.056 F2000
G1 B90.0 F1000
G1 X128.972 Y-112.477 Z-627.904 F2000
G1 B90.0 F1000
G1 X149.125 Y-112.477 Z-607.752 F2000
G1 B90.0 F1000
G1 X149.125 Y-112.477 Z-587.6 F2000
G1 B125.26371954138452 F1000
G1 X149.125 Y-112.477 Z-567.448 F2000
G1 B90.0 F1000
G1 X169.277 Y-132.629 Z-547.295 F2000
G1 B90.0 F1000
G1 X189.429 Y-132.629 Z-527.143 F2000
G1 B90.0 F1000
G1 X189.429 Y-132.629 Z-506.991 F2000
G1 B125.26572994886847 F1000
G1 X189.429 Y-132.629 Z-486.839 F2000
G1 B90.0 F1000
G1 X209.581 Y-152.782 Z-466.687 F2000
G1 B57.63537635283345 F1000
G1 X209.581 Y-152.782 Z-446.534 F2000
G1 B120.83810481135602 F1000
G1 X-12.093 Y-11.716 Z-426.382 F2000
G1 B90.0 F1000
G1 X189.429 Y-132.629 Z-406.23 F2000
G1 B90.0 F1000
G1 X189.429 Y-132.629 Z-386.078 F2000
G1 B54.735610317245346 F1000
G1 X169.277 Y-132.629 Z-365.925 F2000
G1 B90.0 F1000
G1 X149.125 Y-112.477 Z-345.773 F2000
G1 B90.0 F1000
G1 X149.125 Y-112.477 Z-325.621 F2000
G1 B90.0 F1000
G1 X149.125 Y-112.477 Z-305.469 F2000
G1 B48.18996766585166 F1000
G1 X128.972 Y-112.477 Z-285.317 F2000
G1 B90.0 F1000
G1 X88.668 Y-72.173 Z-265.164 F2000
G1 B90.0 F1000
G1 X88.668 Y-72.173 Z-245.012 F2000
G1 B65.90515744788931 F1000
G1 X88.668 Y-72.173 Z-224.86 F2000
G1 B57.68820988381499 F1000
G1 X48.364 Y-52.021 Z-204.708 F2000
G1 B90.0 F1000
G1 X-12.093 Y-11.716 Z-184.556 F2000
G1 B90.0 F1000
G1 X-12.093 Y-11.716 Z-164.403 F2000
G1 B90.0 F1000
G1 X-12.093 Y-11.716 Z-144.251 F2000
G1 X-12.093 Y-11.716 Z-124.099 F2000
G1 X-19.275133243394247 Y-18.674229808947903 Z-124.099 F5000
M01
G1 X76.48048597199637 Y-58.06806236133491 Z-708.513 F5000
M00
G1 B114.0948425521107 F1000
G1 X68.516 Y-52.021 Z-708.513 F2000
G1 B90.0 F1000
G1 X108.82 Y-72.173 Z-688.361 F2000
G1 B90.0 F1000
G1 X128.972 Y-72.173 Z-668.209 F2000
G1 B90.0 F1000
G1 X128.972 Y-72.173 Z-648.056 F2000
G1 B67.01003459233361 F1000
G1 X128.972 Y-72.173 Z-627.904 F2000
G1 B109.90756229660528 F1000
G1 X-12.093 Y-11.716 Z-607.752 F2000
G1 B90.0 F1000
G1 X209.581 Y-92.325 Z-587.6 F2000
G1 B90.0 F1000
G1 X209.581 Y-92.325 Z-567.448 F2000
G1 B90.0 F1000
G1 X209.581 Y-92.325 Z-547.295 F2000
G1 B90.0 F1000
G1 X209.581 Y-92.325 Z-527.143 F2000
G1 B90.0 F1000
G1 X209.581 Y-92.325 Z-506.991 F2000
G1 B90.0 F1000
G1 X209.581 Y-92.325 Z-486.839 F2000
G1 B90.0 F1000
G1 X209.581 Y-92.325 Z-466.687 F2000
G1 B90.0 F1000
G1 X209.581 Y-92.325 Z-446.534 F2000
G1 B90.0 F1000
G1 X209.581 Y-92.325 Z-426.382 F2000
G1 B90.0 F1000
G1 X209.581 Y-92.325 Z-406.23 F2000
G1 B90.0 F1000
G1 X209.581 Y-92.325 Z-386.078 F2000
G1 B90.0 F1000
G1 X209.581 Y-92.325 Z-365.925 F2000
G1 B90.0 F1000
G1 X209.581 Y-92.325 Z-345.773 F2000
G1 B66.16766890002415 F1000
G1 X169.277 Y-92.325 Z-325.621 F2000
G1 B112.98996540766639 F1000
G1 X-12.093 Y-11.716 Z-305.469 F2000
G1 B90.0 F1000
G1 X128.972 Y-72.173 Z-285.317 F2000
G1 B90.0 F1000
G1 X128.972 Y-72.173 Z-265.164 F2000
G1 B90.0 F1000
G1 X128.972 Y-72.173 Z-245.012 F2000
G1 B65.90515744788931 F1000
G1 X128.972 Y-72.173 Z-224.86 F2000
G1 B90.0 F1000
G1 X88.668 Y-52.021 Z-204.708 F2000
G1 B64.12308008629286 F1000
G1 X68.516 Y-52.021 Z-184.556 F2000
G1 B90.0 F1000
G1 X-12.093 Y-11.716 Z-164.403 F2000
G1 B90.0 F1000
G1 X-12.093 Y-11.716 Z-144.251 F2000
G1 X-12.093 Y-11.716 Z-124.099 F2000
G1 X-19.275133243394247 Y-18.674229808947903 Z-124.099 F5000
M01
G1 X138.68003030696963 Y-34.266780431585985 Z-708.513 F5000
M00
G1 B90.0 F1000
G1 X128.972 Y-31.868 Z-708.513 F2000
G1 B90.0 F1000
G1 X128.972 Y-31.868 Z-688.361 F2000
G1 B90.0 F1000
G1 X128.972 Y-31.868 Z-668.209 F2000
G1 B125.26505979641406 F1000
G1 X128.972 Y-31.868 Z-648.056 F2000
G1 B76.06773979272619 F1000
G1 X149.125 Y-52.021 Z-627.904 F2000
G1 B101.25540408648018 F1000
G1 X-12.093 Y-11.716 Z-607.752 F2000
G1 B90.0 F1000
G1 X189.429 Y-52.021 Z-587.6 F2000
G1 B90.0 F1000
G1 X229.733 Y-52.021 Z-567.448 F2000
G1 B90.0 F1000
G1 X229.733 Y-52.021 Z-547.295 F2000
G1 B90.0 F1000
G1 X229.733 Y-52.021 Z-527.143 F2000
G1 B90.0 F1000
G1 X249.886 Y-52.021 Z-506.991 F2000
G1 B90.0 F1000
G1 X249.886 Y-52.021 Z-486.839 F2000
G1 B90.0 F1000
G1 X249.886 Y-52.021 Z-466.687 F2000
G1 B90.0 F1000
G1 X249.886 Y-52.021 Z-446.534 F2000
G1 B90.0 F1000
G1 X249.886 Y-52.021 Z-426.382 F2000
G1 B90.0 F1000
G1 X249.886 Y-52.021 Z-406.23 F2000
G1 B90.0 F1000
G1 X229.733 Y-52.021 Z-386.078 F2000
G1 B90.0 F1000
G1 X229.733 Y-52.021 Z-365.925 F2000
G1 B90.0 F1000
G1 X189.429 Y-52.021 Z-345.773 F2000
G1 B90.0 F1000
G1 X189.429 Y-52.021 Z-325.621 F2000
G1 B78.74459591351983 F1000
G1 X189.429 Y-52.021 Z-305.469 F2000
G1 B90.0 F1000
G1 X-12.093 Y-11.716 Z-285.317 F2000
G1 B98.04941178755931 F1000
G1 X-12.093 Y-11.716 Z-265.164 F2000
G1 B90.0 F1000
G1 X128.972 Y-31.868 Z-245.012 F2000
G1 B90.0 F1000
G1 X128.972 Y-31.868 Z-224.86 F2000
G1 B90.0 F1000
G1 X128.972 Y-31.868 Z-204.708 F2000
G1 B80.66422707037077 F1000
G1 X108.82 Y-31.868 Z-184.556 F2000
G1 B90.0 F1000
G1 X-12.093 Y-11.716 Z-164.403 F2000
G1 B90.0 F1000
G1 X-12.093 Y-11.716 Z-144.251 F2000
G1 X-12.093 Y-11.716 Z-124.099 F2000
G1 X-19.275133243394247 Y-18.674229808947903 Z-124.099 F5000
M01
G1 X13.72631753312975 Y-19.955023727279833 Z-708.513 F5000
M00
G1 B90.0 F1000
G1 X8.059 Y-11.716 Z-708.513 F2000
G1 B90.0 F1000
G1 X48.364 Y-11.716 Z-688.361 F2000
G1 B90.0 F1000
G1 X88.668 Y-11.716 Z-668.209 F2000
G1 B90.0 F1000
G1 X-12.093 Y-11.716 Z-648.056 F2000
G1 B90.0 F1000
G1 X-12.093 Y-11.716 Z-627.904 F2000
G1 B90.0 F1000
G1 X-12.093 Y-11.716 Z-607.752 F2000
G1 B90.0 F1000
G1 X-12.093 Y-11.716 Z-587.6 F2000
G1 B90.0 F1000
G1 X-12.093 Y-11.716 Z-567.448 F2000
G1 B90.0 F1000
G1 X-12.093 Y-11.716 Z-547.295 F2000
G1 B90.0 F1000
G1 X-12.093 Y-11.716 Z-527.143 F2000
G1 B90.0 F1000
G1 X-12.093 Y-11.716 Z-506.991 F2000
G1 B90.0 F1000
G1 X-12.093 Y-11.716 Z-486.839 F2000
G1 B90.0 F1000
G1 X-12.093 Y-11.716 Z-466.687 F2000
G1 B90.0 F1000
G1 X-12.093 Y-11.716 Z-446.534 F2000
G1 B90.0 F1000
G1 X-12.093 Y-11.716 Z-426.382 F2000
G1 B90.0 F1000
G1 X-12.093 Y-11.716 Z-406.23 F2000
G1 B90.0 F1000
G1 X-12.093 Y-11.716 Z-386.078 F2000
G1 B90.0 F1000
G1 X-12.093 Y-11.716 Z-365.925 F2000
G1 B90.0 F1000
G1 X-12.093 Y-11.716 Z-345.773 F2000
G1 B90.0 F1000
G1 X-12.093 Y-11.716 Z-325.621 F2000
G1 B90.0 F1000
G1 X-12.093 Y-11.716 Z-305.469 F2000
G1 B90.0 F1000
G1 X-12.093 Y-11.716 Z-285.317 F2000
G1 B90.0 F1000
G1 X-12.093 Y-11.716 Z-265.164 F2000
G1 B90.0 F1000
G1 X88.668 Y-11.716 Z-245.012 F2000
G1 B90.0 F1000
G1 X68.516 Y-11.716 Z-224.86 F2000
G1 B90.0 F1000
G1 X48.364 Y-11.716 Z-204.708 F2000
G1 B90.0 F1000
G1 X-12.093 Y-11.716 Z-184.556 F2000
G1 B90.0 F1000
G1 X-12.093 Y-11.716 Z-164.403 F2000
G1 B90.0 F1000
G1 X-12.093 Y-11.716 Z-144.251 F2000
G1 X-12.093 Y-11.716 Z-124.099 F2000
G1 X-19.275133243394247 Y-18.674229808947903 Z-124.099 F5000
M01
G1 X98.62304550806401 Y9.383137229959262 Z-708.513 F5000
M00
G1 B90.0 F1000
G1 X88.668 Y8.436 Z-708.513 F2000
G1 B90.0 F1000
G1 X88.668 Y8.436 Z-688.361 F2000
G1 B101.09567937449184 F1000
G1 X88.668 Y8.436 Z-668.209 F2000
G1 B90.0 F1000
G1 X-12.093 Y-11.716 Z-648.056 F2000
G1 B90.0 F1000
G1 X-12.093 Y-11.716 Z-627.904 F2000
G1 B90.0 F1000
G1 X-12.093 Y-11.716 Z-607.752 F2000
G1 B90.0 F1000
G1 X-12.093 Y-11.716 Z-587.6 F2000
G1 B90.0 F1000
G1 X-12.093 Y-11.716 Z-567.448 F2000
G1 B78.71440042751338 F1000
G1 X-12.093 Y-11.716 Z-547.295 F2000
G1 B90.0 F1000
G1 X290.19 Y48.741 Z-527.143 F2000
G1 B90.0 F1000
G1 X290.19 Y48.741 Z-506.991 F2000
G1 B90.0 F1000
G1 X290.19 Y48.741 Z-486.839 F2000
G1 B90.0 F1000
G1 X290.19 Y48.741 Z-466.687 F2000
G1 B90.0 F1000
G1 X290.19 Y48.741 Z-446.534 F2000
G1 B90.0 F1000
G1 X290.19 Y48.741 Z-426.382 F2000
G1 B101.28559957248662 F1000
G1 X290.19 Y48.741 Z-406.23 F2000
G1 B90.0 F1000
G1 X-12.093 Y-11.716 Z-386.078 F2000
G1 B90.0 F1000
G1 X-12.093 Y-11.716 Z-365.925 F2000
G1 B90.0 F1000
G1 X-12.093 Y-11.716 Z-345.773 F2000
G1 B90.0 F1000
G1 X-12.093 Y-11.716 Z-325.621 F2000
G1 B90.0 F1000
G1 X-12.093 Y-11.716 Z-305.469 F2000
G1 B90.0 F1000
G1 X-12.093 Y-11.716 Z-285.317 F2000
G1 B80.6642147699594 F1000
G1 X-12.093 Y-11.716 Z-265.164 F2000
G1 B90.0 F1000
G1 X108.82 Y8.436 Z-245.012 F2000
G1 B90.0 F1000
G1 X88.668 Y8.436 Z-224.86 F2000
G1 B101.09570002598588 F1000
G1 X88.668 Y8.436 Z-204.708 F2000
G1 B90.0 F1000
G1 X-12.093 Y-11.716 Z-184.556 F2000
G1 B90.0 F1000
G1 X-12.093 Y-11.716 Z-164.403 F2000
G1 B90.0 F1000
G1 X-12.093 Y-11.716 Z-144.251 F2000
G1 X-12.093 Y-11.716 Z-124.099 F2000
G1 X-19.275133243394247 Y-18.674229808947903 Z-124.099 F5000
M01
G1 X58.215261197138915 Y10.154328497623519 Z-708.513 F5000
M00
G1 B72.4515993862077 F1000
G1 X48.364 Y8.436 Z-708.513 F2000
G1 B54.73427005113163 F1000
G1 X108.82 Y28.588 Z-688.361 F2000
G1 B65.90579318772163 F1000
G1 X128.972 Y48.741 Z-668.209 F2000
G1 B90.0 F1000
G1 X169.277 Y68.893 Z-648.056 F2000
G1 B90.0 F1000
G1 X169.277 Y68.893 Z-627.904 F2000
G1 B90.0 F1000
G1 X169.277 Y68.893 Z-607.752 F2000
G1 B90.0 F1000
G1 X169.277 Y68.893 Z-587.6 F2000
G1 B65.90536936852776 F1000
G1 X189.429 Y68.893 Z-567.448 F2000
G1 B90.0 F1000
G1 X229.733 Y89.045 Z-547.295 F2000
G1 B90.0 F1000
G1 X229.733 Y89.045 Z-527.143 F2000
G1 B90.0 F1000
G1 X229.733 Y89.045 Z-506.991 F2000
G1 B90.0 F1000
G1 X229.733 Y89.045 Z-486.839 F2000
G1 B90.0 F1000
G1 X229.733 Y89.045 Z-466.687 F2000
G1 B90.0 F1000
G1 X229.733 Y89.045 Z-446.534 F2000
G1 B90.0 F1000
G1 X229.733 Y89.045 Z-426.382 F2000
G1 B90.0 F1000
G1 X229.733 Y89.045 Z-406.23 F2000
G1 B90.0 F1000
G1 X229.733 Y89.045 Z-386.078 F2000
G1 B114.0948425521107 F1000
G1 X229.733 Y89.045 Z-365.925 F2000
G1 B90.0 F1000
G1 X189.429 Y68.893 Z-345.773 F2000
G1 B90.0 F1000
G1 X169.277 Y68.893 Z-325.621 F2000
G1 B90.0 F1000
G1 X169.277 Y68.893 Z-305.469 F2000
G1 B90.0 F1000
G1 X169.277 Y68.893 Z-285.317 F2000
G1 B90.0 F1000
G1 X169.277 Y68.893 Z-265.164 F2000
G1 B114.09441872170008 F1000
G1 X169.277 Y68.893 Z-245.012 F2000
G1 B125.2657299488684 F1000
G1 X128.972 Y48.741 Z-224.86 F2000
G1 B107.54840061379231 F1000
G1 X108.82 Y28.588 Z-204.708 F2000
G1 B107.5480736760758 F1000
G1 X48.364 Y8.436 Z-184.556 F2000
G1 B90.0 F1000
G1 X-12.093 Y-11.716 Z-164.403 F2000
G1 B90.0 F1000
G1 X-12.093 Y-11.716 Z-144.251 F2000
G1 X-12.093 Y-11.716 Z-124.099 F2000
G1 X-19.275133243394247 Y-18.674229808947903 Z-124.099 F5000
M01
G1 X117.2691148340496 Y74.24206146169988 Z-708.513 F5000
M00
G1 B90.0 F1000
G1 X108.82 Y68.893 Z-708.513 F2000
G1 B90.0 F1000
G1 X108.82 Y68.893 Z-688.361 F2000
G1 B57.68898052383144 F1000
G1 X108.82 Y68.893 Z-668.209 F2000
G1 B54.7356103172454 F1000
G1 X169.277 Y109.197 Z-648.056 F2000
G1 B90.0 F1000
G1 X189.429 Y129.349 Z-627.904 F2000
G1 B90.0 F1000
G1 X189.429 Y129.349 Z-607.752 F2000
G1 B90.0 F1000
G1 X189.429 Y129.349 Z-587.6 F2000
G1 B90.0 F1000
G1 X189.429 Y129.349 Z-567.448 F2000
G1 B65.90409786572855 F1000
G1 X189.429 Y129.349 Z-547.295 F2000
G1 B90.0 F1000
G1 X229.733 Y149.502 Z-527.143 F2000
G1 B90.0 F1000
G1 X229.733 Y149.502 Z-506.991 F2000
G1 B90.0 F1000
G1 X229.733 Y149.502 Z-486.839 F2000
G1 B90.0 F1000
G1 X229.733 Y149.502 Z-466.687 F2000
G1 B90.0 F1000
G1 X229.733 Y149.502 Z-446.534 F2000
G1 B90.0 F1000
G1 X229.733 Y149.502 Z-426.382 F2000
G1 B90.0 F1000
G1 X229.733 Y149.502 Z-406.23 F2000
G1 B114.09569020662245 F1000
G1 X229.733 Y149.502 Z-386.078 F2000
G1 B90.0 F1000
G1 X189.429 Y129.349 Z-365.925 F2000
G1 B90.0 F1000
G1 X189.429 Y129.349 Z-345.773 F2000
G1 B90.0 F1000
G1 X189.429 Y129.349 Z-325.621 F2000
G1 B90.0 F1000
G1 X189.429 Y129.349 Z-305.469 F2000
G1 B125.26371954138452 F1000
G1 X189.429 Y129.349 Z-285.317 F2000
G1 B90.0 F1000
G1 X169.277 Y109.197 Z-265.164 F2000
G1 B122.31114791575396 F1000
G1 X169.277 Y109.197 Z-245.012 F2000
G1 B90.0 F1000
G1 X108.82 Y68.893 Z-224.86 F2000
G1 B90.0 F1000
G1 X108.82 Y68.893 Z-204.708 F2000
G1 B123.32883716861723 F1000
G1 X108.82 Y68.893 Z-184.556 F2000
G1 B90.0 F1000
G1 X-12.093 Y-11.716 Z-164.403 F2000
G1 B90.0 F1000
G1 X-12.093 Y-11.716 Z-144.251 F2000
G1 X-12.093 Y-11.716 Z-124.099 F2000
G1 X-19.275133243394247 Y-18.674229808947903 Z-124.099 F5000
M01
G1 X33.22036873407009 Y57.395838235699216 Z-708.513 F5000
M00
G1 B48.19025021455136 F1000
G1 X28.211 Y48.741 Z-708.513 F2000
G1 B54.735610317245374 F1000
G1 X68.516 Y89.045 Z-688.361 F2000
G1 B54.7362804586154 F1000
G1 X88.668 Y109.197 Z-668.209 F2000
G1 B90.0 F1000
G1 X108.82 Y129.349 Z-648.056 F2000
G1 B54.7342700511316 F1000
G1 X108.82 Y129.349 Z-627.904 F2000
G1 B54.73628045861541 F1000
G1 X128.972 Y149.502 Z-607.752 F2000
G1 B90.0 F1000
G1 X149.125 Y169.654 Z-587.6 F2000
G1 B90.0 F1000
G1 X149.125 Y169.654 Z-567.448 F2000
G1 B54.735610317245275 F1000
G1 X149.125 Y169.654 Z-547.295 F2000
G1 B90.0 F1000
G1 X169.277 Y189.806 Z-527.143 F2000
G1 B90.0 F1000
G1 X169.277 Y189.806 Z-506.991 F2000
G1 B90.0 F1000
G1 X169.277 Y189.806 Z-486.839 F2000
G1 B90.0 F1000
G1 X169.277 Y189.806 Z-466.687 F2000
G1 B90.0 F1000
G1 X169.277 Y189.806 Z-446.534 F2000
G1 B90.0 F1000
G1 X169.277 Y189.806 Z-426.382 F2000
G1 B90.0 F1000
G1 X169.277 Y189.806 Z-406.23 F2000
G1 B125.26371954138462 F1000
G1 X169.277 Y189.806 Z-386.078 F2000
G1 B90.0 F1000
G1 X149.125 Y169.654 Z-365.925 F2000
G1 B90.0 F1000
G1 X149.125 Y169.654 Z-345.773 F2000
G1 B125.26371954138455 F1000
G1 X149.125 Y169.654 Z-325.621 F2000
G1 B125.26572994886844 F1000
G1 X128.972 Y149.502 Z-305.469 F2000
G1 B90.0 F1000
G1 X108.82 Y129.349 Z-285.317 F2000
G1 B90.0 F1000
G1 X108.82 Y129.349 Z-265.164 F2000
G1 B125.26438968275465 F1000
G1 X108.82 Y129.349 Z-245.012 F2000
G1 B125.26438968275465 F1000
G1 X88.668 Y109.197 Z-224.86 F2000
G1 B131.80974978544867 F1000
G1 X68.516 Y89.045 Z-204.708 F2000
G1 B143.30095643568512 F1000
G1 X28.211 Y48.741 Z-184.556 F2000
G1 B90.0 F1000
G1 X-12.093 Y-11.716 Z-164.403 F2000
G1 B90.0 F1000
G1 X-12.093 Y-11.716 Z-144.251 F2000
G1 X-12.093 Y-11.716 Z-124.099 F2000
G1 X-19.275133243394247 Y-18.674229808947903 Z-124.099 F5000
M01
G1 X32.00049264187541 Y78.14717449139424 Z-708.513 F5000
M00
G1 B35.26505982966721 F1000
G1 X28.211 Y68.893 Z-708.513 F2000
G1 B90.0 F1000
G1 X48.364 Y109.197 Z-688.361 F2000
G1 B54.73628045861541 F1000
G1 X48.364 Y109.197 Z-668.209 F2000
G1 B44.99857844487037 F1000
G1 X68.516 Y129.349 Z-648.056 F2000
G1 B90.0 F1000
G1 X68.516 Y149.502 Z-627.904 F2000
G1 B54.73561031724532 F1000
G1 X68.516 Y149.502 Z-607.752 F2000
G1 B90.0 F1000
G1 X88.668 Y169.654 Z-587.6 F2000
G1 B45.001421555129674 F1000
G1 X88.668 Y169.654 Z-567.448 F2000
G1 B90.0 F1000
G1 X88.668 Y189.806 Z-547.295 F2000
G1 B90.0 F1000
G1 X88.668 Y189.806 Z-527.143 F2000
G1 B54.735610317245346 F1000
G1 X88.668 Y189.806 Z-506.991 F2000
G1 B90.0 F1000
G1 X108.82 Y209.958 Z-486.839 F2000
G1 B90.0 F1000
G1 X108.82 Y209.958 Z-466.687 F2000
G1 B90.0 F1000
G1 X108.82 Y209.958 Z-446.534 F2000
G1 B125.26438968275465 F1000
G1 X108.82 Y209.958 Z-426.382 F2000
G1 B90.0 F1000
G1 X88.668 Y189.806 Z-406.23 F2000
G1 B90.0 F1000
G1 X88.668 Y189.806 Z-386.078 F2000
G1 B135.00000000000006 F1000
G1 X88.668 Y189.806 Z-365.925 F2000
G1 B90.0 F1000
G1 X88.668 Y169.654 Z-345.773 F2000
G1 B90.0 F1000
G1 X88.668 Y169.654 Z-325.621 F2000
G1 B125.26438968275465 F1000
G1 X88.668 Y169.654 Z-305.469 F2000
G1 B90.0 F1000
G1 X68.516 Y149.502 Z-285.317 F2000
G1 B144.73628045030233 F1000
G1 X68.516 Y149.502 Z-265.164 F2000
G1 B90.0 F1000
G1 X48.364 Y109.197 Z-245.012 F2000
G1 B125.26371954138455 F1000
G1 X48.364 Y109.197 Z-224.86 F2000
G1 B135.00000000000003 F1000
G1 X28.211 Y89.045 Z-204.708 F2000
G1 B150.7941282951308 F1000
G1 X28.211 Y68.893 Z-184.556 F2000
G1 B90.0 F1000
G1 X-12.093 Y-11.716 Z-164.403 F2000
G1 B90.0 F1000
G1 X-12.093 Y-11.716 Z-144.251 F2000
G1 X-12.093 Y-11.716 Z-124.099 F2000
G1 X-19.275133243394247 Y-18.674229808947903 Z-124.099 F5000
M01
G1 X-19.275133243394247 Y-18.674229808947903 Z-708.513 F5000
M00
G1 B15.793020128712108 F1000
G1 X-12.093 Y-11.716 Z-708.513 F2000
G1 B90.0 F1000
G1 X8.059 Y89.045 Z-688.361 F2000
G1 B25.239584590766803 F1000
G1 X8.059 Y89.045 Z-668.209 F2000
G1 B45.00000000000008 F1000
G1 X28.211 Y149.502 Z-648.056 F2000
G1 B90.0 F1000
G1 X28.211 Y169.654 Z-627.904 F2000
G1 B54.736280458615376 F1000
G1 X28.211 Y169.654 Z-607.752 F2000
G1 B90.0 F1000
G1 X48.364 Y189.806 Z-587.6 F2000
G1 B45.00142155512972 F1000
G1 X48.364 Y189.806 Z-567.448 F2000
G1 B90.0 F1000
G1 X48.364 Y209.958 Z-547.295 F2000
G1 B45.00000000000004 F1000
G1 X48.364 Y209.958 Z-527.143 F2000
G1 B165.2367739647774 F1000
G1 X48.364 Y230.11 Z-506.991 F2000
G1 B90.0 F1000
G1 X-12.093 Y-11.716 Z-486.839 F2000
G1 B90.0 F1000
G1 X-12.093 Y-11.716 Z-466.687 F2000
G1 B90.0 F1000
G1 X-12.093 Y-11.716 Z-446.534 F2000
G1 B90.0 F1000
G1 X-12.093 Y-11.716 Z-426.382 F2000
G1 B16.038962835802145 F1000
G1 X-12.093 Y-11.716 Z-406.23 F2000
G1 B90.0 F1000
G1 X48.364 Y209.958 Z-386.078 F2000
G1 B135.0 F1000
G1 X48.364 Y209.958 Z-365.925 F2000
G1 B90.0 F1000
G1 X48.364 Y189.806 Z-345.773 F2000
G1 B90.0 F1000
G1 X48.364 Y189.806 Z-325.621 F2000
G1 B125.2637195413846 F1000
G1 X48.364 Y189.806 Z-305.469 F2000
G1 B90.0 F1000
G1 X28.211 Y169.654 Z-285.317 F2000
G1 B135.0 F1000
G1 X28.211 Y169.654 Z-265.164 F2000
G1 B135.0014215551297 F1000
G1 X28.211 Y149.502 Z-245.012 F2000
G1 B144.73561031724532 F1000
G1 X28.211 Y129.349 Z-224.86 F2000
G1 B164.2069798712879 F1000
G1 X8.059 Y89.045 Z-204.708 F2000
G1 B90.0 F1000
G1 X-12.093 Y-11.716 Z-184.556 F2000
G1 B90.0 F1000
G1 X-12.093 Y-11.716 Z-164.403 F2000
G1 B90.0 F1000
G1 X-12.093 Y-11.716 Z-144.251 F2000
G1 X-12.093 Y-11.716 Z-124.099 F2000
G1 X-19.275133243394247 Y-18.674229808947903 Z-124.099 F5000
M01
G1 X-19.275133243394247 Y-18.674229808947903 Z-708.513 F5000
M00
G1 B14.036076223949733 F1000
G1 X-12.093 Y-11.716 Z-708.513 F2000
G1 B90.0 F1000
G1 X-12.093 Y68.893 Z-688.361 F2000
G1 B165.96325480160783 F1000
G1 X-12.093 Y68.893 Z-668.209 F2000
G1 B90.0 F1000
G1 X-12.093 Y-11.716 Z-648.056 F2000
G1 B6.208474085495599 F1000
G1 X-12.093 Y-11.716 Z-627.904 F2000
G1 B90.0 F1000
G1 X8.059 Y250.263 Z-607.752 F2000
G1 B45.00000000000004 F1000
G1 X8.059 Y250.263 Z-587.6 F2000
G1 B45.00142155512972 F1000
G1 X8.059 Y270.415 Z-567.448 F2000
G1 B90.0 F1000
G1 X8.059 Y290.567 Z-547.295 F2000
G1 B90.0 F1000
G1 X8.059 Y290.567 Z-527.143 F2000
G1 B90.0 F1000
G1 X8.059 Y290.567 Z-506.991 F2000
G1 B90.0 F1000
G1 X8.059 Y290.567 Z-486.839 F2000
G1 B90.0 F1000
G1 X8.059 Y290.567 Z-466.687 F2000
G1 B90.0 F1000
G1 X8.059 Y290.567 Z-446.534 F2000
G1 B90.0 F1000
G1 X8.059 Y290.567 Z-426.382 F2000
G1 B90.0 F1000
G1 X8.059 Y290.567 Z-406.23 F2000
G1 B134.99857844487036 F1000
G1 X8.059 Y290.567 Z-386.078 F2000
G1 B90.0 F1000
G1 X8.059 Y270.415 Z-365.925 F2000
G1 B134.99999999999997 F1000
G1 X8.059 Y270.415 Z-345.773 F2000
G1 B90.0 F1000
G1 X8.059 Y250.263 Z-325.621 F2000
G1 B173.7915259145044 F1000
G1 X8.059 Y250.263 Z-305.469 F2000
G1 B90.0 F1000
G1 X-12.093 Y-11.716 Z-285.317 F2000
G1 B11.309823121955993 F1000
G1 X-12.093 Y-11.716 Z-265.164 F2000
G1 B90.0 F1000
G1 X-12.093 Y89.045 Z-245.012 F2000
G1 B134.99999999999997 F1000
G1 X-12.093 Y89.045 Z-224.86 F2000
G1 B165.9639237760503 F1000
G1 X-12.093 Y68.893 Z-204.708 F2000
G1 B90.0 F1000
G1 X-12.093 Y-11.716 Z-184.556 F2000
G1 B90.0 F1000
G1 X-12.093 Y-11.716 Z-164.403 F2000
G1 B90.0 F1000
G1 X-12.093 Y-11.716 Z-144.251 F2000
G1 X-12.093 Y-11.716 Z-124.099 F2000
G1 X-19.275133243394247 Y-18.674229808947903 Z-124.099 F5000
M01
G1 X-37.762470223143644 Y57.0811152472087 Z-708.513 F5000
M00
G1 B11.309823121956024 F1000
G1 X-32.245 Y48.741 Z-708.513 F2000
G1 B90.0 F1000
G1 X-32.245 Y149.502 Z-688.361 F2000
G1 B45.001421555129554 F1000
G1 X-32.245 Y149.502 Z-668.209 F2000
G1 B90.0 F1000
G1 X-32.245 Y169.654 Z-648.056 F2000
G1 B90.0 F1000
G1 X-32.245 Y169.654 Z-627.904 F2000
G1 B90.0 F1000
G1 X-32.245 Y169.654 Z-607.752 F2000
G1 B35.26505982966721 F1000
G1 X-32.245 Y169.654 Z-587.6 F2000
G1 B26.56561979630839 F1000
G1 X-52.398 Y209.958 Z-567.448 F2000
G1 B90.0 F1000
G1 X-52.398 Y250.263 Z-547.295 F2000
G1 B90.0 F1000
G1 X-52.398 Y250.263 Z-527.143 F2000
G1 B90.0 F1000
G1 X-52.398 Y250.263 Z-506.991 F2000
G1 B90.0 F1000
G1 X-52.398 Y250.263 Z-486.839 F2000
G1 B90.0 F1000
G1 X-52.398 Y250.263 Z-466.687 F2000
G1 B90.0 F1000
G1 X-52.398 Y250.263 Z-446.534 F2000
G1 B90.0 F1000
G1 X-52.398 Y250.263 Z-426.382 F2000
G1 B90.0 F1000
G1 X-52.398 Y250.263 Z-406.23 F2000
G1 B153.43438020369166 F1000
G1 X-52.398 Y250.263 Z-386.078 F2000
G1 B90.0 F1000
G1 X-52.398 Y209.958 Z-365.925 F2000
G1 B144.7349401703328 F1000
G1 X-52.398 Y209.958 Z-345.773 F2000
G1 B90.0 F1000
G1 X-32.245 Y169.654 Z-325.621 F2000
G1 B90.0 F1000
G1 X-32.245 Y169.654 Z-305.469 F2000
G1 B90.0 F1000
G1 X-32.245 Y169.654 Z-285.317 F2000
G1 B90.0 F1000
G1 X-32.245 Y169.654 Z-265.164 F2000
G1 B90.0 F1000
G1 X-32.245 Y169.654 Z-245.012 F2000
G1 B153.4355174477956 F1000
G1 X-32.245 Y169.654 Z-224.86 F2000
G1 B168.578325180988 F1000
G1 X-32.245 Y129.349 Z-204.708 F2000
G1 B90.0 F1000
G1 X-12.093 Y-11.716 Z-184.556 F2000
G1 B90.0 F1000
G1 X-12.093 Y-11.716 Z-164.403 F2000
G1 B90.0 F1000
G1 X-12.093 Y-11.716 Z-144.251 F2000
G1 X-12.093 Y-11.716 Z-124.099 F2000
G1 X-19.275133243394247 Y-18.674229808947903 Z-124.099 F5000
M01
G1 X-39.72763945059741 Y35.22201136962874 Z-708.513 F5000
M00
G1 B19.471444018334374 F1000
G1 X-32.245 Y28.588 Z-708.513 F2000
G1 B90.0 F1000
G1 X-52.398 Y109.197 Z-688.361 F2000
G1 B25.239584590766786 F1000
G1 X-52.398 Y109.197 Z-668.209 F2000
G1 B35.264389682754675 F1000
G1 X-72.55 Y169.654 Z-648.056 F2000
G1 B90.0 F1000
G1 X-92.702 Y209.958 Z-627.904 F2000
G1 B44.99999999999988 F1000
G1 X-92.702 Y209.958 Z-607.752 F2000
G1 B90.0 F1000
G1 X-92.702 Y230.11 Z-587.6 F2000
G1 B90.0 F1000
G1 X-92.702 Y230.11 Z-567.448 F2000
G1 B90.0 F1000
G1 X-92.702 Y230.11 Z-547.295 F2000
G1 B35.263719549697704 F1000
G1 X-92.702 Y230.11 Z-527.143 F2000
G1 B90.0 F1000
G1 X-112.854 Y270.415 Z-506.991 F2000
G1 B90.0 F1000
G1 X-112.854 Y270.415 Z-486.839 F2000
G1 B90.0 F1000
G1 X-112.854 Y270.415 Z-466.687 F2000
G1 B90.0 F1000
G1 X-112.854 Y270.415 Z-446.534 F2000
G1 B144.73628045030236 F1000
G1 X-112.854 Y270.415 Z-426.382 F2000
G1 B90.0 F1000
G1 X-92.702 Y230.11 Z-406.23 F2000
G1 B90.0 F1000
G1 X-92.702 Y230.11 Z-386.078 F2000
G1 B90.0 F1000
G1 X-92.702 Y230.11 Z-365.925 F2000
G1 B90.0 F1000
G1 X-92.702 Y230.11 Z-345.773 F2000
G1 B135.00000000000006 F1000
G1 X-92.702 Y230.11 Z-325.621 F2000
G1 B90.0 F1000
G1 X-92.702 Y209.958 Z-305.469 F2000
G1 B144.73494017033283 F1000
G1 X-92.702 Y209.958 Z-285.317 F2000
G1 B90.0 F1000
G1 X-72.55 Y169.654 Z-265.164 F2000
G1 B154.76096370754237 F1000
G1 X-72.55 Y169.654 Z-245.012 F2000
G1 B153.434948822922 F1000
G1 X-52.398 Y109.197 Z-224.86 F2000
G1 B150.7938861098157 F1000
G1 X-52.398 Y68.893 Z-204.708 F2000
G1 B90.0 F1000
G1 X-12.093 Y-11.716 Z-184.556 F2000
G1 B90.0 F1000
G1 X-12.093 Y-11.716 Z-164.403 F2000
G1 B90.0 F1000
G1 X-12.093 Y-11.716 Z-144.251 F2000
G1 X-12.093 Y-11.716 Z-124.099 F2000
G1 X-19.275133243394247 Y-18.674229808947903 Z-124.099 F5000
M01
G1 X-41.91939246081813 Y10.96703348734569 Z-708.513 F5000
M00
G1 B35.26438969106789 F1000
G1 X-32.245 Y8.436 Z-708.513 F2000
G1 B35.264389682754675 F1000
G1 X-52.398 Y48.741 Z-688.361 F2000
G1 B90.0 F1000
G1 X-72.55 Y89.045 Z-668.209 F2000
G1 B54.735610317245374 F1000
G1 X-72.55 Y89.045 Z-648.056 F2000
G1 B90.0 F1000
G1 X-92.702 Y109.197 Z-627.904 F2000
G1 B54.73561031724532 F1000
G1 X-92.702 Y109.197 Z-607.752 F2000
G1 B44.99857844487037 F1000
G1 X-112.854 Y129.349 Z-587.6 F2000
G1 B90.0 F1000
G1 X-112.854 Y149.502 Z-567.448 F2000
G1 B90.0 F1000
G1 X-112.854 Y149.502 Z-547.295 F2000
G1 B54.73561031724539 F1000
G1 X-112.854 Y149.502 Z-527.143 F2000
G1 B90.0 F1000
G1 X-133.006 Y169.654 Z-506.991 F2000
G1 B90.0 F1000
G1 X-133.006 Y169.654 Z-486.839 F2000
G1 B90.0 F1000
G1 X-133.006 Y169.654 Z-466.687 F2000
G1 B90.0 F1000
G1 X-133.006 Y169.654 Z-446.534 F2000
G1 B125.26438968275465 F1000
G1 X-133.006 Y169.654 Z-426.382 F2000
G1 B90.0 F1000
G1 X-112.854 Y149.502 Z-406.23 F2000
G1 B90.0 F1000
G1 X-112.854 Y149.502 Z-386.078 F2000
G1 B90.0 F1000
G1 X-112.854 Y149.502 Z-365.925 F2000
G1 B135.00142155512964 F1000
G1 X-112.854 Y149.502 Z-345.773 F2000
G1 B90.0 F1000
G1 X-112.854 Y129.349 Z-325.621 F2000
G1 B125.26438968275465 F1000
G1 X-112.854 Y129.349 Z-305.469 F2000
G1 B125.26371954138455 F1000
G1 X-92.702 Y109.197 Z-285.317 F2000
G1 B90.0 F1000
G1 X-72.55 Y89.045 Z-265.164 F2000
G1 B135.00000000000003 F1000
G1 X-72.55 Y89.045 Z-245.012 F2000
G1 B125.26438968275465 F1000
G1 X-72.55 Y68.893 Z-224.86 F2000
G1 B143.30068397768846 F1000
G1 X-52.398 Y48.741 Z-204.708 F2000
G1 B90.0 F1000
G1 X-12.093 Y-11.716 Z-184.556 F2000
G1 B90.0 F1000
G1 X-12.093 Y-11.716 Z-164.403 F2000
G1 B90.0 F1000
G1 X-12.093 Y-11.716 Z-144.251 F2000
G1 X-12.093 Y-11.716 Z-124.099 F2000
G1 X-19.275133243394247 Y-18.674229808947903 Z-124.099 F5000
M01
G1 X-19.275133243394247 Y-18.674229808947903 Z-708.513 F5000
M00
G1 B48.19025021455136 F1000
G1 X-12.093 Y-11.716 Z-708.513 F2000
G1 B54.734270051131624 F1000
G1 X-52.398 Y28.588 Z-688.361 F2000
G1 B90.0 F1000
G1 X-72.55 Y48.741 Z-668.209 F2000
G1 B54.735610317245374 F1000
G1 X-72.55 Y48.741 Z-648.056 F2000
G1 B54.735610317245374 F1000
G1 X-92.702 Y68.893 Z-627.904 F2000
G1 B48.19025021455134 F1000
G1 X-112.854 Y89.045 Z-607.752 F2000
G1 B90.0 F1000
G1 X-153.159 Y129.349 Z-587.6 F2000
G1 B54.73494020358592 F1000
G1 X-153.159 Y129.349 Z-567.448 F2000
G1 B90.0 F1000
G1 X-173.311 Y149.502 Z-547.295 F2000
G1 B90.0 F1000
G1 X-173.311 Y149.502 Z-527.143 F2000
G1 B90.0 F1000
G1 X-173.311 Y149.502 Z-506.991 F2000
G1 B90.0 F1000
G1 X-173.311 Y149.502 Z-486.839 F2000
G1 B90.0 F1000
G1 X-173.311 Y149.502 Z-466.687 F2000
G1 B90.0 F1000
G1 X-173.311 Y149.502 Z-446.534 F2000
G1 B90.0 F1000
G1 X-173.311 Y149.502 Z-426.382 F2000
G1 B90.0 F1000
G1 X-173.311 Y149.502 Z-406.23 F2000
G1 B125.26505979641412 F1000
G1 X-173.311 Y149.502 Z-386.078 F2000
G1 B90.0 F1000
G1 X-153.159 Y129.349 Z-365.925 F2000
G1 B90.0 F1000
G1 X-153.159 Y129.349 Z-345.773 F2000
G1 B90.0 F1000
G1 X-153.159 Y129.349 Z-325.621 F2000
G1 B131.80974978544867 F1000
G1 X-153.159 Y129.349 Z-305.469 F2000
G1 B125.26371954138455 F1000
G1 X-112.854 Y89.045 Z-285.317 F2000
G1 B125.26438968275465 F1000
G1 X-92.702 Y68.893 Z-265.164 F2000
G1 B90.0 F1000
G1 X-72.55 Y48.741 Z-245.012 F2000
G1 B125.2657299488684 F1000
G1 X-72.55 Y48.741 Z-224.86 F2000
G1 B131.80974978544867 F1000
G1 X-52.398 Y28.588 Z-204.708 F2000
G1 B90.0 F1000
G1 X-12.093 Y-11.716 Z-184.556 F2000
G1 B90.0 F1000
G1 X-12.093 Y-11.716 Z-164.403 F2000
G1 B90.0 F1000
G1 X-12.093 Y-11.716 Z-144.251 F2000
G1 X-12.093 Y-11.716 Z-124.099 F2000
G1 X-19.275133243394247 Y-18.674229808947903 Z-124.099 F5000
M01
G1 X-19.275133243394247 Y-18.674229808947903 Z-708.513 F5000
M00
G1 B64.12357263112169 F1000
G1 X-12.093 Y-11.716 Z-708.513 F2000
G1 B90.0 F1000
G1 X-92.702 Y28.588 Z-688.361 F2000
G1 B54.734940203585865 F1000
G1 X-92.702 Y28.588 Z-668.209 F2000
G1 B120.47053470765884 F1000
G1 X-112.854 Y48.741 Z-648.056 F2000
G1 B90.0 F1000
G1 X-12.093 Y-11.716 Z-627.904 F2000
G1 B58.193958755500226 F1000
G1 X-12.093 Y-11.716 Z-607.752 F2000
G1 B90.0 F1000
G1 X-173.311 Y89.045 Z-587.6 F2000
G1 B90.0 F1000
G1 X-173.311 Y89.045 Z-567.448 F2000
G1 B54.73561031724528 F1000
G1 X-173.311 Y89.045 Z-547.295 F2000
G1 B90.0 F1000
G1 X-193.463 Y109.197 Z-527.143 F2000
G1 B90.0 F1000
G1 X-193.463 Y109.197 Z-506.991 F2000
G1 B123.52795404108234 F1000
G1 X-193.463 Y109.197 Z-486.839 F2000
G1 B90.0 F1000
G1 X-12.093 Y-11.716 Z-466.687 F2000
G1 B56.47204595891766 F1000
G1 X-12.093 Y-11.716 Z-446.534 F2000
G1 B90.0 F1000
G1 X-193.463 Y109.197 Z-426.382 F2000
G1 B90.0 F1000
G1 X-193.463 Y109.197 Z-406.23 F2000
G1 B125.2637195413846 F1000
G1 X-193.463 Y109.197 Z-386.078 F2000
G1 B90.0 F1000
G1 X-173.311 Y89.045 Z-365.925 F2000
G1 B90.0 F1000
G1 X-173.311 Y89.045 Z-345.773 F2000
G1 B121.80604124449977 F1000
G1 X-173.311 Y89.045 Z-325.621 F2000
G1 B56.67112755438842 F1000
G1 X-12.093 Y-11.716 Z-305.469 F2000
G1 B125.26371954138455 F1000
G1 X-133.006 Y68.893 Z-285.317 F2000
G1 B90.0 F1000
G1 X-112.854 Y48.741 Z-265.164 F2000
G1 B125.26572994886841 F1000
G1 X-112.854 Y48.741 Z-245.012 F2000
G1 B90.0 F1000
G1 X-92.702 Y28.588 Z-224.86 F2000
G1 B115.87642736887832 F1000
G1 X-92.702 Y28.588 Z-204.708 F2000
G1 B90.0 F1000
G1 X-12.093 Y-11.716 Z-184.556 F2000
G1 B90.0 F1000
G1 X-12.093 Y-11.716 Z-164.403 F2000
G1 B90.0 F1000
G1 X-12.093 Y-11.716 Z-144.251 F2000
G1 X-12.093 Y-11.716 Z-124.099 F2000
G1 X-19.275133243394247 Y-18.674229808947903 Z-124.099 F5000
M01
G1 X-19.275133243394247 Y-18.674229808947903 Z-708.513 F5000
M00
G1 B72.45184459019565 F1000
G1 X-12.093 Y-11.716 Z-708.513 F2000
G1 B90.0 F1000
G1 X-72.55 Y8.436 Z-688.361 F2000
G1 B65.90536936852773 F1000
G1 X-92.702 Y8.436 Z-668.209 F2000
G1 B108.20062346081554 F1000
G1 X-133.006 Y28.588 Z-648.056 F2000
G1 B90.0 F1000
G1 X-12.093 Y-11.716 Z-627.904 F2000
G1 B68.2966578581094 F1000
G1 X-12.093 Y-11.716 Z-607.752 F2000
G1 B90.0 F1000
G1 X-213.615 Y68.893 Z-587.6 F2000
G1 B72.4519263239242 F1000
G1 X-213.615 Y68.893 Z-567.448 F2000
G1 B90.0 F1000
G1 X-274.072 Y89.045 Z-547.295 F2000
G1 B90.0 F1000
G1 X-274.072 Y89.045 Z-527.143 F2000
G1 B90.0 F1000
G1 X-274.072 Y89.045 Z-506.991 F2000
G1 B90.0 F1000
G1 X-274.072 Y89.045 Z-486.839 F2000
G1 B90.0 F1000
G1 X-274.072 Y89.045 Z-466.687 F2000
G1 B90.0 F1000
G1 X-274.072 Y89.045 Z-446.534 F2000
G1 B90.0 F1000
G1 X-274.072 Y89.045 Z-426.382 F2000
G1 B90.0 F1000
G1 X-274.072 Y89.045 Z-406.23 F2000
G1 B90.0 F1000
G1 X-274.072 Y89.045 Z-386.078 F2000
G1 B107.54815540980437 F1000
G1 X-274.072 Y89.045 Z-365.925 F2000
G1 B90.0 F1000
G1 X-213.615 Y68.893 Z-345.773 F2000
G1 B111.70334214189059 F1000
G1 X-213.615 Y68.893 Z-325.621 F2000
G1 B90.0 F1000
G1 X-12.093 Y-11.716 Z-305.469 F2000
G1 B69.58948776126428 F1000
G1 X-12.093 Y-11.716 Z-285.317 F2000
G1 B114.09547828983997 F1000
G1 X-173.311 Y48.741 Z-265.164 F2000
G1 B90.0 F1000
G1 X-133.006 Y28.588 Z-245.012 F2000
G1 B114.0948425521107 F1000
G1 X-112.854 Y28.588 Z-224.86 F2000
G1 B107.54815540980437 F1000
G1 X-72.55 Y8.436 Z-204.708 F2000
G1 B90.0 F1000
G1 X-12.093 Y-11.716 Z-184.556 F2000
G1 B90.0 F1000
G1 X-12.093 Y-11.716 Z-164.403 F2000
G1 B90.0 F1000
G1 X-12.093 Y-11.716 Z-144.251 F2000
G1 X-12.093 Y-11.716 Z-124.099 F2000
G1 X-19.275133243394247 Y-18.674229808947903 Z-124.099 F5000
M01
G1 X-19.275133243394247 Y-18.674229808947903 Z-708.513 F5000
M00
G1 B90.0 F1000
G1 X-12.093 Y-11.716 Z-708.513 F2000
G1 B90.0 F1000
G1 X-12.093 Y-11.716 Z-688.361 F2000
G1 B90.0 F1000
G1 X-52.398 Y-11.716 Z-668.209 F2000
G1 B90.0 F1000
G1 X-12.093 Y-11.716 Z-648.056 F2000
G1 B90.0 F1000
G1 X-12.093 Y-11.716 Z-627.904 F2000
G1 B90.0 F1000
G1 X-12.093 Y-11.716 Z-607.752 F2000
G1 B79.73666199626096 F1000
G1 X-12.093 Y-11.716 Z-587.6 F2000
G1 B90.0 F1000
G1 X-233.767 Y28.588 Z-567.448 F2000
G1 B90.0 F1000
G1 X-233.767 Y28.588 Z-547.295 F2000
G1 B90.0 F1000
G1 X-233.767 Y28.588 Z-527.143 F2000
G1 B90.0 F1000
G1 X-233.767 Y28.588 Z-506.991 F2000
G1 B90.0 F1000
G1 X-233.767 Y28.588 Z-486.839 F2000
G1 B90.0 F1000
G1 X-233.767 Y28.588 Z-466.687 F2000
G1 B90.0 F1000
G1 X-233.767 Y28.588 Z-446.534 F2000
G1 B90.0 F1000
G1 X-233.767 Y28.588 Z-426.382 F2000
G1 B90.0 F1000
G1 X-233.767 Y28.588 Z-406.23 F2000
G1 B90.0 F1000
G1 X-233.767 Y28.588 Z-386.078 F2000
G1 B90.0 F1000
G1 X-233.767 Y28.588 Z-365.925 F2000
G1 B100.26333800373905 F1000
G1 X-233.767 Y28.588 Z-345.773 F2000
G1 B90.0 F1000
G1 X-12.093 Y-11.716 Z-325.621 F2000
G1 B90.0 F1000
G1 X-12.093 Y-11.716 Z-305.469 F2000
G1 B90.0 F1000
G1 X-12.093 Y-11.716 Z-285.317 F2000
G1 B78.90429997401412 F1000
G1 X-12.093 Y-11.716 Z-265.164 F2000
G1 B107.54840061379231 F1000
G1 X-112.854 Y8.436 Z-245.012 F2000
G1 B90.0 F1000
G1 X-52.398 Y-11.716 Z-224.86 F2000
G1 B90.0 F1000
G1 X-12.093 Y-11.716 Z-204.708 F2000
G1 B90.0 F1000
G1 X-12.093 Y-11.716 Z-184.556 F2000
G1 B90.0 F1000
G1 X-12.093 Y-11.716 Z-164.403 F2000
G1 B90.0 F1000
G1 X-12.093 Y-11.716 Z-144.251 F2000
G1 X-12.093 Y-11.716 Z-124.099 F2000
G1 X-19.275133243394247 Y-18.674229808947903 Z-124.099 F5000
M01
G1 X-19.275133243394247 Y-18.674229808947903 Z-708.513 F5000
M00
G1 B90.0 F1000
G1 X-12.093 Y-11.716 Z-708.513 F2000
G1 B90.0 F1000
G1 X-12.093 Y-11.716 Z-688.361 F2000
G1 B90.0 F1000
G1 X-32.245 Y-11.716 Z-668.209 F2000
G1 B90.0 F1000
G1 X-12.093 Y-11.716 Z-648.056 F2000
G1 B90.0 F1000
G1 X-12.093 Y-11.716 Z-627.904 F2000
G1 B90.0 F1000
G1 X-12.093 Y-11.716 Z-607.752 F2000
G1 B90.0 F1000
G1 X-12.093 Y-11.716 Z-587.6 F2000
G1 B90.0 F1000
G1 X-12.093 Y-11.716 Z-567.448 F2000
G1 B90.0 F1000
G1 X-12.093 Y-11.716 Z-547.295 F2000
G1 B90.0 F1000
G1 X-12.093 Y-11.716 Z-527.143 F2000
G1 B90.0 F1000
G1 X-12.093 Y-11.716 Z-506.991 F2000
G1 B90.0 F1000
G1 X-12.093 Y-11.716 Z-486.839 F2000
G1 B90.0 F1000
G1 X-12.093 Y-11.716 Z-466.687 F2000
G1 B90.0 F1000
G1 X-12.093 Y-11.716 Z-446.534 F2000
G1 B90.0 F1000
G1 X-12.093 Y-11.716 Z-426.382 F2000
G1 B90.0 F1000
G1 X-12.093 Y-11.716 Z-406.23 F2000
G1 B90.0 F1000
G1 X-12.093 Y-11.716 Z-386.078 F2000
G1 B90.0 F1000
G1 X-12.093 Y-11.716 Z-365.925 F2000
G1 B90.0 F1000
G1 X-12.093 Y-11.716 Z-345.773 F2000
G1 B90.0 F1000
G1 X-12.093 Y-11.716 Z-325.621 F2000
G1 B90.0 F1000
G1 X-12.093 Y-11.716 Z-305.469 F2000
G1 B90.0 F1000
G1 X-12.093 Y-11.716 Z-285.317 F2000
G1 B90.0 F1000
G1 X-12.093 Y-11.716 Z-265.164 F2000
G1 B90.0 F1000
G1 X-92.702 Y-11.716 Z-245.012 F2000
G1 B90.0 F1000
G1 X-32.245 Y-11.716 Z-224.86 F2000
G1 B90.0 F1000
G1 X-12.093 Y-11.716 Z-204.708 F2000
G1 B90.0 F1000
G1 X-12.093 Y-11.716 Z-184.556 F2000
G1 B90.0 F1000
G1 X-12.093 Y-11.716 Z-164.403 F2000
G1 B90.0 F1000
G1 X-12.093 Y-11.716 Z-144.251 F2000
G1 X-12.093 Y-11.716 Z-124.099 F2000
G1 X-19.275133243394247 Y-18.674229808947903 Z-124.099 F5000
M01
G1 X-19.275133243394247 Y-18.674229808947903 Z-708.513 F5000
M00
G1 B107.54815540980437 F1000
G1 X-12.093 Y-11.716 Z-708.513 F2000
G1 B90.0 F1000
G1 X-72.55 Y-31.868 Z-688.361 F2000
G1 B125.26505979641415 F1000
G1 X-92.702 Y-31.868 Z-668.209 F2000
G1 B90.0 F1000
G1 X-112.854 Y-52.021 Z-648.056 F2000
G1 B76.06773979272619 F1000
G1 X-173.311 Y-52.021 Z-627.904 F2000
G1 B106.6210567137101 F1000
G1 X-12.093 Y-11.716 Z-607.752 F2000
G1 B90.0 F1000
G1 X-213.615 Y-72.173 Z-587.6 F2000
G1 B90.0 F1000
G1 X-233.767 Y-72.173 Z-567.448 F2000
G1 B90.0 F1000
G1 X-233.767 Y-72.173 Z-547.295 F2000
G1 B90.0 F1000
G1 X-233.767 Y-72.173 Z-527.143 F2000
G1 B90.0 F1000
G1 X-233.767 Y-72.173 Z-506.991 F2000
G1 B90.0 F1000
G1 X-233.767 Y-72.173 Z-486.839 F2000
G1 B90.0 F1000
G1 X-233.767 Y-72.173 Z-466.687 F2000
G1 B90.0 F1000
G1 X-233.767 Y-72.173 Z-446.534 F2000
G1 B90.0 F1000
G1 X-233.767 Y-72.173 Z-426.382 F2000
G1 B90.0 F1000
G1 X-233.767 Y-72.173 Z-406.23 F2000
G1 B90.0 F1000
G1 X-233.767 Y-72.173 Z-386.078 F2000
G1 B90.0 F1000
G1 X-233.767 Y-72.173 Z-365.925 F2000
G1 B90.0 F1000
G1 X-233.767 Y-72.173 Z-345.773 F2000
G1 B73.3789432862899 F1000
G1 X-213.615 Y-72.173 Z-325.621 F2000
G1 B90.0 F1000
G1 X-12.093 Y-11.716 Z-305.469 F2000
G1 B105.79331796667319 F1000
G1 X-12.093 Y-11.716 Z-285.317 F2000
G1 B90.0 F1000
G1 X-153.159 Y-52.021 Z-265.164 F2000
G1 B54.734270051131574 F1000
G1 X-112.854 Y-52.021 Z-245.012 F2000
G1 B90.0 F1000
G1 X-92.702 Y-31.868 Z-224.86 F2000
G1 B72.45184459019563 F1000
G1 X-72.55 Y-31.868 Z-204.708 F2000
G1 B90.0 F1000
G1 X-12.093 Y-11.716 Z-184.556 F2000
G1 B90.0 F1000
G1 X-12.093 Y-11.716 Z-164.403 F2000
G1 B90.0 F1000
G1 X-12.093 Y-11.716 Z-144.251 F2000
G1 X-12.093 Y-11.716 Z-124.099 F2000
G1 X-19.275133243394247 Y-18.674229808947903 Z-124.099 F5000
M01
G1 X-19.275133243394247 Y-18.674229808947903 Z-708.513 F5000
M00
G1 B116.38780431490599 F1000
G1 X-12.093 Y-11.716 Z-708.513 F2000
G1 B90.0 F1000
G1 X-173.311 Y-92.325 Z-688.361 F2000
G1 B90.0 F1000
G1 X-173.311 Y-92.325 Z-668.209 F2000
G1 B114.09484255211069 F1000
G1 X-173.311 Y-92.325 Z-648.056 F2000
G1 B90.0 F1000
G1 X-213.615 Y-112.477 Z-627.904 F2000
G1 B90.0 F1000
G1 X-213.615 Y-112.477 Z-607.752 F2000
G1 B114.09441872170007 F1000
G1 X-213.615 Y-112.477 Z-587.6 F2000
G1 B90.0 F1000
G1 X-253.92 Y-132.629 Z-567.448 F2000
G1 B90.0 F1000
G1 X-253.92 Y-132.629 Z-547.295 F2000
G1 B90.0 F1000
G1 X-274.072 Y-132.629 Z-527.143 F2000
G1 B90.0 F1000
G1 X-274.072 Y-132.629 Z-506.991 F2000
G1 B90.0 F1000
G1 X-274.072 Y-132.629 Z-486.839 F2000
G1 B90.0 F1000
G1 X-274.072 Y-132.629 Z-466.687 F2000
G1 B90.0 F1000
G1 X-274.072 Y-132.629 Z-446.534 F2000
G1 B90.0 F1000
G1 X-274.072 Y-132.629 Z-426.382 F2000
G1 B90.0 F1000
G1 X-274.072 Y-132.629 Z-406.23 F2000
G1 B90.0 F1000
G1 X-274.072 Y-132.629 Z-386.078 F2000
G1 B90.0 F1000
G1 X-253.92 Y-132.629 Z-365.925 F2000
G1 B65.90558127829995 F1000
G1 X-253.92 Y-132.629 Z-345.773 F2000
G1 B90.0 F1000
G1 X-213.615 Y-112.477 Z-325.621 F2000
G1 B90.0 F1000
G1 X-213.615 Y-112.477 Z-305.469 F2000
G1 B90.0 F1000
G1 X-213.615 Y-112.477 Z-285.317 F2000
G1 B65.9051574478893 F1000
G1 X-213.615 Y-112.477 Z-265.164 F2000
G1 B90.0 F1000
G1 X-173.311 Y-92.325 Z-245.012 F2000
G1 B63.74743182102533 F1000
G1 X-173.311 Y-92.325 Z-224.86 F2000
G1 B65.90558127829993 F1000
G1 X-52.398 Y-31.868 Z-204.708 F2000
G1 B90.0 F1000
G1 X-12.093 Y-11.716 Z-184.556 F2000
G1 B90.0 F1000
G1 X-12.093 Y-11.716 Z-164.403 F2000
G1 B90.0 F1000
G1 X-12.093 Y-11.716 Z-144.251 F2000
G1 X-12.093 Y-11.716 Z-124.099 F2000
G1 X-19.275133243394247 Y-18.674229808947903 Z-124.099 F5000
M01
G1 X-19.275133243394247 Y-18.674229808947903 Z-708.513 F5000
M00
G1 B90.0 F1000
G1 X-12.093 Y-11.716 Z-708.513 F2000
G1 B90.0 F1000
G1 X-12.093 Y-11.716 Z-688.361 F2000
G1 B128.11295305193974 F1000
G1 X-12.093 Y-11.716 Z-668.209 F2000
G1 B125.26438968275463 F1000
G1 X-112.854 Y-92.325 Z-648.056 F2000
G1 B90.0 F1000
G1 X-133.006 Y-112.477 Z-627.904 F2000
G1 B90.0 F1000
G1 X-133.006 Y-112.477 Z-607.752 F2000
G1 B90.0 F1000
G1 X-133.006 Y-112.477 Z-587.6 F2000
G1 B114.09420681227833 F1000
G1 X-133.006 Y-112.477 Z-567.448 F2000
G1 B90.0 F1000
G1 X-173.311 Y-132.629 Z-547.295 F2000
G1 B90.0 F1000
G1 X-173.311 Y-132.629 Z-527.143 F2000
G1 B53.343175284463754 F1000
G1 X-173.311 Y-132.629 Z-506.991 F2000
G1 B90.0 F1000
G1 X-12.093 Y-11.716 Z-486.839 F2000
G1 B90.0 F1000
G1 X-12.093 Y-11.716 Z-466.687 F2000
G1 B90.0 F1000
G1 X-12.093 Y-11.716 Z-446.534 F2000
G1 B126.65682471553625 F1000
G1 X-12.093 Y-11.716 Z-426.382 F2000
G1 B90.0 F1000
G1 X-173.311 Y-132.629 Z-406.23 F2000
G1 B90.0 F1000
G1 X-173.311 Y-132.629 Z-386.078 F2000
G1 B65.90558127829995 F1000
G1 X-173.311 Y-132.629 Z-365.925 F2000
G1 B90.0 F1000
G1 X-133.006 Y-112.477 Z-345.773 F2000
G1 B90.0 F1000
G1 X-133.006 Y-112.477 Z-325.621 F2000
G1 B90.0 F1000
G1 X-133.006 Y-112.477 Z-305.469 F2000
G1 B54.73628045861547 F1000
G1 X-133.006 Y-112.477 Z-285.317 F2000
G1 B90.0 F1000
G1 X-112.854 Y-92.325 Z-265.164 F2000
G1 B51.88699384367815 F1000
G1 X-112.854 Y-92.325 Z-245.012 F2000
G1 B90.0 F1000
G1 X-12.093 Y-11.716 Z-224.86 F2000
G1 B90.0 F1000
G1 X-12.093 Y-11.716 Z-204.708 F2000
G1 B90.0 F1000
G1 X-12.093 Y-11.716 Z-184.556 F2000
G1 B90.0 F1000
G1 X-12.093 Y-11.716 Z-164.403 F2000
G1 B90.0 F1000
G1 X-12.093 Y-11.716 Z-144.251 F2000
G1 X-12.093 Y-11.716 Z-124.099 F2000
G1 X-19.275133243394247 Y-18.674229808947903 Z-124.099 F5000
M01
G1 X-19.275133243394247 Y-18.674229808947903 Z-708.513 F5000
M00
G1 B90.0 F1000
G1 X-12.093 Y-11.716 Z-708.513 F2000
G1 B90.0 F1000
G1 X-12.093 Y-11.716 Z-688.361 F2000
G1 B90.0 F1000
G1 X-12.093 Y-11.716 Z-668.209 F2000
G1 B90.0 F1000
G1 X-12.093 Y-11.716 Z-648.056 F2000
G1 B90.0 F1000
G1 X-12.093 Y-11.716 Z-627.904 F2000
G1 B134.4382516041997 F1000
G1 X-12.093 Y-11.716 Z-607.752 F2000
G1 B125.26438968275461 F1000
G1 X-112.854 Y-112.477 Z-587.6 F2000
G1 B90.0 F1000
G1 X-133.006 Y-132.629 Z-567.448 F2000
G1 B45.3924427177588 F1000
G1 X-133.006 Y-132.629 Z-547.295 F2000
G1 B134.71063057795845 F1000
G1 X-12.093 Y-11.716 Z-527.143 F2000
G1 B90.0 F1000
G1 X-153.159 Y-152.782 Z-506.991 F2000
G1 B90.0 F1000
G1 X-153.159 Y-152.782 Z-486.839 F2000
G1 B90.0 F1000
G1 X-153.159 Y-152.782 Z-466.687 F2000
G1 B90.0 F1000
G1 X-153.159 Y-152.782 Z-446.534 F2000
G1 B90.0 F1000
G1 X-153.159 Y-152.782 Z-426.382 F2000
G1 B45.28936942204154 F1000
G1 X-153.159 Y-152.782 Z-406.23 F2000
G1 B134.60751886420098 F1000
G1 X-12.093 Y-11.716 Z-386.078 F2000
G1 B90.0 F1000
G1 X-133.006 Y-132.629 Z-365.925 F2000
G1 B45.392442717758804 F1000
G1 X-133.006 Y-132.629 Z-345.773 F2000
G1 B90.0 F1000
G1 X-12.093 Y-11.716 Z-325.621 F2000
G1 B90.0 F1000
G1 X-12.093 Y-11.716 Z-305.469 F2000
G1 B90.0 F1000
G1 X-12.093 Y-11.716 Z-285.317 F2000
G1 B90.0 F1000
G1 X-12.093 Y-11.716 Z-265.164 F2000
G1 B90.0 F1000
G1 X-12.093 Y-11.716 Z-245.012 F2000
G1 B90.0 F1000
G1 X-12.093 Y-11.716 Z-224.86 F2000
G1 B90.0 F1000
G1 X-12.093 Y-11.716 Z-204.708 F2000
G1 B90.0 F1000
G1 X-12.093 Y-11.716 Z-184.556 F2000
G1 B90.0 F1000
G1 X-12.093 Y-11.716 Z-164.403 F2000
G1 B90.0 F1000
G1 X-12.093 Y-11.716 Z-144.251 F2000
G1 X-12.093 Y-11.716 Z-124.099 F2000
G1 X-19.275133243394247 Y-18.674229808947903 Z-124.099 F5000
M01
G1 X-19.275133243394247 Y-18.674229808947903 Z-708.513 F5000
M00
G1 B90.0 F1000
G1 X-12.093 Y-11.716 Z-708.513 F2000
G1 B143.30068397768846 F1000
G1 X-12.093 Y-11.716 Z-688.361 F2000
G1 B125.26371954138462 F1000
G1 X-52.398 Y-72.173 Z-668.209 F2000
G1 B134.99999999999994 F1000
G1 X-72.55 Y-92.325 Z-648.056 F2000
G1 B125.26438968275461 F1000
G1 X-72.55 Y-112.477 Z-627.904 F2000
G1 B90.0 F1000
G1 X-92.702 Y-132.629 Z-607.752 F2000
G1 B125.26572994886841 F1000
G1 X-92.702 Y-132.629 Z-587.6 F2000
G1 B134.99857844487028 F1000
G1 X-112.854 Y-152.782 Z-567.448 F2000
G1 B90.0 F1000
G1 X-112.854 Y-172.934 Z-547.295 F2000
G1 B90.0 F1000
G1 X-112.854 Y-172.934 Z-527.143 F2000
G1 B90.0 F1000
G1 X-112.854 Y-172.934 Z-506.991 F2000
G1 B90.0 F1000
G1 X-112.854 Y-172.934 Z-486.839 F2000
G1 B90.0 F1000
G1 X-112.854 Y-172.934 Z-466.687 F2000
G1 B90.0 F1000
G1 X-112.854 Y-172.934 Z-446.534 F2000
G1 B90.0 F1000
G1 X-112.854 Y-172.934 Z-426.382 F2000
G1 B90.0 F1000
G1 X-112.854 Y-172.934 Z-406.23 F2000
G1 B45.00142155512964 F1000
G1 X-112.854 Y-172.934 Z-386.078 F2000
G1 B90.0 F1000
G1 X-112.854 Y-152.782 Z-365.925 F2000
G1 B54.734270051131595 F1000
G1 X-112.854 Y-152.782 Z-345.773 F2000
G1 B90.0 F1000
G1 X-92.702 Y-132.629 Z-325.621 F2000
G1 B54.73561031724535 F1000
G1 X-92.702 Y-132.629 Z-305.469 F2000
G1 B90.0 F1000
G1 X-72.55 Y-112.477 Z-285.317 F2000
G1 B44.99999999999998 F1000
G1 X-72.55 Y-112.477 Z-265.164 F2000
G1 B54.735610317245346 F1000
G1 X-72.55 Y-92.325 Z-245.012 F2000
G1 B36.699316022311535 F1000
G1 X-52.398 Y-72.173 Z-224.86 F2000
G1 B90.0 F1000
G1 X-12.093 Y-11.716 Z-204.708 F2000
G1 B90.0 F1000
G1 X-12.093 Y-11.716 Z-184.556 F2000
G1 B90.0 F1000
G1 X-12.093 Y-11.716 Z-164.403 F2000
G1 B90.0 F1000
G1 X-12.093 Y-11.716 Z-144.251 F2000
G1 X-12.093 Y-11.716 Z-124.099 F2000
G1 X-19.275133243394247 Y-18.674229808947903 Z-124.099 F5000
M01
G1 X-19.275133243394247 Y-18.674229808947903 Z-708.513 F5000
M00
G1 B144.7362804503023 F1000
G1 X-12.093 Y-11.716 Z-708.513 F2000
G1 B134.99999999999994 F1000
G1 X-32.245 Y-52.021 Z-688.361 F2000
G1 B144.73427005113166 F1000
G1 X-32.245 Y-72.173 Z-668.209 F2000
G1 B134.99999999999991 F1000
G1 X-52.398 Y-112.477 Z-648.056 F2000
G1 B144.7362804503023 F1000
G1 X-52.398 Y-132.629 Z-627.904 F2000
G1 B135.0000000000001 F1000
G1 X-72.55 Y-172.934 Z-607.752 F2000
G1 B90.0 F1000
G1 X-72.55 Y-193.086 Z-587.6 F2000
G1 B144.7349401703328 F1000
G1 X-72.55 Y-193.086 Z-567.448 F2000
G1 B90.0 F1000
G1 X-92.702 Y-233.39 Z-547.295 F2000
G1 B90.0 F1000
G1 X-92.702 Y-233.39 Z-527.143 F2000
G1 B90.0 F1000
G1 X-92.702 Y-233.39 Z-506.991 F2000
G1 B90.0 F1000
G1 X-92.702 Y-233.39 Z-486.839 F2000
G1 B90.0 F1000
G1 X-92.702 Y-233.39 Z-466.687 F2000
G1 B90.0 F1000
G1 X-92.702 Y-233.39 Z-446.534 F2000
G1 B90.0 F1000
G1 X-92.702 Y-233.39 Z-426.382 F2000
G1 B90.0 F1000
G1 X-92.702 Y-233.39 Z-406.23 F2000
G1 B35.265059829667166 F1000
G1 X-92.702 Y-233.39 Z-386.078 F2000
G1 B90.0 F1000
G1 X-72.55 Y-193.086 Z-365.925 F2000
G1 B90.0 F1000
G1 X-72.55 Y-193.086 Z-345.773 F2000
G1 B44.999999999999964 F1000
G1 X-72.55 Y-193.086 Z-325.621 F2000
G1 B35.26371954969766 F1000
G1 X-72.55 Y-172.934 Z-305.469 F2000
G1 B45.00142155512972 F1000
G1 X-52.398 Y-132.629 Z-285.317 F2000
G1 B90.0 F1000
G1 X-52.398 Y-112.477 Z-265.164 F2000
G1 B35.265059829667166 F1000
G1 X-52.398 Y-112.477 Z-245.012 F2000
G1 B45.00000000000003 F1000
G1 X-32.245 Y-72.173 Z-224.86 F2000
G1 B35.263719549697676 F1000
G1 X-32.245 Y-52.021 Z-204.708 F2000
G1 B90.0 F1000
G1 X-12.093 Y-11.716 Z-184.556 F2000
G1 B90.0 F1000
G1 X-12.093 Y-11.716 Z-164.403 F2000
G1 B90.0 F1000
G1 X-12.093 Y-11.716 Z-144.251 F2000
G1 X-12.093 Y-11.716 Z-124.099 F2000
G1 X-19.275133243394247 Y-18.674229808947903 Z-124.099 F5000
M01
G1 X-19.275133243394247 Y-18.674229808947903 Z-708.513 F5000
M00
G1 B160.52900274442658 F1000
G1 X-12.093 Y-11.716 Z-708.513 F2000
G1 B153.43494882292197 F1000
G1 X-32.245 Y-92.325 Z-688.361 F2000
G1 B135.00000000000014 F1000
G1 X-32.245 Y-132.629 Z-668.209 F2000
G1 B134.99999999999991 F1000
G1 X-32.245 Y-152.782 Z-648.056 F2000
G1 B90.0 F1000
G1 X-32.245 Y-172.934 Z-627.904 F2000
G1 B90.0 F1000
G1 X-32.245 Y-172.934 Z-607.752 F2000
G1 B90.0 F1000
G1 X-32.245 Y-172.934 Z-587.6 F2000
G1 B90.0 F1000
G1 X-32.245 Y-172.934 Z-567.448 F2000
G1 B144.73494017033286 F1000
G1 X-32.245 Y-172.934 Z-547.295 F2000
G1 B134.99999999999991 F1000
G1 X-52.398 Y-213.238 Z-527.143 F2000
G1 B90.0 F1000
G1 X-52.398 Y-233.39 Z-506.991 F2000
G1 B90.0 F1000
G1 X-52.398 Y-233.39 Z-486.839 F2000
G1 B90.0 F1000
G1 X-52.398 Y-233.39 Z-466.687 F2000
G1 B90.0 F1000
G1 X-52.398 Y-233.39 Z-446.534 F2000
G1 B11.490580999243402 F1000
G1 X-52.398 Y-233.39 Z-426.382 F2000
G1 B90.0 F1000
G1 X-12.093 Y-11.716 Z-406.23 F2000
G1 B90.0 F1000
G1 X-12.093 Y-11.716 Z-386.078 F2000
G1 B169.9751339808479 F1000
G1 X-12.093 Y-11.716 Z-365.925 F2000
G1 B90.0 F1000
G1 X-32.245 Y-172.934 Z-345.773 F2000
G1 B90.0 F1000
G1 X-32.245 Y-172.934 Z-325.621 F2000
G1 B90.0 F1000
G1 X-32.245 Y-172.934 Z-305.469 F2000
G1 B90.0 F1000
G1 X-32.245 Y-172.934 Z-285.317 F2000
G1 B45.0 F1000
G1 X-32.245 Y-172.934 Z-265.164 F2000
G1 B44.99857844487028 F1000
G1 X-32.245 Y-152.782 Z-245.012 F2000
G1 B26.565051177078008 F1000
G1 X-32.245 Y-132.629 Z-224.86 F2000
G1 B19.47099725557339 F1000
G1 X-32.245 Y-92.325 Z-204.708 F2000
G1 B90.0 F1000
G1 X-12.093 Y-11.716 Z-184.556 F2000
G1 B90.0 F1000
G1 X-12.093 Y-11.716 Z-164.403 F2000
G1 B90.0 F1000
G1 X-12.093 Y-11.716 Z-144.251 F2000
G1 X-12.093 Y-11.716 Z-124.099 F2000
G1 X-19.275133243394247 Y-18.674229808947903 Z-124.099 F5000
M01
G1 X-19.275133243394247 Y-18.674229808947903 Z-708.513 F5000
M00
G1 B153.43551744779555 F1000
G1 X-12.093 Y-11.716 Z-708.513 F2000
G1 B153.434948822922 F1000
G1 X-12.093 Y-52.021 Z-688.361 F2000
G1 B14.036745198392172 F1000
G1 X-12.093 Y-92.325 Z-668.209 F2000
G1 B90.0 F1000
G1 X-12.093 Y-11.716 Z-648.056 F2000
G1 B90.0 F1000
G1 X-12.093 Y-11.716 Z-627.904 F2000
G1 B90.0 F1000
G1 X-12.093 Y-11.716 Z-607.752 F2000
G1 B172.87507113251584 F1000
G1 X-12.093 Y-11.716 Z-587.6 F2000
G1 B134.99857844487033 F1000
G1 X-12.093 Y-172.934 Z-567.448 F2000
G1 B160.52900274442663 F1000
G1 X-12.093 Y-193.086 Z-547.295 F2000
G1 B90.0 F1000
G1 X8.059 Y-273.695 Z-527.143 F2000
G1 B90.0 F1000
G1 X8.059 Y-273.695 Z-506.991 F2000
G1 B6.208474085495599 F1000
G1 X8.059 Y-273.695 Z-486.839 F2000
G1 B90.0 F1000
G1 X-12.093 Y-11.716 Z-466.687 F2000
G1 B173.7915259145044 F1000
G1 X-12.093 Y-11.716 Z-446.534 F2000
G1 B90.0 F1000
G1 X8.059 Y-273.695 Z-426.382 F2000
G1 B90.0 F1000
G1 X8.059 Y-273.695 Z-406.23 F2000
G1 B6.208626925529908 F1000
G1 X8.059 Y-273.695 Z-386.078 F2000
G1 B172.87507113251584 F1000
G1 X-12.093 Y-11.716 Z-365.925 F2000
G1 B7.12492886748418 F1000
G1 X-12.093 Y-172.934 Z-345.773 F2000
G1 B90.0 F1000
G1 X-12.093 Y-11.716 Z-325.621 F2000
G1 B90.0 F1000
G1 X-12.093 Y-11.716 Z-305.469 F2000
G1 B90.0 F1000
G1 X-12.093 Y-11.716 Z-285.317 F2000
G1 B165.9639237760503 F1000
G1 X-12.093 Y-11.716 Z-265.164 F2000
G1 B44.99999999999998 F1000
G1 X-12.093 Y-92.325 Z-245.012 F2000
G1 B26.564482552204424 F1000
G1 X-12.093 Y-72.173 Z-224.86 F2000
G1 B44.99999999999998 F1000
G1 X-12.093 Y-31.868 Z-204.708 F2000
G1 B90.0 F1000
G1 X-12.093 Y-11.716 Z-184.556 F2000
G1 B90.0 F1000
G1 X-12.093 Y-11.716 Z-164.403 F2000
G1 B90.0 F1000
G1 X-12.093 Y-11.716 Z-144.251 F2000
G1 X-12.093 Y-11.716 Z-124.099 F2000
G1 X-19.275133243394247 Y-18.674229808947903 Z-124.099 F5000
M01
G1 X-19.275133243394247 Y-18.674229808947903 Z-708.513 F5000
M00
G1 B134.99999999999994 F1000
G1 X-12.093 Y-11.716 Z-708.513 F2000
G1 B154.76096370754237 F1000
G1 X-12.093 Y-31.868 Z-688.361 F2000
G1 B19.471444018334317 F1000
G1 X8.059 Y-92.325 Z-668.209 F2000
G1 B162.28476311795265 F1000
G1 X-12.093 Y-11.716 Z-648.056 F2000
G1 B134.99999999999991 F1000
G1 X28.211 Y-152.782 Z-627.904 F2000
G1 B135.0000000000001 F1000
G1 X28.211 Y-172.934 Z-607.752 F2000
G1 B90.0 F1000
G1 X28.211 Y-193.086 Z-587.6 F2000
G1 B125.26304943880942 F1000
G1 X28.211 Y-193.086 Z-567.448 F2000
G1 B90.0 F1000
G1 X48.364 Y-213.238 Z-547.295 F2000
G1 B17.54848234884825 F1000
G1 X48.364 Y-213.238 Z-527.143 F2000
G1 B90.0 F1000
G1 X-12.093 Y-11.716 Z-506.991 F2000
G1 B90.0 F1000
G1 X-12.093 Y-11.716 Z-486.839 F2000
G1 B163.96096166807854 F1000
G1 X-12.093 Y-11.716 Z-466.687 F2000
G1 B16.038962835802167 F1000
G1 X48.364 Y-233.39 Z-446.534 F2000
G1 B90.0 F1000
G1 X-12.093 Y-11.716 Z-426.382 F2000
G1 B162.45151765115176 F1000
G1 X-12.093 Y-11.716 Z-406.23 F2000
G1 B54.73695056119055 F1000
G1 X48.364 Y-213.238 Z-386.078 F2000
G1 B90.0 F1000
G1 X28.211 Y-193.086 Z-365.925 F2000
G1 B90.0 F1000
G1 X28.211 Y-193.086 Z-345.773 F2000
G1 B44.999999999999964 F1000
G1 X28.211 Y-193.086 Z-325.621 F2000
G1 B90.0 F1000
G1 X28.211 Y-172.934 Z-305.469 F2000
G1 B15.616092553064782 F1000
G1 X28.211 Y-172.934 Z-285.317 F2000
G1 B164.20697987128796 F1000
G1 X-12.093 Y-11.716 Z-265.164 F2000
G1 B44.99999999999998 F1000
G1 X8.059 Y-112.477 Z-245.012 F2000
G1 B19.47099725557343 F1000
G1 X8.059 Y-92.325 Z-224.86 F2000
G1 B90.0 F1000
G1 X-12.093 Y-11.716 Z-204.708 F2000
G1 B90.0 F1000
G1 X-12.093 Y-11.716 Z-184.556 F2000
G1 B90.0 F1000
G1 X-12.093 Y-11.716 Z-164.403 F2000
G1 B90.0 F1000
G1 X-12.093 Y-11.716 Z-144.251 F2000
G1 X-12.093 Y-11.716 Z-124.099 F2000
G1 X-19.275133243394247 Y-18.674229808947903 Z-124.099 F5000
M01
G1 X9.589920205983042 Y-61.90311937404689 Z-708.513 F5000
M00
G1 B134.99999999999994 F1000
G1 X8.059 Y-52.021 Z-708.513 F2000
G1 B125.26438968275463 F1000
G1 X8.059 Y-72.173 Z-688.361 F2000
G1 B144.73427005113163 F1000
G1 X28.211 Y-92.325 Z-668.209 F2000
G1 B125.2657299488684 F1000
G1 X48.364 Y-132.629 Z-648.056 F2000
G1 B90.0 F1000
G1 X68.516 Y-152.782 Z-627.904 F2000
G1 B135.0000000000001 F1000
G1 X68.516 Y-152.782 Z-607.752 F2000
G1 B90.0 F1000
G1 X68.516 Y-172.934 Z-587.6 F2000
G1 B125.26371954138455 F1000
G1 X68.516 Y-172.934 Z-567.448 F2000
G1 B90.0 F1000
G1 X88.668 Y-193.086 Z-547.295 F2000
G1 B90.0 F1000
G1 X88.668 Y-193.086 Z-527.143 F2000
G1 B90.0 F1000
G1 X88.668 Y-193.086 Z-506.991 F2000
G1 B90.0 F1000
G1 X88.668 Y-193.086 Z-486.839 F2000
G1 B90.0 F1000
G1 X88.668 Y-193.086 Z-466.687 F2000
G1 B90.0 F1000
G1 X88.668 Y-193.086 Z-446.534 F2000
G1 B90.0 F1000
G1 X88.668 Y-193.086 Z-426.382 F2000
G1 B90.0 F1000
G1 X88.668 Y-193.086 Z-406.23 F2000
G1 B90.0 F1000
G1 X88.668 Y-193.086 Z-386.078 F2000
G1 B54.73561031724532 F1000
G1 X88.668 Y-193.086 Z-365.925 F2000
G1 B90.0 F1000
G1 X68.516 Y-172.934 Z-345.773 F2000
G1 B90.0 F1000
G1 X68.516 Y-172.934 Z-325.621 F2000
G1 B45.0 F1000
G1 X68.516 Y-172.934 Z-305.469 F2000
G1 B90.0 F1000
G1 X68.516 Y-152.782 Z-285.317 F2000
G1 B54.73427005113157 F1000
G1 X68.516 Y-152.782 Z-265.164 F2000
G1 B35.26505982966718 F1000
G1 X48.364 Y-132.629 Z-245.012 F2000
G1 B54.73561031724535 F1000
G1 X28.211 Y-92.325 Z-224.86 F2000
G1 B25.239036292457637 F1000
G1 X8.059 Y-72.173 Z-204.708 F2000
G1 B90.0 F1000
G1 X-12.093 Y-11.716 Z-184.556 F2000
G1 B90.0 F1000
G1 X-12.093 Y-11.716 Z-164.403 F2000
G1 B90.0 F1000
G1 X-12.093 Y-11.716 Z-144.251 F2000
G1 X-12.093 Y-11.716 Z-124.099 F2000
G1 X-19.275133243394247 Y-18.674229808947903 Z-124.099 F5000
M01
G1 X-19.275133243394247 Y-18.674229808947903 Z-708.513 F5000
M00
G1 B143.30122890507744 F1000
G1 X-12.093 Y-11.716 Z-708.513 F2000
G1 B125.26371954138452 F1000
G1 X28.211 Y-72.173 Z-688.361 F2000
G1 B125.26371954138462 F1000
G1 X48.364 Y-92.325 Z-668.209 F2000
G1 B125.26438968275461 F1000
G1 X68.516 Y-112.477 Z-648.056 F2000
G1 B125.26572994886841 F1000
G1 X88.668 Y-132.629 Z-627.904 F2000
G1 B90.0 F1000
G1 X108.82 Y-152.782 Z-607.752 F2000
G1 B125.26438968275461 F1000
G1 X108.82 Y-152.782 Z-587.6 F2000
G1 B125.26304943880946 F1000
G1 X128.972 Y-172.934 Z-567.448 F2000
G1 B90.0 F1000
G1 X149.125 Y-193.086 Z-547.295 F2000
G1 B90.0 F1000
G1 X149.125 Y-193.086 Z-527.143 F2000
G1 B90.0 F1000
G1 X149.125 Y-193.086 Z-506.991 F2000
G1 B90.0 F1000
G1 X149.125 Y-193.086 Z-486.839 F2000
G1 B90.0 F1000
G1 X149.125 Y-193.086 Z-466.687 F2000
G1 B90.0 F1000
G1 X149.125 Y-193.086 Z-446.534 F2000
G1 B90.0 F1000
G1 X149.125 Y-193.086 Z-426.382 F2000
G1 B90.0 F1000
G1 X149.125 Y-193.086 Z-406.23 F2000
G1 B90.0 F1000
G1 X149.125 Y-193.086 Z-386.078 F2000
G1 B54.736280458615425 F1000
G1 X149.125 Y-193.086 Z-365.925 F2000
G1 B90.0 F1000
G1 X128.972 Y-172.934 Z-345.773 F2000
G1 B54.73561031724537 F1000
G1 X128.972 Y-172.934 Z-325.621 F2000
G1 B90.0 F1000
G1 X108.82 Y-152.782 Z-305.469 F2000
G1 B54.73494020358591 F1000
G1 X108.82 Y-152.782 Z-285.317 F2000
G1 B54.73561031724535 F1000
G1 X88.668 Y-132.629 Z-265.164 F2000
G1 B54.735610317245346 F1000
G1 X68.516 Y-112.477 Z-245.012 F2000
G1 B54.73628045861547 F1000
G1 X48.364 Y-92.325 Z-224.86 F2000
G1 B36.69877109492258 F1000
G1 X28.211 Y-72.173 Z-204.708 F2000
G1 B90.0 F1000
G1 X-12.093 Y-11.716 Z-184.556 F2000
G1 B90.0 F1000
G1 X-12.093 Y-11.716 Z-164.403 F2000
G1 B90.0 F1000
G1 X-12.093 Y-11.716 Z-144.251 F2000
G1 X-12.093 Y-11.716 Z-124.099 F2000
G1 X-19.275133243394247 Y-18.674229808947903 Z-124.099 F5000
M01
G1 X95.5947816776938 Y-99.53746806506383 Z-708.513 F5000
M00
G1 B90.0 F1000
G1 X88.668 Y-92.325 Z-708.513 F2000
G1 B125.26438968275463 F1000
G1 X88.668 Y-92.325 Z-688.361 F2000
G1 B114.09420681227836 F1000
G1 X108.82 Y-112.477 Z-668.209 F2000
G1 B90.0 F1000
G1 X149.125 Y-132.629 Z-648.056 F2000
G1 B125.26572994886841 F1000
G1 X149.125 Y-132.629 Z-627.904 F2000
G1 B125.26438968275468 F1000
G1 X169.277 Y-152.782 Z-607.752 F2000
G1 B90.0 F1000
G1 X189.429 Y-172.934 Z-587.6 F2000
G1 B90.0 F1000
G1 X189.429 Y-172.934 Z-567.448 F2000
G1 B90.0 F1000
G1 X209.581 Y-172.934 Z-547.295 F2000
G1 B90.0 F1000
G1 X209.581 Y-172.934 Z-527.143 F2000
G1 B90.0 F1000
G1 X209.581 Y-172.934 Z-506.991 F2000
G1 B90.0 F1000
G1 X209.581 Y-172.934 Z-486.839 F2000
G1 B90.0 F1000
G1 X209.581 Y-172.934 Z-466.687 F2000
G1 B90.0 F1000
G1 X209.581 Y-172.934 Z-446.534 F2000
G1 B90.0 F1000
G1 X209.581 Y-172.934 Z-426.382 F2000
G1 B90.0 F1000
G1 X209.581 Y-172.934 Z-406.23 F2000
G1 B90.0 F1000
G1 X209.581 Y-172.934 Z-386.078 F2000
G1 B90.0 F1000
G1 X189.429 Y-172.934 Z-365.925 F2000
G1 B90.0 F1000
G1 X189.429 Y-172.934 Z-345.773 F2000
G1 B54.73561031724537 F1000
G1 X189.429 Y-172.934 Z-325.621 F2000
G1 B54.73427005113155 F1000
G1 X169.277 Y-152.782 Z-305.469 F2000
G1 B90.0 F1000
G1 X149.125 Y-132.629 Z-285.317 F2000
G1 B90.0 F1000
G1 X149.125 Y-132.629 Z-265.164 F2000
G1 B65.90558127829995 F1000
G1 X149.125 Y-132.629 Z-245.012 F2000
G1 B54.735610317245346 F1000
G1 X108.82 Y-112.477 Z-224.86 F2000
G1 B90.0 F1000
G1 X88.668 Y-92.325 Z-204.708 F2000
G1 B51.88704694806026 F1000
G1 X88.668 Y-92.325 Z-184.556 F2000
G1 B90.0 F1000
G1 X-12.093 Y-11.716 Z-164.403 F2000
G1 B90.0 F1000
G1 X-12.093 Y-11.716 Z-144.251 F2000
G1 X-12.093 Y-11.716 Z-124.099 F2000
G1 X-19.275133243394247 Y-18.674229808947903 Z-124.099 F5000
M01
G1 X34.83938475085656 Y-39.35562416221675 Z-708.513 F5000
M00
G1 B114.09547828983996 F1000
G1 X28.211 Y-31.868 Z-708.513 F2000
G1 B114.0948425521107 F1000
G1 X68.516 Y-52.021 Z-688.361 F2000
G1 B114.09420681227837 F1000
G1 X108.82 Y-72.173 Z-668.209 F2000
G1 B125.26438968275463 F1000
G1 X149.125 Y-92.325 Z-648.056 F2000
G1 B90.0 F1000
G1 X169.277 Y-112.477 Z-627.904 F2000
G1 B90.0 F1000
G1 X169.277 Y-112.477 Z-607.752 F2000
G1 B90.0 F1000
G1 X189.429 Y-112.477 Z-587.6 F2000
G1 B90.0 F1000
G1 X189.429 Y-112.477 Z-567.448 F2000
G1 B90.0 F1000
G1 X189.429 Y-112.477 Z-547.295 F2000
G1 B125.26438968275461 F1000
G1 X209.581 Y-112.477 Z-527.143 F2000
G1 B90.0 F1000
G1 X229.733 Y-132.629 Z-506.991 F2000
G1 B90.0 F1000
G1 X229.733 Y-132.629 Z-486.839 F2000
G1 B90.0 F1000
G1 X229.733 Y-132.629 Z-466.687 F2000
G1 B90.0 F1000
G1 X229.733 Y-132.629 Z-446.534 F2000
G1 B90.0 F1000
G1 X229.733 Y-132.629 Z-426.382 F2000
G1 B54.7356103172454 F1000
G1 X229.733 Y-132.629 Z-406.23 F2000
G1 B90.0 F1000
G1 X209.581 Y-112.477 Z-386.078 F2000
G1 B90.0 F1000
G1 X189.429 Y-112.477 Z-365.925 F2000
G1 B90.0 F1000
G1 X189.429 Y-112.477 Z-345.773 F2000
G1 B90.0 F1000
G1 X189.429 Y-112.477 Z-325.621 F2000
G1 B90.0 F1000
G1 X169.277 Y-112.477 Z-305.469 F2000
G1 B90.0 F1000
G1 X169.277 Y-112.477 Z-285.317 F2000
G1 B54.73561031724533 F1000
G1 X169.277 Y-112.477 Z-265.164 F2000
G1 B65.90558127829993 F1000
G1 X149.125 Y-92.325 Z-245.012 F2000
G1 B65.9051574478893 F1000
G1 X108.82 Y-72.173 Z-224.86 F2000
G1 B65.90452171016003 F1000
G1 X68.516 Y-52.021 Z-204.708 F2000
G1 B65.90536936852776 F1000
G1 X28.211 Y-31.868 Z-184.556 F2000
G1 B90.0 F1000
G1 X-12.093 Y-11.716 Z-164.403 F2000
G1 B90.0 F1000
G1 X-12.093 Y-11.716 Z-144.251 F2000
G1 X-12.093 Y-11.716 Z-124.099 F2000
G1 X-19.275133243394247 Y-18.674229808947903 Z-124.099 F5000
M01
G1 X77.58320641146935 Y-36.0853176180849 Z-708.513 F5000
M00
G1 B125.2657299488684 F1000
G1 X68.516 Y-31.868 Z-708.513 F2000
G1 B90.0 F1000
G1 X88.668 Y-52.021 Z-688.361 F2000
G1 B99.33577292962924 F1000
G1 X88.668 Y-52.021 Z-668.209 F2000
G1 B90.0 F1000
G1 X209.581 Y-72.173 Z-648.056 F2000
G1 B90.0 F1000
G1 X209.581 Y-72.173 Z-627.904 F2000
G1 B90.0 F1000
G1 X209.581 Y-72.173 Z-607.752 F2000
G1 B90.0 F1000
G1 X209.581 Y-72.173 Z-587.6 F2000
G1 B90.0 F1000
G1 X209.581 Y-72.173 Z-567.448 F2000
G1 B90.0 F1000
G1 X209.581 Y-72.173 Z-547.295 F2000
G1 B103.63286898863744 F1000
G1 X209.581 Y-72.173 Z-527.143 F2000
G1 B90.0 F1000
G1 X290.19 Y-92.325 Z-506.991 F2000
G1 B90.0 F1000
G1 X290.19 Y-92.325 Z-486.839 F2000
G1 B90.0 F1000
G1 X290.19 Y-92.325 Z-466.687 F2000
G1 B90.0 F1000
G1 X290.19 Y-92.325 Z-446.534 F2000
G1 B90.0 F1000
G1 X290.19 Y-92.325 Z-426.382 F2000
G1 B76.36713101136256 F1000
G1 X290.19 Y-92.325 Z-406.23 F2000
G1 B90.0 F1000
G1 X209.581 Y-72.173 Z-386.078 F2000
G1 B90.0 F1000
G1 X209.581 Y-72.173 Z-365.925 F2000
G1 B90.0 F1000
G1 X209.581 Y-72.173 Z-345.773 F2000
G1 B90.0 F1000
G1 X209.581 Y-72.173 Z-325.621 F2000
G1 B90.0 F1000
G1 X209.581 Y-72.173 Z-305.469 F2000
G1 B90.0 F1000
G1 X209.581 Y-72.173 Z-285.317 F2000
G1 B90.0 F1000
G1 X209.581 Y-72.173 Z-265.164 F2000
G1 B80.6642147699594 F1000
G1 X209.581 Y-72.173 Z-245.012 F2000
G1 B54.7342700511316 F1000
G1 X88.668 Y-52.021 Z-224.86 F2000
G1 B90.0 F1000
G1 X68.516 Y-31.868 Z-204.708 F2000
G1 B72.4519263239242 F1000
G1 X48.364 Y-31.868 Z-184.556 F2000
G1 B90.0 F1000
G1 X-12.093 Y-11.716 Z-164.403 F2000
G1 B90.0 F1000
G1 X-12.093 Y-11.716 Z-144.251 F2000
G1 X-12.093 Y-11.716 Z-124.099 F2000
G1 X-19.275133243394247 Y-18.674229808947903 Z-124.099 F5000
M01
G1 X-19.275133243394247 Y-18.674229808947903 Z-708.513 F5000
M00
G1 B90.0 F1000
G1 X-12.093 Y-11.716 Z-708.513 F2000
G1 B90.0 F1000
G1 X28.211 Y-11.716 Z-688.361 F2000
G1 B90.0 F1000
G1 X68.516 Y-11.716 Z-668.209 F2000
G1 B90.0 F1000
G1 X-12.093 Y-11.716 Z-648.056 F2000
G1 B90.0 F1000
G1 X-12.093 Y-11.716 Z-627.904 F2000
G1 B90.0 F1000
G1 X-12.093 Y-11.716 Z-607.752 F2000
G1 B90.0 F1000
G1 X-12.093 Y-11.716 Z-587.6 F2000
G1 B90.0 F1000
G1 X-12.093 Y-11.716 Z-567.448 F2000
G1 B90.0 F1000
G1 X-12.093 Y-11.716 Z-547.295 F2000
G1 B90.0 F1000
G1 X-12.093 Y-11.716 Z-527.143 F2000
G1 B90.0 F1000
G1 X-12.093 Y-11.716 Z-506.991 F2000
G1 B90.0 F1000
G1 X-12.093 Y-11.716 Z-486.839 F2000
G1 B90.0 F1000
G1 X-12.093 Y-11.716 Z-466.687 F2000
G1 B90.0 F1000
G1 X-12.093 Y-11.716 Z-446.534 F2000
G1 B90.0 F1000
G1 X-12.093 Y-11.716 Z-426.382 F2000
G1 B90.0 F1000
G1 X-12.093 Y-11.716 Z-406.23 F2000
G1 B90.0 F1000
G1 X-12.093 Y-11.716 Z-386.078 F2000
G1 B90.0 F1000
G1 X-12.093 Y-11.716 Z-365.925 F2000
G1 B90.0 F1000
G1 X-12.093 Y-11.716 Z-345.773 F2000
G1 B90.0 F1000
G1 X-12.093 Y-11.716 Z-325.621 F2000
G1 B90.0 F1000
G1 X-12.093 Y-11.716 Z-305.469 F2000
G1 B90.0 F1000
G1 X-12.093 Y-11.716 Z-285.317 F2000
G1 B90.0 F1000
G1 X-12.093 Y-11.716 Z-265.164 F2000
G1 B90.0 F1000
G1 X68.516 Y-11.716 Z-245.012 F2000
G1 B90.0 F1000
G1 X48.364 Y-11.716 Z-224.86 F2000
G1 B90.0 F1000
G1 X28.211 Y-11.716 Z-204.708 F2000
G1 B90.0 F1000
G1 X-12.093 Y-11.716 Z-184.556 F2000
G1 B90.0 F1000
G1 X-12.093 Y-11.716 Z-164.403 F2000
G1 B90.0 F1000
G1 X-12.093 Y-11.716 Z-144.251 F2000
G1 X-12.093 Y-11.716 Z-124.099 F2000
G1 X-19.275133243394247 Y-18.674229808947903 Z-124.099 F5000
M01
G1 X-19.275133243394247 Y-18.674229808947903 Z-708.513 F5000
M00
G1 B90.0 F1000
G1 X-12.093 Y-11.716 Z-708.513 F2000
G1 B90.0 F1000
G1 X8.059 Y-11.716 Z-688.361 F2000
G1 B90.0 F1000
G1 X48.364 Y-11.716 Z-668.209 F2000
G1 B90.0 F1000
G1 X-12.093 Y-11.716 Z-648.056 F2000
G1 B90.0 F1000
G1 X-12.093 Y-11.716 Z-627.904 F2000
G1 B90.0 F1000
G1 X-12.093 Y-11.716 Z-607.752 F2000
G1 B90.0 F1000
G1 X-12.093 Y-11.716 Z-587.6 F2000
G1 B90.0 F1000
G1 X-12.093 Y-11.716 Z-567.448 F2000
G1 B90.0 F1000
G1 X-12.093 Y-11.716 Z-547.295 F2000
G1 B90.0 F1000
G1 X-12.093 Y-11.716 Z-527.143 F2000
G1 B90.0 F1000
G1 X-12.093 Y-11.716 Z-506.991 F2000
G1 B90.0 F1000
G1 X-12.093 Y-11.716 Z-486.839 F2000
G1 B90.0 F1000
G1 X-12.093 Y-11.716 Z-466.687 F2000
G1 B90.0 F1000
G1 X-12.093 Y-11.716 Z-446.534 F2000
G1 B90.0 F1000
G1 X-12.093 Y-11.716 Z-426.382 F2000
G1 B90.0 F1000
G1 X-12.093 Y-11.716 Z-406.23 F2000
G1 B90.0 F1000
G1 X-12.093 Y-11.716 Z-386.078 F2000
G1 B90.0 F1000
G1 X-12.093 Y-11.716 Z-365.925 F2000
G1 B90.0 F1000
G1 X-12.093 Y-11.716 Z-345.773 F2000
G1 B90.0 F1000
G1 X-12.093 Y-11.716 Z-325.621 F2000
G1 B90.0 F1000
G1 X-12.093 Y-11.716 Z-305.469 F2000
G1 B90.0 F1000
G1 X-12.093 Y-11.716 Z-285.317 F2000
G1 B78.90429997401412 F1000
G1 X-12.093 Y-11.716 Z-265.164 F2000
G1 B107.54815540980437 F1000
G1 X88.668 Y8.436 Z-245.012 F2000
G1 B90.0 F1000
G1 X28.211 Y-11.716 Z-224.86 F2000
G1 B90.0 F1000
G1 X8.059 Y-11.716 Z-204.708 F2000
G1 B90.0 F1000
G1 X-12.093 Y-11.716 Z-184.556 F2000
G1 B90.0 F1000
G1 X-12.093 Y-11.716 Z-164.403 F2000
G1 B90.0 F1000
G1 X-12.093 Y-11.716 Z-144.251 F2000
G1 X-12.093 Y-11.716 Z-124.099 F2000
G1 X-19.275133243394247 Y-18.674229808947903 Z-124.099 F5000
M01
G1 X-19.275133243394247 Y-18.674229808947903 Z-708.513 F5000
M00
G1 B68.58347183000812 F1000
G1 X-12.093 Y-11.716 Z-708.513 F2000
G1 B90.0 F1000
G1 X88.668 Y28.588 Z-688.361 F2000
G1 B54.73494020358588 F1000
G1 X108.82 Y28.588 Z-668.209 F2000
G1 B112.98996540766639 F1000
G1 X128.972 Y48.741 Z-648.056 F2000
G1 B90.0 F1000
G1 X-12.093 Y-11.716 Z-627.904 F2000
G1 B90.0 F1000
G1 X-12.093 Y-11.716 Z-607.752 F2000
G1 B66.16766890002415 F1000
G1 X-12.093 Y-11.716 Z-587.6 F2000
G1 B90.0 F1000
G1 X169.277 Y68.893 Z-567.448 F2000
G1 B90.0 F1000
G1 X189.429 Y68.893 Z-547.295 F2000
G1 B90.0 F1000
G1 X209.581 Y68.893 Z-527.143 F2000
G1 B90.0 F1000
G1 X209.581 Y68.893 Z-506.991 F2000
G1 B90.0 F1000
G1 X209.581 Y68.893 Z-486.839 F2000
G1 B90.0 F1000
G1 X209.581 Y68.893 Z-466.687 F2000
G1 B90.0 F1000
G1 X209.581 Y68.893 Z-446.534 F2000
G1 B90.0 F1000
G1 X209.581 Y68.893 Z-426.382 F2000
G1 B90.0 F1000
G1 X209.581 Y68.893 Z-406.23 F2000
G1 B90.0 F1000
G1 X189.429 Y68.893 Z-386.078 F2000
G1 B90.0 F1000
G1 X189.429 Y68.893 Z-365.925 F2000
G1 B113.83233109997586 F1000
G1 X169.277 Y68.893 Z-345.773 F2000
G1 B90.0 F1000
G1 X-12.093 Y-11.716 Z-325.621 F2000
G1 B90.0 F1000
G1 X-12.093 Y-11.716 Z-305.469 F2000
G1 B67.01005503774128 F1000
G1 X-12.093 Y-11.716 Z-285.317 F2000
G1 B90.0 F1000
G1 X128.972 Y48.741 Z-265.164 F2000
G1 B125.26572994886841 F1000
G1 X128.972 Y48.741 Z-245.012 F2000
G1 B90.0 F1000
G1 X108.82 Y28.588 Z-224.86 F2000
G1 B111.41652816999189 F1000
G1 X88.668 Y28.588 Z-204.708 F2000
G1 B90.0 F1000
G1 X-12.093 Y-11.716 Z-184.556 F2000
G1 B90.0 F1000
G1 X-12.093 Y-11.716 Z-164.403 F2000
G1 B90.0 F1000
G1 X-12.093 Y-11.716 Z-144.251 F2000
G1 X-12.093 Y-11.716 Z-124.099 F2000
G1 X-19.275133243394247 Y-18.674229808947903 Z-124.099 F5000
M01
G1 X56.972542312672196 Y33.6765164096161 Z-708.513 F5000
M00
G1 B65.90409786572857 F1000
G1 X48.364 Y28.588 Z-708.513 F2000
G1 B90.0 F1000
G1 X88.668 Y48.741 Z-688.361 F2000
G1 B54.73628045861539 F1000
G1 X88.668 Y48.741 Z-668.209 F2000
G1 B57.688852084246065 F1000
G1 X108.82 Y68.893 Z-648.056 F2000
G1 B90.0 F1000
G1 X169.277 Y109.197 Z-627.904 F2000
G1 B90.0 F1000
G1 X169.277 Y109.197 Z-607.752 F2000
G1 B90.0 F1000
G1 X169.277 Y109.197 Z-587.6 F2000
G1 B90.0 F1000
G1 X169.277 Y109.197 Z-567.448 F2000
G1 B65.90515744788931 F1000
G1 X169.277 Y109.197 Z-547.295 F2000
G1 B90.0 F1000
G1 X209.581 Y129.349 Z-527.143 F2000
G1 B90.0 F1000
G1 X209.581 Y129.349 Z-506.991 F2000
G1 B90.0 F1000
G1 X209.581 Y129.349 Z-486.839 F2000
G1 B90.0 F1000
G1 X209.581 Y129.349 Z-466.687 F2000
G1 B90.0 F1000
G1 X209.581 Y129.349 Z-446.534 F2000
G1 B90.0 F1000
G1 X209.581 Y129.349 Z-426.382 F2000
G1 B90.0 F1000
G1 X209.581 Y129.349 Z-406.23 F2000
G1 B125.26371954138455 F1000
G1 X189.429 Y129.349 Z-386.078 F2000
G1 B90.0 F1000
G1 X169.277 Y109.197 Z-365.925 F2000
G1 B90.0 F1000
G1 X169.277 Y109.197 Z-345.773 F2000
G1 B90.0 F1000
G1 X169.277 Y109.197 Z-325.621 F2000
G1 B90.0 F1000
G1 X169.277 Y109.197 Z-305.469 F2000
G1 B122.31101947616854 F1000
G1 X169.277 Y109.197 Z-285.317 F2000
G1 B90.0 F1000
G1 X108.82 Y68.893 Z-265.164 F2000
G1 B125.26438968275468 F1000
G1 X108.82 Y68.893 Z-245.012 F2000
G1 B90.0 F1000
G1 X88.668 Y48.741 Z-224.86 F2000
G1 B114.09590213427144 F1000
G1 X88.668 Y48.741 Z-204.708 F2000
G1 B122.31101947616854 F1000
G1 X48.364 Y28.588 Z-184.556 F2000
G1 B90.0 F1000
G1 X-12.093 Y-11.716 Z-164.403 F2000
G1 B90.0 F1000
G1 X-12.093 Y-11.716 Z-144.251 F2000
G1 X-12.093 Y-11.716 Z-124.099 F2000
G1 X-19.275133243394247 Y-18.674229808947903 Z-124.099 F5000
M01
G1 X10.772266200095158 Y38.212873325266216 Z-708.513 F5000
M00
G1 B48.18954382994939 F1000
G1 X8.059 Y28.588 Z-708.513 F2000
G1 B54.73561031724538 F1000
G1 X48.364 Y68.893 Z-688.361 F2000
G1 B54.73628045861539 F1000
G1 X68.516 Y89.045 Z-668.209 F2000
G1 B90.0 F1000
G1 X88.668 Y109.197 Z-648.056 F2000
G1 B54.73561031724538 F1000
G1 X88.668 Y109.197 Z-627.904 F2000
G1 B54.734270051131524 F1000
G1 X108.82 Y129.349 Z-607.752 F2000
G1 B90.0 F1000
G1 X128.972 Y149.502 Z-587.6 F2000
G1 B90.0 F1000
G1 X128.972 Y149.502 Z-567.448 F2000
G1 B54.73628045861541 F1000
G1 X128.972 Y149.502 Z-547.295 F2000
G1 B90.0 F1000
G1 X149.125 Y169.654 Z-527.143 F2000
G1 B90.0 F1000
G1 X149.125 Y169.654 Z-506.991 F2000
G1 B90.0 F1000
G1 X149.125 Y169.654 Z-486.839 F2000
G1 B90.0 F1000
G1 X149.125 Y169.654 Z-466.687 F2000
G1 B90.0 F1000
G1 X149.125 Y169.654 Z-446.534 F2000
G1 B90.0 F1000
G1 X149.125 Y169.654 Z-426.382 F2000
G1 B90.0 F1000
G1 X149.125 Y169.654 Z-406.23 F2000
G1 B125.26304943880946 F1000
G1 X149.125 Y169.654 Z-386.078 F2000
G1 B90.0 F1000
G1 X128.972 Y149.502 Z-365.925 F2000
G1 B90.0 F1000
G1 X128.972 Y149.502 Z-345.773 F2000
G1 B125.26572994886844 F1000
G1 X128.972 Y149.502 Z-325.621 F2000
G1 B125.26438968275465 F1000
G1 X108.82 Y129.349 Z-305.469 F2000
G1 B90.0 F1000
G1 X88.668 Y109.197 Z-285.317 F2000
G1 B90.0 F1000
G1 X88.668 Y109.197 Z-265.164 F2000
G1 B125.26438968275465 F1000
G1 X88.668 Y109.197 Z-245.012 F2000
G1 B125.26438968275465 F1000
G1 X68.516 Y89.045 Z-224.86 F2000
G1 B131.81045617005063 F1000
G1 X48.364 Y68.893 Z-204.708 F2000
G1 B144.73494017033283 F1000
G1 X8.059 Y28.588 Z-184.556 F2000
G1 B90.0 F1000
G1 X-12.093 Y-11.716 Z-164.403 F2000
G1 B90.0 F1000
G1 X-12.093 Y-11.716 Z-144.251 F2000
G1 X-12.093 Y-11.716 Z-124.099 F2000
G1 X-19.275133243394247 Y-18.674229808947903 Z-124.099 F5000
M01
G1 X9.690285422232181 Y58.607048239858386 Z-708.513 F5000
M00
G1 B35.264389682754675 F1000
G1 X8.059 Y48.741 Z-708.513 F2000
G1 B90.0 F1000
G1 X28.211 Y89.045 Z-688.361 F2000
G1 B54.73695056119048 F1000
G1 X28.211 Y89.045 Z-668.209 F2000
G1 B54.7356103172454 F1000
G1 X48.364 Y109.197 Z-648.056 F2000
G1 B90.0 F1000
G1 X68.516 Y129.349 Z-627.904 F2000
G1 B44.998578444870205 F1000
G1 X68.516 Y129.349 Z-607.752 F2000
G1 B90.0 F1000
G1 X68.516 Y149.502 Z-587.6 F2000
G1 B54.73628045861549 F1000
G1 X68.516 Y149.502 Z-567.448 F2000
G1 B150.4659792271905 F1000
G1 X88.668 Y169.654 Z-547.295 F2000
G1 B90.0 F1000
G1 X-12.093 Y-11.716 Z-527.143 F2000
G1 B27.01711436728707 F1000
G1 X-12.093 Y-11.716 Z-506.991 F2000
G1 B90.0 F1000
G1 X88.668 Y189.806 Z-486.839 F2000
G1 B90.0 F1000
G1 X88.668 Y189.806 Z-466.687 F2000
G1 B90.0 F1000
G1 X88.668 Y189.806 Z-446.534 F2000
G1 B152.98288563271294 F1000
G1 X88.668 Y189.806 Z-426.382 F2000
G1 B90.0 F1000
G1 X-12.093 Y-11.716 Z-406.23 F2000
G1 B90.0 F1000
G1 X-12.093 Y-11.716 Z-386.078 F2000
G1 B90.0 F1000
G1 X-12.093 Y-11.716 Z-365.925 F2000
G1 B27.26602742455608 F1000
G1 X-12.093 Y-11.716 Z-345.773 F2000
G1 B90.0 F1000
G1 X68.516 Y149.502 Z-325.621 F2000
G1 B135.0014215551297 F1000
G1 X68.516 Y149.502 Z-305.469 F2000
G1 B90.0 F1000
G1 X68.516 Y129.349 Z-285.317 F2000
G1 B131.80974978544867 F1000
G1 X68.516 Y129.349 Z-265.164 F2000
G1 B90.0 F1000
G1 X28.211 Y89.045 Z-245.012 F2000
G1 B134.99999999999997 F1000
G1 X28.211 Y89.045 Z-224.86 F2000
G1 B125.26438968275465 F1000
G1 X28.211 Y68.893 Z-204.708 F2000
G1 B154.76041540923313 F1000
G1 X8.059 Y48.741 Z-184.556 F2000
G1 B90.0 F1000
G1 X-12.093 Y-11.716 Z-164.403 F2000
G1 B90.0 F1000
G1 X-12.093 Y-11.716 Z-144.251 F2000
G1 X-12.093 Y-11.716 Z-124.099 F2000
G1 X-19.275133243394247 Y-18.674229808947903 Z-124.099 F5000
M01
G1 X-19.275133243394247 Y-18.674229808947903 Z-708.513 F5000
M00
G1 B19.47099725557343 F1000
G1 X-12.093 Y-11.716 Z-708.513 F2000
G1 B90.0 F1000
G1 X8.059 Y68.893 Z-688.361 F2000
G1 B25.239950124759464 F1000
G1 X8.059 Y68.893 Z-668.209 F2000
G1 B44.99857844487037 F1000
G1 X28.211 Y129.349 Z-648.056 F2000
G1 B90.0 F1000
G1 X28.211 Y149.502 Z-627.904 F2000
G1 B44.999999999999915 F1000
G1 X28.211 Y149.502 Z-607.752 F2000
G1 B90.0 F1000
G1 X28.211 Y169.654 Z-587.6 F2000
G1 B54.73695056119054 F1000
G1 X28.211 Y169.654 Z-567.448 F2000
G1 B162.45151765115176 F1000
G1 X48.364 Y189.806 Z-547.295 F2000
G1 B90.0 F1000
G1 X-12.093 Y-11.716 Z-527.143 F2000
G1 B90.0 F1000
G1 X-12.093 Y-11.716 Z-506.991 F2000
G1 B90.0 F1000
G1 X-12.093 Y-11.716 Z-486.839 F2000
G1 B90.0 F1000
G1 X-12.093 Y-11.716 Z-466.687 F2000
G1 B90.0 F1000
G1 X-12.093 Y-11.716 Z-446.534 F2000
G1 B90.0 F1000
G1 X-12.093 Y-11.716 Z-426.382 F2000
G1 B90.0 F1000
G1 X-12.093 Y-11.716 Z-406.23 F2000
G1 B17.548564084236023 F1000
G1 X-12.093 Y-11.716 Z-386.078 F2000
G1 B125.2637195413846 F1000
G1 X48.364 Y189.806 Z-365.925 F2000
G1 B90.0 F1000
G1 X28.211 Y169.654 Z-345.773 F2000
G1 B90.0 F1000
G1 X28.211 Y169.654 Z-325.621 F2000
G1 B135.0 F1000
G1 X28.211 Y169.654 Z-305.469 F2000
G1 B90.0 F1000
G1 X28.211 Y149.502 Z-285.317 F2000
G1 B135.0014215551297 F1000
G1 X28.211 Y149.502 Z-265.164 F2000
G1 B125.26438968275465 F1000
G1 X28.211 Y129.349 Z-245.012 F2000
G1 B153.434948822922 F1000
G1 X8.059 Y109.197 Z-224.86 F2000
G1 B160.5290027444266 F1000
G1 X8.059 Y68.893 Z-204.708 F2000
G1 B90.0 F1000
G1 X-12.093 Y-11.716 Z-184.556 F2000
G1 B90.0 F1000
G1 X-12.093 Y-11.716 Z-164.403 F2000
G1 B90.0 F1000
G1 X-12.093 Y-11.716 Z-144.251 F2000
G1 X-12.093 Y-11.716 Z-124.099 F2000
G1 X-19.275133243394247 Y-18.674229808947903 Z-124.099 F5000
M01
G1 X-19.275133243394247 Y-18.674229808947903 Z-708.513 F5000
M00
G1 B18.434664509074427 F1000
G1 X-12.093 Y-11.716 Z-708.513 F2000
G1 B90.0 F1000
G1 X-12.093 Y48.741 Z-688.361 F2000
G1 B161.5644825522045 F1000
G1 X-12.093 Y48.741 Z-668.209 F2000
G1 B90.0 F1000
G1 X-12.093 Y-11.716 Z-648.056 F2000
G1 B90.0 F1000
G1 X-12.093 Y-11.716 Z-627.904 F2000
G1 B90.0 F1000
G1 X-12.093 Y-11.716 Z-607.752 F2000
G1 B6.208474085495599 F1000
G1 X-12.093 Y-11.716 Z-587.6 F2000
G1 B45.001421555129674 F1000
G1 X8.059 Y250.263 Z-567.448 F2000
G1 B90.0 F1000
G1 X8.059 Y270.415 Z-547.295 F2000
G1 B90.0 F1000
G1 X8.059 Y270.415 Z-527.143 F2000
G1 B90.0 F1000
G1 X8.059 Y270.415 Z-506.991 F2000
G1 B174.23187973536528 F1000
G1 X8.059 Y270.415 Z-486.839 F2000
G1 B90.0 F1000
G1 X-12.093 Y-11.716 Z-466.687 F2000
G1 B5.768120264634729 F1000
G1 X-12.093 Y-11.716 Z-446.534 F2000
G1 B90.0 F1000
G1 X8.059 Y270.415 Z-426.382 F2000
G1 B90.0 F1000
G1 X8.059 Y270.415 Z-406.23 F2000
G1 B134.99857844487042 F1000
G1 X8.059 Y270.415 Z-386.078 F2000
G1 B90.0 F1000
G1 X8.059 Y250.263 Z-365.925 F2000
G1 B173.7915259145044 F1000
G1 X8.059 Y250.263 Z-345.773 F2000
G1 B90.0 F1000
G1 X-12.093 Y-11.716 Z-325.621 F2000
G1 B90.0 F1000
G1 X-12.093 Y-11.716 Z-305.469 F2000
G1 B90.0 F1000
G1 X-12.093 Y-11.716 Z-285.317 F2000
G1 B14.036076223949706 F1000
G1 X-12.093 Y-11.716 Z-265.164 F2000
G1 B90.0 F1000
G1 X-12.093 Y68.893 Z-245.012 F2000
G1 B134.99999999999997 F1000
G1 X-12.093 Y68.893 Z-224.86 F2000
G1 B161.5653354909256 F1000
G1 X-12.093 Y48.741 Z-204.708 F2000
G1 B90.0 F1000
G1 X-12.093 Y-11.716 Z-184.556 F2000
G1 B90.0 F1000
G1 X-12.093 Y-11.716 Z-164.403 F2000
G1 B90.0 F1000
G1 X-12.093 Y-11.716 Z-144.251 F2000
G1 X-12.093 Y-11.716 Z-124.099 F2000
G1 X-19.275133243394247 Y-18.674229808947903 Z-124.099 F5000
M01
G1 X-19.275133243394247 Y-18.674229808947903 Z-708.513 F5000
M00
G1 B11.421674819012013 F1000
G1 X-12.093 Y-11.716 Z-708.513 F2000
G1 B90.0 F1000
G1 X-32.245 Y129.349 Z-688.361 F2000
G1 B44.999999999999844 F1000
G1 X-32.245 Y129.349 Z-668.209 F2000
G1 B90.0 F1000
G1 X-32.245 Y149.502 Z-648.056 F2000
G1 B90.0 F1000
G1 X-32.245 Y149.502 Z-627.904 F2000
G1 B90.0 F1000
G1 X-32.245 Y149.502 Z-607.752 F2000
G1 B35.26505982966721 F1000
G1 X-32.245 Y149.502 Z-587.6 F2000
G1 B45.00142155512972 F1000
G1 X-52.398 Y189.806 Z-567.448 F2000
G1 B90.0 F1000
G1 X-52.398 Y209.958 Z-547.295 F2000
G1 B168.50941900075662 F1000
G1 X-52.398 Y209.958 Z-527.143 F2000
G1 B90.0 F1000
G1 X-12.093 Y-11.716 Z-506.991 F2000
G1 B90.0 F1000
G1 X-12.093 Y-11.716 Z-486.839 F2000
G1 B90.0 F1000
G1 X-12.093 Y-11.716 Z-466.687 F2000
G1 B90.0 F1000
G1 X-12.093 Y-11.716 Z-446.534 F2000
G1 B90.0 F1000
G1 X-12.093 Y-11.716 Z-426.382 F2000
G1 B11.490580999243402 F1000
G1 X-12.093 Y-11.716 Z-406.23 F2000
G1 B134.99857844487036 F1000
G1 X-52.398 Y209.958 Z-386.078 F2000
G1 B90.0 F1000
G1 X-52.398 Y189.806 Z-365.925 F2000
G1 B144.7349401703328 F1000
G1 X-52.398 Y189.806 Z-345.773 F2000
G1 B90.0 F1000
G1 X-32.245 Y149.502 Z-325.621 F2000
G1 B90.0 F1000
G1 X-32.245 Y149.502 Z-305.469 F2000
G1 B90.0 F1000
G1 X-32.245 Y149.502 Z-285.317 F2000
G1 B90.0 F1000
G1 X-32.245 Y149.502 Z-265.164 F2000
G1 B90.0 F1000
G1 X-32.245 Y149.502 Z-245.012 F2000
G1 B161.56533549092558 F1000
G1 X-32.245 Y149.502 Z-224.86 F2000
G1 B164.2069798712879 F1000
G1 X-32.245 Y89.045 Z-204.708 F2000
G1 B90.0 F1000
G1 X-12.093 Y-11.716 Z-184.556 F2000
G1 B90.0 F1000
G1 X-12.093 Y-11.716 Z-164.403 F2000
G1 B90.0 F1000
G1 X-12.093 Y-11.716 Z-144.251 F2000
G1 X-12.093 Y-11.716 Z-124.099 F2000
G1 X-19.275133243394247 Y-18.674229808947903 Z-124.099 F5000
M01
G1 X-19.275133243394247 Y-18.674229808947903 Z-708.513 F5000
M00
G1 B29.206113890184337 F1000
G1 X-12.093 Y-11.716 Z-708.513 F2000
G1 B45.000000000000064 F1000
G1 X-52.398 Y68.893 Z-688.361 F2000
G1 B45.00142155512953 F1000
G1 X-52.398 Y89.045 Z-668.209 F2000
G1 B25.239036292457655 F1000
G1 X-52.398 Y109.197 Z-648.056 F2000
G1 B90.0 F1000
G1 X-72.55 Y169.654 Z-627.904 F2000
G1 B35.26438968275461 F1000
G1 X-72.55 Y169.654 Z-607.752 F2000
G1 B90.0 F1000
G1 X-92.702 Y209.958 Z-587.6 F2000
G1 B90.0 F1000
G1 X-92.702 Y209.958 Z-567.448 F2000
G1 B90.0 F1000
G1 X-92.702 Y209.958 Z-547.295 F2000
G1 B45.00000000000004 F1000
G1 X-92.702 Y209.958 Z-527.143 F2000
G1 B90.0 F1000
G1 X-92.702 Y230.11 Z-506.991 F2000
G1 B90.0 F1000
G1 X-92.702 Y230.11 Z-486.839 F2000
G1 B90.0 F1000
G1 X-92.702 Y230.11 Z-466.687 F2000
G1 B90.0 F1000
G1 X-92.702 Y230.11 Z-446.534 F2000
G1 B135.00000000000006 F1000
G1 X-92.702 Y230.11 Z-426.382 F2000
G1 B90.0 F1000
G1 X-92.702 Y209.958 Z-406.23 F2000
G1 B90.0 F1000
G1 X-92.702 Y209.958 Z-386.078 F2000
G1 B90.0 F1000
G1 X-92.702 Y209.958 Z-365.925 F2000
G1 B90.0 F1000
G1 X-92.702 Y209.958 Z-345.773 F2000
G1 B144.73561031724537 F1000
G1 X-92.702 Y209.958 Z-325.621 F2000
G1 B90.0 F1000
G1 X-72.55 Y169.654 Z-305.469 F2000
G1 B153.4343802036916 F1000
G1 X-72.55 Y169.654 Z-285.317 F2000
G1 B125.26438968275465 F1000
G1 X-72.55 Y129.349 Z-265.164 F2000
G1 B135.00000000000003 F1000
G1 X-52.398 Y109.197 Z-245.012 F2000
G1 B144.73494017033283 F1000
G1 X-52.398 Y89.045 Z-224.86 F2000
G1 B154.76096370754237 F1000
G1 X-32.245 Y48.741 Z-204.708 F2000
G1 B90.0 F1000
G1 X-12.093 Y-11.716 Z-184.556 F2000
G1 B90.0 F1000
G1 X-12.093 Y-11.716 Z-164.403 F2000
G1 B90.0 F1000
G1 X-12.093 Y-11.716 Z-144.251 F2000
G1 X-12.093 Y-11.716 Z-124.099 F2000
G1 X-19.275133243394247 Y-18.674229808947903 Z-124.099 F5000
M01
G1 X-19.275133243394247 Y-18.674229808947903 Z-708.513 F5000
M00
G1 B54.735610317245374 F1000
G1 X-12.093 Y-11.716 Z-708.513 F2000
G1 B36.69931602231156 F1000
G1 X-32.245 Y8.436 Z-688.361 F2000
G1 B90.0 F1000
G1 X-72.55 Y68.893 Z-668.209 F2000
G1 B45.000000000000064 F1000
G1 X-72.55 Y68.893 Z-648.056 F2000
G1 B90.0 F1000
G1 X-72.55 Y89.045 Z-627.904 F2000
G1 B54.735610317245296 F1000
G1 X-72.55 Y89.045 Z-607.752 F2000
G1 B145.5036716350171 F1000
G1 X-92.702 Y109.197 Z-587.6 F2000
G1 B90.0 F1000
G1 X-12.093 Y-11.716 Z-567.448 F2000
G1 B90.0 F1000
G1 X-12.093 Y-11.716 Z-547.295 F2000
G1 B32.512442971260754 F1000
G1 X-12.093 Y-11.716 Z-527.143 F2000
G1 B90.0 F1000
G1 X-112.854 Y149.502 Z-506.991 F2000
G1 B90.0 F1000
G1 X-112.854 Y149.502 Z-486.839 F2000
G1 B90.0 F1000
G1 X-112.854 Y149.502 Z-466.687 F2000
G1 B90.0 F1000
G1 X-112.854 Y149.502 Z-446.534 F2000
G1 B147.48755702873925 F1000
G1 X-112.854 Y149.502 Z-426.382 F2000
G1 B90.0 F1000
G1 X-12.093 Y-11.716 Z-406.23 F2000
G1 B90.0 F1000
G1 X-12.093 Y-11.716 Z-386.078 F2000
G1 B90.0 F1000
G1 X-12.093 Y-11.716 Z-365.925 F2000
G1 B90.0 F1000
G1 X-12.093 Y-11.716 Z-345.773 F2000
G1 B34.4963283649829 F1000
G1 X-12.093 Y-11.716 Z-325.621 F2000
G1 B125.26438968275465 F1000
G1 X-92.702 Y109.197 Z-305.469 F2000
G1 B134.9985784448703 F1000
G1 X-72.55 Y89.045 Z-285.317 F2000
G1 B90.0 F1000
G1 X-72.55 Y68.893 Z-265.164 F2000
G1 B125.26438968275465 F1000
G1 X-72.55 Y68.893 Z-245.012 F2000
G1 B144.73561030893214 F1000
G1 X-52.398 Y48.741 Z-224.86 F2000
G1 B125.26438968275465 F1000
G1 X-32.245 Y8.436 Z-204.708 F2000
G1 B90.0 F1000
G1 X-12.093 Y-11.716 Z-184.556 F2000
G1 B90.0 F1000
G1 X-12.093 Y-11.716 Z-164.403 F2000
G1 B90.0 F1000
G1 X-12.093 Y-11.716 Z-144.251 F2000
G1 X-12.093 Y-11.716 Z-124.099 F2000
G1 X-19.275133243394247 Y-18.674229808947903 Z-124.099 F5000
M01
G1 X-19.275133243394247 Y-18.674229808947903 Z-708.513 F5000
M00
G1 B90.0 F1000
G1 X-12.093 Y-11.716 Z-708.513 F2000
G1 B48.19025021455136 F1000
G1 X-12.093 Y-11.716 Z-688.361 F2000
G1 B90.0 F1000
G1 X-52.398 Y28.588 Z-668.209 F2000
G1 B131.80974978544864 F1000
G1 X-52.398 Y28.588 Z-648.056 F2000
G1 B90.0 F1000
G1 X-12.093 Y-11.716 Z-627.904 F2000
G1 B45.3924427177588 F1000
G1 X-12.093 Y-11.716 Z-607.752 F2000
G1 B134.6075572822412 F1000
G1 X-133.006 Y109.197 Z-587.6 F2000
G1 B45.28960092410036 F1000
G1 X-12.093 Y-11.716 Z-567.448 F2000
G1 B90.0 F1000
G1 X-153.159 Y129.349 Z-547.295 F2000
G1 B134.7104275061422 F1000
G1 X-153.159 Y129.349 Z-527.143 F2000
G1 B90.0 F1000
G1 X-12.093 Y-11.716 Z-506.991 F2000
G1 B90.0 F1000
G1 X-12.093 Y-11.716 Z-486.839 F2000
G1 B90.0 F1000
G1 X-12.093 Y-11.716 Z-466.687 F2000
G1 B90.0 F1000
G1 X-12.093 Y-11.716 Z-446.534 F2000
G1 B90.0 F1000
G1 X-12.093 Y-11.716 Z-426.382 F2000
G1 B45.28957249385781 F1000
G1 X-12.093 Y-11.716 Z-406.23 F2000
G1 B134.71039907589966 F1000
G1 X-153.159 Y129.349 Z-386.078 F2000
G1 B90.0 F1000
G1 X-12.093 Y-11.716 Z-365.925 F2000
G1 B90.0 F1000
G1 X-12.093 Y-11.716 Z-345.773 F2000
G1 B45.3924427177588 F1000
G1 X-12.093 Y-11.716 Z-325.621 F2000
G1 B131.81031489577862 F1000
G1 X-133.006 Y109.197 Z-305.469 F2000
G1 B125.26371954138455 F1000
G1 X-92.702 Y68.893 Z-285.317 F2000
G1 B125.26572994886841 F1000
G1 X-72.55 Y48.741 Z-265.164 F2000
G1 B90.0 F1000
G1 X-52.398 Y28.588 Z-245.012 F2000
G1 B131.80974978544867 F1000
G1 X-52.398 Y28.588 Z-224.86 F2000
G1 B90.0 F1000
G1 X-12.093 Y-11.716 Z-204.708 F2000
G1 B90.0 F1000
G1 X-12.093 Y-11.716 Z-184.556 F2000
G1 B90.0 F1000
G1 X-12.093 Y-11.716 Z-164.403 F2000
G1 B90.0 F1000
G1 X-12.093 Y-11.716 Z-144.251 F2000
G1 X-12.093 Y-11.716 Z-124.099 F2000
G1 X-19.275133243394247 Y-18.674229808947903 Z-124.099 F5000
M01
G1 X-19.275133243394247 Y-18.674229808947903 Z-708.513 F5000
M00
G1 B65.90558127829993 F1000
G1 X-12.093 Y-11.716 Z-708.513 F2000
G1 B54.735610317245374 F1000
G1 X-52.398 Y8.436 Z-688.361 F2000
G1 B90.0 F1000
G1 X-72.55 Y28.588 Z-668.209 F2000
G1 B115.87642736887832 F1000
G1 X-92.702 Y28.588 Z-648.056 F2000
G1 B90.0 F1000
G1 X-12.093 Y-11.716 Z-627.904 F2000
G1 B54.735717539013315 F1000
G1 X-12.093 Y-11.716 Z-607.752 F2000
G1 B90.0 F1000
G1 X-153.159 Y89.045 Z-587.6 F2000
G1 B90.0 F1000
G1 X-153.159 Y89.045 Z-567.448 F2000
G1 B90.0 F1000
G1 X-153.159 Y89.045 Z-547.295 F2000
G1 B90.0 F1000
G1 X-173.311 Y89.045 Z-527.143 F2000
G1 B121.80604124449977 F1000
G1 X-173.311 Y89.045 Z-506.991 F2000
G1 B90.0 F1000
G1 X-12.093 Y-11.716 Z-486.839 F2000
G1 B90.0 F1000
G1 X-12.093 Y-11.716 Z-466.687 F2000
G1 B90.0 F1000
G1 X-12.093 Y-11.716 Z-446.534 F2000
G1 B58.193958755500226 F1000
G1 X-12.093 Y-11.716 Z-426.382 F2000
G1 B90.0 F1000
G1 X-173.311 Y89.045 Z-406.23 F2000
G1 B90.0 F1000
G1 X-173.311 Y89.045 Z-386.078 F2000
G1 B90.0 F1000
G1 X-153.159 Y89.045 Z-365.925 F2000
G1 B90.0 F1000
G1 X-153.159 Y89.045 Z-345.773 F2000
G1 B125.26428246098668 F1000
G1 X-153.159 Y89.045 Z-325.621 F2000
G1 B90.0 F1000
G1 X-12.093 Y-11.716 Z-305.469 F2000
G1 B90.0 F1000
G1 X-12.093 Y-11.716 Z-285.317 F2000
G1 B64.12357263112169 F1000
G1 X-12.093 Y-11.716 Z-265.164 F2000
G1 B90.0 F1000
G1 X-92.702 Y28.588 Z-245.012 F2000
G1 B125.26438968275465 F1000
G1 X-72.55 Y28.588 Z-224.86 F2000
G1 B114.09441872170008 F1000
G1 X-52.398 Y8.436 Z-204.708 F2000
G1 B90.0 F1000
G1 X-12.093 Y-11.716 Z-184.556 F2000
G1 B90.0 F1000
G1 X-12.093 Y-11.716 Z-164.403 F2000
G1 B90.0 F1000
G1 X-12.093 Y-11.716 Z-144.251 F2000
G1 X-12.093 Y-11.716 Z-124.099 F2000
G1 X-19.275133243394247 Y-18.674229808947903 Z-124.099 F5000
M01
G1 X-19.275133243394247 Y-18.674229808947903 Z-708.513 F5000
M00
G1 B90.0 F1000
G1 X-12.093 Y-11.716 Z-708.513 F2000
G1 B72.45184459019565 F1000
G1 X-12.093 Y-11.716 Z-688.361 F2000
G1 B65.90536936852773 F1000
G1 X-72.55 Y8.436 Z-668.209 F2000
G1 B111.41652816999189 F1000
G1 X-112.854 Y28.588 Z-648.056 F2000
G1 B90.0 F1000
G1 X-12.093 Y-11.716 Z-627.904 F2000
G1 B90.0 F1000
G1 X-12.093 Y-11.716 Z-607.752 F2000
G1 B66.16766890002415 F1000
G1 X-12.093 Y-11.716 Z-587.6 F2000
G1 B90.0 F1000
G1 X-193.463 Y68.893 Z-567.448 F2000
G1 B90.0 F1000
G1 X-213.615 Y68.893 Z-547.295 F2000
G1 B90.0 F1000
G1 X-213.615 Y68.893 Z-527.143 F2000
G1 B90.0 F1000
G1 X-213.615 Y68.893 Z-506.991 F2000
G1 B90.0 F1000
G1 X-213.615 Y68.893 Z-486.839 F2000
G1 B90.0 F1000
G1 X-213.615 Y68.893 Z-466.687 F2000
G1 B90.0 F1000
G1 X-213.615 Y68.893 Z-446.534 F2000
G1 B90.0 F1000
G1 X-213.615 Y68.893 Z-426.382 F2000
G1 B90.0 F1000
G1 X-213.615 Y68.893 Z-406.23 F2000
G1 B90.0 F1000
G1 X-213.615 Y68.893 Z-386.078 F2000
G1 B90.0 F1000
G1 X-213.615 Y68.893 Z-365.925 F2000
G1 B113.83233109997585 F1000
G1 X-193.463 Y68.893 Z-345.773 F2000
G1 B90.0 F1000
G1 X-12.093 Y-11.716 Z-325.621 F2000
G1 B90.0 F1000
G1 X-12.093 Y-11.716 Z-305.469 F2000
G1 B67.0101981520348 F1000
G1 X-12.093 Y-11.716 Z-285.317 F2000
G1 B114.09547828983997 F1000
G1 X-153.159 Y48.741 Z-265.164 F2000
G1 B125.26438968275465 F1000
G1 X-112.854 Y28.588 Z-245.012 F2000
G1 B103.63286898863744 F1000
G1 X-92.702 Y8.436 Z-224.86 F2000
G1 B90.0 F1000
G1 X-12.093 Y-11.716 Z-204.708 F2000
G1 B90.0 F1000
G1 X-12.093 Y-11.716 Z-184.556 F2000
G1 B90.0 F1000
G1 X-12.093 Y-11.716 Z-164.403 F2000
G1 B90.0 F1000
G1 X-12.093 Y-11.716 Z-144.251 F2000
G1 X-12.093 Y-11.716 Z-124.099 F2000
G1 X-19.275133243394247 Y-18.674229808947903 Z-124.099 F5000
M01
G1 X-19.275133243394247 Y-18.674229808947903 Z-708.513 F5000
M00
G1 B90.0 F1000
G1 X-12.093 Y-11.716 Z-708.513 F2000
G1 B90.0 F1000
G1 X-12.093 Y-11.716 Z-688.361 F2000
G1 B90.0 F1000
G1 X-12.093 Y-11.716 Z-668.209 F2000
G1 B90.0 F1000
G1 X-12.093 Y-11.716 Z-648.056 F2000
G1 B90.0 F1000
G1 X-12.093 Y-11.716 Z-627.904 F2000
G1 B90.0 F1000
G1 X-12.093 Y-11.716 Z-607.752 F2000
G1 B78.74486804044399 F1000
G1 X-12.093 Y-11.716 Z-587.6 F2000
G1 B90.0 F1000
G1 X-213.615 Y28.588 Z-567.448 F2000
G1 B90.0 F1000
G1 X-213.615 Y28.588 Z-547.295 F2000
G1 B90.0 F1000
G1 X-213.615 Y28.588 Z-527.143 F2000
G1 B90.0 F1000
G1 X-213.615 Y28.588 Z-506.991 F2000
G1 B90.0 F1000
G1 X-213.615 Y28.588 Z-486.839 F2000
G1 B90.0 F1000
G1 X-213.615 Y28.588 Z-466.687 F2000
G1 B90.0 F1000
G1 X-213.615 Y28.588 Z-446.534 F2000
G1 B90.0 F1000
G1 X-213.615 Y28.588 Z-426.382 F2000
G1 B90.0 F1000
G1 X-213.615 Y28.588 Z-406.23 F2000
G1 B90.0 F1000
G1 X-213.615 Y28.588 Z-386.078 F2000
G1 B90.0 F1000
G1 X-213.615 Y28.588 Z-365.925 F2000
G1 B101.255131959556 F1000
G1 X-213.615 Y28.588 Z-345.773 F2000
G1 B90.0 F1000
G1 X-12.093 Y-11.716 Z-325.621 F2000
G1 B90.0 F1000
G1 X-12.093 Y-11.716 Z-305.469 F2000
G1 B90.0 F1000
G1 X-12.093 Y-11.716 Z-285.317 F2000
G1 B90.0 F1000
G1 X-12.093 Y-11.716 Z-265.164 F2000
G1 B90.0 F1000
G1 X-72.55 Y-11.716 Z-245.012 F2000
G1 B90.0 F1000
G1 X-12.093 Y-11.716 Z-224.86 F2000
G1 B90.0 F1000
G1 X-12.093 Y-11.716 Z-204.708 F2000
G1 B90.0 F1000
G1 X-12.093 Y-11.716 Z-184.556 F2000
G1 B90.0 F1000
G1 X-12.093 Y-11.716 Z-164.403 F2000
G1 B90.0 F1000
G1 X-12.093 Y-11.716 Z-144.251 F2000
G1 X-12.093 Y-11.716 Z-124.099 F2000
G1 X-19.275133243394247 Y-18.674229808947903 Z-124.099 F5000
M01
G1 X-19.275133243394247 Y-18.674229808947903 Z-708.513 F5000
M00
G1 B90.0 F1000
G1 X-12.093 Y-11.716 Z-708.513 F2000
G1 B90.0 F1000
G1 X-12.093 Y-11.716 Z-688.361 F2000
G1 B90.0 F1000
G1 X-12.093 Y-11.716 Z-668.209 F2000
G1 B90.0 F1000
G1 X-12.093 Y-11.716 Z-648.056 F2000
G1 B90.0 F1000
G1 X-12.093 Y-11.716 Z-627.904 F2000
G1 B90.0 F1000
G1 X-12.093 Y-11.716 Z-607.752 F2000
G1 B90.0 F1000
G1 X-12.093 Y-11.716 Z-587.6 F2000
G1 B90.0 F1000
G1 X-12.093 Y-11.716 Z-567.448 F2000
G1 B90.0 F1000
G1 X-12.093 Y-11.716 Z-547.295 F2000
G1 B90.0 F1000
G1 X-12.093 Y-11.716 Z-527.143 F2000
G1 B90.0 F1000
G1 X-12.093 Y-11.716 Z-506.991 F2000
G1 B90.0 F1000
G1 X-12.093 Y-11.716 Z-486.839 F2000
G1 B90.0 F1000
G1 X-12.093 Y-11.716 Z-466.687 F2000
G1 B90.0 F1000
G1 X-12.093 Y-11.716 Z-446.534 F2000
G1 B90.0 F1000
G1 X-12.093 Y-11.716 Z-426.382 F2000
G1 B90.0 F1000
G1 X-12.093 Y-11.716 Z-406.23 F2000
G1 B90.0 F1000
G1 X-12.093 Y-11.716 Z-386.078 F2000
G1 B90.0 F1000
G1 X-12.093 Y-11.716 Z-365.925 F2000
G1 B90.0 F1000
G1 X-12.093 Y-11.716 Z-345.773 F2000
G1 B90.0 F1000
G1 X-12.093 Y-11.716 Z-325.621 F2000
G1 B90.0 F1000
G1 X-12.093 Y-11.716 Z-305.469 F2000
G1 B90.0 F1000
G1 X-12.093 Y-11.716 Z-285.317 F2000
G1 B90.0 F1000
G1 X-12.093 Y-11.716 Z-265.164 F2000
G1 B90.0 F1000
G1 X-52.398 Y-11.716 Z-245.012 F2000
G1 B90.0 F1000
G1 X-12.093 Y-11.716 Z-224.86 F2000
G1 B90.0 F1000
G1 X-12.093 Y-11.716 Z-204.708 F2000
G1 B90.0 F1000
G1 X-12.093 Y-11.716 Z-184.556 F2000
G1 B90.0 F1000
G1 X-12.093 Y-11.716 Z-164.403 F2000
G1 B90.0 F1000
G1 X-12.093 Y-11.716 Z-144.251 F2000
G1 X-12.093 Y-11.716 Z-124.099 F2000
G1 X-19.275133243394247 Y-18.674229808947903 Z-124.099 F5000
M01
G1 X-19.275133243394247 Y-18.674229808947903 Z-708.513 F5000
M00
G1 B114.09441872170007 F1000
G1 X-12.093 Y-11.716 Z-708.513 F2000
G1 B90.0 F1000
G1 X-52.398 Y-31.868 Z-688.361 F2000
G1 B90.0 F1000
G1 X-72.55 Y-31.868 Z-668.209 F2000
G1 B107.54897275317384 F1000
G1 X-92.702 Y-31.868 Z-648.056 F2000
G1 B74.20666714116172 F1000
G1 X-153.159 Y-52.021 Z-627.904 F2000
G1 B90.0 F1000
G1 X-12.093 Y-11.716 Z-607.752 F2000
G1 B106.6210567137101 F1000
G1 X-12.093 Y-11.716 Z-587.6 F2000
G1 B90.0 F1000
G1 X-213.615 Y-72.173 Z-567.448 F2000
G1 B90.0 F1000
G1 X-213.615 Y-72.173 Z-547.295 F2000
G1 B90.0 F1000
G1 X-213.615 Y-72.173 Z-527.143 F2000
G1 B90.0 F1000
G1 X-213.615 Y-72.173 Z-506.991 F2000
G1 B90.0 F1000
G1 X-213.615 Y-72.173 Z-486.839 F2000
G1 B90.0 F1000
G1 X-213.615 Y-72.173 Z-466.687 F2000
G1 B90.0 F1000
G1 X-213.615 Y-72.173 Z-446.534 F2000
G1 B90.0 F1000
G1 X-213.615 Y-72.173 Z-426.382 F2000
G1 B90.0 F1000
G1 X-213.615 Y-72.173 Z-406.23 F2000
G1 B90.0 F1000
G1 X-213.615 Y-72.173 Z-386.078 F2000
G1 B90.0 F1000
G1 X-213.615 Y-72.173 Z-365.925 F2000
G1 B73.3789432862899 F1000
G1 X-213.615 Y-72.173 Z-345.773 F2000
G1 B90.0 F1000
G1 X-12.093 Y-11.716 Z-325.621 F2000
G1 B90.0 F1000
G1 X-12.093 Y-11.716 Z-305.469 F2000
G1 B111.4169742393836 F1000
G1 X-12.093 Y-11.716 Z-285.317 F2000
G1 B54.734270051131574 F1000
G1 X-112.854 Y-52.021 Z-265.164 F2000
G1 B90.0 F1000
G1 X-92.702 Y-31.868 Z-245.012 F2000
G1 B72.45184459019565 F1000
G1 X-72.55 Y-31.868 Z-224.86 F2000
G1 B90.0 F1000
G1 X-12.093 Y-11.716 Z-204.708 F2000
G1 B90.0 F1000
G1 X-12.093 Y-11.716 Z-184.556 F2000
G1 B90.0 F1000
G1 X-12.093 Y-11.716 Z-164.403 F2000
G1 B90.0 F1000
G1 X-12.093 Y-11.716 Z-144.251 F2000
G1 X-12.093 Y-11.716 Z-124.099 F2000
G1 X-19.275133243394247 Y-18.674229808947903 Z-124.099 F5000
M01
G1 X-19.275133243394247 Y-18.674229808947903 Z-708.513 F5000
M00
G1 B90.0 F1000
G1 X-12.093 Y-11.716 Z-708.513 F2000
G1 B115.87698558767002 F1000
G1 X-12.093 Y-11.716 Z-688.361 F2000
G1 B114.09463063147227 F1000
G1 X-92.702 Y-52.021 Z-668.209 F2000
G1 B114.09441872170007 F1000
G1 X-133.006 Y-72.173 Z-648.056 F2000
G1 B90.0 F1000
G1 X-173.311 Y-92.325 Z-627.904 F2000
G1 B90.0 F1000
G1 X-173.311 Y-92.325 Z-607.752 F2000
G1 B114.09484255211069 F1000
G1 X-173.311 Y-92.325 Z-587.6 F2000
G1 B90.0 F1000
G1 X-213.615 Y-112.477 Z-567.448 F2000
G1 B114.09441872170008 F1000
G1 X-213.615 Y-112.477 Z-547.295 F2000
G1 B90.0 F1000
G1 X-253.92 Y-132.629 Z-527.143 F2000
G1 B90.0 F1000
G1 X-253.92 Y-132.629 Z-506.991 F2000
G1 B90.0 F1000
G1 X-253.92 Y-132.629 Z-486.839 F2000
G1 B90.0 F1000
G1 X-253.92 Y-132.629 Z-466.687 F2000
G1 B90.0 F1000
G1 X-253.92 Y-132.629 Z-446.534 F2000
G1 B90.0 F1000
G1 X-253.92 Y-132.629 Z-426.382 F2000
G1 B90.0 F1000
G1 X-253.92 Y-132.629 Z-406.23 F2000
G1 B65.90579318772166 F1000
G1 X-253.92 Y-132.629 Z-386.078 F2000
G1 B90.0 F1000
G1 X-213.615 Y-112.477 Z-365.925 F2000
G1 B65.90515744788931 F1000
G1 X-213.615 Y-112.477 Z-345.773 F2000
G1 B90.0 F1000
G1 X-173.311 Y-92.325 Z-325.621 F2000
G1 B90.0 F1000
G1 X-173.311 Y-92.325 Z-305.469 F2000
G1 B90.0 F1000
G1 X-173.311 Y-92.325 Z-285.317 F2000
G1 B64.12357263112169 F1000
G1 X-173.311 Y-92.325 Z-265.164 F2000
G1 B90.0 F1000
G1 X-92.702 Y-52.021 Z-245.012 F2000
G1 B57.68820988381499 F1000
G1 X-72.55 Y-52.021 Z-224.86 F2000
G1 B90.0 F1000
G1 X-12.093 Y-11.716 Z-204.708 F2000
G1 B90.0 F1000
G1 X-12.093 Y-11.716 Z-184.556 F2000
G1 B90.0 F1000
G1 X-12.093 Y-11.716 Z-164.403 F2000
G1 B90.0 F1000
G1 X-12.093 Y-11.716 Z-144.251 F2000
G1 X-12.093 Y-11.716 Z-124.099 F2000
G1 X-19.275133243394247 Y-18.674229808947903 Z-124.099 F5000
M01
G1 X-19.275133243394247 Y-18.674229808947903 Z-708.513 F5000
M00
G1 B90.0 F1000
G1 X-12.093 Y-11.716 Z-708.513 F2000
G1 B90.0 F1000
G1 X-12.093 Y-11.716 Z-688.361 F2000
G1 B126.03994647249755 F1000
G1 X-12.093 Y-11.716 Z-668.209 F2000
G1 B125.26438968275463 F1000
G1 X-92.702 Y-72.173 Z-648.056 F2000
G1 B90.0 F1000
G1 X-112.854 Y-92.325 Z-627.904 F2000
G1 B51.88699384367815 F1000
G1 X-112.854 Y-92.325 Z-607.752 F2000
G1 B90.0 F1000
G1 X-12.093 Y-11.716 Z-587.6 F2000
G1 B130.3153551957209 F1000
G1 X-12.093 Y-11.716 Z-567.448 F2000
G1 B90.0 F1000
G1 X-153.159 Y-132.629 Z-547.295 F2000
G1 B49.68461675187294 F1000
G1 X-153.159 Y-132.629 Z-527.143 F2000
G1 B90.0 F1000
G1 X-12.093 Y-11.716 Z-506.991 F2000
G1 B90.0 F1000
G1 X-12.093 Y-11.716 Z-486.839 F2000
G1 B90.0 F1000
G1 X-12.093 Y-11.716 Z-466.687 F2000
G1 B90.0 F1000
G1 X-12.093 Y-11.716 Z-446.534 F2000
G1 B90.0 F1000
G1 X-12.093 Y-11.716 Z-426.382 F2000
G1 B130.3153832481271 F1000
G1 X-12.093 Y-11.716 Z-406.23 F2000
G1 B90.0 F1000
G1 X-153.159 Y-132.629 Z-386.078 F2000
G1 B49.68461675187294 F1000
G1 X-153.159 Y-132.629 Z-365.925 F2000
G1 B90.0 F1000
G1 X-12.093 Y-11.716 Z-345.773 F2000
G1 B90.0 F1000
G1 X-12.093 Y-11.716 Z-325.621 F2000
G1 B128.11300615632183 F1000
G1 X-12.093 Y-11.716 Z-305.469 F2000
G1 B54.73628045861547 F1000
G1 X-112.854 Y-92.325 Z-285.317 F2000
G1 B90.0 F1000
G1 X-92.702 Y-72.173 Z-265.164 F2000
G1 B53.959973961462225 F1000
G1 X-92.702 Y-72.173 Z-245.012 F2000
G1 B90.0 F1000
G1 X-12.093 Y-11.716 Z-224.86 F2000
G1 B90.0 F1000
G1 X-12.093 Y-11.716 Z-204.708 F2000
G1 B90.0 F1000
G1 X-12.093 Y-11.716 Z-184.556 F2000
G1 B90.0 F1000
G1 X-12.093 Y-11.716 Z-164.403 F2000
G1 B90.0 F1000
G1 X-12.093 Y-11.716 Z-144.251 F2000
G1 X-12.093 Y-11.716 Z-124.099 F2000
G1 X-19.275133243394247 Y-18.674229808947903 Z-124.099 F5000
M01
G1 X-19.275133243394247 Y-18.674229808947903 Z-708.513 F5000
M00
G1 B90.0 F1000
G1 X-12.093 Y-11.716 Z-708.513 F2000
G1 B90.0 F1000
G1 X-12.093 Y-11.716 Z-688.361 F2000
G1 B90.0 F1000
G1 X-12.093 Y-11.716 Z-668.209 F2000
G1 B90.0 F1000
G1 X-12.093 Y-11.716 Z-648.056 F2000
G1 B90.0 F1000
G1 X-12.093 Y-11.716 Z-627.904 F2000
G1 B90.0 F1000
G1 X-12.093 Y-11.716 Z-607.752 F2000
G1 B90.0 F1000
G1 X-12.093 Y-11.716 Z-587.6 F2000
G1 B90.0 F1000
G1 X-12.093 Y-11.716 Z-567.448 F2000
G1 B90.0 F1000
G1 X-12.093 Y-11.716 Z-547.295 F2000
G1 B90.0 F1000
G1 X-12.093 Y-11.716 Z-527.143 F2000
G1 B90.0 F1000
G1 X-12.093 Y-11.716 Z-506.991 F2000
G1 B90.0 F1000
G1 X-12.093 Y-11.716 Z-486.839 F2000
G1 B90.0 F1000
G1 X-12.093 Y-11.716 Z-466.687 F2000
G1 B90.0 F1000
G1 X-12.093 Y-11.716 Z-446.534 F2000
G1 B90.0 F1000
G1 X-12.093 Y-11.716 Z-426.382 F2000
G1 B90.0 F1000
G1 X-12.093 Y-11.716 Z-406.23 F2000
G1 B90.0 F1000
G1 X-12.093 Y-11.716 Z-386.078 F2000
G1 B90.0 F1000
G1 X-12.093 Y-11.716 Z-365.925 F2000
G1 B90.0 F1000
G1 X-12.093 Y-11.716 Z-345.773 F2000
G1 B90.0 F1000
G1 X-12.093 Y-11.716 Z-325.621 F2000
G1 B90.0 F1000
G1 X-12.093 Y-11.716 Z-305.469 F2000
G1 B90.0 F1000
G1 X-12.093 Y-11.716 Z-285.317 F2000
G1 B90.0 F1000
G1 X-12.093 Y-11.716 Z-265.164 F2000
G1 B90.0 F1000
G1 X-12.093 Y-11.716 Z-245.012 F2000
G1 B90.0 F1000
G1 X-12.093 Y-11.716 Z-224.86 F2000
G1 B90.0 F1000
G1 X-12.093 Y-11.716 Z-204.708 F2000
G1 B90.0 F1000
G1 X-12.093 Y-11.716 Z-184.556 F2000
G1 B90.0 F1000
G1 X-12.093 Y-11.716 Z-164.403 F2000
G1 B90.0 F1000
G1 X-12.093 Y-11.716 Z-144.251 F2000
G1 X-12.093 Y-11.716 Z-124.099 F2000
G1 X-19.275133243394247 Y-18.674229808947903 Z-124.099 F5000
M01
G1 X-19.275133243394247 Y-18.674229808947903 Z-708.513 F5000
M00
G1 B90.0 F1000
G1 X-12.093 Y-11.716 Z-708.513 F2000
G1 B90.0 F1000
G1 X-12.093 Y-11.716 Z-688.361 F2000
G1 B143.3004115175672 F1000
G1 X-12.093 Y-11.716 Z-668.209 F2000
G1 B125.26438968275463 F1000
G1 X-52.398 Y-72.173 Z-648.056 F2000
G1 B134.99999999999994 F1000
G1 X-72.55 Y-92.325 Z-627.904 F2000
G1 B32.31166167810188 F1000
G1 X-72.55 Y-112.477 Z-607.752 F2000
G1 B90.0 F1000
G1 X-12.093 Y-11.716 Z-587.6 F2000
G1 B143.92930569324264 F1000
G1 X-12.093 Y-11.716 Z-567.448 F2000
G1 B90.0 F1000
G1 X-112.854 Y-152.782 Z-547.295 F2000
G1 B90.0 F1000
G1 X-112.854 Y-152.782 Z-527.143 F2000
G1 B90.0 F1000
G1 X-112.854 Y-152.782 Z-506.991 F2000
G1 B90.0 F1000
G1 X-112.854 Y-152.782 Z-486.839 F2000
G1 B90.0 F1000
G1 X-112.854 Y-152.782 Z-466.687 F2000
G1 B90.0 F1000
G1 X-112.854 Y-152.782 Z-446.534 F2000
G1 B90.0 F1000
G1 X-112.854 Y-152.782 Z-426.382 F2000
G1 B90.0 F1000
G1 X-112.854 Y-152.782 Z-406.23 F2000
G1 B36.07069430675736 F1000
G1 X-112.854 Y-152.782 Z-386.078 F2000
G1 B90.0 F1000
G1 X-12.093 Y-11.716 Z-365.925 F2000
G1 B90.0 F1000
G1 X-12.093 Y-11.716 Z-345.773 F2000
G1 B147.68833832189813 F1000
G1 X-12.093 Y-11.716 Z-325.621 F2000
G1 B44.99999999999998 F1000
G1 X-72.55 Y-112.477 Z-305.469 F2000
G1 B90.0 F1000
G1 X-72.55 Y-92.325 Z-285.317 F2000
G1 B54.735610317245346 F1000
G1 X-72.55 Y-92.325 Z-265.164 F2000
G1 B36.699316022311535 F1000
G1 X-52.398 Y-72.173 Z-245.012 F2000
G1 B90.0 F1000
G1 X-12.093 Y-11.716 Z-224.86 F2000
G1 B90.0 F1000
G1 X-12.093 Y-11.716 Z-204.708 F2000
G1 B90.0 F1000
G1 X-12.093 Y-11.716 Z-184.556 F2000
G1 B90.0 F1000
G1 X-12.093 Y-11.716 Z-164.403 F2000
G1 B90.0 F1000
G1 X-12.093 Y-11.716 Z-144.251 F2000
G1 X-12.093 Y-11.716 Z-124.099 F2000
G1 X-19.275133243394247 Y-18.674229808947903 Z-124.099 F5000
M01
G1 X-19.275133243394247 Y-18.674229808947903 Z-708.513 F5000
M00
G1 B90.0 F1000
G1 X-12.093 Y-11.716 Z-708.513 F2000
G1 B144.7362804503023 F1000
G1 X-12.093 Y-11.716 Z-688.361 F2000
G1 B144.73427005113166 F1000
G1 X-32.245 Y-52.021 Z-668.209 F2000
G1 B134.99999999999994 F1000
G1 X-52.398 Y-92.325 Z-648.056 F2000
G1 B144.7362804503023 F1000
G1 X-52.398 Y-112.477 Z-627.904 F2000
G1 B135.0000000000001 F1000
G1 X-72.55 Y-152.782 Z-607.752 F2000
G1 B90.0 F1000
G1 X-72.55 Y-172.934 Z-587.6 F2000
G1 B134.99857844487033 F1000
G1 X-72.55 Y-172.934 Z-567.448 F2000
G1 B90.0 F1000
G1 X-72.55 Y-193.086 Z-547.295 F2000
G1 B19.35971782152685 F1000
G1 X-72.55 Y-193.086 Z-527.143 F2000
G1 B90.0 F1000
G1 X-12.093 Y-11.716 Z-506.991 F2000
G1 B90.0 F1000
G1 X-12.093 Y-11.716 Z-486.839 F2000
G1 B90.0 F1000
G1 X-12.093 Y-11.716 Z-466.687 F2000
G1 B90.0 F1000
G1 X-12.093 Y-11.716 Z-446.534 F2000
G1 B90.0 F1000
G1 X-12.093 Y-11.716 Z-426.382 F2000
G1 B90.0 F1000
G1 X-12.093 Y-11.716 Z-406.23 F2000
G1 B90.0 F1000
G1 X-12.093 Y-11.716 Z-386.078 F2000
G1 B158.43182196512404 F1000
G1 X-12.093 Y-11.716 Z-365.925 F2000
G1 B90.0 F1000
G1 X-72.55 Y-172.934 Z-345.773 F2000
G1 B45.0 F1000
G1 X-72.55 Y-172.934 Z-325.621 F2000
G1 B35.26371954969766 F1000
G1 X-72.55 Y-152.782 Z-305.469 F2000
G1 B45.001421555129696 F1000
G1 X-52.398 Y-112.477 Z-285.317 F2000
G1 B90.0 F1000
G1 X-52.398 Y-92.325 Z-265.164 F2000
G1 B35.265059829667166 F1000
G1 X-52.398 Y-92.325 Z-245.012 F2000
G1 B35.263719549697704 F1000
G1 X-32.245 Y-52.021 Z-224.86 F2000
G1 B90.0 F1000
G1 X-12.093 Y-11.716 Z-204.708 F2000
G1 B90.0 F1000
G1 X-12.093 Y-11.716 Z-184.556 F2000
G1 B90.0 F1000
G1 X-12.093 Y-11.716 Z-164.403 F2000
G1 B90.0 F1000
G1 X-12.093 Y-11.716 Z-144.251 F2000
G1 X-12.093 Y-11.716 Z-124.099 F2000
G1 X-19.275133243394247 Y-18.674229808947903 Z-124.099 F5000
M01
G1 X-19.275133243394247 Y-18.674229808947903 Z-708.513 F5000
M00
G1 B90.0 F1000
G1 X-12.093 Y-11.716 Z-708.513 F2000
G1 B164.20697987128793 F1000
G1 X-12.093 Y-11.716 Z-688.361 F2000
G1 B134.99857844487045 F1000
G1 X-32.245 Y-112.477 Z-668.209 F2000
G1 B135.00142155512964 F1000
G1 X-32.245 Y-132.629 Z-648.056 F2000
G1 B90.0 F1000
G1 X-32.245 Y-152.782 Z-627.904 F2000
G1 B90.0 F1000
G1 X-32.245 Y-152.782 Z-607.752 F2000
G1 B90.0 F1000
G1 X-32.245 Y-152.782 Z-587.6 F2000
G1 B11.421871921390316 F1000
G1 X-32.245 Y-152.782 Z-567.448 F2000
G1 B171.06995505136555 F1000
G1 X-12.093 Y-11.716 Z-547.295 F2000
G1 B8.930044948634546 F1000
G1 X-32.245 Y-193.086 Z-527.143 F2000
G1 B90.0 F1000
G1 X-12.093 Y-11.716 Z-506.991 F2000
G1 B90.0 F1000
G1 X-12.093 Y-11.716 Z-486.839 F2000
G1 B90.0 F1000
G1 X-12.093 Y-11.716 Z-466.687 F2000
G1 B90.0 F1000
G1 X-12.093 Y-11.716 Z-446.534 F2000
G1 B90.0 F1000
G1 X-12.093 Y-11.716 Z-426.382 F2000
G1 B90.0 F1000
G1 X-12.093 Y-11.716 Z-406.23 F2000
G1 B90.0 F1000
G1 X-12.093 Y-11.716 Z-386.078 F2000
G1 B168.57840401986428 F1000
G1 X-12.093 Y-11.716 Z-365.925 F2000
G1 B90.0 F1000
G1 X-32.245 Y-152.782 Z-345.773 F2000
G1 B90.0 F1000
G1 X-32.245 Y-152.782 Z-325.621 F2000
G1 B90.0 F1000
G1 X-32.245 Y-152.782 Z-305.469 F2000
G1 B90.0 F1000
G1 X-32.245 Y-152.782 Z-285.317 F2000
G1 B44.99857844487028 F1000
G1 X-32.245 Y-152.782 Z-265.164 F2000
G1 B45.0 F1000
G1 X-32.245 Y-132.629 Z-245.012 F2000
G1 B15.79302012871206 F1000
G1 X-32.245 Y-112.477 Z-224.86 F2000
G1 B90.0 F1000
G1 X-12.093 Y-11.716 Z-204.708 F2000
G1 B90.0 F1000
G1 X-12.093 Y-11.716 Z-184.556 F2000
G1 B90.0 F1000
G1 X-12.093 Y-11.716 Z-164.403 F2000
G1 B90.0 F1000
G1 X-12.093 Y-11.716 Z-144.251 F2000
G1 X-12.093 Y-11.716 Z-124.099 F2000
G1 X-19.275133243394247 Y-18.674229808947903 Z-124.099 F5000
M01
G1 X-19.275133243394247 Y-18.674229808947903 Z-708.513 F5000
M00
G1 B90.0 F1000
G1 X-12.093 Y-11.716 Z-708.513 F2000
G1 B161.56533549092558 F1000
G1 X-12.093 Y-11.716 Z-688.361 F2000
G1 B18.435517447795508 F1000
G1 X-12.093 Y-72.173 Z-668.209 F2000
G1 B90.0 F1000
G1 X-12.093 Y-11.716 Z-648.056 F2000
G1 B90.0 F1000
G1 X-12.093 Y-11.716 Z-627.904 F2000
G1 B90.0 F1000
G1 X-12.093 Y-11.716 Z-607.752 F2000
G1 B171.8700113714959 F1000
G1 X-12.093 Y-11.716 Z-587.6 F2000
G1 B134.99857844487028 F1000
G1 X-12.093 Y-152.782 Z-567.448 F2000
G1 B144.7356103172454 F1000
G1 X-12.093 Y-172.934 Z-547.295 F2000
G1 B8.049388135808266 F1000
G1 X8.059 Y-213.238 Z-527.143 F2000
G1 B90.0 F1000
G1 X-12.093 Y-11.716 Z-506.991 F2000
G1 B90.0 F1000
G1 X-12.093 Y-11.716 Z-486.839 F2000
G1 B90.0 F1000
G1 X-12.093 Y-11.716 Z-466.687 F2000
G1 B90.0 F1000
G1 X-12.093 Y-11.716 Z-446.534 F2000
G1 B90.0 F1000
G1 X-12.093 Y-11.716 Z-426.382 F2000
G1 B171.95061186419173 F1000
G1 X-12.093 Y-11.716 Z-406.23 F2000
G1 B8.049585237496162 F1000
G1 X8.059 Y-213.238 Z-386.078 F2000
G1 B171.87001137149596 F1000
G1 X-12.093 Y-11.716 Z-365.925 F2000
G1 B8.129988628504119 F1000
G1 X-12.093 Y-152.782 Z-345.773 F2000
G1 B90.0 F1000
G1 X-12.093 Y-11.716 Z-325.621 F2000
G1 B90.0 F1000
G1 X-12.093 Y-11.716 Z-305.469 F2000
G1 B90.0 F1000
G1 X-12.093 Y-11.716 Z-285.317 F2000
G1 B161.5653354909256 F1000
G1 X-12.093 Y-11.716 Z-265.164 F2000
G1 B44.99999999999998 F1000
G1 X-12.093 Y-72.173 Z-245.012 F2000
G1 B26.564482552204424 F1000
G1 X-12.093 Y-52.021 Z-224.86 F2000
G1 B90.0 F1000
G1 X-12.093 Y-11.716 Z-204.708 F2000
G1 B90.0 F1000
G1 X-12.093 Y-11.716 Z-184.556 F2000
G1 B90.0 F1000
G1 X-12.093 Y-11.716 Z-164.403 F2000
G1 B90.0 F1000
G1 X-12.093 Y-11.716 Z-144.251 F2000
G1 X-12.093 Y-11.716 Z-124.099 F2000
G1 X-19.275133243394247 Y-18.674229808947903 Z-124.099 F5000
M01
G1 X-19.275133243394247 Y-18.674229808947903 Z-708.513 F5000
M00
G1 B90.0 F1000
G1 X-12.093 Y-11.716 Z-708.513 F2000
G1 B153.43551744779555 F1000
G1 X-12.093 Y-11.716 Z-688.361 F2000
G1 B26.565619796308262 F1000
G1 X-12.093 Y-52.021 Z-668.209 F2000
G1 B90.0 F1000
G1 X-12.093 Y-11.716 Z-648.056 F2000
G1 B162.28476311795265 F1000
G1 X-12.093 Y-11.716 Z-627.904 F2000
G1 B135.0000000000001 F1000
G1 X28.211 Y-152.782 Z-607.752 F2000
G1 B90.0 F1000
G1 X28.211 Y-172.934 Z-587.6 F2000
G1 B134.99857844487033 F1000
G1 X28.211 Y-172.934 Z-567.448 F2000
G1 B90.0 F1000
G1 X28.211 Y-193.086 Z-547.295 F2000
G1 B13.952588547175905 F1000
G1 X28.211 Y-193.086 Z-527.143 F2000
G1 B90.0 F1000
G1 X-12.093 Y-11.716 Z-506.991 F2000
G1 B90.0 F1000
G1 X-12.093 Y-11.716 Z-486.839 F2000
G1 B90.0 F1000
G1 X-12.093 Y-11.716 Z-466.687 F2000
G1 B90.0 F1000
G1 X-12.093 Y-11.716 Z-446.534 F2000
G1 B90.0 F1000
G1 X-12.093 Y-11.716 Z-426.382 F2000
G1 B90.0 F1000
G1 X-12.093 Y-11.716 Z-406.23 F2000
G1 B90.0 F1000
G1 X-12.093 Y-11.716 Z-386.078 F2000
G1 B164.38405486953752 F1000
G1 X-12.093 Y-11.716 Z-365.925 F2000
G1 B90.0 F1000
G1 X28.211 Y-172.934 Z-345.773 F2000
G1 B45.0 F1000
G1 X28.211 Y-172.934 Z-325.621 F2000
G1 B90.0 F1000
G1 X28.211 Y-152.782 Z-305.469 F2000
G1 B17.71540170851822 F1000
G1 X28.211 Y-152.782 Z-285.317 F2000
G1 B160.52900274442663 F1000
G1 X-12.093 Y-11.716 Z-265.164 F2000
G1 B25.239036292457623 F1000
G1 X8.059 Y-92.325 Z-245.012 F2000
G1 B45.00000000000003 F1000
G1 X-12.093 Y-31.868 Z-224.86 F2000
G1 B90.0 F1000
G1 X-12.093 Y-11.716 Z-204.708 F2000
G1 B90.0 F1000
G1 X-12.093 Y-11.716 Z-184.556 F2000
G1 B90.0 F1000
G1 X-12.093 Y-11.716 Z-164.403 F2000
G1 B90.0 F1000
G1 X-12.093 Y-11.716 Z-144.251 F2000
G1 X-12.093 Y-11.716 Z-124.099 F2000
G1 X-19.275133243394247 Y-18.674229808947903 Z-124.099 F5000
M01
G1 X-19.275133243394247 Y-18.674229808947903 Z-708.513 F5000
M00
G1 B144.7362804503023 F1000
G1 X-12.093 Y-11.716 Z-708.513 F2000
G1 B134.99999999999994 F1000
G1 X8.059 Y-52.021 Z-688.361 F2000
G1 B144.7349401703329 F1000
G1 X8.059 Y-72.173 Z-668.209 F2000
G1 B125.26371954138449 F1000
G1 X28.211 Y-112.477 Z-648.056 F2000
G1 B27.791462007502226 F1000
G1 X48.364 Y-132.629 Z-627.904 F2000
G1 B149.5013357008014 F1000
G1 X-12.093 Y-11.716 Z-607.752 F2000
G1 B90.0 F1000
G1 X68.516 Y-152.782 Z-587.6 F2000
G1 B134.99857844487028 F1000
G1 X68.516 Y-152.782 Z-567.448 F2000
G1 B27.26602742455608 F1000
G1 X68.516 Y-172.934 Z-547.295 F2000
G1 B90.0 F1000
G1 X-12.093 Y-11.716 Z-527.143 F2000
G1 B90.0 F1000
G1 X-12.093 Y-11.716 Z-506.991 F2000
G1 B90.0 F1000
G1 X-12.093 Y-11.716 Z-486.839 F2000
G1 B90.0 F1000
G1 X-12.093 Y-11.716 Z-466.687 F2000
G1 B90.0 F1000
G1 X-12.093 Y-11.716 Z-446.534 F2000
G1 B90.0 F1000
G1 X-12.093 Y-11.716 Z-426.382 F2000
G1 B90.0 F1000
G1 X-12.093 Y-11.716 Z-406.23 F2000
G1 B90.0 F1000
G1 X-12.093 Y-11.716 Z-386.078 F2000
G1 B149.5013357008014 F1000
G1 X-12.093 Y-11.716 Z-365.925 F2000
G1 B90.0 F1000
G1 X68.516 Y-152.782 Z-345.773 F2000
G1 B90.0 F1000
G1 X68.516 Y-152.782 Z-325.621 F2000
G1 B30.49866429919859 F1000
G1 X68.516 Y-152.782 Z-305.469 F2000
G1 B152.20842072009606 F1000
G1 X-12.093 Y-11.716 Z-285.317 F2000
G1 B54.73628045861547 F1000
G1 X48.364 Y-132.629 Z-265.164 F2000
G1 B35.26438968275465 F1000
G1 X28.211 Y-112.477 Z-245.012 F2000
G1 B45.00000000000003 F1000
G1 X8.059 Y-72.173 Z-224.86 F2000
G1 B35.263719549697676 F1000
G1 X8.059 Y-52.021 Z-204.708 F2000
G1 B90.0 F1000
G1 X-12.093 Y-11.716 Z-184.556 F2000
G1 B90.0 F1000
G1 X-12.093 Y-11.716 Z-164.403 F2000
G1 B90.0 F1000
G1 X-12.093 Y-11.716 Z-144.251 F2000
G1 X-12.093 Y-11.716 Z-124.099 F2000
G1 X-19.275133243394247 Y-18.674229808947903 Z-124.099 F5000
M01
G1 X-19.275133243394247 Y-18.674229808947903 Z-708.513 F5000
M00
G1 B90.0 F1000
G1 X-12.093 Y-11.716 Z-708.513 F2000
G1 B143.30122890507744 F1000
G1 X-12.093 Y-11.716 Z-688.361 F2000
G1 B125.26304943880952 F1000
G1 X28.211 Y-72.173 Z-668.209 F2000
G1 B125.26438968275463 F1000
G1 X48.364 Y-92.325 Z-648.056 F2000
G1 B125.26438968275461 F1000
G1 X68.516 Y-112.477 Z-627.904 F2000
G1 B90.0 F1000
G1 X88.668 Y-132.629 Z-607.752 F2000
G1 B125.26572994886841 F1000
G1 X88.668 Y-132.629 Z-587.6 F2000
G1 B125.26371954138452 F1000
G1 X108.82 Y-152.782 Z-567.448 F2000
G1 B90.0 F1000
G1 X128.972 Y-172.934 Z-547.295 F2000
G1 B90.0 F1000
G1 X128.972 Y-172.934 Z-527.143 F2000
G1 B90.0 F1000
G1 X128.972 Y-172.934 Z-506.991 F2000
G1 B90.0 F1000
G1 X128.972 Y-172.934 Z-486.839 F2000
G1 B90.0 F1000
G1 X128.972 Y-172.934 Z-466.687 F2000
G1 B90.0 F1000
G1 X128.972 Y-172.934 Z-446.534 F2000
G1 B90.0 F1000
G1 X128.972 Y-172.934 Z-426.382 F2000
G1 B90.0 F1000
G1 X128.972 Y-172.934 Z-406.23 F2000
G1 B90.0 F1000
G1 X128.972 Y-172.934 Z-386.078 F2000
G1 B54.73561031724537 F1000
G1 X128.972 Y-172.934 Z-365.925 F2000
G1 B90.0 F1000
G1 X108.82 Y-152.782 Z-345.773 F2000
G1 B54.73427005113155 F1000
G1 X108.82 Y-152.782 Z-325.621 F2000
G1 B90.0 F1000
G1 X88.668 Y-132.629 Z-305.469 F2000
G1 B54.73628045861549 F1000
G1 X88.668 Y-132.629 Z-285.317 F2000
G1 B54.735610317245346 F1000
G1 X68.516 Y-112.477 Z-265.164 F2000
G1 B54.73628045861544 F1000
G1 X48.364 Y-92.325 Z-245.012 F2000
G1 B36.69877109492258 F1000
G1 X28.211 Y-72.173 Z-224.86 F2000
G1 B90.0 F1000
G1 X-12.093 Y-11.716 Z-204.708 F2000
G1 B90.0 F1000
G1 X-12.093 Y-11.716 Z-184.556 F2000
G1 B90.0 F1000
G1 X-12.093 Y-11.716 Z-164.403 F2000
G1 B90.0 F1000
G1 X-12.093 Y-11.716 Z-144.251 F2000
G1 X-12.093 Y-11.716 Z-124.099 F2000
G1 X-19.275133243394247 Y-18.674229808947903 Z-124.099 F5000
M01
G1 X-19.275133243394247 Y-18.674229808947903 Z-708.513 F5000
M00
G1 B125.26438968275463 F1000
G1 X-12.093 Y-11.716 Z-708.513 F2000
G1 B126.04002603853779 F1000
G1 X8.059 Y-31.868 Z-688.361 F2000
G1 B125.26371954138462 F1000
G1 X88.668 Y-92.325 Z-668.209 F2000
G1 B90.0 F1000
G1 X108.82 Y-112.477 Z-648.056 F2000
G1 B114.09441872170005 F1000
G1 X108.82 Y-112.477 Z-627.904 F2000
G1 B125.2657299488685 F1000
G1 X149.125 Y-132.629 Z-607.752 F2000
G1 B90.0 F1000
G1 X169.277 Y-152.782 Z-587.6 F2000
G1 B125.26371954138452 F1000
G1 X169.277 Y-152.782 Z-567.448 F2000
G1 B90.0 F1000
G1 X189.429 Y-172.934 Z-547.295 F2000
G1 B90.0 F1000
G1 X189.429 Y-172.934 Z-527.143 F2000
G1 B90.0 F1000
G1 X189.429 Y-172.934 Z-506.991 F2000
G1 B90.0 F1000
G1 X189.429 Y-172.934 Z-486.839 F2000
G1 B90.0 F1000
G1 X189.429 Y-172.934 Z-466.687 F2000
G1 B90.0 F1000
G1 X189.429 Y-172.934 Z-446.534 F2000
G1 B90.0 F1000
G1 X189.429 Y-172.934 Z-426.382 F2000
G1 B90.0 F1000
G1 X189.429 Y-172.934 Z-406.23 F2000
G1 B54.73628045861546 F1000
G1 X189.429 Y-172.934 Z-386.078 F2000
G1 B90.0 F1000
G1 X169.277 Y-152.782 Z-365.925 F2000
G1 B90.0 F1000
G1 X169.277 Y-152.782 Z-345.773 F2000
G1 B54.73427005113155 F1000
G1 X169.277 Y-152.782 Z-325.621 F2000
G1 B65.90558127829995 F1000
G1 X149.125 Y-132.629 Z-305.469 F2000
G1 B90.0 F1000
G1 X108.82 Y-112.477 Z-285.317 F2000
G1 B90.0 F1000
G1 X108.82 Y-112.477 Z-265.164 F2000
G1 B54.73561031724533 F1000
G1 X108.82 Y-112.477 Z-245.012 F2000
G1 B53.959973961462225 F1000
G1 X88.668 Y-92.325 Z-224.86 F2000
G1 B54.735610317245346 F1000
G1 X8.059 Y-31.868 Z-204.708 F2000
G1 B90.0 F1000
G1 X-12.093 Y-11.716 Z-184.556 F2000
G1 B90.0 F1000
G1 X-12.093 Y-11.716 Z-164.403 F2000
G1 B90.0 F1000
G1 X-12.093 Y-11.716 Z-144.251 F2000
G1 X-12.093 Y-11.716 Z-124.099 F2000
G1 X-19.275133243394247 Y-18.674229808947903 Z-124.099 F5000
M01
G1 X-19.275133243394247 Y-18.674229808947903 Z-708.513 F5000
M00
G1 B122.31179011618501 F1000
G1 X-12.093 Y-11.716 Z-708.513 F2000
G1 B90.0 F1000
G1 X48.364 Y-52.021 Z-688.361 F2000
G1 B122.31140479319482 F1000
G1 X68.516 Y-52.021 Z-668.209 F2000
G1 B90.0 F1000
G1 X128.972 Y-92.325 Z-648.056 F2000
G1 B90.0 F1000
G1 X149.125 Y-92.325 Z-627.904 F2000
G1 B125.26438968275471 F1000
G1 X149.125 Y-92.325 Z-607.752 F2000
G1 B90.0 F1000
G1 X169.277 Y-112.477 Z-587.6 F2000
G1 B90.0 F1000
G1 X169.277 Y-112.477 Z-567.448 F2000
G1 B90.0 F1000
G1 X169.277 Y-112.477 Z-547.295 F2000
G1 B90.0 F1000
G1 X189.429 Y-112.477 Z-527.143 F2000
G1 B90.0 F1000
G1 X209.581 Y-112.477 Z-506.991 F2000
G1 B90.0 F1000
G1 X209.581 Y-112.477 Z-486.839 F2000
G1 B90.0 F1000
G1 X209.581 Y-112.477 Z-466.687 F2000
G1 B90.0 F1000
G1 X209.581 Y-112.477 Z-446.534 F2000
G1 B90.0 F1000
G1 X209.581 Y-112.477 Z-426.382 F2000
G1 B90.0 F1000
G1 X209.581 Y-112.477 Z-406.23 F2000
G1 B90.0 F1000
G1 X189.429 Y-112.477 Z-386.078 F2000
G1 B90.0 F1000
G1 X169.277 Y-112.477 Z-365.925 F2000
G1 B90.0 F1000
G1 X169.277 Y-112.477 Z-345.773 F2000
G1 B54.73561031724533 F1000
G1 X169.277 Y-112.477 Z-325.621 F2000
G1 B90.0 F1000
G1 X149.125 Y-92.325 Z-305.469 F2000
G1 B90.0 F1000
G1 X149.125 Y-92.325 Z-285.317 F2000
G1 B65.90558127829993 F1000
G1 X149.125 Y-92.325 Z-265.164 F2000
G1 B65.9051574478893 F1000
G1 X108.82 Y-72.173 Z-245.012 F2000
G1 B65.90452171016004 F1000
G1 X68.516 Y-52.021 Z-224.86 F2000
G1 B65.9051574478893 F1000
G1 X28.211 Y-31.868 Z-204.708 F2000
G1 B90.0 F1000
G1 X-12.093 Y-11.716 Z-184.556 F2000
G1 B90.0 F1000
G1 X-12.093 Y-11.716 Z-164.403 F2000
G1 B90.0 F1000
G1 X-12.093 Y-11.716 Z-144.251 F2000
G1 X-12.093 Y-11.716 Z-124.099 F2000
G1 X-19.275133243394247 Y-18.674229808947903 Z-124.099 F5000
M01
G1 X56.71423828339734 Y-37.37013782183663 Z-708.513 F5000
M00
G1 B90.0 F1000
G1 X48.364 Y-31.868 Z-708.513 F2000
G1 B90.0 F1000
G1 X68.516 Y-31.868 Z-688.361 F2000
G1 B114.09569020662244 F1000
G1 X68.516 Y-31.868 Z-668.209 F2000
G1 B90.0 F1000
G1 X108.82 Y-52.021 Z-648.056 F2000
G1 B107.54815540980437 F1000
G1 X128.972 Y-52.021 Z-627.904 F2000
G1 B90.0 F1000
G1 X189.429 Y-72.173 Z-607.752 F2000
G1 B90.0 F1000
G1 X189.429 Y-72.173 Z-587.6 F2000
G1 B90.0 F1000
G1 X189.429 Y-72.173 Z-567.448 F2000
G1 B90.0 F1000
G1 X189.429 Y-72.173 Z-547.295 F2000
G1 B90.0 F1000
G1 X189.429 Y-72.173 Z-527.143 F2000
G1 B90.0 F1000
G1 X209.581 Y-72.173 Z-506.991 F2000
G1 B90.0 F1000
G1 X209.581 Y-72.173 Z-486.839 F2000
G1 B90.0 F1000
G1 X209.581 Y-72.173 Z-466.687 F2000
G1 B90.0 F1000
G1 X209.581 Y-72.173 Z-446.534 F2000
G1 B90.0 F1000
G1 X209.581 Y-72.173 Z-426.382 F2000
G1 B90.0 F1000
G1 X209.581 Y-72.173 Z-406.23 F2000
G1 B90.0 F1000
G1 X189.429 Y-72.173 Z-386.078 F2000
G1 B90.0 F1000
G1 X189.429 Y-72.173 Z-365.925 F2000
G1 B90.0 F1000
G1 X189.429 Y-72.173 Z-345.773 F2000
G1 B90.0 F1000
G1 X189.429 Y-72.173 Z-325.621 F2000
G1 B90.0 F1000
G1 X189.429 Y-72.173 Z-305.469 F2000
G1 B72.4519263239242 F1000
G1 X189.429 Y-72.173 Z-285.317 F2000
G1 B90.0 F1000
G1 X128.972 Y-52.021 Z-265.164 F2000
G1 B65.90409786572856 F1000
G1 X108.82 Y-52.021 Z-245.012 F2000
G1 B90.0 F1000
G1 X68.516 Y-31.868 Z-224.86 F2000
G1 B72.45184459019563 F1000
G1 X48.364 Y-31.868 Z-204.708 F2000
G1 B90.0 F1000
G1 X-12.093 Y-11.716 Z-184.556 F2000
G1 B90.0 F1000
G1 X-12.093 Y-11.716 Z-164.403 F2000
G1 B90.0 F1000
G1 X-12.093 Y-11.716 Z-144.251 F2000
G1 X-12.093 Y-11.716 Z-124.099 F2000
G1 X-19.275133243394247 Y-18.674229808947903 Z-124.099 F5000
M01
G1 X-19.275133243394247 Y-18.674229808947903 Z-708.513 F5000
M00
G1 B90.0 F1000
G1 X-12.093 Y-11.716 Z-708.513 F2000
G1 B90.0 F1000
G1 X-12.093 Y-11.716 Z-688.361 F2000
G1 B90.0 F1000
G1 X28.211 Y-11.716 Z-668.209 F2000
G1 B90.0 F1000
G1 X-12.093 Y-11.716 Z-648.056 F2000
G1 B90.0 F1000
G1 X-12.093 Y-11.716 Z-627.904 F2000
G1 B90.0 F1000
G1 X-12.093 Y-11.716 Z-607.752 F2000
G1 B90.0 F1000
G1 X-12.093 Y-11.716 Z-587.6 F2000
G1 B90.0 F1000
G1 X-12.093 Y-11.716 Z-567.448 F2000
G1 B90.0 F1000
G1 X-12.093 Y-11.716 Z-547.295 F2000
G1 B90.0 F1000
G1 X-12.093 Y-11.716 Z-527.143 F2000
G1 B90.0 F1000
G1 X-12.093 Y-11.716 Z-506.991 F2000
G1 B90.0 F1000
G1 X-12.093 Y-11.716 Z-486.839 F2000
G1 B90.0 F1000
G1 X-12.093 Y-11.716 Z-466.687 F2000
G1 B90.0 F1000
G1 X-12.093 Y-11.716 Z-446.534 F2000
G1 B90.0 F1000
G1 X-12.093 Y-11.716 Z-426.382 F2000
G1 B90.0 F1000
G1 X-12.093 Y-11.716 Z-406.23 F2000
G1 B90.0 F1000
G1 X-12.093 Y-11.716 Z-386.078 F2000
G1 B90.0 F1000
G1 X-12.093 Y-11.716 Z-365.925 F2000
G1 B90.0 F1000
G1 X-12.093 Y-11.716 Z-345.773 F2000
G1 B90.0 F1000
G1 X-12.093 Y-11.716 Z-325.621 F2000
G1 B90.0 F1000
G1 X-12.093 Y-11.716 Z-305.469 F2000
G1 B90.0 F1000
G1 X-12.093 Y-11.716 Z-285.317 F2000
G1 B90.0 F1000
G1 X-12.093 Y-11.716 Z-265.164 F2000
G1 B90.0 F1000
G1 X48.364 Y-11.716 Z-245.012 F2000
G1 B90.0 F1000
G1 X8.059 Y-11.716 Z-224.86 F2000
G1 B90.0 F1000
G1 X-12.093 Y-11.716 Z-204.708 F2000
G1 B90.0 F1000
G1 X-12.093 Y-11.716 Z-184.556 F2000
G1 B90.0 F1000
G1 X-12.093 Y-11.716 Z-164.403 F2000
G1 B90.0 F1000
G1 X-12.093 Y-11.716 Z-144.251 F2000
G1 X-12.093 Y-11.716 Z-124.099 F2000
G1 X-19.275133243394247 Y-18.674229808947903 Z-124.099 F5000
M01
G1 X-19.275133243394247 Y-18.674229808947903 Z-708.513 F5000
M00
G1 B90.0 F1000
G1 X-12.093 Y-11.716 Z-708.513 F2000
G1 B90.0 F1000
G1 X-12.093 Y-11.716 Z-688.361 F2000
G1 B76.06808221988817 F1000
G1 X8.059 Y-11.716 Z-668.209 F2000
G1 B102.45444493768458 F1000
G1 X169.277 Y28.588 Z-648.056 F2000
G1 B90.0 F1000
G1 X-12.093 Y-11.716 Z-627.904 F2000
G1 B90.0 F1000
G1 X-12.093 Y-11.716 Z-607.752 F2000
G1 B77.93500785938716 F1000
G1 X-12.093 Y-11.716 Z-587.6 F2000
G1 B90.0 F1000
G1 X270.038 Y48.741 Z-567.448 F2000
G1 B90.0 F1000
G1 X270.038 Y48.741 Z-547.295 F2000
G1 B90.0 F1000
G1 X270.038 Y48.741 Z-527.143 F2000
G1 B90.0 F1000
G1 X270.038 Y48.741 Z-506.991 F2000
G1 B90.0 F1000
G1 X270.038 Y48.741 Z-486.839 F2000
G1 B90.0 F1000
G1 X270.038 Y48.741 Z-466.687 F2000
G1 B90.0 F1000
G1 X270.038 Y48.741 Z-446.534 F2000
G1 B90.0 F1000
G1 X270.038 Y48.741 Z-426.382 F2000
G1 B90.0 F1000
G1 X270.038 Y48.741 Z-406.23 F2000
G1 B90.0 F1000
G1 X270.038 Y48.741 Z-386.078 F2000
G1 B90.0 F1000
G1 X270.038 Y48.741 Z-365.925 F2000
G1 B102.06499214061284 F1000
G1 X270.038 Y48.741 Z-345.773 F2000
G1 B90.0 F1000
G1 X-12.093 Y-11.716 Z-325.621 F2000
G1 B90.0 F1000
G1 X-12.093 Y-11.716 Z-305.469 F2000
G1 B90.0 F1000
G1 X-12.093 Y-11.716 Z-285.317 F2000
G1 B77.54555506231542 F1000
G1 X-12.093 Y-11.716 Z-265.164 F2000
G1 B102.45444493768458 F1000
G1 X169.277 Y28.588 Z-245.012 F2000
G1 B90.0 F1000
G1 X-12.093 Y-11.716 Z-224.86 F2000
G1 B90.0 F1000
G1 X-12.093 Y-11.716 Z-204.708 F2000
G1 B90.0 F1000
G1 X-12.093 Y-11.716 Z-184.556 F2000
G1 B90.0 F1000
G1 X-12.093 Y-11.716 Z-164.403 F2000
G1 B90.0 F1000
G1 X-12.093 Y-11.716 Z-144.251 F2000
G1 X-12.093 Y-11.716 Z-124.099 F2000
G1 X-19.275133243394247 Y-18.674229808947903 Z-124.099 F5000
M01
G1 X-19.275133243394247 Y-18.674229808947903 Z-708.513 F5000
M00
G1 B76.36713101136256 F1000
G1 X-12.093 Y-11.716 Z-708.513 F2000
G1 B54.735610317245374 F1000
G1 X68.516 Y8.436 Z-688.361 F2000
G1 B90.0 F1000
G1 X88.668 Y28.588 Z-668.209 F2000
G1 B108.20062346081554 F1000
G1 X108.82 Y28.588 Z-648.056 F2000
G1 B65.64472765436017 F1000
G1 X-12.093 Y-11.716 Z-627.904 F2000
G1 B90.0 F1000
G1 X209.581 Y89.045 Z-607.752 F2000
G1 B90.0 F1000
G1 X209.581 Y89.045 Z-587.6 F2000
G1 B65.90579318772167 F1000
G1 X209.581 Y89.045 Z-567.448 F2000
G1 B90.0 F1000
G1 X249.886 Y109.197 Z-547.295 F2000
G1 B90.0 F1000
G1 X249.886 Y109.197 Z-527.143 F2000
G1 B90.0 F1000
G1 X249.886 Y109.197 Z-506.991 F2000
G1 B90.0 F1000
G1 X249.886 Y109.197 Z-486.839 F2000
G1 B90.0 F1000
G1 X249.886 Y109.197 Z-466.687 F2000
G1 B90.0 F1000
G1 X249.886 Y109.197 Z-446.534 F2000
G1 B90.0 F1000
G1 X249.886 Y109.197 Z-426.382 F2000
G1 B90.0 F1000
G1 X249.886 Y109.197 Z-406.23 F2000
G1 B114.09420681227836 F1000
G1 X249.886 Y109.197 Z-386.078 F2000
G1 B90.0 F1000
G1 X209.581 Y89.045 Z-365.925 F2000
G1 B90.0 F1000
G1 X209.581 Y89.045 Z-345.773 F2000
G1 B90.0 F1000
G1 X209.581 Y89.045 Z-325.621 F2000
G1 B90.0 F1000
G1 X209.581 Y89.045 Z-305.469 F2000
G1 B114.3552635901534 F1000
G1 X209.581 Y89.045 Z-285.317 F2000
G1 B71.79937653918448 F1000
G1 X-12.093 Y-11.716 Z-265.164 F2000
G1 B90.0 F1000
G1 X108.82 Y28.588 Z-245.012 F2000
G1 B125.26438968275465 F1000
G1 X88.668 Y28.588 Z-224.86 F2000
G1 B103.63286898863744 F1000
G1 X68.516 Y8.436 Z-204.708 F2000
G1 B90.0 F1000
G1 X-12.093 Y-11.716 Z-184.556 F2000
G1 B90.0 F1000
G1 X-12.093 Y-11.716 Z-164.403 F2000
G1 B90.0 F1000
G1 X-12.093 Y-11.716 Z-144.251 F2000
G1 X-12.093 Y-11.716 Z-124.099 F2000
G1 X-19.275133243394247 Y-18.674229808947903 Z-124.099 F5000
M01
G1 X76.6645133764755 Y54.53769990196147 Z-708.513 F5000
M00
G1 B90.0 F1000
G1 X68.516 Y48.741 Z-708.513 F2000
G1 B54.735610317245374 F1000
G1 X68.516 Y48.741 Z-688.361 F2000
G1 B90.0 F1000
G1 X88.668 Y68.893 Z-668.209 F2000
G1 B90.0 F1000
G1 X88.668 Y68.893 Z-648.056 F2000
G1 B51.886993843678155 F1000
G1 X108.82 Y68.893 Z-627.904 F2000
G1 B90.0 F1000
G1 X209.581 Y149.502 Z-607.752 F2000
G1 B54.7356103172454 F1000
G1 X209.581 Y149.502 Z-587.6 F2000
G1 B90.0 F1000
G1 X229.733 Y169.654 Z-567.448 F2000
G1 B90.0 F1000
G1 X229.733 Y169.654 Z-547.295 F2000
G1 B90.0 F1000
G1 X229.733 Y169.654 Z-527.143 F2000
G1 B90.0 F1000
G1 X229.733 Y169.654 Z-506.991 F2000
G1 B90.0 F1000
G1 X229.733 Y169.654 Z-486.839 F2000
G1 B90.0 F1000
G1 X229.733 Y169.654 Z-466.687 F2000
G1 B90.0 F1000
G1 X229.733 Y169.654 Z-446.534 F2000
G1 B90.0 F1000
G1 X229.733 Y169.654 Z-426.382 F2000
G1 B90.0 F1000
G1 X229.733 Y169.654 Z-406.23 F2000
G1 B90.0 F1000
G1 X229.733 Y169.654 Z-386.078 F2000
G1 B90.0 F1000
G1 X229.733 Y169.654 Z-365.925 F2000
G1 B125.26438968275461 F1000
G1 X229.733 Y169.654 Z-345.773 F2000
G1 B90.0 F1000
G1 X209.581 Y149.502 Z-325.621 F2000
G1 B128.11300615632183 F1000
G1 X209.581 Y149.502 Z-305.469 F2000
G1 B90.0 F1000
G1 X108.82 Y68.893 Z-285.317 F2000
G1 B90.0 F1000
G1 X88.668 Y68.893 Z-265.164 F2000
G1 B90.0 F1000
G1 X88.668 Y68.893 Z-245.012 F2000
G1 B125.26438968275465 F1000
G1 X88.668 Y68.893 Z-224.86 F2000
G1 B131.81045617005063 F1000
G1 X68.516 Y48.741 Z-204.708 F2000
G1 B114.09463063147226 F1000
G1 X28.211 Y8.436 Z-184.556 F2000
G1 B90.0 F1000
G1 X-12.093 Y-11.716 Z-164.403 F2000
G1 B90.0 F1000
G1 X-12.093 Y-11.716 Z-144.251 F2000
G1 X-12.093 Y-11.716 Z-124.099 F2000
G1 X-19.275133243394247 Y-18.674229808947903 Z-124.099 F5000
M01
G1 X53.13684587648343 Y97.83248782299783 Z-708.513 F5000
M00
G1 B90.0 F1000
G1 X48.364 Y89.045 Z-708.513 F2000
G1 B54.73561031724538 F1000
G1 X48.364 Y89.045 Z-688.361 F2000
G1 B54.73628045861541 F1000
G1 X68.516 Y109.197 Z-668.209 F2000
G1 B54.734270051131574 F1000
G1 X88.668 Y129.349 Z-648.056 F2000
G1 B36.699770130454155 F1000
G1 X108.82 Y149.502 Z-627.904 F2000
G1 B90.0 F1000
G1 X149.125 Y209.958 Z-607.752 F2000
G1 B90.0 F1000
G1 X149.125 Y209.958 Z-587.6 F2000
G1 B54.73628045861544 F1000
G1 X149.125 Y209.958 Z-567.448 F2000
G1 B90.0 F1000
G1 X169.277 Y230.11 Z-547.295 F2000
G1 B90.0 F1000
G1 X169.277 Y230.11 Z-527.143 F2000
G1 B90.0 F1000
G1 X169.277 Y230.11 Z-506.991 F2000
G1 B90.0 F1000
G1 X169.277 Y230.11 Z-486.839 F2000
G1 B90.0 F1000
G1 X169.277 Y230.11 Z-466.687 F2000
G1 B90.0 F1000
G1 X169.277 Y230.11 Z-446.534 F2000
G1 B90.0 F1000
G1 X169.277 Y230.11 Z-426.382 F2000
G1 B90.0 F1000
G1 X169.277 Y230.11 Z-406.23 F2000
G1 B90.0 F1000
G1 X169.277 Y230.11 Z-386.078 F2000
G1 B125.26438968275471 F1000
G1 X169.277 Y230.11 Z-365.925 F2000
G1 B90.0 F1000
G1 X149.125 Y209.958 Z-345.773 F2000
G1 B90.0 F1000
G1 X149.125 Y209.958 Z-325.621 F2000
G1 B143.30022986954586 F1000
G1 X149.125 Y209.958 Z-305.469 F2000
G1 B90.0 F1000
G1 X108.82 Y149.502 Z-285.317 F2000
G1 B125.26572994886847 F1000
G1 X108.82 Y149.502 Z-265.164 F2000
G1 B125.26438968275465 F1000
G1 X88.668 Y129.349 Z-245.012 F2000
G1 B125.26438968275465 F1000
G1 X68.516 Y109.197 Z-224.86 F2000
G1 B147.6883383218981 F1000
G1 X48.364 Y89.045 Z-204.708 F2000
G1 B90.0 F1000
G1 X-12.093 Y-11.716 Z-184.556 F2000
G1 B90.0 F1000
G1 X-12.093 Y-11.716 Z-164.403 F2000
G1 B90.0 F1000
G1 X-12.093 Y-11.716 Z-144.251 F2000
G1 X-12.093 Y-11.716 Z-124.099 F2000
G1 X-19.275133243394247 Y-18.674229808947903 Z-124.099 F5000
M01
G1 X-19.275133243394247 Y-18.674229808947903 Z-708.513 F5000
M00
G1 B20.43916251229783 F1000
G1 X-12.093 Y-11.716 Z-708.513 F2000
G1 B54.736280458615504 F1000
G1 X28.211 Y109.197 Z-688.361 F2000
G1 B44.999999999999844 F1000
G1 X48.364 Y129.349 Z-668.209 F2000
G1 B90.0 F1000
G1 X48.364 Y149.502 Z-648.056 F2000
G1 B54.7356103172454 F1000
G1 X48.364 Y149.502 Z-627.904 F2000
G1 B90.0 F1000
G1 X68.516 Y169.654 Z-607.752 F2000
G1 B35.264389682754675 F1000
G1 X68.516 Y169.654 Z-587.6 F2000
G1 B90.0 F1000
G1 X88.668 Y209.958 Z-567.448 F2000
G1 B44.99999999999988 F1000
G1 X88.668 Y209.958 Z-547.295 F2000
G1 B90.0 F1000
G1 X88.668 Y230.11 Z-527.143 F2000
G1 B90.0 F1000
G1 X88.668 Y230.11 Z-506.991 F2000
G1 B90.0 F1000
G1 X88.668 Y230.11 Z-486.839 F2000
G1 B90.0 F1000
G1 X88.668 Y230.11 Z-466.687 F2000
G1 B90.0 F1000
G1 X88.668 Y230.11 Z-446.534 F2000
G1 B90.0 F1000
G1 X88.668 Y230.11 Z-426.382 F2000
G1 B134.99999999999997 F1000
G1 X88.668 Y230.11 Z-406.23 F2000
G1 B90.0 F1000
G1 X88.668 Y209.958 Z-386.078 F2000
G1 B90.0 F1000
G1 X88.668 Y209.958 Z-365.925 F2000
G1 B125.26438968275461 F1000
G1 X88.668 Y209.958 Z-345.773 F2000
G1 B135.00000000000006 F1000
G1 X68.516 Y189.806 Z-325.621 F2000
G1 B90.0 F1000
G1 X68.516 Y169.654 Z-305.469 F2000
G1 B125.26371954138452 F1000
G1 X68.516 Y169.654 Z-285.317 F2000
G1 B135.0014215551297 F1000
G1 X48.364 Y149.502 Z-265.164 F2000
G1 B90.0 F1000
G1 X48.364 Y129.349 Z-245.012 F2000
G1 B125.26371954138452 F1000
G1 X48.364 Y129.349 Z-224.86 F2000
G1 B159.56083748770217 F1000
G1 X28.211 Y109.197 Z-204.708 F2000
G1 B90.0 F1000
G1 X-12.093 Y-11.716 Z-184.556 F2000
G1 B90.0 F1000
G1 X-12.093 Y-11.716 Z-164.403 F2000
G1 B90.0 F1000
G1 X-12.093 Y-11.716 Z-144.251 F2000
G1 X-12.093 Y-11.716 Z-124.099 F2000
G1 X-19.275133243394247 Y-18.674229808947903 Z-124.099 F5000
M01
G1 X-19.275133243394247 Y-18.674229808947903 Z-708.513 F5000
M00
G1 B26.565051177078022 F1000
G1 X-12.093 Y-11.716 Z-708.513 F2000
G1 B90.0 F1000
G1 X-12.093 Y28.588 Z-688.361 F2000
G1 B15.616092553064734 F1000
G1 X-12.093 Y28.588 Z-668.209 F2000
G1 B90.0 F1000
G1 X28.211 Y189.806 Z-648.056 F2000
G1 B90.0 F1000
G1 X28.211 Y189.806 Z-627.904 F2000
G1 B44.999999999999915 F1000
G1 X28.211 Y189.806 Z-607.752 F2000
G1 B90.0 F1000
G1 X28.211 Y209.958 Z-587.6 F2000
G1 B90.0 F1000
G1 X28.211 Y209.958 Z-567.448 F2000
G1 B90.0 F1000
G1 X28.211 Y209.958 Z-547.295 F2000
G1 B168.5096410088155 F1000
G1 X28.211 Y209.958 Z-527.143 F2000
G1 B90.0 F1000
G1 X-12.093 Y-11.716 Z-506.991 F2000
G1 B90.0 F1000
G1 X-12.093 Y-11.716 Z-486.839 F2000
G1 B90.0 F1000
G1 X-12.093 Y-11.716 Z-466.687 F2000
G1 B90.0 F1000
G1 X-12.093 Y-11.716 Z-446.534 F2000
G1 B90.0 F1000
G1 X-12.093 Y-11.716 Z-426.382 F2000
G1 B11.490358991184511 F1000
G1 X-12.093 Y-11.716 Z-406.23 F2000
G1 B90.0 F1000
G1 X28.211 Y209.958 Z-386.078 F2000
G1 B90.0 F1000
G1 X28.211 Y209.958 Z-365.925 F2000
G1 B90.0 F1000
G1 X28.211 Y209.958 Z-345.773 F2000
G1 B90.0 F1000
G1 X28.211 Y209.958 Z-325.621 F2000
G1 B135.0 F1000
G1 X28.211 Y209.958 Z-305.469 F2000
G1 B90.0 F1000
G1 X28.211 Y189.806 Z-285.317 F2000
G1 B90.0 F1000
G1 X28.211 Y189.806 Z-265.164 F2000
G1 B90.0 F1000
G1 X28.211 Y189.806 Z-245.012 F2000
G1 B164.3840548695375 F1000
G1 X28.211 Y189.806 Z-224.86 F2000
G1 B153.43494882292202 F1000
G1 X-12.093 Y28.588 Z-204.708 F2000
G1 B90.0 F1000
G1 X-12.093 Y-11.716 Z-184.556 F2000
G1 B90.0 F1000
G1 X-12.093 Y-11.716 Z-164.403 F2000
G1 B90.0 F1000
G1 X-12.093 Y-11.716 Z-144.251 F2000
G1 X-12.093 Y-11.716 Z-124.099 F2000
G1 X-19.275133243394247 Y-18.674229808947903 Z-124.099 F5000
M01
G1 X-19.275133243394247 Y-18.674229808947903 Z-708.513 F5000
M00
G1 B8.049388135808266 F1000
G1 X-12.093 Y-11.716 Z-708.513 F2000
G1 B90.0 F1000
G1 X-32.245 Y189.806 Z-688.361 F2000
G1 B45.001421555129554 F1000
G1 X-32.245 Y189.806 Z-668.209 F2000
G1 B45.00000000000004 F1000
G1 X-32.245 Y209.958 Z-648.056 F2000
G1 B44.998578444870404 F1000
G1 X-32.245 Y230.11 Z-627.904 F2000
G1 B90.0 F1000
G1 X-32.245 Y250.263 Z-607.752 F2000
G1 B45.00000000000004 F1000
G1 X-32.245 Y250.263 Z-587.6 F2000
G1 B45.00142155512972 F1000
G1 X-32.245 Y270.415 Z-567.448 F2000
G1 B90.0 F1000
G1 X-32.245 Y290.567 Z-547.295 F2000
G1 B90.0 F1000
G1 X-32.245 Y290.567 Z-527.143 F2000
G1 B90.0 F1000
G1 X-32.245 Y290.567 Z-506.991 F2000
G1 B90.0 F1000
G1 X-32.245 Y290.567 Z-486.839 F2000
G1 B90.0 F1000
G1 X-32.245 Y290.567 Z-466.687 F2000
G1 B90.0 F1000
G1 X-32.245 Y290.567 Z-446.534 F2000
G1 B90.0 F1000
G1 X-32.245 Y290.567 Z-426.382 F2000
G1 B90.0 F1000
G1 X-32.245 Y290.567 Z-406.23 F2000
G1 B134.99857844487036 F1000
G1 X-32.245 Y290.567 Z-386.078 F2000
G1 B90.0 F1000
G1 X-32.245 Y270.415 Z-365.925 F2000
G1 B134.99999999999997 F1000
G1 X-32.245 Y270.415 Z-345.773 F2000
G1 B90.0 F1000
G1 X-32.245 Y250.263 Z-325.621 F2000
G1 B135.0014215551297 F1000
G1 X-32.245 Y250.263 Z-305.469 F2000
G1 B90.0 F1000
G1 X-32.245 Y230.11 Z-285.317 F2000
G1 B135.00000000000006 F1000
G1 X-32.245 Y230.11 Z-265.164 F2000
G1 B90.0 F1000
G1 X-32.245 Y209.958 Z-245.012 F2000
G1 B134.99999999999997 F1000
G1 X-32.245 Y209.958 Z-224.86 F2000
G1 B171.95061186419173 F1000
G1 X-32.245 Y189.806 Z-204.708 F2000
G1 B90.0 F1000
G1 X-12.093 Y-11.716 Z-184.556 F2000
G1 B90.0 F1000
G1 X-12.093 Y-11.716 Z-164.403 F2000
G1 B90.0 F1000
G1 X-12.093 Y-11.716 Z-144.251 F2000
G1 X-12.093 Y-11.716 Z-124.099 F2000
G1 X-19.275133243394247 Y-18.674229808947903 Z-124.099 F5000
M01
G1 X-19.275133243394247 Y-18.674229808947903 Z-708.513 F5000
M00
G1 B19.47099725557343 F1000
G1 X-12.093 Y-11.716 Z-708.513 F2000
G1 B90.0 F1000
G1 X-32.245 Y68.893 Z-688.361 F2000
G1 B54.7369505611905 F1000
G1 X-32.245 Y68.893 Z-668.209 F2000
G1 B15.793020128712081 F1000
G1 X-52.398 Y89.045 Z-648.056 F2000
G1 B90.0 F1000
G1 X-72.55 Y189.806 Z-627.904 F2000
G1 B44.999999999999915 F1000
G1 X-72.55 Y189.806 Z-607.752 F2000
G1 B90.0 F1000
G1 X-72.55 Y209.958 Z-587.6 F2000
G1 B90.0 F1000
G1 X-72.55 Y209.958 Z-567.448 F2000
G1 B35.26371954969763 F1000
G1 X-72.55 Y209.958 Z-547.295 F2000
G1 B90.0 F1000
G1 X-92.702 Y250.263 Z-527.143 F2000
G1 B90.0 F1000
G1 X-92.702 Y250.263 Z-506.991 F2000
G1 B90.0 F1000
G1 X-92.702 Y250.263 Z-486.839 F2000
G1 B90.0 F1000
G1 X-92.702 Y250.263 Z-466.687 F2000
G1 B90.0 F1000
G1 X-92.702 Y250.263 Z-446.534 F2000
G1 B90.0 F1000
G1 X-92.702 Y250.263 Z-426.382 F2000
G1 B90.0 F1000
G1 X-92.702 Y250.263 Z-406.23 F2000
G1 B144.73561030893217 F1000
G1 X-92.702 Y250.263 Z-386.078 F2000
G1 B90.0 F1000
G1 X-72.55 Y209.958 Z-365.925 F2000
G1 B90.0 F1000
G1 X-72.55 Y209.958 Z-345.773 F2000
G1 B90.0 F1000
G1 X-72.55 Y209.958 Z-325.621 F2000
G1 B135.0 F1000
G1 X-72.55 Y209.958 Z-305.469 F2000
G1 B90.0 F1000
G1 X-72.55 Y189.806 Z-285.317 F2000
G1 B164.20697987128796 F1000
G1 X-72.55 Y189.806 Z-265.164 F2000
G1 B125.26371954138455 F1000
G1 X-52.398 Y89.045 Z-245.012 F2000
G1 B90.0 F1000
G1 X-32.245 Y68.893 Z-224.86 F2000
G1 B160.5290027444266 F1000
G1 X-32.245 Y68.893 Z-204.708 F2000
G1 B90.0 F1000
G1 X-12.093 Y-11.716 Z-184.556 F2000
G1 B90.0 F1000
G1 X-12.093 Y-11.716 Z-164.403 F2000
G1 B90.0 F1000
G1 X-12.093 Y-11.716 Z-144.251 F2000
G1 X-12.093 Y-11.716 Z-124.099 F2000
G1 X-19.275133243394247 Y-18.674229808947903 Z-124.099 F5000
M01
G1 X-19.275133243394247 Y-18.674229808947903 Z-708.513 F5000
M00
G1 B90.0 F1000
G1 X-12.093 Y-11.716 Z-708.513 F2000
G1 B30.498841914592997 F1000
G1 X-12.093 Y-11.716 Z-688.361 F2000
G1 B90.0 F1000
G1 X-92.702 Y129.349 Z-668.209 F2000
G1 B90.0 F1000
G1 X-92.702 Y129.349 Z-648.056 F2000
G1 B35.263719549697704 F1000
G1 X-92.702 Y129.349 Z-627.904 F2000
G1 B90.0 F1000
G1 X-112.854 Y169.654 Z-607.752 F2000
G1 B90.0 F1000
G1 X-112.854 Y169.654 Z-587.6 F2000
G1 B35.26505982966718 F1000
G1 X-112.854 Y169.654 Z-567.448 F2000
G1 B90.0 F1000
G1 X-133.006 Y209.958 Z-547.295 F2000
G1 B90.0 F1000
G1 X-133.006 Y209.958 Z-527.143 F2000
G1 B90.0 F1000
G1 X-133.006 Y209.958 Z-506.991 F2000
G1 B90.0 F1000
G1 X-133.006 Y209.958 Z-486.839 F2000
G1 B90.0 F1000
G1 X-133.006 Y209.958 Z-466.687 F2000
G1 B90.0 F1000
G1 X-133.006 Y209.958 Z-446.534 F2000
G1 B90.0 F1000
G1 X-133.006 Y209.958 Z-426.382 F2000
G1 B90.0 F1000
G1 X-133.006 Y209.958 Z-406.23 F2000
G1 B144.73494017033286 F1000
G1 X-133.006 Y209.958 Z-386.078 F2000
G1 B90.0 F1000
G1 X-112.854 Y169.654 Z-365.925 F2000
G1 B90.0 F1000
G1 X-112.854 Y169.654 Z-345.773 F2000
G1 B90.0 F1000
G1 X-112.854 Y169.654 Z-325.621 F2000
G1 B90.0 F1000
G1 X-112.854 Y169.654 Z-305.469 F2000
G1 B144.73561030893214 F1000
G1 X-112.854 Y169.654 Z-285.317 F2000
G1 B90.0 F1000
G1 X-92.702 Y129.349 Z-265.164 F2000
G1 B90.0 F1000
G1 X-92.702 Y129.349 Z-245.012 F2000
G1 B149.501158085407 F1000
G1 X-92.702 Y129.349 Z-224.86 F2000
G1 B90.0 F1000
G1 X-12.093 Y-11.716 Z-204.708 F2000
G1 B90.0 F1000
G1 X-12.093 Y-11.716 Z-184.556 F2000
G1 B90.0 F1000
G1 X-12.093 Y-11.716 Z-164.403 F2000
G1 B90.0 F1000
G1 X-12.093 Y-11.716 Z-144.251 F2000
G1 X-12.093 Y-11.716 Z-124.099 F2000
G1 X-19.275133243394247 Y-18.674229808947903 Z-124.099 F5000
M01
G1 X-19.275133243394247 Y-18.674229808947903 Z-708.513 F5000
M00
G1 B90.0 F1000
G1 X-12.093 Y-11.716 Z-708.513 F2000
G1 B54.735610317245374 F1000
G1 X-12.093 Y-11.716 Z-688.361 F2000
G1 B125.26371954138462 F1000
G1 X-32.245 Y8.436 Z-668.209 F2000
G1 B90.0 F1000
G1 X-12.093 Y-11.716 Z-648.056 F2000
G1 B90.0 F1000
G1 X-12.093 Y-11.716 Z-627.904 F2000
G1 B90.0 F1000
G1 X-12.093 Y-11.716 Z-607.752 F2000
G1 B40.989560737550825 F1000
G1 X-12.093 Y-11.716 Z-587.6 F2000
G1 B54.73561031724533 F1000
G1 X-133.006 Y129.349 Z-567.448 F2000
G1 B90.0 F1000
G1 X-153.159 Y149.502 Z-547.295 F2000
G1 B54.7356103172454 F1000
G1 X-153.159 Y149.502 Z-527.143 F2000
G1 B90.0 F1000
G1 X-173.311 Y169.654 Z-506.991 F2000
G1 B90.0 F1000
G1 X-173.311 Y169.654 Z-486.839 F2000
G1 B90.0 F1000
G1 X-173.311 Y169.654 Z-466.687 F2000
G1 B90.0 F1000
G1 X-173.311 Y169.654 Z-446.534 F2000
G1 B125.26438968275463 F1000
G1 X-173.311 Y169.654 Z-426.382 F2000
G1 B90.0 F1000
G1 X-153.159 Y149.502 Z-406.23 F2000
G1 B125.26438968275471 F1000
G1 X-153.159 Y149.502 Z-386.078 F2000
G1 B90.0 F1000
G1 X-133.006 Y129.349 Z-365.925 F2000
G1 B139.01043926244918 F1000
G1 X-133.006 Y129.349 Z-345.773 F2000
G1 B90.0 F1000
G1 X-12.093 Y-11.716 Z-325.621 F2000
G1 B90.0 F1000
G1 X-12.093 Y-11.716 Z-305.469 F2000
G1 B90.0 F1000
G1 X-12.093 Y-11.716 Z-285.317 F2000
G1 B54.735610317245346 F1000
G1 X-12.093 Y-11.716 Z-265.164 F2000
G1 B90.0 F1000
G1 X-32.245 Y8.436 Z-245.012 F2000
G1 B125.26438968275465 F1000
G1 X-32.245 Y8.436 Z-224.86 F2000
G1 B90.0 F1000
G1 X-12.093 Y-11.716 Z-204.708 F2000
G1 B90.0 F1000
G1 X-12.093 Y-11.716 Z-184.556 F2000
G1 B90.0 F1000
G1 X-12.093 Y-11.716 Z-164.403 F2000
G1 B90.0 F1000
G1 X-12.093 Y-11.716 Z-144.251 F2000
G1 X-12.093 Y-11.716 Z-124.099 F2000
G1 X-19.275133243394247 Y-18.674229808947903 Z-124.099 F5000
M01
G1 X-19.275133243394247 Y-18.674229808947903 Z-708.513 F5000
M00
G1 B90.0 F1000
G1 X-12.093 Y-11.716 Z-708.513 F2000
G1 B53.959973961462225 F1000
G1 X-12.093 Y-11.716 Z-688.361 F2000
G1 B90.0 F1000
G1 X-92.702 Y48.741 Z-668.209 F2000
G1 B126.04002603853779 F1000
G1 X-92.702 Y48.741 Z-648.056 F2000
G1 B90.0 F1000
G1 X-12.093 Y-11.716 Z-627.904 F2000
G1 B90.0 F1000
G1 X-12.093 Y-11.716 Z-607.752 F2000
G1 B53.343175284463754 F1000
G1 X-12.093 Y-11.716 Z-587.6 F2000
G1 B90.0 F1000
G1 X-173.311 Y109.197 Z-567.448 F2000
G1 B90.0 F1000
G1 X-173.311 Y109.197 Z-547.295 F2000
G1 B90.0 F1000
G1 X-173.311 Y109.197 Z-527.143 F2000
G1 B57.68782455804784 F1000
G1 X-173.311 Y109.197 Z-506.991 F2000
G1 B90.0 F1000
G1 X-233.767 Y149.502 Z-486.839 F2000
G1 B90.0 F1000
G1 X-233.767 Y149.502 Z-466.687 F2000
G1 B125.91538098137117 F1000
G1 X-233.767 Y149.502 Z-446.534 F2000
G1 B53.343175284463754 F1000
G1 X-12.093 Y-11.716 Z-426.382 F2000
G1 B90.0 F1000
G1 X-173.311 Y109.197 Z-406.23 F2000
G1 B90.0 F1000
G1 X-173.311 Y109.197 Z-386.078 F2000
G1 B90.0 F1000
G1 X-173.311 Y109.197 Z-365.925 F2000
G1 B126.65682471553625 F1000
G1 X-173.311 Y109.197 Z-345.773 F2000
G1 B90.0 F1000
G1 X-12.093 Y-11.716 Z-325.621 F2000
G1 B90.0 F1000
G1 X-12.093 Y-11.716 Z-305.469 F2000
G1 B53.96005352750247 F1000
G1 X-12.093 Y-11.716 Z-285.317 F2000
G1 B90.0 F1000
G1 X-92.702 Y48.741 Z-265.164 F2000
G1 B90.0 F1000
G1 X-92.702 Y48.741 Z-245.012 F2000
G1 B126.04002603853779 F1000
G1 X-92.702 Y48.741 Z-224.86 F2000
G1 B90.0 F1000
G1 X-12.093 Y-11.716 Z-204.708 F2000
G1 B90.0 F1000
G1 X-12.093 Y-11.716 Z-184.556 F2000
G1 B90.0 F1000
G1 X-12.093 Y-11.716 Z-164.403 F2000
G1 B90.0 F1000
G1 X-12.093 Y-11.716 Z-144.251 F2000
G1 X-12.093 Y-11.716 Z-124.099 F2000
G1 X-19.275133243394247 Y-18.674229808947903 Z-124.099 F5000
M01
G1 X-19.275133243394247 Y-18.674229808947903 Z-708.513 F5000
M00
G1 B90.0 F1000
G1 X-12.093 Y-11.716 Z-708.513 F2000
G1 B90.0 F1000
G1 X-12.093 Y-11.716 Z-688.361 F2000
G1 B90.0 F1000
G1 X-12.093 Y-11.716 Z-668.209 F2000
G1 B90.0 F1000
G1 X-12.093 Y-11.716 Z-648.056 F2000
G1 B90.0 F1000
G1 X-12.093 Y-11.716 Z-627.904 F2000
G1 B90.0 F1000
G1 X-12.093 Y-11.716 Z-607.752 F2000
G1 B90.0 F1000
G1 X-12.093 Y-11.716 Z-587.6 F2000
G1 B66.167681715445 F1000
G1 X-12.093 Y-11.716 Z-567.448 F2000
G1 B90.0 F1000
G1 X-193.463 Y68.893 Z-547.295 F2000
G1 B90.0 F1000
G1 X-193.463 Y68.893 Z-527.143 F2000
G1 B90.0 F1000
G1 X-193.463 Y68.893 Z-506.991 F2000
G1 B113.83233109997585 F1000
G1 X-193.463 Y68.893 Z-486.839 F2000
G1 B90.0 F1000
G1 X-12.093 Y-11.716 Z-466.687 F2000
G1 B66.16766890002415 F1000
G1 X-12.093 Y-11.716 Z-446.534 F2000
G1 B90.0 F1000
G1 X-193.463 Y68.893 Z-426.382 F2000
G1 B90.0 F1000
G1 X-193.463 Y68.893 Z-406.23 F2000
G1 B90.0 F1000
G1 X-193.463 Y68.893 Z-386.078 F2000
G1 B113.83233109997585 F1000
G1 X-193.463 Y68.893 Z-365.925 F2000
G1 B90.0 F1000
G1 X-12.093 Y-11.716 Z-345.773 F2000
G1 B90.0 F1000
G1 X-12.093 Y-11.716 Z-325.621 F2000
G1 B90.0 F1000
G1 X-12.093 Y-11.716 Z-305.469 F2000
G1 B90.0 F1000
G1 X-12.093 Y-11.716 Z-285.317 F2000
G1 B76.36713101136256 F1000
G1 X-12.093 Y-11.716 Z-265.164 F2000
G1 B90.0 F1000
G1 X-92.702 Y8.436 Z-245.012 F2000
G1 B107.54815540980437 F1000
G1 X-72.55 Y8.436 Z-224.86 F2000
G1 B90.0 F1000
G1 X-12.093 Y-11.716 Z-204.708 F2000
G1 B90.0 F1000
G1 X-12.093 Y-11.716 Z-184.556 F2000
G1 B90.0 F1000
G1 X-12.093 Y-11.716 Z-164.403 F2000
G1 B90.0 F1000
G1 X-12.093 Y-11.716 Z-144.251 F2000
G1 X-12.093 Y-11.716 Z-124.099 F2000
G1 X-19.275133243394247 Y-18.674229808947903 Z-124.099 F5000
M01
G1 X-19.275133243394247 Y-18.674229808947903 Z-708.513 F5000
M00
G1 B90.0 F1000
G1 X-12.093 Y-11.716 Z-708.513 F2000
G1 B90.0 F1000
G1 X-12.093 Y-11.716 Z-688.361 F2000
G1 B90.0 F1000
G1 X-12.093 Y-11.716 Z-668.209 F2000
G1 B90.0 F1000
G1 X-12.093 Y-11.716 Z-648.056 F2000
G1 B90.0 F1000
G1 X-12.093 Y-11.716 Z-627.904 F2000
G1 B90.0 F1000
G1 X-12.093 Y-11.716 Z-607.752 F2000
G1 B90.0 F1000
G1 X-12.093 Y-11.716 Z-587.6 F2000
G1 B84.31761976150362 F1000
G1 X-12.093 Y-11.716 Z-567.448 F2000
G1 B90.0 F1000
G1 X-213.615 Y8.436 Z-547.295 F2000
G1 B90.0 F1000
G1 X-213.615 Y8.436 Z-527.143 F2000
G1 B90.0 F1000
G1 X-213.615 Y8.436 Z-506.991 F2000
G1 B90.0 F1000
G1 X-213.615 Y8.436 Z-486.839 F2000
G1 B90.0 F1000
G1 X-213.615 Y8.436 Z-466.687 F2000
G1 B90.0 F1000
G1 X-213.615 Y8.436 Z-446.534 F2000
G1 B90.0 F1000
G1 X-213.615 Y8.436 Z-426.382 F2000
G1 B90.0 F1000
G1 X-213.615 Y8.436 Z-406.23 F2000
G1 B95.68238023849638 F1000
G1 X-213.615 Y8.436 Z-386.078 F2000
G1 B90.0 F1000
G1 X-12.093 Y-11.716 Z-365.925 F2000
G1 B90.0 F1000
G1 X-12.093 Y-11.716 Z-345.773 F2000
G1 B90.0 F1000
G1 X-12.093 Y-11.716 Z-325.621 F2000
G1 B90.0 F1000
G1 X-12.093 Y-11.716 Z-305.469 F2000
G1 B90.0 F1000
G1 X-12.093 Y-11.716 Z-285.317 F2000
G1 B90.0 F1000
G1 X-12.093 Y-11.716 Z-265.164 F2000
G1 B90.0 F1000
G1 X-32.245 Y-11.716 Z-245.012 F2000
G1 B90.0 F1000
G1 X-12.093 Y-11.716 Z-224.86 F2000
G1 B90.0 F1000
G1 X-12.093 Y-11.716 Z-204.708 F2000
G1 B90.0 F1000
G1 X-12.093 Y-11.716 Z-184.556 F2000
G1 B90.0 F1000
G1 X-12.093 Y-11.716 Z-164.403 F2000
G1 B90.0 F1000
G1 X-12.093 Y-11.716 Z-144.251 F2000
G1 X-12.093 Y-11.716 Z-124.099 F2000
G1 X-19.275133243394247 Y-18.674229808947903 Z-124.099 F5000
M01
G1 X-19.275133243394247 Y-18.674229808947903 Z-708.513 F5000
M00
G1 B99.3357852300406 F1000
G1 X-12.093 Y-11.716 Z-708.513 F2000
G1 B90.0 F1000
G1 X-133.006 Y-31.868 Z-688.361 F2000
G1 B90.0 F1000
G1 X-153.159 Y-31.868 Z-668.209 F2000
G1 B90.0 F1000
G1 X-153.159 Y-31.868 Z-648.056 F2000
G1 B90.0 F1000
G1 X-193.463 Y-31.868 Z-627.904 F2000
G1 B90.0 F1000
G1 X-213.615 Y-31.868 Z-607.752 F2000
G1 B90.0 F1000
G1 X-213.615 Y-31.868 Z-587.6 F2000
G1 B90.0 F1000
G1 X-233.767 Y-31.868 Z-567.448 F2000
G1 B90.0 F1000
G1 X-253.92 Y-31.868 Z-547.295 F2000
G1 B90.0 F1000
G1 X-253.92 Y-31.868 Z-527.143 F2000
G1 B90.0 F1000
G1 X-253.92 Y-31.868 Z-506.991 F2000
G1 B90.0 F1000
G1 X-253.92 Y-31.868 Z-486.839 F2000
G1 B90.0 F1000
G1 X-253.92 Y-31.868 Z-466.687 F2000
G1 B90.0 F1000
G1 X-253.92 Y-31.868 Z-446.534 F2000
G1 B90.0 F1000
G1 X-253.92 Y-31.868 Z-426.382 F2000
G1 B90.0 F1000
G1 X-253.92 Y-31.868 Z-406.23 F2000
G1 B90.0 F1000
G1 X-253.92 Y-31.868 Z-386.078 F2000
G1 B90.0 F1000
G1 X-233.767 Y-31.868 Z-365.925 F2000
G1 B90.0 F1000
G1 X-233.767 Y-31.868 Z-345.773 F2000
G1 B90.0 F1000
G1 X-213.615 Y-31.868 Z-325.621 F2000
G1 B90.0 F1000
G1 X-213.615 Y-31.868 Z-305.469 F2000
G1 B90.0 F1000
G1 X-193.463 Y-31.868 Z-285.317 F2000
G1 B90.0 F1000
G1 X-193.463 Y-31.868 Z-265.164 F2000
G1 B90.0 F1000
G1 X-153.159 Y-31.868 Z-245.012 F2000
G1 B90.0 F1000
G1 X-133.006 Y-31.868 Z-224.86 F2000
G1 B80.6642147699594 F1000
G1 X-133.006 Y-31.868 Z-204.708 F2000
G1 B90.0 F1000
G1 X-12.093 Y-11.716 Z-184.556 F2000
G1 B90.0 F1000
G1 X-12.093 Y-11.716 Z-164.403 F2000
G1 B90.0 F1000
G1 X-12.093 Y-11.716 Z-144.251 F2000
G1 X-12.093 Y-11.716 Z-124.099 F2000
G1 X-19.275133243394247 Y-18.674229808947903 Z-124.099 F5000
M01
G1 X-19.275133243394247 Y-18.674229808947903 Z-708.513 F5000
M00
G1 B90.0 F1000
G1 X-12.093 Y-11.716 Z-708.513 F2000
G1 B114.09441872170007 F1000
G1 X-12.093 Y-11.716 Z-688.361 F2000
G1 B114.09569020662244 F1000
G1 X-52.398 Y-31.868 Z-668.209 F2000
G1 B90.0 F1000
G1 X-92.702 Y-52.021 Z-648.056 F2000
G1 B68.58298858717562 F1000
G1 X-112.854 Y-52.021 Z-627.904 F2000
G1 B108.32985035119977 F1000
G1 X-12.093 Y-11.716 Z-607.752 F2000
G1 B103.63286898863744 F1000
G1 X-193.463 Y-72.173 Z-587.6 F2000
G1 B90.0 F1000
G1 X-274.072 Y-92.325 Z-567.448 F2000
G1 B90.0 F1000
G1 X-274.072 Y-92.325 Z-547.295 F2000
G1 B90.0 F1000
G1 X-294.224 Y-92.325 Z-527.143 F2000
G1 B90.0 F1000
G1 X-294.224 Y-92.325 Z-506.991 F2000
G1 B90.0 F1000
G1 X-294.224 Y-92.325 Z-486.839 F2000
G1 B90.0 F1000
G1 X-294.224 Y-92.325 Z-466.687 F2000
G1 B90.0 F1000
G1 X-294.224 Y-92.325 Z-446.534 F2000
G1 B90.0 F1000
G1 X-294.224 Y-92.325 Z-426.382 F2000
G1 B90.0 F1000
G1 X-294.224 Y-92.325 Z-406.23 F2000
G1 B90.0 F1000
G1 X-274.072 Y-92.325 Z-386.078 F2000
G1 B76.36713101136256 F1000
G1 X-274.072 Y-92.325 Z-365.925 F2000
G1 B90.0 F1000
G1 X-193.463 Y-72.173 Z-345.773 F2000
G1 B71.67014964880025 F1000
G1 X-193.463 Y-72.173 Z-325.621 F2000
G1 B90.0 F1000
G1 X-12.093 Y-11.716 Z-305.469 F2000
G1 B115.87691991370716 F1000
G1 X-12.093 Y-11.716 Z-285.317 F2000
G1 B54.734270051131574 F1000
G1 X-92.702 Y-52.021 Z-265.164 F2000
G1 B90.0 F1000
G1 X-72.55 Y-31.868 Z-245.012 F2000
G1 B65.90558127829993 F1000
G1 X-52.398 Y-31.868 Z-224.86 F2000
G1 B90.0 F1000
G1 X-12.093 Y-11.716 Z-204.708 F2000
G1 B90.0 F1000
G1 X-12.093 Y-11.716 Z-184.556 F2000
G1 B90.0 F1000
G1 X-12.093 Y-11.716 Z-164.403 F2000
G1 B90.0 F1000
G1 X-12.093 Y-11.716 Z-144.251 F2000
G1 X-12.093 Y-11.716 Z-124.099 F2000
G1 X-19.275133243394247 Y-18.674229808947903 Z-124.099 F5000
M01
G1 X-19.275133243394247 Y-18.674229808947903 Z-708.513 F5000
M00
G1 B90.0 F1000
G1 X-12.093 Y-11.716 Z-708.513 F2000
G1 B122.31179011618501 F1000
G1 X-12.093 Y-11.716 Z-688.361 F2000
G1 B90.0 F1000
G1 X-72.55 Y-52.021 Z-668.209 F2000
G1 B114.09484255211069 F1000
G1 X-72.55 Y-52.021 Z-648.056 F2000
G1 B125.26438968275463 F1000
G1 X-112.854 Y-72.173 Z-627.904 F2000
G1 B90.0 F1000
G1 X-133.006 Y-92.325 Z-607.752 F2000
G1 B90.0 F1000
G1 X-153.159 Y-92.325 Z-587.6 F2000
G1 B125.26371954138452 F1000
G1 X-153.159 Y-92.325 Z-567.448 F2000
G1 B90.0 F1000
G1 X-173.311 Y-112.477 Z-547.295 F2000
G1 B90.0 F1000
G1 X-173.311 Y-112.477 Z-527.143 F2000
G1 B58.193958755500226 F1000
G1 X-173.311 Y-112.477 Z-506.991 F2000
G1 B90.0 F1000
G1 X-12.093 Y-11.716 Z-486.839 F2000
G1 B90.0 F1000
G1 X-12.093 Y-11.716 Z-466.687 F2000
G1 B90.0 F1000
G1 X-12.093 Y-11.716 Z-446.534 F2000
G1 B121.80604124449977 F1000
G1 X-12.093 Y-11.716 Z-426.382 F2000
G1 B90.0 F1000
G1 X-173.311 Y-112.477 Z-406.23 F2000
G1 B90.0 F1000
G1 X-173.311 Y-112.477 Z-386.078 F2000
G1 B54.735610317245346 F1000
G1 X-173.311 Y-112.477 Z-365.925 F2000
G1 B60.50382805630407 F1000
G1 X-153.159 Y-92.325 Z-345.773 F2000
G1 B90.0 F1000
G1 X-12.093 Y-11.716 Z-325.621 F2000
G1 B120.47053470765884 F1000
G1 X-12.093 Y-11.716 Z-305.469 F2000
G1 B90.0 F1000
G1 X-112.854 Y-72.173 Z-285.317 F2000
G1 B65.9051574478893 F1000
G1 X-112.854 Y-72.173 Z-265.164 F2000
G1 B57.68820988381499 F1000
G1 X-72.55 Y-52.021 Z-245.012 F2000
G1 B90.0 F1000
G1 X-12.093 Y-11.716 Z-224.86 F2000
G1 B90.0 F1000
G1 X-12.093 Y-11.716 Z-204.708 F2000
G1 B90.0 F1000
G1 X-12.093 Y-11.716 Z-184.556 F2000
G1 B90.0 F1000
G1 X-12.093 Y-11.716 Z-164.403 F2000
G1 B90.0 F1000
G1 X-12.093 Y-11.716 Z-144.251 F2000
G1 X-12.093 Y-11.716 Z-124.099 F2000
G1 X-19.275133243394247 Y-18.674229808947903 Z-124.099 F5000
M01
G1 X-19.275133243394247 Y-18.674229808947903 Z-708.513 F5000
M00
G1 B90.0 F1000
G1 X-12.093 Y-11.716 Z-708.513 F2000
G1 B90.0 F1000
G1 X-12.093 Y-11.716 Z-688.361 F2000
G1 B90.0 F1000
G1 X-12.093 Y-11.716 Z-668.209 F2000
G1 B90.0 F1000
G1 X-12.093 Y-11.716 Z-648.056 F2000
G1 B90.0 F1000
G1 X-12.093 Y-11.716 Z-627.904 F2000
G1 B90.0 F1000
G1 X-12.093 Y-11.716 Z-607.752 F2000
G1 B90.0 F1000
G1 X-12.093 Y-11.716 Z-587.6 F2000
G1 B90.0 F1000
G1 X-12.093 Y-11.716 Z-567.448 F2000
G1 B90.0 F1000
G1 X-12.093 Y-11.716 Z-547.295 F2000
G1 B90.0 F1000
G1 X-12.093 Y-11.716 Z-527.143 F2000
G1 B90.0 F1000
G1 X-12.093 Y-11.716 Z-506.991 F2000
G1 B90.0 F1000
G1 X-12.093 Y-11.716 Z-486.839 F2000
G1 B90.0 F1000
G1 X-12.093 Y-11.716 Z-466.687 F2000
G1 B90.0 F1000
G1 X-12.093 Y-11.716 Z-446.534 F2000
G1 B90.0 F1000
G1 X-12.093 Y-11.716 Z-426.382 F2000
G1 B90.0 F1000
G1 X-12.093 Y-11.716 Z-406.23 F2000
G1 B90.0 F1000
G1 X-12.093 Y-11.716 Z-386.078 F2000
G1 B90.0 F1000
G1 X-12.093 Y-11.716 Z-365.925 F2000
G1 B90.0 F1000
G1 X-12.093 Y-11.716 Z-345.773 F2000
G1 B90.0 F1000
G1 X-12.093 Y-11.716 Z-325.621 F2000
G1 B90.0 F1000
G1 X-12.093 Y-11.716 Z-305.469 F2000
G1 B90.0 F1000
G1 X-12.093 Y-11.716 Z-285.317 F2000
G1 B90.0 F1000
G1 X-12.093 Y-11.716 Z-265.164 F2000
G1 B90.0 F1000
G1 X-12.093 Y-11.716 Z-245.012 F2000
G1 B90.0 F1000
G1 X-12.093 Y-11.716 Z-224.86 F2000
G1 B90.0 F1000
G1 X-12.093 Y-11.716 Z-204.708 F2000
G1 B90.0 F1000
G1 X-12.093 Y-11.716 Z-184.556 F2000
G1 B90.0 F1000
G1 X-12.093 Y-11.716 Z-164.403 F2000
G1 B90.0 F1000
G1 X-12.093 Y-11.716 Z-144.251 F2000
G1 X-12.093 Y-11.716 Z-124.099 F2000
G1 X-19.275133243394247 Y-18.674229808947903 Z-124.099 F5000
M01
G1 X-19.275133243394247 Y-18.674229808947903 Z-708.513 F5000
M00
G1 B90.0 F1000
G1 X-12.093 Y-11.716 Z-708.513 F2000
G1 B90.0 F1000
G1 X-12.093 Y-11.716 Z-688.361 F2000
G1 B140.4901563671115 F1000
G1 X-12.093 Y-11.716 Z-668.209 F2000
G1 B90.0 F1000
G1 X-92.702 Y-112.477 Z-648.056 F2000
G1 B143.3012289050774 F1000
G1 X-92.702 Y-112.477 Z-627.904 F2000
G1 B90.0 F1000
G1 X-133.006 Y-172.934 Z-607.752 F2000
G1 B90.0 F1000
G1 X-133.006 Y-172.934 Z-587.6 F2000
G1 B125.26304943880946 F1000
G1 X-133.006 Y-172.934 Z-567.448 F2000
G1 B90.0 F1000
G1 X-153.159 Y-193.086 Z-547.295 F2000
G1 B90.0 F1000
G1 X-153.159 Y-193.086 Z-527.143 F2000
G1 B90.0 F1000
G1 X-153.159 Y-193.086 Z-506.991 F2000
G1 B90.0 F1000
G1 X-153.159 Y-193.086 Z-486.839 F2000
G1 B90.0 F1000
G1 X-153.159 Y-193.086 Z-466.687 F2000
G1 B90.0 F1000
G1 X-153.159 Y-193.086 Z-446.534 F2000
G1 B90.0 F1000
G1 X-153.159 Y-193.086 Z-426.382 F2000
G1 B90.0 F1000
G1 X-153.159 Y-193.086 Z-406.23 F2000
G1 B54.73695056119051 F1000
G1 X-153.159 Y-193.086 Z-386.078 F2000
G1 B90.0 F1000
G1 X-133.006 Y-172.934 Z-365.925 F2000
G1 B90.0 F1000
G1 X-133.006 Y-172.934 Z-345.773 F2000
G1 B90.0 F1000
G1 X-133.006 Y-172.934 Z-325.621 F2000
G1 B90.0 F1000
G1 X-133.006 Y-172.934 Z-305.469 F2000
G1 B36.699043564314906 F1000
G1 X-133.006 Y-172.934 Z-285.317 F2000
G1 B90.0 F1000
G1 X-92.702 Y-112.477 Z-265.164 F2000
G1 B39.50976154097803 F1000
G1 X-92.702 Y-112.477 Z-245.012 F2000
G1 B90.0 F1000
G1 X-12.093 Y-11.716 Z-224.86 F2000
G1 B90.0 F1000
G1 X-12.093 Y-11.716 Z-204.708 F2000
G1 B90.0 F1000
G1 X-12.093 Y-11.716 Z-184.556 F2000
G1 B90.0 F1000
G1 X-12.093 Y-11.716 Z-164.403 F2000
G1 B90.0 F1000
G1 X-12.093 Y-11.716 Z-144.251 F2000
G1 X-12.093 Y-11.716 Z-124.099 F2000
G1 X-19.275133243394247 Y-18.674229808947903 Z-124.099 F5000
M01
G1 X-19.275133243394247 Y-18.674229808947903 Z-708.513 F5000
M00
G1 B90.0 F1000
G1 X-12.093 Y-11.716 Z-708.513 F2000
G1 B90.0 F1000
G1 X-12.093 Y-11.716 Z-688.361 F2000
G1 B144.73561030893222 F1000
G1 X-12.093 Y-11.716 Z-668.209 F2000
G1 B152.20853799249778 F1000
G1 X-32.245 Y-52.021 Z-648.056 F2000
G1 B90.0 F1000
G1 X-92.702 Y-172.934 Z-627.904 F2000
G1 B90.0 F1000
G1 X-92.702 Y-172.934 Z-607.752 F2000
G1 B150.79437049000313 F1000
G1 X-92.702 Y-172.934 Z-587.6 F2000
G1 B90.0 F1000
G1 X-133.006 Y-253.543 Z-567.448 F2000
G1 B90.0 F1000
G1 X-133.006 Y-253.543 Z-547.295 F2000
G1 B90.0 F1000
G1 X-133.006 Y-253.543 Z-527.143 F2000
G1 B90.0 F1000
G1 X-133.006 Y-253.543 Z-506.991 F2000
G1 B90.0 F1000
G1 X-133.006 Y-253.543 Z-486.839 F2000
G1 B90.0 F1000
G1 X-133.006 Y-253.543 Z-466.687 F2000
G1 B90.0 F1000
G1 X-133.006 Y-253.543 Z-446.534 F2000
G1 B90.0 F1000
G1 X-133.006 Y-253.543 Z-426.382 F2000
G1 B90.0 F1000
G1 X-133.006 Y-253.543 Z-406.23 F2000
G1 B90.0 F1000
G1 X-133.006 Y-253.543 Z-386.078 F2000
G1 B35.26371954969766 F1000
G1 X-133.006 Y-253.543 Z-365.925 F2000
G1 B35.264389682754675 F1000
G1 X-112.854 Y-213.238 Z-345.773 F2000
G1 B90.0 F1000
G1 X-92.702 Y-172.934 Z-325.621 F2000
G1 B90.0 F1000
G1 X-92.702 Y-172.934 Z-305.469 F2000
G1 B35.26438969106787 F1000
G1 X-92.702 Y-172.934 Z-285.317 F2000
G1 B29.20641663073446 F1000
G1 X-72.55 Y-132.629 Z-265.164 F2000
G1 B35.263719549697676 F1000
G1 X-32.245 Y-52.021 Z-245.012 F2000
G1 B90.0 F1000
G1 X-12.093 Y-11.716 Z-224.86 F2000
G1 B90.0 F1000
G1 X-12.093 Y-11.716 Z-204.708 F2000
G1 B90.0 F1000
G1 X-12.093 Y-11.716 Z-184.556 F2000
G1 B90.0 F1000
G1 X-12.093 Y-11.716 Z-164.403 F2000
G1 B90.0 F1000
G1 X-12.093 Y-11.716 Z-144.251 F2000
G1 X-12.093 Y-11.716 Z-124.099 F2000
G1 X-19.275133243394247 Y-18.674229808947903 Z-124.099 F5000
M01
G1 X-19.275133243394247 Y-18.674229808947903 Z-708.513 F5000
M00
G1 B90.0 F1000
G1 X-12.093 Y-11.716 Z-708.513 F2000
G1 B160.52900274442658 F1000
G1 X-12.093 Y-11.716 Z-688.361 F2000
G1 B134.99857844487047 F1000
G1 X-32.245 Y-92.325 Z-668.209 F2000
G1 B15.793020128712081 F1000
G1 X-32.245 Y-112.477 Z-648.056 F2000
G1 B162.2844334710391 F1000
G1 X-12.093 Y-11.716 Z-627.904 F2000
G1 B90.0 F1000
G1 X-52.398 Y-152.782 Z-607.752 F2000
G1 B153.434948822922 F1000
G1 X-52.398 Y-152.782 Z-587.6 F2000
G1 B90.0 F1000
G1 X-52.398 Y-193.086 Z-567.448 F2000
G1 B90.0 F1000
G1 X-52.398 Y-193.086 Z-547.295 F2000
G1 B13.95285467474915 F1000
G1 X-52.398 Y-193.086 Z-527.143 F2000
G1 B90.0 F1000
G1 X-12.093 Y-11.716 Z-506.991 F2000
G1 B90.0 F1000
G1 X-12.093 Y-11.716 Z-486.839 F2000
G1 B90.0 F1000
G1 X-12.093 Y-11.716 Z-466.687 F2000
G1 B90.0 F1000
G1 X-12.093 Y-11.716 Z-446.534 F2000
G1 B90.0 F1000
G1 X-12.093 Y-11.716 Z-426.382 F2000
G1 B90.0 F1000
G1 X-12.093 Y-11.716 Z-406.23 F2000
G1 B166.0470122620247 F1000
G1 X-12.093 Y-11.716 Z-386.078 F2000
G1 B44.999999999999964 F1000
G1 X-52.398 Y-193.086 Z-365.925 F2000
G1 B45.00000000000008 F1000
G1 X-52.398 Y-172.934 Z-345.773 F2000
G1 B90.0 F1000
G1 X-52.398 Y-152.782 Z-325.621 F2000
G1 B17.715566528960906 F1000
G1 X-52.398 Y-152.782 Z-305.469 F2000
G1 B164.20660756820027 F1000
G1 X-12.093 Y-11.716 Z-285.317 F2000
G1 B90.0 F1000
G1 X-32.245 Y-112.477 Z-265.164 F2000
G1 B44.99999999999998 F1000
G1 X-32.245 Y-112.477 Z-245.012 F2000
G1 B19.47099725557343 F1000
G1 X-32.245 Y-92.325 Z-224.86 F2000
G1 B90.0 F1000
G1 X-12.093 Y-11.716 Z-204.708 F2000
G1 B90.0 F1000
G1 X-12.093 Y-11.716 Z-184.556 F2000
G1 B90.0 F1000
G1 X-12.093 Y-11.716 Z-164.403 F2000
G1 B90.0 F1000
G1 X-12.093 Y-11.716 Z-144.251 F2000
G1 X-12.093 Y-11.716 Z-124.099 F2000
G1 X-19.275133243394247 Y-18.674229808947903 Z-124.099 F5000
M01
G1 X-19.275133243394247 Y-18.674229808947903 Z-708.513 F5000
M00
G1 B90.0 F1000
G1 X-12.093 Y-11.716 Z-708.513 F2000
G1 B134.99999999999994 F1000
G1 X-12.093 Y-11.716 Z-688.361 F2000
G1 B45.00142155512953 F1000
G1 X-12.093 Y-31.868 Z-668.209 F2000
G1 B90.0 F1000
G1 X-12.093 Y-11.716 Z-648.056 F2000
G1 B90.0 F1000
G1 X-12.093 Y-11.716 Z-627.904 F2000
G1 B90.0 F1000
G1 X-12.093 Y-11.716 Z-607.752 F2000
G1 B90.0 F1000
G1 X-12.093 Y-11.716 Z-587.6 F2000
G1 B90.0 F1000
G1 X-12.093 Y-11.716 Z-567.448 F2000
G1 B173.659877599208 F1000
G1 X-12.093 Y-11.716 Z-547.295 F2000
G1 B6.340122400792123 F1000
G1 X-12.093 Y-193.086 Z-527.143 F2000
G1 B90.0 F1000
G1 X-12.093 Y-11.716 Z-506.991 F2000
G1 B90.0 F1000
G1 X-12.093 Y-11.716 Z-486.839 F2000
G1 B90.0 F1000
G1 X-12.093 Y-11.716 Z-466.687 F2000
G1 B90.0 F1000
G1 X-12.093 Y-11.716 Z-446.534 F2000
G1 B90.0 F1000
G1 X-12.093 Y-11.716 Z-426.382 F2000
G1 B90.0 F1000
G1 X-12.093 Y-11.716 Z-406.23 F2000
G1 B90.0 F1000
G1 X-12.093 Y-11.716 Z-386.078 F2000
G1 B90.0 F1000
G1 X-12.093 Y-11.716 Z-365.925 F2000
G1 B90.0 F1000
G1 X-12.093 Y-11.716 Z-345.773 F2000
G1 B90.0 F1000
G1 X-12.093 Y-11.716 Z-325.621 F2000
G1 B90.0 F1000
G1 X-12.093 Y-11.716 Z-305.469 F2000
G1 B90.0 F1000
G1 X-12.093 Y-11.716 Z-285.317 F2000
G1 B153.4355174477956 F1000
G1 X-12.093 Y-11.716 Z-265.164 F2000
G1 B26.564482552204407 F1000
G1 X-12.093 Y-52.021 Z-245.012 F2000
G1 B90.0 F1000
G1 X-12.093 Y-11.716 Z-224.86 F2000
G1 B90.0 F1000
G1 X-12.093 Y-11.716 Z-204.708 F2000
G1 B90.0 F1000
G1 X-12.093 Y-11.716 Z-184.556 F2000
G1 B90.0 F1000
G1 X-12.093 Y-11.716 Z-164.403 F2000
G1 B90.0 F1000
G1 X-12.093 Y-11.716 Z-144.251 F2000
G1 X-12.093 Y-11.716 Z-124.099 F2000
G1 X-19.275133243394247 Y-18.674229808947903 Z-124.099 F5000
M01
G1 X-19.275133243394247 Y-18.674229808947903 Z-708.513 F5000
M00
G1 B90.0 F1000
G1 X-12.093 Y-11.716 Z-708.513 F2000
G1 B90.0 F1000
G1 X-12.093 Y-11.716 Z-688.361 F2000
G1 B90.0 F1000
G1 X-12.093 Y-11.716 Z-668.209 F2000
G1 B90.0 F1000
G1 X-12.093 Y-11.716 Z-648.056 F2000
G1 B90.0 F1000
G1 X-12.093 Y-11.716 Z-627.904 F2000
G1 B162.28476311795265 F1000
G1 X-12.093 Y-11.716 Z-607.752 F2000
G1 B90.0 F1000
G1 X28.211 Y-152.782 Z-587.6 F2000
G1 B161.56419822707014 F1000
G1 X28.211 Y-152.782 Z-567.448 F2000
G1 B90.0 F1000
G1 X28.211 Y-213.238 Z-547.295 F2000
G1 B12.604261553418183 F1000
G1 X28.211 Y-213.238 Z-527.143 F2000
G1 B90.0 F1000
G1 X-12.093 Y-11.716 Z-506.991 F2000
G1 B90.0 F1000
G1 X-12.093 Y-11.716 Z-486.839 F2000
G1 B90.0 F1000
G1 X-12.093 Y-11.716 Z-466.687 F2000
G1 B90.0 F1000
G1 X-12.093 Y-11.716 Z-446.534 F2000
G1 B90.0 F1000
G1 X-12.093 Y-11.716 Z-426.382 F2000
G1 B167.39573844658182 F1000
G1 X-12.093 Y-11.716 Z-406.23 F2000
G1 B90.0 F1000
G1 X28.211 Y-213.238 Z-386.078 F2000
G1 B18.434948822922 F1000
G1 X28.211 Y-213.238 Z-365.925 F2000
G1 B90.0 F1000
G1 X28.211 Y-152.782 Z-345.773 F2000
G1 B17.71523688204735 F1000
G1 X28.211 Y-152.782 Z-325.621 F2000
G1 B90.0 F1000
G1 X-12.093 Y-11.716 Z-305.469 F2000
G1 B90.0 F1000
G1 X-12.093 Y-11.716 Z-285.317 F2000
G1 B135.00000000000003 F1000
G1 X-12.093 Y-11.716 Z-265.164 F2000
G1 B44.99999999999998 F1000
G1 X-12.093 Y-31.868 Z-245.012 F2000
G1 B90.0 F1000
G1 X-12.093 Y-11.716 Z-224.86 F2000
G1 B90.0 F1000
G1 X-12.093 Y-11.716 Z-204.708 F2000
G1 B90.0 F1000
G1 X-12.093 Y-11.716 Z-184.556 F2000
G1 B90.0 F1000
G1 X-12.093 Y-11.716 Z-164.403 F2000
G1 B90.0 F1000
G1 X-12.093 Y-11.716 Z-144.251 F2000
G1 X-12.093 Y-11.716 Z-124.099 F2000
G1 X-19.275133243394247 Y-18.674229808947903 Z-124.099 F5000
M01
G1 X-19.275133243394247 Y-18.674229808947903 Z-708.513 F5000
M00
G1 B90.0 F1000
G1 X-12.093 Y-11.716 Z-708.513 F2000
G1 B144.7362804503023 F1000
G1 X-12.093 Y-11.716 Z-688.361 F2000
G1 B144.7349401703329 F1000
G1 X8.059 Y-52.021 Z-668.209 F2000
G1 B29.205629509996868 F1000
G1 X28.211 Y-92.325 Z-648.056 F2000
G1 B155.68872341224147 F1000
G1 X-12.093 Y-11.716 Z-627.904 F2000
G1 B90.0 F1000
G1 X48.364 Y-152.782 Z-607.752 F2000
G1 B90.0 F1000
G1 X48.364 Y-152.782 Z-587.6 F2000
G1 B24.311383258941646 F1000
G1 X48.364 Y-152.782 Z-567.448 F2000
G1 B90.0 F1000
G1 X-12.093 Y-11.716 Z-547.295 F2000
G1 B90.0 F1000
G1 X-12.093 Y-11.716 Z-527.143 F2000
G1 B90.0 F1000
G1 X-12.093 Y-11.716 Z-506.991 F2000
G1 B90.0 F1000
G1 X-12.093 Y-11.716 Z-486.839 F2000
G1 B90.0 F1000
G1 X-12.093 Y-11.716 Z-466.687 F2000
G1 B90.0 F1000
G1 X-12.093 Y-11.716 Z-446.534 F2000
G1 B90.0 F1000
G1 X-12.093 Y-11.716 Z-426.382 F2000
G1 B90.0 F1000
G1 X-12.093 Y-11.716 Z-406.23 F2000
G1 B90.0 F1000
G1 X-12.093 Y-11.716 Z-386.078 F2000
G1 B155.68872341224147 F1000
G1 X-12.093 Y-11.716 Z-365.925 F2000
G1 B90.0 F1000
G1 X48.364 Y-152.782 Z-345.773 F2000
G1 B90.0 F1000
G1 X48.364 Y-152.782 Z-325.621 F2000
G1 B24.311276587758545 F1000
G1 X48.364 Y-152.782 Z-305.469 F2000
G1 B90.0 F1000
G1 X-12.093 Y-11.716 Z-285.317 F2000
G1 B150.79437049000316 F1000
G1 X-12.093 Y-11.716 Z-265.164 F2000
G1 B35.26438968275465 F1000
G1 X28.211 Y-92.325 Z-245.012 F2000
G1 B35.263719549697704 F1000
G1 X8.059 Y-52.021 Z-224.86 F2000
G1 B90.0 F1000
G1 X-12.093 Y-11.716 Z-204.708 F2000
G1 B90.0 F1000
G1 X-12.093 Y-11.716 Z-184.556 F2000
G1 B90.0 F1000
G1 X-12.093 Y-11.716 Z-164.403 F2000
G1 B90.0 F1000
G1 X-12.093 Y-11.716 Z-144.251 F2000
G1 X-12.093 Y-11.716 Z-124.099 F2000
G1 X-19.275133243394247 Y-18.674229808947903 Z-124.099 F5000
M01
G1 X-19.275133243394247 Y-18.674229808947903 Z-708.513 F5000
M00
G1 B90.0 F1000
G1 X-12.093 Y-11.716 Z-708.513 F2000
G1 B90.0 F1000
G1 X-12.093 Y-11.716 Z-688.361 F2000
G1 B143.30095643568515 F1000
G1 X-12.093 Y-11.716 Z-668.209 F2000
G1 B125.26371954138452 F1000
G1 X28.211 Y-72.173 Z-648.056 F2000
G1 B125.26438968275463 F1000
G1 X48.364 Y-92.325 Z-627.904 F2000
G1 B39.50976154097804 F1000
G1 X68.516 Y-112.477 Z-607.752 F2000
G1 B90.0 F1000
G1 X-12.093 Y-11.716 Z-587.6 F2000
G1 B139.0106023120952 F1000
G1 X-12.093 Y-11.716 Z-567.448 F2000
G1 B90.0 F1000
G1 X108.82 Y-152.782 Z-547.295 F2000
G1 B90.0 F1000
G1 X108.82 Y-152.782 Z-527.143 F2000
G1 B90.0 F1000
G1 X108.82 Y-152.782 Z-506.991 F2000
G1 B90.0 F1000
G1 X108.82 Y-152.782 Z-486.839 F2000
G1 B90.0 F1000
G1 X108.82 Y-152.782 Z-466.687 F2000
G1 B90.0 F1000
G1 X108.82 Y-152.782 Z-446.534 F2000
G1 B90.0 F1000
G1 X108.82 Y-152.782 Z-426.382 F2000
G1 B90.0 F1000
G1 X108.82 Y-152.782 Z-406.23 F2000
G1 B90.0 F1000
G1 X108.82 Y-152.782 Z-386.078 F2000
G1 B40.98935964216121 F1000
G1 X108.82 Y-152.782 Z-365.925 F2000
G1 B90.0 F1000
G1 X-12.093 Y-11.716 Z-345.773 F2000
G1 B90.0 F1000
G1 X-12.093 Y-11.716 Z-325.621 F2000
G1 B140.49023845902195 F1000
G1 X-12.093 Y-11.716 Z-305.469 F2000
G1 B54.736280458615475 F1000
G1 X68.516 Y-112.477 Z-285.317 F2000
G1 B54.73628045861544 F1000
G1 X48.364 Y-92.325 Z-265.164 F2000
G1 B36.69877109492258 F1000
G1 X28.211 Y-72.173 Z-245.012 F2000
G1 B90.0 F1000
G1 X-12.093 Y-11.716 Z-224.86 F2000
G1 B90.0 F1000
G1 X-12.093 Y-11.716 Z-204.708 F2000
G1 B90.0 F1000
G1 X-12.093 Y-11.716 Z-184.556 F2000
G1 B90.0 F1000
G1 X-12.093 Y-11.716 Z-164.403 F2000
G1 B90.0 F1000
G1 X-12.093 Y-11.716 Z-144.251 F2000
G1 X-12.093 Y-11.716 Z-124.099 F2000
G1 X-19.275133243394247 Y-18.674229808947903 Z-124.099 F5000
M01
G1 X-19.275133243394247 Y-18.674229808947903 Z-708.513 F5000
M00
G1 B90.0 F1000
G1 X-12.093 Y-11.716 Z-708.513 F2000
G1 B126.04002603853776 F1000
G1 X-12.093 Y-11.716 Z-688.361 F2000
G1 B125.26371954138462 F1000
G1 X68.516 Y-72.173 Z-668.209 F2000
G1 B90.0 F1000
G1 X88.668 Y-92.325 Z-648.056 F2000
G1 B114.09484255211069 F1000
G1 X88.668 Y-92.325 Z-627.904 F2000
G1 B125.2637195413846 F1000
G1 X128.972 Y-112.477 Z-607.752 F2000
G1 B90.0 F1000
G1 X149.125 Y-132.629 Z-587.6 F2000
G1 B125.26505979641409 F1000
G1 X149.125 Y-132.629 Z-567.448 F2000
G1 B90.0 F1000
G1 X169.277 Y-152.782 Z-547.295 F2000
G1 B90.0 F1000
G1 X169.277 Y-152.782 Z-527.143 F2000
G1 B90.0 F1000
G1 X169.277 Y-152.782 Z-506.991 F2000
G1 B90.0 F1000
G1 X169.277 Y-152.782 Z-486.839 F2000
G1 B90.0 F1000
G1 X169.277 Y-152.782 Z-466.687 F2000
G1 B90.0 F1000
G1 X169.277 Y-152.782 Z-446.534 F2000
G1 B90.0 F1000
G1 X169.277 Y-152.782 Z-426.382 F2000
G1 B90.0 F1000
G1 X169.277 Y-152.782 Z-406.23 F2000
G1 B54.73494020358588 F1000
G1 X169.277 Y-152.782 Z-386.078 F2000
G1 B90.0 F1000
G1 X149.125 Y-132.629 Z-365.925 F2000
G1 B90.0 F1000
G1 X149.125 Y-132.629 Z-345.773 F2000
G1 B54.73628045861546 F1000
G1 X149.125 Y-132.629 Z-325.621 F2000
G1 B65.9051574478893 F1000
G1 X128.972 Y-112.477 Z-305.469 F2000
G1 B90.0 F1000
G1 X88.668 Y-92.325 Z-285.317 F2000
G1 B90.0 F1000
G1 X88.668 Y-92.325 Z-265.164 F2000
G1 B54.735610317245346 F1000
G1 X88.668 Y-92.325 Z-245.012 F2000
G1 B53.959973961462225 F1000
G1 X68.516 Y-72.173 Z-224.86 F2000
G1 B90.0 F1000
G1 X-12.093 Y-11.716 Z-204.708 F2000
G1 B90.0 F1000
G1 X-12.093 Y-11.716 Z-184.556 F2000
G1 B90.0 F1000
G1 X-12.093 Y-11.716 Z-164.403 F2000
G1 B90.0 F1000
G1 X-12.093 Y-11.716 Z-144.251 F2000
G1 X-12.093 Y-11.716 Z-124.099 F2000
G1 X-19.275133243394247 Y-18.674229808947903 Z-124.099 F5000
M01
G1 X-19.275133243394247 Y-18.674229808947903 Z-708.513 F5000
M00
G1 B114.09484255211069 F1000
G1 X-12.093 Y-11.716 Z-708.513 F2000
G1 B125.26505979641406 F1000
G1 X28.211 Y-31.868 Z-688.361 F2000
G1 B107.54831887663467 F1000
G1 X48.364 Y-52.021 Z-668.209 F2000
G1 B90.0 F1000
G1 X108.82 Y-72.173 Z-648.056 F2000
G1 B63.747431821025344 F1000
G1 X108.82 Y-72.173 Z-627.904 F2000
G1 B113.83233109997586 F1000
G1 X-12.093 Y-11.716 Z-607.752 F2000
G1 B90.0 F1000
G1 X169.277 Y-92.325 Z-587.6 F2000
G1 B90.0 F1000
G1 X169.277 Y-92.325 Z-567.448 F2000
G1 B90.0 F1000
G1 X169.277 Y-92.325 Z-547.295 F2000
G1 B125.26438968275461 F1000
G1 X169.277 Y-92.325 Z-527.143 F2000
G1 B90.0 F1000
G1 X189.429 Y-112.477 Z-506.991 F2000
G1 B63.548798655398365 F1000
G1 X189.429 Y-112.477 Z-486.839 F2000
G1 B90.0 F1000
G1 X-12.093 Y-11.716 Z-466.687 F2000
G1 B90.0 F1000
G1 X-12.093 Y-11.716 Z-446.534 F2000
G1 B116.45120134460164 F1000
G1 X-12.093 Y-11.716 Z-426.382 F2000
G1 B54.73561031724539 F1000
G1 X189.429 Y-112.477 Z-406.23 F2000
G1 B90.0 F1000
G1 X169.277 Y-92.325 Z-386.078 F2000
G1 B90.0 F1000
G1 X169.277 Y-92.325 Z-365.925 F2000
G1 B90.0 F1000
G1 X169.277 Y-92.325 Z-345.773 F2000
G1 B63.612195685094015 F1000
G1 X149.125 Y-92.325 Z-325.621 F2000
G1 B116.25256817897467 F1000
G1 X-12.093 Y-11.716 Z-305.469 F2000
G1 B90.0 F1000
G1 X108.82 Y-72.173 Z-285.317 F2000
G1 B65.9051574478893 F1000
G1 X108.82 Y-72.173 Z-265.164 F2000
G1 B90.0 F1000
G1 X68.516 Y-52.021 Z-245.012 F2000
G1 B57.68820988381499 F1000
G1 X48.364 Y-52.021 Z-224.86 F2000
G1 B90.0 F1000
G1 X-12.093 Y-11.716 Z-204.708 F2000
G1 B90.0 F1000
G1 X-12.093 Y-11.716 Z-184.556 F2000
G1 B90.0 F1000
G1 X-12.093 Y-11.716 Z-164.403 F2000
G1 B90.0 F1000
G1 X-12.093 Y-11.716 Z-144.251 F2000
G1 X-12.093 Y-11.716 Z-124.099 F2000
G1 X-19.275133243394247 Y-18.674229808947903 Z-124.099 F5000
M01
G1 X118.41694020111157 Y-34.67846949392597 Z-708.513 F5000
M00
G1 B90.0 F1000
G1 X108.82 Y-31.868 Z-708.513 F2000
G1 B90.0 F1000
G1 X108.82 Y-31.868 Z-688.361 F2000
G1 B90.0 F1000
G1 X108.82 Y-31.868 Z-668.209 F2000
G1 B80.6642147699594 F1000
G1 X108.82 Y-31.868 Z-648.056 F2000
G1 B90.0 F1000
G1 X-12.093 Y-11.716 Z-627.904 F2000
G1 B90.0 F1000
G1 X-12.093 Y-11.716 Z-607.752 F2000
G1 B100.26358723921908 F1000
G1 X-12.093 Y-11.716 Z-587.6 F2000
G1 B90.0 F1000
G1 X209.581 Y-52.021 Z-567.448 F2000
G1 B90.0 F1000
G1 X209.581 Y-52.021 Z-547.295 F2000
G1 B90.0 F1000
G1 X209.581 Y-52.021 Z-527.143 F2000
G1 B90.0 F1000
G1 X229.733 Y-52.021 Z-506.991 F2000
G1 B90.0 F1000
G1 X229.733 Y-52.021 Z-486.839 F2000
G1 B90.0 F1000
G1 X229.733 Y-52.021 Z-466.687 F2000
G1 B90.0 F1000
G1 X229.733 Y-52.021 Z-446.534 F2000
G1 B90.0 F1000
G1 X229.733 Y-52.021 Z-426.382 F2000
G1 B90.0 F1000
G1 X229.733 Y-52.021 Z-406.23 F2000
G1 B90.0 F1000
G1 X209.581 Y-52.021 Z-386.078 F2000
G1 B79.73641276078092 F1000
G1 X209.581 Y-52.021 Z-365.925 F2000
G1 B90.0 F1000
G1 X-12.093 Y-11.716 Z-345.773 F2000
G1 B90.0 F1000
G1 X-12.093 Y-11.716 Z-325.621 F2000
G1 B90.0 F1000
G1 X-12.093 Y-11.716 Z-305.469 F2000
G1 B90.0 F1000
G1 X-12.093 Y-11.716 Z-285.317 F2000
G1 B99.3357852300406 F1000
G1 X-12.093 Y-11.716 Z-265.164 F2000
G1 B90.0 F1000
G1 X108.82 Y-31.868 Z-245.012 F2000
G1 B90.0 F1000
G1 X108.82 Y-31.868 Z-224.86 F2000
G1 B80.6642147699594 F1000
G1 X108.82 Y-31.868 Z-204.708 F2000
G1 B90.0 F1000
G1 X-12.093 Y-11.716 Z-184.556 F2000
G1 B90.0 F1000
G1 X-12.093 Y-11.716 Z-164.403 F2000
G1 B90.0 F1000
G1 X-12.093 Y-11.716 Z-144.251 F2000
G1 X-12.093 Y-11.716 Z-124.099 F2000
G1 X-19.275133243394247 Y-18.674229808947903 Z-124.099 F5000
M01
G1 X-19.275133243394247 Y-18.674229808947903 Z-708.513 F5000
M00
G1 B90.0 F1000
G1 X-12.093 Y-11.716 Z-708.513 F2000
G1 B90.0 F1000
G1 X-12.093 Y-11.716 Z-688.361 F2000
G1 B90.0 F1000
G1 X-12.093 Y-11.716 Z-668.209 F2000
G1 B90.0 F1000
G1 X-12.093 Y-11.716 Z-648.056 F2000
G1 B90.0 F1000
G1 X-12.093 Y-11.716 Z-627.904 F2000
G1 B90.0 F1000
G1 X-12.093 Y-11.716 Z-607.752 F2000
G1 B90.0 F1000
G1 X-12.093 Y-11.716 Z-587.6 F2000
G1 B90.0 F1000
G1 X-12.093 Y-11.716 Z-567.448 F2000
G1 B90.0 F1000
G1 X-12.093 Y-11.716 Z-547.295 F2000
G1 B90.0 F1000
G1 X-12.093 Y-11.716 Z-527.143 F2000
G1 B90.0 F1000
G1 X-12.093 Y-11.716 Z-506.991 F2000
G1 B90.0 F1000
G1 X-12.093 Y-11.716 Z-486.839 F2000
G1 B90.0 F1000
G1 X-12.093 Y-11.716 Z-466.687 F2000
G1 B90.0 F1000
G1 X-12.093 Y-11.716 Z-446.534 F2000
G1 B90.0 F1000
G1 X-12.093 Y-11.716 Z-426.382 F2000
G1 B90.0 F1000
G1 X-12.093 Y-11.716 Z-406.23 F2000
G1 B90.0 F1000
G1 X-12.093 Y-11.716 Z-386.078 F2000
G1 B90.0 F1000
G1 X-12.093 Y-11.716 Z-365.925 F2000
G1 B90.0 F1000
G1 X-12.093 Y-11.716 Z-345.773 F2000
G1 B90.0 F1000
G1 X-12.093 Y-11.716 Z-325.621 F2000
G1 B90.0 F1000
G1 X-12.093 Y-11.716 Z-305.469 F2000
G1 B90.0 F1000
G1 X-12.093 Y-11.716 Z-285.317 F2000
G1 B90.0 F1000
G1 X-12.093 Y-11.716 Z-265.164 F2000
G1 B90.0 F1000
G1 X28.211 Y-11.716 Z-245.012 F2000
G1 B90.0 F1000
G1 X-12.093 Y-11.716 Z-224.86 F2000
G1 B90.0 F1000
G1 X-12.093 Y-11.716 Z-204.708 F2000
G1 B90.0 F1000
G1 X-12.093 Y-11.716 Z-184.556 F2000
G1 B90.0 F1000
G1 X-12.093 Y-11.716 Z-164.403 F2000
G1 B90.0 F1000
G1 X-12.093 Y-11.716 Z-144.251 F2000
G1 X-12.093 Y-11.716 Z-124.099 F2000
G1 X-19.275133243394247 Y-18.674229808947903 Z-124.099 F5000
M01
G1 X-19.275133243394247 Y-18.674229808947903 Z-708.513 F5000
M00
G1 B90.0 F1000
G1 X-12.093 Y-11.716 Z-708.513 F2000
G1 B90.0 F1000
G1 X-12.093 Y-11.716 Z-688.361 F2000
G1 B90.0 F1000
G1 X-12.093 Y-11.716 Z-668.209 F2000
G1 B90.0 F1000
G1 X-12.093 Y-11.716 Z-648.056 F2000
G1 B90.0 F1000
G1 X-12.093 Y-11.716 Z-627.904 F2000
G1 B90.0 F1000
G1 X-12.093 Y-11.716 Z-607.752 F2000
G1 B90.0 F1000
G1 X-12.093 Y-11.716 Z-587.6 F2000
G1 B90.0 F1000
G1 X-12.093 Y-11.716 Z-567.448 F2000
G1 B77.04230086710467 F1000
G1 X-12.093 Y-11.716 Z-547.295 F2000
G1 B90.0 F1000
G1 X249.886 Y48.741 Z-527.143 F2000
G1 B90.0 F1000
G1 X249.886 Y48.741 Z-506.991 F2000
G1 B90.0 F1000
G1 X249.886 Y48.741 Z-486.839 F2000
G1 B90.0 F1000
G1 X249.886 Y48.741 Z-466.687 F2000
G1 B90.0 F1000
G1 X249.886 Y48.741 Z-446.534 F2000
G1 B90.0 F1000
G1 X249.886 Y48.741 Z-426.382 F2000
G1 B102.95769913289533 F1000
G1 X249.886 Y48.741 Z-406.23 F2000
G1 B90.0 F1000
G1 X-12.093 Y-11.716 Z-386.078 F2000
G1 B90.0 F1000
G1 X-12.093 Y-11.716 Z-365.925 F2000
G1 B90.0 F1000
G1 X-12.093 Y-11.716 Z-345.773 F2000
G1 B90.0 F1000
G1 X-12.093 Y-11.716 Z-325.621 F2000
G1 B90.0 F1000
G1 X-12.093 Y-11.716 Z-305.469 F2000
G1 B90.0 F1000
G1 X-12.093 Y-11.716 Z-285.317 F2000
G1 B90.0 F1000
G1 X-12.093 Y-11.716 Z-265.164 F2000
G1 B90.0 F1000
G1 X8.059 Y-11.716 Z-245.012 F2000
G1 B90.0 F1000
G1 X-12.093 Y-11.716 Z-224.86 F2000
G1 B90.0 F1000
G1 X-12.093 Y-11.716 Z-204.708 F2000
G1 B90.0 F1000
G1 X-12.093 Y-11.716 Z-184.556 F2000
G1 B90.0 F1000
G1 X-12.093 Y-11.716 Z-164.403 F2000
G1 B90.0 F1000
G1 X-12.093 Y-11.716 Z-144.251 F2000
G1 X-12.093 Y-11.716 Z-124.099 F2000
G1 X-19.275133243394247 Y-18.674229808947903 Z-124.099 F5000
M01
G1 X37.791810843428884 Y11.300971829256888 Z-708.513 F5000
M00
G1 B65.90558127829993 F1000
G1 X28.211 Y8.436 Z-708.513 F2000
G1 B65.90409786572857 F1000
G1 X68.516 Y28.588 Z-688.361 F2000
G1 B90.0 F1000
G1 X108.82 Y48.741 Z-668.209 F2000
G1 B65.90558127829993 F1000
G1 X108.82 Y48.741 Z-648.056 F2000
G1 B116.38780431490599 F1000
G1 X149.125 Y68.893 Z-627.904 F2000
G1 B90.0 F1000
G1 X-12.093 Y-11.716 Z-607.752 F2000
G1 B63.548798655398365 F1000
G1 X-12.093 Y-11.716 Z-587.6 F2000
G1 B90.0 F1000
G1 X189.429 Y89.045 Z-567.448 F2000
G1 B90.0 F1000
G1 X209.581 Y89.045 Z-547.295 F2000
G1 B90.0 F1000
G1 X209.581 Y89.045 Z-527.143 F2000
G1 B57.68885208424608 F1000
G1 X209.581 Y89.045 Z-506.991 F2000
G1 B90.0 F1000
G1 X270.038 Y129.349 Z-486.839 F2000
G1 B90.0 F1000
G1 X270.038 Y129.349 Z-466.687 F2000
G1 B122.31114791575393 F1000
G1 X270.038 Y129.349 Z-446.534 F2000
G1 B90.0 F1000
G1 X209.581 Y89.045 Z-426.382 F2000
G1 B90.0 F1000
G1 X209.581 Y89.045 Z-406.23 F2000
G1 B90.0 F1000
G1 X209.581 Y89.045 Z-386.078 F2000
G1 B90.0 F1000
G1 X189.429 Y89.045 Z-365.925 F2000
G1 B116.45120134460164 F1000
G1 X189.429 Y89.045 Z-345.773 F2000
G1 B90.0 F1000
G1 X-12.093 Y-11.716 Z-325.621 F2000
G1 B63.61219568509402 F1000
G1 X-12.093 Y-11.716 Z-305.469 F2000
G1 B90.0 F1000
G1 X149.125 Y68.893 Z-285.317 F2000
G1 B114.09441872170008 F1000
G1 X149.125 Y68.893 Z-265.164 F2000
G1 B114.09590213427144 F1000
G1 X108.82 Y48.741 Z-245.012 F2000
G1 B90.0 F1000
G1 X68.516 Y28.588 Z-224.86 F2000
G1 B115.87642736887832 F1000
G1 X68.516 Y28.588 Z-204.708 F2000
G1 B90.0 F1000
G1 X-12.093 Y-11.716 Z-184.556 F2000
G1 B90.0 F1000
G1 X-12.093 Y-11.716 Z-164.403 F2000
G1 B90.0 F1000
G1 X-12.093 Y-11.716 Z-144.251 F2000
G1 X-12.093 Y-11.716 Z-124.099 F2000
G1 X-19.275133243394247 Y-18.674229808947903 Z-124.099 F5000
M01
G1 X-19.275133243394247 Y-18.674229808947903 Z-708.513 F5000
M00
G1 B49.68442038612795 F1000
G1 X-12.093 Y-11.716 Z-708.513 F2000
G1 B90.0 F1000
G1 X128.972 Y109.197 Z-688.361 F2000
G1 B54.736950561190504 F1000
G1 X128.972 Y109.197 Z-668.209 F2000
G1 B90.0 F1000
G1 X149.125 Y129.349 Z-648.056 F2000
G1 B54.734270051131574 F1000
G1 X149.125 Y129.349 Z-627.904 F2000
G1 B90.0 F1000
G1 X169.277 Y149.502 Z-607.752 F2000
G1 B54.7356103172454 F1000
G1 X169.277 Y149.502 Z-587.6 F2000
G1 B90.0 F1000
G1 X189.429 Y169.654 Z-567.448 F2000
G1 B90.0 F1000
G1 X189.429 Y169.654 Z-547.295 F2000
G1 B90.0 F1000
G1 X189.429 Y169.654 Z-527.143 F2000
G1 B90.0 F1000
G1 X189.429 Y169.654 Z-506.991 F2000
G1 B90.0 F1000
G1 X189.429 Y169.654 Z-486.839 F2000
G1 B90.0 F1000
G1 X189.429 Y169.654 Z-466.687 F2000
G1 B90.0 F1000
G1 X189.429 Y169.654 Z-446.534 F2000
G1 B90.0 F1000
G1 X189.429 Y169.654 Z-426.382 F2000
G1 B90.0 F1000
G1 X189.429 Y169.654 Z-406.23 F2000
G1 B90.0 F1000
G1 X189.429 Y169.654 Z-386.078 F2000
G1 B90.0 F1000
G1 X189.429 Y169.654 Z-365.925 F2000
G1 B125.26438968275461 F1000
G1 X189.429 Y169.654 Z-345.773 F2000
G1 B90.0 F1000
G1 X169.277 Y149.502 Z-325.621 F2000
G1 B90.0 F1000
G1 X169.277 Y149.502 Z-305.469 F2000
G1 B125.26505979641409 F1000
G1 X169.277 Y149.502 Z-285.317 F2000
G1 B90.0 F1000
G1 X149.125 Y129.349 Z-265.164 F2000
G1 B125.26371954138455 F1000
G1 X149.125 Y129.349 Z-245.012 F2000
G1 B90.0 F1000
G1 X128.972 Y109.197 Z-224.86 F2000
G1 B130.31557961387205 F1000
G1 X128.972 Y109.197 Z-204.708 F2000
G1 B90.0 F1000
G1 X-12.093 Y-11.716 Z-184.556 F2000
G1 B90.0 F1000
G1 X-12.093 Y-11.716 Z-164.403 F2000
G1 B90.0 F1000
G1 X-12.093 Y-11.716 Z-144.251 F2000
G1 X-12.093 Y-11.716 Z-124.099 F2000
G1 X-19.275133243394247 Y-18.674229808947903 Z-124.099 F5000
M01
G1 X-19.275133243394247 Y-18.674229808947903 Z-708.513 F5000
M00
G1 B29.205629509996882 F1000
G1 X-12.093 Y-11.716 Z-708.513 F2000
G1 B54.736280458615475 F1000
G1 X28.211 Y68.893 Z-688.361 F2000
G1 B54.7362804586154 F1000
G1 X48.364 Y89.045 Z-668.209 F2000
G1 B90.0 F1000
G1 X68.516 Y109.197 Z-648.056 F2000
G1 B35.263719549697704 F1000
G1 X68.516 Y109.197 Z-627.904 F2000
G1 B90.0 F1000
G1 X88.668 Y149.502 Z-607.752 F2000
G1 B35.26438968275466 F1000
G1 X88.668 Y149.502 Z-587.6 F2000
G1 B90.0 F1000
G1 X108.82 Y189.806 Z-567.448 F2000
G1 B90.0 F1000
G1 X108.82 Y189.806 Z-547.295 F2000
G1 B90.0 F1000
G1 X108.82 Y189.806 Z-527.143 F2000
G1 B90.0 F1000
G1 X108.82 Y189.806 Z-506.991 F2000
G1 B90.0 F1000
G1 X108.82 Y189.806 Z-486.839 F2000
G1 B90.0 F1000
G1 X108.82 Y189.806 Z-466.687 F2000
G1 B90.0 F1000
G1 X108.82 Y189.806 Z-446.534 F2000
G1 B90.0 F1000
G1 X108.82 Y189.806 Z-426.382 F2000
G1 B90.0 F1000
G1 X108.82 Y189.806 Z-406.23 F2000
G1 B90.0 F1000
G1 X108.82 Y189.806 Z-386.078 F2000
G1 B90.0 F1000
G1 X108.82 Y189.806 Z-365.925 F2000
G1 B144.73561031724535 F1000
G1 X108.82 Y189.806 Z-345.773 F2000
G1 B90.0 F1000
G1 X88.668 Y149.502 Z-325.621 F2000
G1 B90.0 F1000
G1 X88.668 Y149.502 Z-305.469 F2000
G1 B144.73561030893214 F1000
G1 X88.668 Y149.502 Z-285.317 F2000
G1 B90.0 F1000
G1 X68.516 Y109.197 Z-265.164 F2000
G1 B125.26438968275465 F1000
G1 X68.516 Y109.197 Z-245.012 F2000
G1 B144.73494017033283 F1000
G1 X48.364 Y89.045 Z-224.86 F2000
G1 B143.30122890507744 F1000
G1 X28.211 Y48.741 Z-204.708 F2000
G1 B90.0 F1000
G1 X-12.093 Y-11.716 Z-184.556 F2000
G1 B90.0 F1000
G1 X-12.093 Y-11.716 Z-164.403 F2000
G1 B90.0 F1000
G1 X-12.093 Y-11.716 Z-144.251 F2000
G1 X-12.093 Y-11.716 Z-124.099 F2000
G1 X-19.275133243394247 Y-18.674229808947903 Z-124.099 F5000
M01
G1 X-19.275133243394247 Y-18.674229808947903 Z-708.513 F5000
M00
G1 B25.239036292457666 F1000
G1 X-12.093 Y-11.716 Z-708.513 F2000
G1 B25.23940182067894 F1000
G1 X8.059 Y48.741 Z-688.361 F2000
G1 B90.0 F1000
G1 X28.211 Y109.197 Z-668.209 F2000
G1 B159.56083748770217 F1000
G1 X28.211 Y109.197 Z-648.056 F2000
G1 B19.35971782152685 F1000
G1 X-12.093 Y-11.716 Z-627.904 F2000
G1 B90.0 F1000
G1 X48.364 Y169.654 Z-607.752 F2000
G1 B90.0 F1000
G1 X48.364 Y169.654 Z-587.6 F2000
G1 B35.26505982966718 F1000
G1 X48.364 Y169.654 Z-567.448 F2000
G1 B90.0 F1000
G1 X68.516 Y209.958 Z-547.295 F2000
G1 B90.0 F1000
G1 X68.516 Y209.958 Z-527.143 F2000
G1 B90.0 F1000
G1 X68.516 Y209.958 Z-506.991 F2000
G1 B90.0 F1000
G1 X68.516 Y209.958 Z-486.839 F2000
G1 B90.0 F1000
G1 X68.516 Y209.958 Z-466.687 F2000
G1 B90.0 F1000
G1 X68.516 Y209.958 Z-446.534 F2000
G1 B90.0 F1000
G1 X68.516 Y209.958 Z-426.382 F2000
G1 B90.0 F1000
G1 X68.516 Y209.958 Z-406.23 F2000
G1 B159.45250106781242 F1000
G1 X68.516 Y209.958 Z-386.078 F2000
G1 B19.35971782152685 F1000
G1 X-12.093 Y-11.716 Z-365.925 F2000
G1 B90.0 F1000
G1 X48.364 Y169.654 Z-345.773 F2000
G1 B90.0 F1000
G1 X48.364 Y169.654 Z-325.621 F2000
G1 B90.0 F1000
G1 X48.364 Y169.654 Z-305.469 F2000
G1 B160.6401932576584 F1000
G1 X48.364 Y169.654 Z-285.317 F2000
G1 B20.43916251229783 F1000
G1 X-12.093 Y-11.716 Z-265.164 F2000
G1 B90.0 F1000
G1 X28.211 Y109.197 Z-245.012 F2000
G1 B154.76059817932105 F1000
G1 X28.211 Y109.197 Z-224.86 F2000
G1 B154.76096370754237 F1000
G1 X8.059 Y48.741 Z-204.708 F2000
G1 B90.0 F1000
G1 X-12.093 Y-11.716 Z-184.556 F2000
G1 B90.0 F1000
G1 X-12.093 Y-11.716 Z-164.403 F2000
G1 B90.0 F1000
G1 X-12.093 Y-11.716 Z-144.251 F2000
G1 X-12.093 Y-11.716 Z-124.099 F2000
G1 X-19.275133243394247 Y-18.674229808947903 Z-124.099 F5000
M01
G1 X-19.275133243394247 Y-18.674229808947903 Z-708.513 F5000
M00
G1 B45.000000000000064 F1000
G1 X-12.093 Y-11.716 Z-708.513 F2000
G1 B90.0 F1000
G1 X-12.093 Y8.436 Z-688.361 F2000
G1 B134.99857844487047 F1000
G1 X-12.093 Y8.436 Z-668.209 F2000
G1 B90.0 F1000
G1 X-12.093 Y-11.716 Z-648.056 F2000
G1 B90.0 F1000
G1 X-12.093 Y-11.716 Z-627.904 F2000
G1 B90.0 F1000
G1 X-12.093 Y-11.716 Z-607.752 F2000
G1 B8.049388135808266 F1000
G1 X-12.093 Y-11.716 Z-587.6 F2000
G1 B18.435517447795604 F1000
G1 X8.059 Y189.806 Z-567.448 F2000
G1 B90.0 F1000
G1 X8.059 Y250.263 Z-547.295 F2000
G1 B90.0 F1000
G1 X8.059 Y250.263 Z-527.143 F2000
G1 B90.0 F1000
G1 X8.059 Y250.263 Z-506.991 F2000
G1 B173.7915259145044 F1000
G1 X8.059 Y250.263 Z-486.839 F2000
G1 B90.0 F1000
G1 X-12.093 Y-11.716 Z-466.687 F2000
G1 B90.0 F1000
G1 X-12.093 Y-11.716 Z-446.534 F2000
G1 B6.208474085495599 F1000
G1 X-12.093 Y-11.716 Z-426.382 F2000
G1 B90.0 F1000
G1 X8.059 Y250.263 Z-406.23 F2000
G1 B161.56448255220442 F1000
G1 X8.059 Y250.263 Z-386.078 F2000
G1 B90.0 F1000
G1 X8.059 Y189.806 Z-365.925 F2000
G1 B171.95061186419173 F1000
G1 X8.059 Y189.806 Z-345.773 F2000
G1 B90.0 F1000
G1 X-12.093 Y-11.716 Z-325.621 F2000
G1 B90.0 F1000
G1 X-12.093 Y-11.716 Z-305.469 F2000
G1 B90.0 F1000
G1 X-12.093 Y-11.716 Z-285.317 F2000
G1 B18.434664509074388 F1000
G1 X-12.093 Y-11.716 Z-265.164 F2000
G1 B90.0 F1000
G1 X-12.093 Y48.741 Z-245.012 F2000
G1 B153.4355174477956 F1000
G1 X-12.093 Y48.741 Z-224.86 F2000
G1 B135.00000000000003 F1000
G1 X-12.093 Y8.436 Z-204.708 F2000
G1 B90.0 F1000
G1 X-12.093 Y-11.716 Z-184.556 F2000
G1 B90.0 F1000
G1 X-12.093 Y-11.716 Z-164.403 F2000
G1 B90.0 F1000
G1 X-12.093 Y-11.716 Z-144.251 F2000
G1 X-12.093 Y-11.716 Z-124.099 F2000
G1 X-19.275133243394247 Y-18.674229808947903 Z-124.099 F5000
M01
G1 X-19.275133243394247 Y-18.674229808947903 Z-708.513 F5000
M00
G1 B15.793020128712108 F1000
G1 X-12.093 Y-11.716 Z-708.513 F2000
G1 B90.0 F1000
G1 X-32.245 Y89.045 Z-688.361 F2000
G1 B26.56618843811152 F1000
G1 X-32.245 Y89.045 Z-668.209 F2000
G1 B168.578325180988 F1000
G1 X-32.245 Y129.349 Z-648.056 F2000
G1 B15.616239970334261 F1000
G1 X-12.093 Y-11.716 Z-627.904 F2000
G1 B90.0 F1000
G1 X-52.398 Y149.502 Z-607.752 F2000
G1 B45.00000000000008 F1000
G1 X-52.398 Y149.502 Z-587.6 F2000
G1 B45.001421555129674 F1000
G1 X-52.398 Y169.654 Z-567.448 F2000
G1 B167.39549625617337 F1000
G1 X-52.398 Y189.806 Z-547.295 F2000
G1 B90.0 F1000
G1 X-12.093 Y-11.716 Z-527.143 F2000
G1 B90.0 F1000
G1 X-12.093 Y-11.716 Z-506.991 F2000
G1 B90.0 F1000
G1 X-12.093 Y-11.716 Z-486.839 F2000
G1 B90.0 F1000
G1 X-12.093 Y-11.716 Z-466.687 F2000
G1 B90.0 F1000
G1 X-12.093 Y-11.716 Z-446.534 F2000
G1 B90.0 F1000
G1 X-12.093 Y-11.716 Z-426.382 F2000
G1 B90.0 F1000
G1 X-12.093 Y-11.716 Z-406.23 F2000
G1 B90.0 F1000
G1 X-12.093 Y-11.716 Z-386.078 F2000
G1 B13.95285467474915 F1000
G1 X-12.093 Y-11.716 Z-365.925 F2000
G1 B134.99999999999991 F1000
G1 X-52.398 Y169.654 Z-345.773 F2000
G1 B90.0 F1000
G1 X-52.398 Y149.502 Z-325.621 F2000
G1 B164.38376002966575 F1000
G1 X-52.398 Y149.502 Z-305.469 F2000
G1 B11.421950762069377 F1000
G1 X-12.093 Y-11.716 Z-285.317 F2000
G1 B90.0 F1000
G1 X-32.245 Y129.349 Z-265.164 F2000
G1 B90.0 F1000
G1 X-32.245 Y129.349 Z-245.012 F2000
G1 B168.690176878044 F1000
G1 X-32.245 Y129.349 Z-224.86 F2000
G1 B144.73561031724537 F1000
G1 X-32.245 Y28.588 Z-204.708 F2000
G1 B90.0 F1000
G1 X-12.093 Y-11.716 Z-184.556 F2000
G1 B90.0 F1000
G1 X-12.093 Y-11.716 Z-164.403 F2000
G1 B90.0 F1000
G1 X-12.093 Y-11.716 Z-144.251 F2000
G1 X-12.093 Y-11.716 Z-124.099 F2000
G1 X-19.275133243394247 Y-18.674229808947903 Z-124.099 F5000
M01
G1 X-19.275133243394247 Y-18.674229808947903 Z-708.513 F5000
M00
G1 B35.264389682754675 F1000
G1 X-12.093 Y-11.716 Z-708.513 F2000
G1 B35.26438969106789 F1000
G1 X-32.245 Y28.588 Z-688.361 F2000
G1 B29.205871704869153 F1000
G1 X-52.398 Y68.893 Z-668.209 F2000
G1 B90.0 F1000
G1 X-92.702 Y149.502 Z-648.056 F2000
G1 B35.264389682754675 F1000
G1 X-92.702 Y149.502 Z-627.904 F2000
G1 B90.0 F1000
G1 X-112.854 Y189.806 Z-607.752 F2000
G1 B90.0 F1000
G1 X-112.854 Y189.806 Z-587.6 F2000
G1 B90.0 F1000
G1 X-112.854 Y189.806 Z-567.448 F2000
G1 B90.0 F1000
G1 X-112.854 Y189.806 Z-547.295 F2000
G1 B90.0 F1000
G1 X-112.854 Y189.806 Z-527.143 F2000
G1 B90.0 F1000
G1 X-112.854 Y189.806 Z-506.991 F2000
G1 B90.0 F1000
G1 X-112.854 Y189.806 Z-486.839 F2000
G1 B90.0 F1000
G1 X-112.854 Y189.806 Z-466.687 F2000
G1 B90.0 F1000
G1 X-112.854 Y189.806 Z-446.534 F2000
G1 B90.0 F1000
G1 X-112.854 Y189.806 Z-426.382 F2000
G1 B90.0 F1000
G1 X-112.854 Y189.806 Z-406.23 F2000
G1 B90.0 F1000
G1 X-112.854 Y189.806 Z-386.078 F2000
G1 B90.0 F1000
G1 X-112.854 Y189.806 Z-365.925 F2000
G1 B90.0 F1000
G1 X-112.854 Y189.806 Z-345.773 F2000
G1 B90.0 F1000
G1 X-112.854 Y189.806 Z-325.621 F2000
G1 B144.73561031724537 F1000
G1 X-112.854 Y189.806 Z-305.469 F2000
G1 B90.0 F1000
G1 X-92.702 Y149.502 Z-285.317 F2000
G1 B90.0 F1000
G1 X-92.702 Y149.502 Z-265.164 F2000
G1 B150.79437049000316 F1000
G1 X-92.702 Y149.502 Z-245.012 F2000
G1 B150.7938861098157 F1000
G1 X-52.398 Y68.893 Z-224.86 F2000
G1 B90.0 F1000
G1 X-12.093 Y-11.716 Z-204.708 F2000
G1 B90.0 F1000
G1 X-12.093 Y-11.716 Z-184.556 F2000
G1 B90.0 F1000
G1 X-12.093 Y-11.716 Z-164.403 F2000
G1 B90.0 F1000
G1 X-12.093 Y-11.716 Z-144.251 F2000
G1 X-12.093 Y-11.716 Z-124.099 F2000
G1 X-19.275133243394247 Y-18.674229808947903 Z-124.099 F5000
M01
G1 X-19.275133243394247 Y-18.674229808947903 Z-708.513 F5000
M00
G1 B90.0 F1000
G1 X-12.093 Y-11.716 Z-708.513 F2000
G1 B90.0 F1000
G1 X-12.093 Y-11.716 Z-688.361 F2000
G1 B37.24728990207387 F1000
G1 X-12.093 Y-11.716 Z-668.209 F2000
G1 B90.0 F1000
G1 X-133.006 Y149.502 Z-648.056 F2000
G1 B90.0 F1000
G1 X-133.006 Y149.502 Z-627.904 F2000
G1 B90.0 F1000
G1 X-133.006 Y149.502 Z-607.752 F2000
G1 B54.7362804586155 F1000
G1 X-133.006 Y149.502 Z-587.6 F2000
G1 B90.0 F1000
G1 X-153.159 Y169.654 Z-567.448 F2000
G1 B90.0 F1000
G1 X-153.159 Y169.654 Z-547.295 F2000
G1 B35.26438968275469 F1000
G1 X-153.159 Y169.654 Z-527.143 F2000
G1 B90.0 F1000
G1 X-173.311 Y209.958 Z-506.991 F2000
G1 B90.0 F1000
G1 X-173.311 Y209.958 Z-486.839 F2000
G1 B90.0 F1000
G1 X-173.311 Y209.958 Z-466.687 F2000
G1 B90.0 F1000
G1 X-173.311 Y209.958 Z-446.534 F2000
G1 B144.73561031724535 F1000
G1 X-173.311 Y209.958 Z-426.382 F2000
G1 B90.0 F1000
G1 X-153.159 Y169.654 Z-406.23 F2000
G1 B90.0 F1000
G1 X-153.159 Y169.654 Z-386.078 F2000
G1 B90.0 F1000
G1 X-153.159 Y169.654 Z-365.925 F2000
G1 B125.26371954138452 F1000
G1 X-153.159 Y169.654 Z-345.773 F2000
G1 B90.0 F1000
G1 X-133.006 Y149.502 Z-325.621 F2000
G1 B90.0 F1000
G1 X-133.006 Y149.502 Z-305.469 F2000
G1 B90.0 F1000
G1 X-133.006 Y149.502 Z-285.317 F2000
G1 B144.73628045030236 F1000
G1 X-133.006 Y149.502 Z-265.164 F2000
G1 B139.64086356982136 F1000
G1 X-112.854 Y109.197 Z-245.012 F2000
G1 B90.0 F1000
G1 X-12.093 Y-11.716 Z-224.86 F2000
G1 B90.0 F1000
G1 X-12.093 Y-11.716 Z-204.708 F2000
G1 B90.0 F1000
G1 X-12.093 Y-11.716 Z-184.556 F2000
G1 B90.0 F1000
G1 X-12.093 Y-11.716 Z-164.403 F2000
G1 B90.0 F1000
G1 X-12.093 Y-11.716 Z-144.251 F2000
G1 X-12.093 Y-11.716 Z-124.099 F2000
G1 X-19.275133243394247 Y-18.674229808947903 Z-124.099 F5000
M01
G1 X-19.275133243394247 Y-18.674229808947903 Z-708.513 F5000
M00
G1 B90.0 F1000
G1 X-12.093 Y-11.716 Z-708.513 F2000
G1 B65.90558127829993 F1000
G1 X-12.093 Y-11.716 Z-688.361 F2000
G1 B46.508149416854636 F1000
G1 X-52.398 Y8.436 Z-668.209 F2000
G1 B54.735610317245374 F1000
G1 X-112.854 Y68.893 Z-648.056 F2000
G1 B90.0 F1000
G1 X-133.006 Y89.045 Z-627.904 F2000
G1 B129.4200843361966 F1000
G1 X-133.006 Y89.045 Z-607.752 F2000
G1 B90.0 F1000
G1 X-12.093 Y-11.716 Z-587.6 F2000
G1 B52.295357267959325 F1000
G1 X-12.093 Y-11.716 Z-567.448 F2000
G1 B90.0 F1000
G1 X-193.463 Y129.349 Z-547.295 F2000
G1 B90.0 F1000
G1 X-193.463 Y129.349 Z-527.143 F2000
G1 B90.0 F1000
G1 X-193.463 Y129.349 Z-506.991 F2000
G1 B127.70465950944993 F1000
G1 X-193.463 Y129.349 Z-486.839 F2000
G1 B90.0 F1000
G1 X-12.093 Y-11.716 Z-466.687 F2000
G1 B52.29534049055008 F1000
G1 X-12.093 Y-11.716 Z-446.534 F2000
G1 B90.0 F1000
G1 X-193.463 Y129.349 Z-426.382 F2000
G1 B90.0 F1000
G1 X-193.463 Y129.349 Z-406.23 F2000
G1 B127.7046427320407 F1000
G1 X-193.463 Y129.349 Z-386.078 F2000
G1 B90.0 F1000
G1 X-12.093 Y-11.716 Z-365.925 F2000
G1 B90.0 F1000
G1 X-12.093 Y-11.716 Z-345.773 F2000
G1 B90.0 F1000
G1 X-12.093 Y-11.716 Z-325.621 F2000
G1 B50.57991566380339 F1000
G1 X-12.093 Y-11.716 Z-305.469 F2000
G1 B90.0 F1000
G1 X-133.006 Y89.045 Z-285.317 F2000
G1 B125.26438968275465 F1000
G1 X-133.006 Y89.045 Z-265.164 F2000
G1 B133.49199254807556 F1000
G1 X-112.854 Y68.893 Z-245.012 F2000
G1 B114.09441872170007 F1000
G1 X-52.398 Y8.436 Z-224.86 F2000
G1 B90.0 F1000
G1 X-12.093 Y-11.716 Z-204.708 F2000
G1 B90.0 F1000
G1 X-12.093 Y-11.716 Z-184.556 F2000
G1 B90.0 F1000
G1 X-12.093 Y-11.716 Z-164.403 F2000
G1 B90.0 F1000
G1 X-12.093 Y-11.716 Z-144.251 F2000
G1 X-12.093 Y-11.716 Z-124.099 F2000
G1 X-19.275133243394247 Y-18.674229808947903 Z-124.099 F5000
M01
G1 X-19.275133243394247 Y-18.674229808947903 Z-708.513 F5000
M00
G1 B90.0 F1000
G1 X-12.093 Y-11.716 Z-708.513 F2000
G1 B90.0 F1000
G1 X-12.093 Y-11.716 Z-688.361 F2000
G1 B90.0 F1000
G1 X-12.093 Y-11.716 Z-668.209 F2000
G1 B90.0 F1000
G1 X-12.093 Y-11.716 Z-648.056 F2000
G1 B90.0 F1000
G1 X-12.093 Y-11.716 Z-627.904 F2000
G1 B90.0 F1000
G1 X-12.093 Y-11.716 Z-607.752 F2000
G1 B90.0 F1000
G1 X-12.093 Y-11.716 Z-587.6 F2000
G1 B90.0 F1000
G1 X-12.093 Y-11.716 Z-567.448 F2000
G1 B90.0 F1000
G1 X-12.093 Y-11.716 Z-547.295 F2000
G1 B90.0 F1000
G1 X-12.093 Y-11.716 Z-527.143 F2000
G1 B90.0 F1000
G1 X-12.093 Y-11.716 Z-506.991 F2000
G1 B90.0 F1000
G1 X-12.093 Y-11.716 Z-486.839 F2000
G1 B90.0 F1000
G1 X-12.093 Y-11.716 Z-466.687 F2000
G1 B90.0 F1000
G1 X-12.093 Y-11.716 Z-446.534 F2000
G1 B90.0 F1000
G1 X-12.093 Y-11.716 Z-426.382 F2000
G1 B90.0 F1000
G1 X-12.093 Y-11.716 Z-406.23 F2000
G1 B90.0 F1000
G1 X-12.093 Y-11.716 Z-386.078 F2000
G1 B90.0 F1000
G1 X-12.093 Y-11.716 Z-365.925 F2000
G1 B90.0 F1000
G1 X-12.093 Y-11.716 Z-345.773 F2000
G1 B90.0 F1000
G1 X-12.093 Y-11.716 Z-325.621 F2000
G1 B90.0 F1000
G1 X-12.093 Y-11.716 Z-305.469 F2000
G1 B90.0 F1000
G1 X-12.093 Y-11.716 Z-285.317 F2000
G1 B72.45184459019563 F1000
G1 X-12.093 Y-11.716 Z-265.164 F2000
G1 B107.54815540980437 F1000
G1 X-72.55 Y8.436 Z-245.012 F2000
G1 B90.0 F1000
G1 X-12.093 Y-11.716 Z-224.86 F2000
G1 B90.0 F1000
G1 X-12.093 Y-11.716 Z-204.708 F2000
G1 B90.0 F1000
G1 X-12.093 Y-11.716 Z-184.556 F2000
G1 B90.0 F1000
G1 X-12.093 Y-11.716 Z-164.403 F2000
G1 B90.0 F1000
G1 X-12.093 Y-11.716 Z-144.251 F2000
G1 X-12.093 Y-11.716 Z-124.099 F2000
G1 X-19.275133243394247 Y-18.674229808947903 Z-124.099 F5000
M01
G1 X-19.275133243394247 Y-18.674229808947903 Z-708.513 F5000
M00
G1 B90.0 F1000
G1 X-12.093 Y-11.716 Z-708.513 F2000
G1 B90.0 F1000
G1 X-12.093 Y-11.716 Z-688.361 F2000
G1 B90.0 F1000
G1 X-12.093 Y-11.716 Z-668.209 F2000
G1 B90.0 F1000
G1 X-12.093 Y-11.716 Z-648.056 F2000
G1 B90.0 F1000
G1 X-12.093 Y-11.716 Z-627.904 F2000
G1 B90.0 F1000
G1 X-12.093 Y-11.716 Z-607.752 F2000
G1 B90.0 F1000
G1 X-12.093 Y-11.716 Z-587.6 F2000
G1 B90.0 F1000
G1 X-12.093 Y-11.716 Z-567.448 F2000
G1 B90.0 F1000
G1 X-12.093 Y-11.716 Z-547.295 F2000
G1 B90.0 F1000
G1 X-12.093 Y-11.716 Z-527.143 F2000
G1 B90.0 F1000
G1 X-12.093 Y-11.716 Z-506.991 F2000
G1 B90.0 F1000
G1 X-12.093 Y-11.716 Z-486.839 F2000
G1 B90.0 F1000
G1 X-12.093 Y-11.716 Z-466.687 F2000
G1 B90.0 F1000
G1 X-12.093 Y-11.716 Z-446.534 F2000
G1 B90.0 F1000
G1 X-12.093 Y-11.716 Z-426.382 F2000
G1 B90.0 F1000
G1 X-12.093 Y-11.716 Z-406.23 F2000
G1 B90.0 F1000
G1 X-12.093 Y-11.716 Z-386.078 F2000
G1 B90.0 F1000
G1 X-12.093 Y-11.716 Z-365.925 F2000
G1 B90.0 F1000
G1 X-12.093 Y-11.716 Z-345.773 F2000
G1 B90.0 F1000
G1 X-12.093 Y-11.716 Z-325.621 F2000
G1 B90.0 F1000
G1 X-12.093 Y-11.716 Z-305.469 F2000
G1 B90.0 F1000
G1 X-12.093 Y-11.716 Z-285.317 F2000
G1 B90.0 F1000
G1 X-12.093 Y-11.716 Z-265.164 F2000
G1 B90.0 F1000
G1 X-12.093 Y-11.716 Z-245.012 F2000
G1 B90.0 F1000
G1 X-12.093 Y-11.716 Z-224.86 F2000
G1 B90.0 F1000
G1 X-12.093 Y-11.716 Z-204.708 F2000
G1 B90.0 F1000
G1 X-12.093 Y-11.716 Z-184.556 F2000
G1 B90.0 F1000
G1 X-12.093 Y-11.716 Z-164.403 F2000
G1 B90.0 F1000
G1 X-12.093 Y-11.716 Z-144.251 F2000
G1 X-12.093 Y-11.716 Z-124.099 F2000
G1 X-19.275133243394247 Y-18.674229808947903 Z-124.099 F5000
M01
G1 X-19.275133243394247 Y-18.674229808947903 Z-708.513 F5000
M00
G1 B90.0 F1000
G1 X-12.093 Y-11.716 Z-708.513 F2000
G1 B99.3357852300406 F1000
G1 X-12.093 Y-11.716 Z-688.361 F2000
G1 B90.0 F1000
G1 X-133.006 Y-31.868 Z-668.209 F2000
G1 B80.6642147699594 F1000
G1 X-133.006 Y-31.868 Z-648.056 F2000
G1 B96.30165828337229 F1000
G1 X-12.093 Y-11.716 Z-627.904 F2000
G1 B90.0 F1000
G1 X-193.463 Y-31.868 Z-607.752 F2000
G1 B90.0 F1000
G1 X-193.463 Y-31.868 Z-587.6 F2000
G1 B90.0 F1000
G1 X-213.615 Y-31.868 Z-567.448 F2000
G1 B90.0 F1000
G1 X-233.767 Y-31.868 Z-547.295 F2000
G1 B90.0 F1000
G1 X-233.767 Y-31.868 Z-527.143 F2000
G1 B90.0 F1000
G1 X-233.767 Y-31.868 Z-506.991 F2000
G1 B90.0 F1000
G1 X-233.767 Y-31.868 Z-486.839 F2000
G1 B90.0 F1000
G1 X-233.767 Y-31.868 Z-466.687 F2000
G1 B90.0 F1000
G1 X-233.767 Y-31.868 Z-446.534 F2000
G1 B90.0 F1000
G1 X-233.767 Y-31.868 Z-426.382 F2000
G1 B90.0 F1000
G1 X-233.767 Y-31.868 Z-406.23 F2000
G1 B90.0 F1000
G1 X-233.767 Y-31.868 Z-386.078 F2000
G1 B90.0 F1000
G1 X-213.615 Y-31.868 Z-365.925 F2000
G1 B90.0 F1000
G1 X-213.615 Y-31.868 Z-345.773 F2000
G1 B90.0 F1000
G1 X-193.463 Y-31.868 Z-325.621 F2000
G1 B83.69834171662772 F1000
G1 X-193.463 Y-31.868 Z-305.469 F2000
G1 B90.0 F1000
G1 X-12.093 Y-11.716 Z-285.317 F2000
G1 B99.3357852300406 F1000
G1 X-12.093 Y-11.716 Z-265.164 F2000
G1 B80.6642147699594 F1000
G1 X-133.006 Y-31.868 Z-245.012 F2000
G1 B90.0 F1000
G1 X-12.093 Y-11.716 Z-224.86 F2000
G1 B90.0 F1000
G1 X-12.093 Y-11.716 Z-204.708 F2000
G1 B90.0 F1000
G1 X-12.093 Y-11.716 Z-184.556 F2000
G1 B90.0 F1000
G1 X-12.093 Y-11.716 Z-164.403 F2000
G1 B90.0 F1000
G1 X-12.093 Y-11.716 Z-144.251 F2000
G1 X-12.093 Y-11.716 Z-124.099 F2000
G1 X-19.275133243394247 Y-18.674229808947903 Z-124.099 F5000
M01
G1 X-19.275133243394247 Y-18.674229808947903 Z-708.513 F5000
M00
G1 B90.0 F1000
G1 X-12.093 Y-11.716 Z-708.513 F2000
G1 B90.0 F1000
G1 X-12.093 Y-11.716 Z-688.361 F2000
G1 B107.54807367607582 F1000
G1 X-12.093 Y-11.716 Z-668.209 F2000
G1 B125.2657299488684 F1000
G1 X-72.55 Y-31.868 Z-648.056 F2000
G1 B64.12301441232998 F1000
G1 X-92.702 Y-52.021 Z-627.904 F2000
G1 B110.41052653552332 F1000
G1 X-12.093 Y-11.716 Z-607.752 F2000
G1 B90.0 F1000
G1 X-173.311 Y-72.173 Z-587.6 F2000
G1 B90.0 F1000
G1 X-193.463 Y-72.173 Z-567.448 F2000
G1 B103.63286898863744 F1000
G1 X-193.463 Y-72.173 Z-547.295 F2000
G1 B90.0 F1000
G1 X-274.072 Y-92.325 Z-527.143 F2000
G1 B90.0 F1000
G1 X-274.072 Y-92.325 Z-506.991 F2000
G1 B90.0 F1000
G1 X-274.072 Y-92.325 Z-486.839 F2000
G1 B90.0 F1000
G1 X-274.072 Y-92.325 Z-466.687 F2000
G1 B90.0 F1000
G1 X-274.072 Y-92.325 Z-446.534 F2000
G1 B90.0 F1000
G1 X-274.072 Y-92.325 Z-426.382 F2000
G1 B76.36713101136256 F1000
G1 X-274.072 Y-92.325 Z-406.23 F2000
G1 B90.0 F1000
G1 X-193.463 Y-72.173 Z-386.078 F2000
G1 B90.0 F1000
G1 X-193.463 Y-72.173 Z-365.925 F2000
G1 B69.5894734644767 F1000
G1 X-173.311 Y-72.173 Z-345.773 F2000
G1 B90.0 F1000
G1 X-12.093 Y-11.716 Z-325.621 F2000
G1 B90.0 F1000
G1 X-12.093 Y-11.716 Z-305.469 F2000
G1 B90.0 F1000
G1 X-12.093 Y-11.716 Z-285.317 F2000
G1 B114.09441872170008 F1000
G1 X-12.093 Y-11.716 Z-265.164 F2000
G1 B65.90558127829993 F1000
G1 X-52.398 Y-31.868 Z-245.012 F2000
G1 B90.0 F1000
G1 X-12.093 Y-11.716 Z-224.86 F2000
G1 B90.0 F1000
G1 X-12.093 Y-11.716 Z-204.708 F2000
G1 B90.0 F1000
G1 X-12.093 Y-11.716 Z-184.556 F2000
G1 B90.0 F1000
G1 X-12.093 Y-11.716 Z-164.403 F2000
G1 B90.0 F1000
G1 X-12.093 Y-11.716 Z-144.251 F2000
G1 X-12.093 Y-11.716 Z-124.099 F2000
G1 X-19.275133243394247 Y-18.674229808947903 Z-124.099 F5000
M01
G1 X-19.275133243394247 Y-18.674229808947903 Z-708.513 F5000
M00
G1 B90.0 F1000
G1 X-12.093 Y-11.716 Z-708.513 F2000
G1 B90.0 F1000
G1 X-12.093 Y-11.716 Z-688.361 F2000
G1 B90.0 F1000
G1 X-12.093 Y-11.716 Z-668.209 F2000
G1 B126.04002603853779 F1000
G1 X-12.093 Y-11.716 Z-648.056 F2000
G1 B53.959973961462225 F1000
G1 X-92.702 Y-72.173 Z-627.904 F2000
G1 B125.2642824609867 F1000
G1 X-12.093 Y-11.716 Z-607.752 F2000
G1 B90.0 F1000
G1 X-153.159 Y-112.477 Z-587.6 F2000
G1 B90.0 F1000
G1 X-153.159 Y-112.477 Z-567.448 F2000
G1 B90.0 F1000
G1 X-153.159 Y-112.477 Z-547.295 F2000
G1 B114.09484255211068 F1000
G1 X-153.159 Y-112.477 Z-527.143 F2000
G1 B90.0 F1000
G1 X-193.463 Y-132.629 Z-506.991 F2000
G1 B56.47204595891766 F1000
G1 X-193.463 Y-132.629 Z-486.839 F2000
G1 B90.0 F1000
G1 X-12.093 Y-11.716 Z-466.687 F2000
G1 B123.52795404108234 F1000
G1 X-12.093 Y-11.716 Z-446.534 F2000
G1 B56.47204595891766 F1000
G1 X-193.463 Y-132.629 Z-426.382 F2000
G1 B125.2642824609867 F1000
G1 X-12.093 Y-11.716 Z-406.23 F2000
G1 B90.0 F1000
G1 X-153.159 Y-112.477 Z-386.078 F2000
G1 B90.0 F1000
G1 X-153.159 Y-112.477 Z-365.925 F2000
G1 B90.0 F1000
G1 X-153.159 Y-112.477 Z-345.773 F2000
G1 B54.735717539013315 F1000
G1 X-153.159 Y-112.477 Z-325.621 F2000
G1 B126.04002603853779 F1000
G1 X-12.093 Y-11.716 Z-305.469 F2000
G1 B54.73628045861547 F1000
G1 X-92.702 Y-72.173 Z-285.317 F2000
G1 B57.68820988381499 F1000
G1 X-72.55 Y-52.021 Z-265.164 F2000
G1 B90.0 F1000
G1 X-12.093 Y-11.716 Z-245.012 F2000
G1 B90.0 F1000
G1 X-12.093 Y-11.716 Z-224.86 F2000
G1 B90.0 F1000
G1 X-12.093 Y-11.716 Z-204.708 F2000
G1 B90.0 F1000
G1 X-12.093 Y-11.716 Z-184.556 F2000
G1 B90.0 F1000
G1 X-12.093 Y-11.716 Z-164.403 F2000
G1 B90.0 F1000
G1 X-12.093 Y-11.716 Z-144.251 F2000
G1 X-12.093 Y-11.716 Z-124.099 F2000
G1 X-19.275133243394247 Y-18.674229808947903 Z-124.099 F5000
M01
G1 X-19.275133243394247 Y-18.674229808947903 Z-708.513 F5000
M00
G1 B90.0 F1000
G1 X-12.093 Y-11.716 Z-708.513 F2000
G1 B90.0 F1000
G1 X-12.093 Y-11.716 Z-688.361 F2000
G1 B90.0 F1000
G1 X-12.093 Y-11.716 Z-668.209 F2000
G1 B90.0 F1000
G1 X-12.093 Y-11.716 Z-648.056 F2000
G1 B90.0 F1000
G1 X-12.093 Y-11.716 Z-627.904 F2000
G1 B90.0 F1000
G1 X-12.093 Y-11.716 Z-607.752 F2000
G1 B90.0 F1000
G1 X-12.093 Y-11.716 Z-587.6 F2000
G1 B90.0 F1000
G1 X-12.093 Y-11.716 Z-567.448 F2000
G1 B90.0 F1000
G1 X-12.093 Y-11.716 Z-547.295 F2000
G1 B90.0 F1000
G1 X-12.093 Y-11.716 Z-527.143 F2000
G1 B90.0 F1000
G1 X-12.093 Y-11.716 Z-506.991 F2000
G1 B90.0 F1000
G1 X-12.093 Y-11.716 Z-486.839 F2000
G1 B90.0 F1000
G1 X-12.093 Y-11.716 Z-466.687 F2000
G1 B90.0 F1000
G1 X-12.093 Y-11.716 Z-446.534 F2000
G1 B90.0 F1000
G1 X-12.093 Y-11.716 Z-426.382 F2000
G1 B90.0 F1000
G1 X-12.093 Y-11.716 Z-406.23 F2000
G1 B90.0 F1000
G1 X-12.093 Y-11.716 Z-386.078 F2000
G1 B90.0 F1000
G1 X-12.093 Y-11.716 Z-365.925 F2000
G1 B90.0 F1000
G1 X-12.093 Y-11.716 Z-345.773 F2000
G1 B90.0 F1000
G1 X-12.093 Y-11.716 Z-325.621 F2000
G1 B90.0 F1000
G1 X-12.093 Y-11.716 Z-305.469 F2000
G1 B90.0 F1000
G1 X-12.093 Y-11.716 Z-285.317 F2000
G1 B90.0 F1000
G1 X-12.093 Y-11.716 Z-265.164 F2000
G1 B90.0 F1000
G1 X-12.093 Y-11.716 Z-245.012 F2000
G1 B90.0 F1000
G1 X-12.093 Y-11.716 Z-224.86 F2000
G1 B90.0 F1000
G1 X-12.093 Y-11.716 Z-204.708 F2000
G1 B90.0 F1000
G1 X-12.093 Y-11.716 Z-184.556 F2000
G1 B90.0 F1000
G1 X-12.093 Y-11.716 Z-164.403 F2000
G1 B90.0 F1000
G1 X-12.093 Y-11.716 Z-144.251 F2000
G1 X-12.093 Y-11.716 Z-124.099 F2000
G1 X-19.275133243394247 Y-18.674229808947903 Z-124.099 F5000
M01
G1 X-19.275133243394247 Y-18.674229808947903 Z-708.513 F5000
M00
G1 B90.0 F1000
G1 X-12.093 Y-11.716 Z-708.513 F2000
G1 B90.0 F1000
G1 X-12.093 Y-11.716 Z-688.361 F2000
G1 B90.0 F1000
G1 X-12.093 Y-11.716 Z-668.209 F2000
G1 B143.30068397768846 F1000
G1 X-12.093 Y-11.716 Z-648.056 F2000
G1 B131.81031489577862 F1000
G1 X-52.398 Y-72.173 Z-627.904 F2000
G1 B147.68833832189813 F1000
G1 X-92.702 Y-112.477 Z-607.752 F2000
G1 B90.0 F1000
G1 X-153.159 Y-213.238 Z-587.6 F2000
G1 B90.0 F1000
G1 X-153.159 Y-213.238 Z-567.448 F2000
G1 B90.0 F1000
G1 X-153.159 Y-213.238 Z-547.295 F2000
G1 B144.7362804503023 F1000
G1 X-153.159 Y-213.238 Z-527.143 F2000
G1 B90.0 F1000
G1 X-173.311 Y-253.543 Z-506.991 F2000
G1 B90.0 F1000
G1 X-173.311 Y-253.543 Z-486.839 F2000
G1 B90.0 F1000
G1 X-173.311 Y-253.543 Z-466.687 F2000
G1 B90.0 F1000
G1 X-173.311 Y-253.543 Z-446.534 F2000
G1 B35.263719549697676 F1000
G1 X-173.311 Y-253.543 Z-426.382 F2000
G1 B90.0 F1000
G1 X-153.159 Y-213.238 Z-406.23 F2000
G1 B90.0 F1000
G1 X-153.159 Y-213.238 Z-386.078 F2000
G1 B90.0 F1000
G1 X-153.159 Y-213.238 Z-365.925 F2000
G1 B90.0 F1000
G1 X-153.159 Y-213.238 Z-345.773 F2000
G1 B32.311661678101885 F1000
G1 X-153.159 Y-213.238 Z-325.621 F2000
G1 B90.0 F1000
G1 X-92.702 Y-112.477 Z-305.469 F2000
G1 B48.18996766585166 F1000
G1 X-92.702 Y-112.477 Z-285.317 F2000
G1 B36.699316022311535 F1000
G1 X-52.398 Y-72.173 Z-265.164 F2000
G1 B90.0 F1000
G1 X-12.093 Y-11.716 Z-245.012 F2000
G1 B90.0 F1000
G1 X-12.093 Y-11.716 Z-224.86 F2000
G1 B90.0 F1000
G1 X-12.093 Y-11.716 Z-204.708 F2000
G1 B90.0 F1000
G1 X-12.093 Y-11.716 Z-184.556 F2000
G1 B90.0 F1000
G1 X-12.093 Y-11.716 Z-164.403 F2000
G1 B90.0 F1000
G1 X-12.093 Y-11.716 Z-144.251 F2000
G1 X-12.093 Y-11.716 Z-124.099 F2000
G1 X-19.275133243394247 Y-18.674229808947903 Z-124.099 F5000
M01
G1 X-19.275133243394247 Y-18.674229808947903 Z-708.513 F5000
M00
G1 B90.0 F1000
G1 X-12.093 Y-11.716 Z-708.513 F2000
G1 B90.0 F1000
G1 X-12.093 Y-11.716 Z-688.361 F2000
G1 B154.76041540923322 F1000
G1 X-12.093 Y-11.716 Z-668.209 F2000
G1 B125.26371954138452 F1000
G1 X-32.245 Y-72.173 Z-648.056 F2000
G1 B29.206113890184326 F1000
G1 X-52.398 Y-92.325 Z-627.904 F2000
G1 B155.68872341224147 F1000
G1 X-12.093 Y-11.716 Z-607.752 F2000
G1 B90.0 F1000
G1 X-72.55 Y-152.782 Z-587.6 F2000
G1 B134.99857844487028 F1000
G1 X-72.55 Y-152.782 Z-567.448 F2000
G1 B21.568178034875956 F1000
G1 X-72.55 Y-172.934 Z-547.295 F2000
G1 B90.0 F1000
G1 X-12.093 Y-11.716 Z-527.143 F2000
G1 B90.0 F1000
G1 X-12.093 Y-11.716 Z-506.991 F2000
G1 B90.0 F1000
G1 X-12.093 Y-11.716 Z-486.839 F2000
G1 B90.0 F1000
G1 X-12.093 Y-11.716 Z-466.687 F2000
G1 B90.0 F1000
G1 X-12.093 Y-11.716 Z-446.534 F2000
G1 B90.0 F1000
G1 X-12.093 Y-11.716 Z-426.382 F2000
G1 B90.0 F1000
G1 X-12.093 Y-11.716 Z-406.23 F2000
G1 B90.0 F1000
G1 X-12.093 Y-11.716 Z-386.078 F2000
G1 B155.68872341224147 F1000
G1 X-12.093 Y-11.716 Z-365.925 F2000
G1 B90.0 F1000
G1 X-72.55 Y-152.782 Z-345.773 F2000
G1 B24.311276587758545 F1000
G1 X-72.55 Y-152.782 Z-325.621 F2000
G1 B150.7938861098157 F1000
G1 X-12.093 Y-11.716 Z-305.469 F2000
G1 B54.736950561190575 F1000
G1 X-52.398 Y-92.325 Z-285.317 F2000
G1 B90.0 F1000
G1 X-32.245 Y-72.173 Z-265.164 F2000
G1 B25.23903629245761 F1000
G1 X-32.245 Y-72.173 Z-245.012 F2000
G1 B90.0 F1000
G1 X-12.093 Y-11.716 Z-224.86 F2000
G1 B90.0 F1000
G1 X-12.093 Y-11.716 Z-204.708 F2000
G1 B90.0 F1000
G1 X-12.093 Y-11.716 Z-184.556 F2000
G1 B90.0 F1000
G1 X-12.093 Y-11.716 Z-164.403 F2000
G1 B90.0 F1000
G1 X-12.093 Y-11.716 Z-144.251 F2000
G1 X-12.093 Y-11.716 Z-124.099 F2000
G1 X-19.275133243394247 Y-18.674229808947903 Z-124.099 F5000
M01
G1 X-19.275133243394247 Y-18.674229808947903 Z-708.513 F5000
M00
G1 B90.0 F1000
G1 X-12.093 Y-11.716 Z-708.513 F2000
G1 B171.95061186419173 F1000
G1 X-12.093 Y-11.716 Z-688.361 F2000
G1 B90.0 F1000
G1 X-32.245 Y-213.238 Z-668.209 F2000
G1 B134.99999999999991 F1000
G1 X-32.245 Y-213.238 Z-648.056 F2000
G1 B135.00142155512964 F1000
G1 X-32.245 Y-233.39 Z-627.904 F2000
G1 B90.0 F1000
G1 X-32.245 Y-253.543 Z-607.752 F2000
G1 B134.99999999999991 F1000
G1 X-32.245 Y-253.543 Z-587.6 F2000
G1 B134.99857844487028 F1000
G1 X-32.245 Y-273.695 Z-567.448 F2000
G1 B90.0 F1000
G1 X-32.245 Y-293.847 Z-547.295 F2000
G1 B90.0 F1000
G1 X-32.245 Y-293.847 Z-527.143 F2000
G1 B90.0 F1000
G1 X-32.245 Y-293.847 Z-506.991 F2000
G1 B90.0 F1000
G1 X-32.245 Y-293.847 Z-486.839 F2000
G1 B90.0 F1000
G1 X-32.245 Y-293.847 Z-466.687 F2000
G1 B90.0 F1000
G1 X-32.245 Y-293.847 Z-446.534 F2000
G1 B90.0 F1000
G1 X-32.245 Y-293.847 Z-426.382 F2000
G1 B90.0 F1000
G1 X-32.245 Y-293.847 Z-406.23 F2000
G1 B45.00142155512964 F1000
G1 X-32.245 Y-293.847 Z-386.078 F2000
G1 B90.0 F1000
G1 X-32.245 Y-273.695 Z-365.925 F2000
G1 B45.00000000000008 F1000
G1 X-32.245 Y-273.695 Z-345.773 F2000
G1 B90.0 F1000
G1 X-32.245 Y-253.543 Z-325.621 F2000
G1 B44.99857844487028 F1000
G1 X-32.245 Y-253.543 Z-305.469 F2000
G1 B90.0 F1000
G1 X-32.245 Y-233.39 Z-285.317 F2000
G1 B45.0 F1000
G1 X-32.245 Y-233.39 Z-265.164 F2000
G1 B90.0 F1000
G1 X-32.245 Y-213.238 Z-245.012 F2000
G1 B8.049388135808266 F1000
G1 X-32.245 Y-213.238 Z-224.86 F2000
G1 B90.0 F1000
G1 X-12.093 Y-11.716 Z-204.708 F2000
G1 B90.0 F1000
G1 X-12.093 Y-11.716 Z-184.556 F2000
G1 B90.0 F1000
G1 X-12.093 Y-11.716 Z-164.403 F2000
G1 B90.0 F1000
G1 X-12.093 Y-11.716 Z-144.251 F2000
G1 X-12.093 Y-11.716 Z-124.099 F2000
G1 X-19.275133243394247 Y-18.674229808947903 Z-124.099 F5000
M01
G1 X-19.275133243394247 Y-18.674229808947903 Z-708.513 F5000
M00
G1 B90.0 F1000
G1 X-12.093 Y-11.716 Z-708.513 F2000
G1 B90.0 F1000
G1 X-12.093 Y-11.716 Z-688.361 F2000
G1 B90.0 F1000
G1 X-12.093 Y-11.716 Z-668.209 F2000
G1 B90.0 F1000
G1 X-12.093 Y-11.716 Z-648.056 F2000
G1 B168.57840401986428 F1000
G1 X-12.093 Y-11.716 Z-627.904 F2000
G1 B135.0000000000001 F1000
G1 X8.059 Y-152.782 Z-607.752 F2000
G1 B134.99999999999997 F1000
G1 X8.059 Y-172.934 Z-587.6 F2000
G1 B90.0 F1000
G1 X8.059 Y-193.086 Z-567.448 F2000
G1 B90.0 F1000
G1 X8.059 Y-193.086 Z-547.295 F2000
G1 B8.930044948634546 F1000
G1 X8.059 Y-193.086 Z-527.143 F2000
G1 B90.0 F1000
G1 X-12.093 Y-11.716 Z-506.991 F2000
G1 B90.0 F1000
G1 X-12.093 Y-11.716 Z-486.839 F2000
G1 B90.0 F1000
G1 X-12.093 Y-11.716 Z-466.687 F2000
G1 B90.0 F1000
G1 X-12.093 Y-11.716 Z-446.534 F2000
G1 B90.0 F1000
G1 X-12.093 Y-11.716 Z-426.382 F2000
G1 B90.0 F1000
G1 X-12.093 Y-11.716 Z-406.23 F2000
G1 B171.0697370523829 F1000
G1 X-12.093 Y-11.716 Z-386.078 F2000
G1 B90.0 F1000
G1 X8.059 Y-193.086 Z-365.925 F2000
G1 B45.00000000000004 F1000
G1 X8.059 Y-193.086 Z-345.773 F2000
G1 B90.0 F1000
G1 X8.059 Y-172.934 Z-325.621 F2000
G1 B10.02486601915212 F1000
G1 X8.059 Y-172.934 Z-305.469 F2000
G1 B90.0 F1000
G1 X-12.093 Y-11.716 Z-285.317 F2000
G1 B90.0 F1000
G1 X-12.093 Y-11.716 Z-265.164 F2000
G1 B90.0 F1000
G1 X-12.093 Y-11.716 Z-245.012 F2000
G1 B90.0 F1000
G1 X-12.093 Y-11.716 Z-224.86 F2000
G1 B90.0 F1000
G1 X-12.093 Y-11.716 Z-204.708 F2000
G1 B90.0 F1000
G1 X-12.093 Y-11.716 Z-184.556 F2000
G1 B90.0 F1000
G1 X-12.093 Y-11.716 Z-164.403 F2000
G1 B90.0 F1000
G1 X-12.093 Y-11.716 Z-144.251 F2000
G1 X-12.093 Y-11.716 Z-124.099 F2000
G1 X-19.275133243394247 Y-18.674229808947903 Z-124.099 F5000
M01
G1 X-19.275133243394247 Y-18.674229808947903 Z-708.513 F5000
M00
G1 B90.0 F1000
G1 X-12.093 Y-11.716 Z-708.513 F2000
G1 B90.0 F1000
G1 X-12.093 Y-11.716 Z-688.361 F2000
G1 B158.4317247665245 F1000
G1 X-12.093 Y-11.716 Z-668.209 F2000
G1 B90.0 F1000
G1 X48.364 Y-172.934 Z-648.056 F2000
G1 B90.0 F1000
G1 X48.364 Y-172.934 Z-627.904 F2000
G1 B90.0 F1000
G1 X48.364 Y-172.934 Z-607.752 F2000
G1 B144.73561031724532 F1000
G1 X48.364 Y-172.934 Z-587.6 F2000
G1 B90.0 F1000
G1 X68.516 Y-213.238 Z-567.448 F2000
G1 B154.7609637075424 F1000
G1 X68.516 Y-213.238 Z-547.295 F2000
G1 B90.0 F1000
G1 X88.668 Y-273.695 Z-527.143 F2000
G1 B90.0 F1000
G1 X88.668 Y-273.695 Z-506.991 F2000
G1 B90.0 F1000
G1 X88.668 Y-273.695 Z-486.839 F2000
G1 B90.0 F1000
G1 X88.668 Y-273.695 Z-466.687 F2000
G1 B90.0 F1000
G1 X88.668 Y-273.695 Z-446.534 F2000
G1 B90.0 F1000
G1 X88.668 Y-273.695 Z-426.382 F2000
G1 B25.239036292457655 F1000
G1 X88.668 Y-273.695 Z-406.23 F2000
G1 B90.0 F1000
G1 X68.516 Y-213.238 Z-386.078 F2000
G1 B90.0 F1000
G1 X68.516 Y-213.238 Z-365.925 F2000
G1 B35.264389682754675 F1000
G1 X68.516 Y-213.238 Z-345.773 F2000
G1 B90.0 F1000
G1 X48.364 Y-172.934 Z-325.621 F2000
G1 B90.0 F1000
G1 X48.364 Y-172.934 Z-305.469 F2000
G1 B90.0 F1000
G1 X48.364 Y-172.934 Z-285.317 F2000
G1 B90.0 F1000
G1 X48.364 Y-172.934 Z-265.164 F2000
G1 B21.568178034875956 F1000
G1 X48.364 Y-172.934 Z-245.012 F2000
G1 B90.0 F1000
G1 X-12.093 Y-11.716 Z-224.86 F2000
G1 B90.0 F1000
G1 X-12.093 Y-11.716 Z-204.708 F2000
G1 B90.0 F1000
G1 X-12.093 Y-11.716 Z-184.556 F2000
G1 B90.0 F1000
G1 X-12.093 Y-11.716 Z-164.403 F2000
G1 B90.0 F1000
G1 X-12.093 Y-11.716 Z-144.251 F2000
G1 X-12.093 Y-11.716 Z-124.099 F2000
G1 X-19.275133243394247 Y-18.674229808947903 Z-124.099 F5000
M01
G1 X-19.275133243394247 Y-18.674229808947903 Z-708.513 F5000
M00
G1 B147.6883383218981 F1000
G1 X-12.093 Y-11.716 Z-708.513 F2000
G1 B90.0 F1000
G1 X48.364 Y-112.477 Z-688.361 F2000
G1 B90.0 F1000
G1 X48.364 Y-112.477 Z-668.209 F2000
G1 B90.0 F1000
G1 X48.364 Y-112.477 Z-648.056 F2000
G1 B125.26438968275461 F1000
G1 X48.364 Y-112.477 Z-627.904 F2000
G1 B125.2657299488685 F1000
G1 X68.516 Y-132.629 Z-607.752 F2000
G1 B125.26438968275463 F1000
G1 X88.668 Y-152.782 Z-587.6 F2000
G1 B90.0 F1000
G1 X108.82 Y-172.934 Z-567.448 F2000
G1 B90.0 F1000
G1 X108.82 Y-172.934 Z-547.295 F2000
G1 B90.0 F1000
G1 X108.82 Y-172.934 Z-527.143 F2000
G1 B143.30022986954586 F1000
G1 X108.82 Y-172.934 Z-506.991 F2000
G1 B90.0 F1000
G1 X149.125 Y-233.39 Z-486.839 F2000
G1 B90.0 F1000
G1 X149.125 Y-233.39 Z-466.687 F2000
G1 B36.699770130454155 F1000
G1 X149.125 Y-233.39 Z-446.534 F2000
G1 B90.0 F1000
G1 X108.82 Y-172.934 Z-426.382 F2000
G1 B90.0 F1000
G1 X108.82 Y-172.934 Z-406.23 F2000
G1 B90.0 F1000
G1 X108.82 Y-172.934 Z-386.078 F2000
G1 B90.0 F1000
G1 X108.82 Y-172.934 Z-365.925 F2000
G1 B54.73561031724538 F1000
G1 X108.82 Y-172.934 Z-345.773 F2000
G1 B90.0 F1000
G1 X88.668 Y-152.782 Z-325.621 F2000
G1 B54.73427005113156 F1000
G1 X88.668 Y-152.782 Z-305.469 F2000
G1 B54.7362804586155 F1000
G1 X68.516 Y-132.629 Z-285.317 F2000
G1 B90.0 F1000
G1 X48.364 Y-112.477 Z-265.164 F2000
G1 B90.0 F1000
G1 X48.364 Y-112.477 Z-245.012 F2000
G1 B32.31166167810188 F1000
G1 X48.364 Y-112.477 Z-224.86 F2000
G1 B90.0 F1000
G1 X-12.093 Y-11.716 Z-204.708 F2000
G1 B90.0 F1000
G1 X-12.093 Y-11.716 Z-184.556 F2000
G1 B90.0 F1000
G1 X-12.093 Y-11.716 Z-164.403 F2000
G1 B90.0 F1000
G1 X-12.093 Y-11.716 Z-144.251 F2000
G1 X-12.093 Y-11.716 Z-124.099 F2000
G1 X-19.275133243394247 Y-18.674229808947903 Z-124.099 F5000
M01
G1 X-19.275133243394247 Y-18.674229808947903 Z-708.513 F5000
M00
G1 B90.0 F1000
G1 X-12.093 Y-11.716 Z-708.513 F2000
G1 B133.49156666466737 F1000
G1 X-12.093 Y-11.716 Z-688.361 F2000
G1 B125.26371954138462 F1000
G1 X48.364 Y-72.173 Z-668.209 F2000
G1 B90.0 F1000
G1 X68.516 Y-92.325 Z-648.056 F2000
G1 B114.0948425521107 F1000
G1 X68.516 Y-92.325 Z-627.904 F2000
G1 B90.0 F1000
G1 X108.82 Y-112.477 Z-607.752 F2000
G1 B128.11300615632183 F1000
G1 X108.82 Y-112.477 Z-587.6 F2000
G1 B90.0 F1000
G1 X209.581 Y-193.086 Z-567.448 F2000
G1 B90.0 F1000
G1 X209.581 Y-193.086 Z-547.295 F2000
G1 B90.0 F1000
G1 X209.581 Y-193.086 Z-527.143 F2000
G1 B125.26438968275463 F1000
G1 X209.581 Y-193.086 Z-506.991 F2000
G1 B90.0 F1000
G1 X229.733 Y-213.238 Z-486.839 F2000
G1 B90.0 F1000
G1 X229.733 Y-213.238 Z-466.687 F2000
G1 B90.0 F1000
G1 X229.733 Y-213.238 Z-446.534 F2000
G1 B54.73561031724537 F1000
G1 X229.733 Y-213.238 Z-426.382 F2000
G1 B90.0 F1000
G1 X209.581 Y-193.086 Z-406.23 F2000
G1 B90.0 F1000
G1 X209.581 Y-193.086 Z-386.078 F2000
G1 B90.0 F1000
G1 X209.581 Y-193.086 Z-365.925 F2000
G1 B50.82604612094248 F1000
G1 X209.581 Y-193.086 Z-345.773 F2000
G1 B129.42008433619662 F1000
G1 X-12.093 Y-11.716 Z-325.621 F2000
G1 B65.9051574478893 F1000
G1 X108.82 Y-112.477 Z-305.469 F2000
G1 B90.0 F1000
G1 X68.516 Y-92.325 Z-285.317 F2000
G1 B90.0 F1000
G1 X68.516 Y-92.325 Z-265.164 F2000
G1 B54.735610317245346 F1000
G1 X68.516 Y-92.325 Z-245.012 F2000
G1 B46.50843333533262 F1000
G1 X48.364 Y-72.173 Z-224.86 F2000
G1 B90.0 F1000
G1 X-12.093 Y-11.716 Z-204.708 F2000
G1 B90.0 F1000
G1 X-12.093 Y-11.716 Z-184.556 F2000
G1 B90.0 F1000
G1 X-12.093 Y-11.716 Z-164.403 F2000
G1 B90.0 F1000
G1 X-12.093 Y-11.716 Z-144.251 F2000
G1 X-12.093 Y-11.716 Z-124.099 F2000
G1 X-19.275133243394247 Y-18.674229808947903 Z-124.099 F5000
M01
G1 X-19.275133243394247 Y-18.674229808947903 Z-708.513 F5000
M00
G1 B90.0 F1000
G1 X-12.093 Y-11.716 Z-708.513 F2000
G1 B114.09484255211069 F1000
G1 X-12.093 Y-11.716 Z-688.361 F2000
G1 B114.09526637340795 F1000
G1 X28.211 Y-31.868 Z-668.209 F2000
G1 B122.31153323742386 F1000
G1 X68.516 Y-52.021 Z-648.056 F2000
G1 B90.0 F1000
G1 X128.972 Y-92.325 Z-627.904 F2000
G1 B90.0 F1000
G1 X128.972 Y-92.325 Z-607.752 F2000
G1 B90.0 F1000
G1 X149.125 Y-92.325 Z-587.6 F2000
G1 B90.0 F1000
G1 X149.125 Y-92.325 Z-567.448 F2000
G1 B125.26438968275471 F1000
G1 X149.125 Y-92.325 Z-547.295 F2000
G1 B90.0 F1000
G1 X169.277 Y-112.477 Z-527.143 F2000
G1 B61.094404033439766 F1000
G1 X169.277 Y-112.477 Z-506.991 F2000
G1 B90.0 F1000
G1 X-12.093 Y-11.716 Z-486.839 F2000
G1 B90.0 F1000
G1 X-12.093 Y-11.716 Z-466.687 F2000
G1 B90.0 F1000
G1 X-12.093 Y-11.716 Z-446.534 F2000
G1 B90.0 F1000
G1 X-12.093 Y-11.716 Z-426.382 F2000
G1 B118.90559596656026 F1000
G1 X-12.093 Y-11.716 Z-406.23 F2000
G1 B54.736280458615425 F1000
G1 X169.277 Y-112.477 Z-386.078 F2000
G1 B90.0 F1000
G1 X149.125 Y-92.325 Z-365.925 F2000
G1 B63.61219568509402 F1000
G1 X149.125 Y-92.325 Z-345.773 F2000
G1 B90.0 F1000
G1 X-12.093 Y-11.716 Z-325.621 F2000
G1 B119.4963425242742 F1000
G1 X-12.093 Y-11.716 Z-305.469 F2000
G1 B90.0 F1000
G1 X128.972 Y-92.325 Z-285.317 F2000
G1 B64.12330993917249 F1000
G1 X128.972 Y-92.325 Z-265.164 F2000
G1 B54.734940203585914 F1000
G1 X48.364 Y-52.021 Z-245.012 F2000
G1 B65.90515744788931 F1000
G1 X28.211 Y-31.868 Z-224.86 F2000
G1 B90.0 F1000
G1 X-12.093 Y-11.716 Z-204.708 F2000
G1 B90.0 F1000
G1 X-12.093 Y-11.716 Z-184.556 F2000
G1 B90.0 F1000
G1 X-12.093 Y-11.716 Z-164.403 F2000
G1 B90.0 F1000
G1 X-12.093 Y-11.716 Z-144.251 F2000
G1 X-12.093 Y-11.716 Z-124.099 F2000
G1 X-19.275133243394247 Y-18.674229808947903 Z-124.099 F5000
M01
G1 X-19.275133243394247 Y-18.674229808947903 Z-708.513 F5000
M00
G1 B101.09570002598588 F1000
G1 X-12.093 Y-11.716 Z-708.513 F2000
G1 B90.0 F1000
G1 X88.668 Y-31.868 Z-688.361 F2000
G1 B90.0 F1000
G1 X88.668 Y-31.868 Z-668.209 F2000
G1 B125.2657299488684 F1000
G1 X88.668 Y-31.868 Z-648.056 F2000
G1 B71.79895472845833 F1000
G1 X108.82 Y-52.021 Z-627.904 F2000
G1 B90.0 F1000
G1 X-12.093 Y-11.716 Z-607.752 F2000
G1 B101.25540408648018 F1000
G1 X-12.093 Y-11.716 Z-587.6 F2000
G1 B90.0 F1000
G1 X189.429 Y-52.021 Z-567.448 F2000
G1 B90.0 F1000
G1 X189.429 Y-52.021 Z-547.295 F2000
G1 B90.0 F1000
G1 X189.429 Y-52.021 Z-527.143 F2000
G1 B90.0 F1000
G1 X209.581 Y-52.021 Z-506.991 F2000
G1 B90.0 F1000
G1 X209.581 Y-52.021 Z-486.839 F2000
G1 B90.0 F1000
G1 X209.581 Y-52.021 Z-466.687 F2000
G1 B90.0 F1000
G1 X209.581 Y-52.021 Z-446.534 F2000
G1 B90.0 F1000
G1 X209.581 Y-52.021 Z-426.382 F2000
G1 B90.0 F1000
G1 X209.581 Y-52.021 Z-406.23 F2000
G1 B90.0 F1000
G1 X189.429 Y-52.021 Z-386.078 F2000
G1 B78.74459591351983 F1000
G1 X189.429 Y-52.021 Z-365.925 F2000
G1 B90.0 F1000
G1 X-12.093 Y-11.716 Z-345.773 F2000
G1 B90.0 F1000
G1 X-12.093 Y-11.716 Z-325.621 F2000
G1 B90.0 F1000
G1 X-12.093 Y-11.716 Z-305.469 F2000
G1 B108.20102247029548 F1000
G1 X-12.093 Y-11.716 Z-285.317 F2000
G1 B54.73427005113157 F1000
G1 X108.82 Y-52.021 Z-265.164 F2000
G1 B90.0 F1000
G1 X88.668 Y-31.868 Z-245.012 F2000
G1 B78.90429997401412 F1000
G1 X88.668 Y-31.868 Z-224.86 F2000
G1 B90.0 F1000
G1 X-12.093 Y-11.716 Z-204.708 F2000
G1 B90.0 F1000
G1 X-12.093 Y-11.716 Z-184.556 F2000
G1 B90.0 F1000
G1 X-12.093 Y-11.716 Z-164.403 F2000
G1 B90.0 F1000
G1 X-12.093 Y-11.716 Z-144.251 F2000
G1 X-12.093 Y-11.716 Z-124.099 F2000
G1 X-19.275133243394247 Y-18.674229808947903 Z-124.099 F5000
M01
G1 X-19.275133243394247 Y-18.674229808947903 Z-708.513 F5000
M00
G1 B90.0 F1000
G1 X-12.093 Y-11.716 Z-708.513 F2000
G1 B90.0 F1000
G1 X-12.093 Y-11.716 Z-688.361 F2000
G1 B90.0 F1000
G1 X-12.093 Y-11.716 Z-668.209 F2000
G1 B90.0 F1000
G1 X-12.093 Y-11.716 Z-648.056 F2000
G1 B90.0 F1000
G1 X-12.093 Y-11.716 Z-627.904 F2000
G1 B90.0 F1000
G1 X-12.093 Y-11.716 Z-607.752 F2000
G1 B90.0 F1000
G1 X-12.093 Y-11.716 Z-587.6 F2000
G1 B90.0 F1000
G1 X-12.093 Y-11.716 Z-567.448 F2000
G1 B90.0 F1000
G1 X-12.093 Y-11.716 Z-547.295 F2000
G1 B90.0 F1000
G1 X-12.093 Y-11.716 Z-527.143 F2000
G1 B90.0 F1000
G1 X-12.093 Y-11.716 Z-506.991 F2000
G1 B90.0 F1000
G1 X-12.093 Y-11.716 Z-486.839 F2000
G1 B90.0 F1000
G1 X-12.093 Y-11.716 Z-466.687 F2000
G1 B90.0 F1000
G1 X-12.093 Y-11.716 Z-446.534 F2000
G1 B90.0 F1000
G1 X-12.093 Y-11.716 Z-426.382 F2000
G1 B90.0 F1000
G1 X-12.093 Y-11.716 Z-406.23 F2000
G1 B90.0 F1000
G1 X-12.093 Y-11.716 Z-386.078 F2000
G1 B90.0 F1000
G1 X-12.093 Y-11.716 Z-365.925 F2000
G1 B90.0 F1000
G1 X-12.093 Y-11.716 Z-345.773 F2000
G1 B90.0 F1000
G1 X-12.093 Y-11.716 Z-325.621 F2000
G1 B90.0 F1000
G1 X-12.093 Y-11.716 Z-305.469 F2000
G1 B90.0 F1000
G1 X-12.093 Y-11.716 Z-285.317 F2000
G1 B90.0 F1000
G1 X-12.093 Y-11.716 Z-265.164 F2000
G1 B90.0 F1000
G1 X-12.093 Y-11.716 Z-245.012 F2000
G1 B90.0 F1000
G1 X-12.093 Y-11.716 Z-224.86 F2000
G1 B90.0 F1000
G1 X-12.093 Y-11.716 Z-204.708 F2000
G1 B90.0 F1000
G1 X-12.093 Y-11.716 Z-184.556 F2000
G1 B90.0 F1000
G1 X-12.093 Y-11.716 Z-164.403 F2000
G1 B90.0 F1000
G1 X-12.093 Y-11.716 Z-144.251 F2000
G1 X-12.093 Y-11.716 Z-124.099 F2000
G1 X-19.275133243394247 Y-18.674229808947903 Z-124.099 F5000
M01
G1 X-19.275133243394247 Y-18.674229808947903 Z-708.513 F5000
M00
G1 B90.0 F1000
G1 X-12.093 Y-11.716 Z-708.513 F2000
G1 B90.0 F1000
G1 X-12.093 Y-11.716 Z-688.361 F2000
G1 B90.0 F1000
G1 X-12.093 Y-11.716 Z-668.209 F2000
G1 B90.0 F1000
G1 X-12.093 Y-11.716 Z-648.056 F2000
G1 B90.0 F1000
G1 X-12.093 Y-11.716 Z-627.904 F2000
G1 B90.0 F1000
G1 X-12.093 Y-11.716 Z-607.752 F2000
G1 B90.0 F1000
G1 X-12.093 Y-11.716 Z-587.6 F2000
G1 B90.0 F1000
G1 X-12.093 Y-11.716 Z-567.448 F2000
G1 B90.0 F1000
G1 X-12.093 Y-11.716 Z-547.295 F2000
G1 B90.0 F1000
G1 X-12.093 Y-11.716 Z-527.143 F2000
G1 B90.0 F1000
G1 X-12.093 Y-11.716 Z-506.991 F2000
G1 B90.0 F1000
G1 X-12.093 Y-11.716 Z-486.839 F2000
G1 B90.0 F1000
G1 X-12.093 Y-11.716 Z-466.687 F2000
G1 B90.0 F1000
G1 X-12.093 Y-11.716 Z-446.534 F2000
G1 B90.0 F1000
G1 X-12.093 Y-11.716 Z-426.382 F2000
G1 B90.0 F1000
G1 X-12.093 Y-11.716 Z-406.23 F2000
G1 B90.0 F1000
G1 X-12.093 Y-11.716 Z-386.078 F2000
G1 B90.0 F1000
G1 X-12.093 Y-11.716 Z-365.925 F2000
G1 B90.0 F1000
G1 X-12.093 Y-11.716 Z-345.773 F2000
G1 B90.0 F1000
G1 X-12.093 Y-11.716 Z-325.621 F2000
G1 B90.0 F1000
G1 X-12.093 Y-11.716 Z-305.469 F2000
G1 B90.0 F1000
G1 X-12.093 Y-11.716 Z-285.317 F2000
G1 B90.0 F1000
G1 X-12.093 Y-11.716 Z-265.164 F2000
G1 B90.0 F1000
G1 X-12.093 Y-11.716 Z-245.012 F2000
G1 B90.0 F1000
G1 X-12.093 Y-11.716 Z-224.86 F2000
G1 B90.0 F1000
G1 X-12.093 Y-11.716 Z-204.708 F2000
G1 B90.0 F1000
G1 X-12.093 Y-11.716 Z-184.556 F2000
G1 B90.0 F1000
G1 X-12.093 Y-11.716 Z-164.403 F2000
G1 B90.0 F1000
G1 X-12.093 Y-11.716 Z-144.251 F2000
G1 X-12.093 Y-11.716 Z-124.099 F2000
G1 X-19.275133243394247 Y-18.674229808947903 Z-124.099 F5000
M01
G1 X-19.275133243394247 Y-18.674229808947903 Z-708.513 F5000
M00
G1 B72.45184459019565 F1000
G1 X-12.093 Y-11.716 Z-708.513 F2000
G1 B54.73561031724538 F1000
G1 X48.364 Y8.436 Z-688.361 F2000
G1 B90.0 F1000
G1 X68.516 Y28.588 Z-668.209 F2000
G1 B111.41652816999189 F1000
G1 X88.668 Y28.588 Z-648.056 F2000
G1 B90.0 F1000
G1 X-12.093 Y-11.716 Z-627.904 F2000
G1 B90.0 F1000
G1 X-12.093 Y-11.716 Z-607.752 F2000
G1 B90.0 F1000
G1 X-12.093 Y-11.716 Z-587.6 F2000
G1 B63.54880988192054 F1000
G1 X-12.093 Y-11.716 Z-567.448 F2000
G1 B90.0 F1000
G1 X189.429 Y89.045 Z-547.295 F2000
G1 B90.0 F1000
G1 X189.429 Y89.045 Z-527.143 F2000
G1 B90.0 F1000
G1 X189.429 Y89.045 Z-506.991 F2000
G1 B90.0 F1000
G1 X209.581 Y89.045 Z-486.839 F2000
G1 B90.0 F1000
G1 X209.581 Y89.045 Z-466.687 F2000
G1 B114.35527234563983 F1000
G1 X209.581 Y89.045 Z-446.534 F2000
G1 B63.548798655398365 F1000
G1 X-12.093 Y-11.716 Z-426.382 F2000
G1 B90.0 F1000
G1 X189.429 Y89.045 Z-406.23 F2000
G1 B125.26371954138457 F1000
G1 X189.429 Y89.045 Z-386.078 F2000
G1 B113.83233109997586 F1000
G1 X169.277 Y68.893 Z-365.925 F2000
G1 B90.0 F1000
G1 X-12.093 Y-11.716 Z-345.773 F2000
G1 B90.0 F1000
G1 X-12.093 Y-11.716 Z-325.621 F2000
G1 B90.0 F1000
G1 X-12.093 Y-11.716 Z-305.469 F2000
G1 B63.747462305050426 F1000
G1 X-12.093 Y-11.716 Z-285.317 F2000
G1 B125.26572994886841 F1000
G1 X108.82 Y48.741 Z-265.164 F2000
G1 B114.0948425521107 F1000
G1 X88.668 Y28.588 Z-245.012 F2000
G1 B90.0 F1000
G1 X48.364 Y8.436 Z-224.86 F2000
G1 B107.54815540980437 F1000
G1 X48.364 Y8.436 Z-204.708 F2000
G1 B90.0 F1000
G1 X-12.093 Y-11.716 Z-184.556 F2000
G1 B90.0 F1000
G1 X-12.093 Y-11.716 Z-164.403 F2000
G1 B90.0 F1000
G1 X-12.093 Y-11.716 Z-144.251 F2000
G1 X-12.093 Y-11.716 Z-124.099 F2000
G1 X-19.275133243394247 Y-18.674229808947903 Z-124.099 F5000
M01
G1 X-19.275133243394247 Y-18.674229808947903 Z-708.513 F5000
M00
G1 B57.688852084246065 F1000
G1 X-12.093 Y-11.716 Z-708.513 F2000
G1 B54.73427005113163 F1000
G1 X48.364 Y28.588 Z-688.361 F2000
G1 B46.5086226197146 F1000
G1 X68.516 Y48.741 Z-668.209 F2000
G1 B90.0 F1000
G1 X128.972 Y109.197 Z-648.056 F2000
G1 B54.7362804586155 F1000
G1 X128.972 Y109.197 Z-627.904 F2000
G1 B90.0 F1000
G1 X149.125 Y129.349 Z-607.752 F2000
G1 B54.734270051131574 F1000
G1 X149.125 Y129.349 Z-587.6 F2000
G1 B90.0 F1000
G1 X169.277 Y149.502 Z-567.448 F2000
G1 B90.0 F1000
G1 X169.277 Y149.502 Z-547.295 F2000
G1 B90.0 F1000
G1 X169.277 Y149.502 Z-527.143 F2000
G1 B90.0 F1000
G1 X169.277 Y149.502 Z-506.991 F2000
G1 B90.0 F1000
G1 X169.277 Y149.502 Z-486.839 F2000
G1 B90.0 F1000
G1 X169.277 Y149.502 Z-466.687 F2000
G1 B90.0 F1000
G1 X169.277 Y149.502 Z-446.534 F2000
G1 B90.0 F1000
G1 X169.277 Y149.502 Z-426.382 F2000
G1 B90.0 F1000
G1 X169.277 Y149.502 Z-406.23 F2000
G1 B90.0 F1000
G1 X169.277 Y149.502 Z-386.078 F2000
G1 B90.0 F1000
G1 X169.277 Y149.502 Z-365.925 F2000
G1 B125.26572994886841 F1000
G1 X169.277 Y149.502 Z-345.773 F2000
G1 B90.0 F1000
G1 X149.125 Y129.349 Z-325.621 F2000
G1 B90.0 F1000
G1 X149.125 Y129.349 Z-305.469 F2000
G1 B125.26304943880942 F1000
G1 X149.125 Y129.349 Z-285.317 F2000
G1 B90.0 F1000
G1 X128.972 Y109.197 Z-265.164 F2000
G1 B133.491519345092 F1000
G1 X128.972 Y109.197 Z-245.012 F2000
G1 B125.2657299488684 F1000
G1 X68.516 Y48.741 Z-224.86 F2000
G1 B122.31114791575396 F1000
G1 X48.364 Y28.588 Z-204.708 F2000
G1 B90.0 F1000
G1 X-12.093 Y-11.716 Z-184.556 F2000
G1 B90.0 F1000
G1 X-12.093 Y-11.716 Z-164.403 F2000
G1 B90.0 F1000
G1 X-12.093 Y-11.716 Z-144.251 F2000
G1 X-12.093 Y-11.716 Z-124.099 F2000
G1 X-19.275133243394247 Y-18.674229808947903 Z-124.099 F5000
M01
G1 X-19.275133243394247 Y-18.674229808947903 Z-708.513 F5000
M00
G1 B36.69877109492258 F1000
G1 X-12.093 Y-11.716 Z-708.513 F2000
G1 B45.000000000000064 F1000
G1 X28.211 Y48.741 Z-688.361 F2000
G1 B54.73695056119048 F1000
G1 X28.211 Y68.893 Z-668.209 F2000
G1 B90.0 F1000
G1 X48.364 Y89.045 Z-648.056 F2000
G1 B54.73561031724538 F1000
G1 X48.364 Y89.045 Z-627.904 F2000
G1 B145.5036716350171 F1000
G1 X68.516 Y109.197 Z-607.752 F2000
G1 B32.512442971260754 F1000
G1 X-12.093 Y-11.716 Z-587.6 F2000
G1 B147.48750746471177 F1000
G1 X88.668 Y149.502 Z-567.448 F2000
G1 B34.053206733079676 F1000
G1 X-12.093 Y-11.716 Z-547.295 F2000
G1 B90.0 F1000
G1 X108.82 Y169.654 Z-527.143 F2000
G1 B90.0 F1000
G1 X108.82 Y169.654 Z-506.991 F2000
G1 B90.0 F1000
G1 X108.82 Y169.654 Z-486.839 F2000
G1 B90.0 F1000
G1 X108.82 Y169.654 Z-466.687 F2000
G1 B90.0 F1000
G1 X108.82 Y169.654 Z-446.534 F2000
G1 B90.0 F1000
G1 X108.82 Y169.654 Z-426.382 F2000
G1 B90.0 F1000
G1 X108.82 Y169.654 Z-406.23 F2000
G1 B145.9467576163118 F1000
G1 X108.82 Y169.654 Z-386.078 F2000
G1 B90.0 F1000
G1 X-12.093 Y-11.716 Z-365.925 F2000
G1 B90.0 F1000
G1 X-12.093 Y-11.716 Z-345.773 F2000
G1 B90.0 F1000
G1 X-12.093 Y-11.716 Z-325.621 F2000
G1 B34.4963283649829 F1000
G1 X-12.093 Y-11.716 Z-305.469 F2000
G1 B125.26371954138452 F1000
G1 X68.516 Y109.197 Z-285.317 F2000
G1 B90.0 F1000
G1 X48.364 Y89.045 Z-265.164 F2000
G1 B125.26371954138457 F1000
G1 X48.364 Y89.045 Z-245.012 F2000
G1 B144.7362804503023 F1000
G1 X28.211 Y68.893 Z-224.86 F2000
G1 B144.73561031724537 F1000
G1 X8.059 Y28.588 Z-204.708 F2000
G1 B90.0 F1000
G1 X-12.093 Y-11.716 Z-184.556 F2000
G1 B90.0 F1000
G1 X-12.093 Y-11.716 Z-164.403 F2000
G1 B90.0 F1000
G1 X-12.093 Y-11.716 Z-144.251 F2000
G1 X-12.093 Y-11.716 Z-124.099 F2000
G1 X-19.275133243394247 Y-18.674229808947903 Z-124.099 F5000
M01
G1 X-19.275133243394247 Y-18.674229808947903 Z-708.513 F5000
M00
G1 B90.0 F1000
G1 X-12.093 Y-11.716 Z-708.513 F2000
G1 B25.239036292457666 F1000
G1 X-12.093 Y-11.716 Z-688.361 F2000
G1 B154.76041540923322 F1000
G1 X8.059 Y48.741 Z-668.209 F2000
G1 B90.0 F1000
G1 X-12.093 Y-11.716 Z-648.056 F2000
G1 B90.0 F1000
G1 X-12.093 Y-11.716 Z-627.904 F2000
G1 B15.615945130462483 F1000
G1 X-12.093 Y-11.716 Z-607.752 F2000
G1 B90.0 F1000
G1 X28.211 Y149.502 Z-587.6 F2000
G1 B54.736950561190575 F1000
G1 X28.211 Y149.502 Z-567.448 F2000
G1 B160.64028217847317 F1000
G1 X48.364 Y169.654 Z-547.295 F2000
G1 B90.0 F1000
G1 X-12.093 Y-11.716 Z-527.143 F2000
G1 B90.0 F1000
G1 X-12.093 Y-11.716 Z-506.991 F2000
G1 B90.0 F1000
G1 X-12.093 Y-11.716 Z-486.839 F2000
G1 B90.0 F1000
G1 X-12.093 Y-11.716 Z-466.687 F2000
G1 B90.0 F1000
G1 X-12.093 Y-11.716 Z-446.534 F2000
G1 B90.0 F1000
G1 X-12.093 Y-11.716 Z-426.382 F2000
G1 B90.0 F1000
G1 X-12.093 Y-11.716 Z-406.23 F2000
G1 B90.0 F1000
G1 X-12.093 Y-11.716 Z-386.078 F2000
G1 B90.0 F1000
G1 X-12.093 Y-11.716 Z-365.925 F2000
G1 B15.615945130462507 F1000
G1 X-12.093 Y-11.716 Z-345.773 F2000
G1 B90.0 F1000
G1 X28.211 Y149.502 Z-325.621 F2000
G1 B164.38405486953752 F1000
G1 X28.211 Y149.502 Z-305.469 F2000
G1 B90.0 F1000
G1 X-12.093 Y-11.716 Z-285.317 F2000
G1 B15.793020128712108 F1000
G1 X-12.093 Y-11.716 Z-265.164 F2000
G1 B90.0 F1000
G1 X8.059 Y89.045 Z-245.012 F2000
G1 B164.2069798712879 F1000
G1 X8.059 Y89.045 Z-224.86 F2000
G1 B90.0 F1000
G1 X-12.093 Y-11.716 Z-204.708 F2000
G1 B90.0 F1000
G1 X-12.093 Y-11.716 Z-184.556 F2000
G1 B90.0 F1000
G1 X-12.093 Y-11.716 Z-164.403 F2000
G1 B90.0 F1000
G1 X-12.093 Y-11.716 Z-144.251 F2000
G1 X-12.093 Y-11.716 Z-124.099 F2000
G1 X-19.275133243394247 Y-18.674229808947903 Z-124.099 F5000
M01
G1 X-19.275133243394247 Y-18.674229808947903 Z-708.513 F5000
M00
G1 B90.0 F1000
G1 X-12.093 Y-11.716 Z-708.513 F2000
G1 B90.0 F1000
G1 X-12.093 Y-11.716 Z-688.361 F2000
G1 B90.0 F1000
G1 X-12.093 Y-11.716 Z-668.209 F2000
G1 B90.0 F1000
G1 X-12.093 Y-11.716 Z-648.056 F2000
G1 B90.0 F1000
G1 X-12.093 Y-11.716 Z-627.904 F2000
G1 B90.0 F1000
G1 X-12.093 Y-11.716 Z-607.752 F2000
G1 B7.12492886748418 F1000
G1 X-12.093 Y-11.716 Z-587.6 F2000
G1 B19.471667401562378 F1000
G1 X-12.093 Y149.502 Z-567.448 F2000
G1 B90.0 F1000
G1 X8.059 Y230.11 Z-547.295 F2000
G1 B90.0 F1000
G1 X8.059 Y230.11 Z-527.143 F2000
G1 B173.27868574052167 F1000
G1 X8.059 Y230.11 Z-506.991 F2000
G1 B90.0 F1000
G1 X-12.093 Y-11.716 Z-486.839 F2000
G1 B90.0 F1000
G1 X-12.093 Y-11.716 Z-466.687 F2000
G1 B90.0 F1000
G1 X-12.093 Y-11.716 Z-446.534 F2000
G1 B90.0 F1000
G1 X-12.093 Y-11.716 Z-426.382 F2000
G1 B6.721314259478359 F1000
G1 X-12.093 Y-11.716 Z-406.23 F2000
G1 B173.2785204988359 F1000
G1 X8.059 Y230.11 Z-386.078 F2000
G1 B90.0 F1000
G1 X-12.093 Y-11.716 Z-365.925 F2000
G1 B90.0 F1000
G1 X-12.093 Y-11.716 Z-345.773 F2000
G1 B90.0 F1000
G1 X-12.093 Y-11.716 Z-325.621 F2000
G1 B90.0 F1000
G1 X-12.093 Y-11.716 Z-305.469 F2000
G1 B90.0 F1000
G1 X-12.093 Y-11.716 Z-285.317 F2000
G1 B26.56505117707798 F1000
G1 X-12.093 Y-11.716 Z-265.164 F2000
G1 B90.0 F1000
G1 X-12.093 Y28.588 Z-245.012 F2000
G1 B153.434948822922 F1000
G1 X-12.093 Y28.588 Z-224.86 F2000
G1 B90.0 F1000
G1 X-12.093 Y-11.716 Z-204.708 F2000
G1 B90.0 F1000
G1 X-12.093 Y-11.716 Z-184.556 F2000
G1 B90.0 F1000
G1 X-12.093 Y-11.716 Z-164.403 F2000
G1 B90.0 F1000
G1 X-12.093 Y-11.716 Z-144.251 F2000
G1 X-12.093 Y-11.716 Z-124.099 F2000
G1 X-19.275133243394247 Y-18.674229808947903 Z-124.099 F5000
M01
G1 X-19.275133243394247 Y-18.674229808947903 Z-708.513 F5000
M00
G1 B25.239036292457666 F1000
G1 X-12.093 Y-11.716 Z-708.513 F2000
G1 B90.0 F1000
G1 X-32.245 Y48.741 Z-688.361 F2000
G1 B26.56618843811152 F1000
G1 X-32.245 Y48.741 Z-668.209 F2000
G1 B164.2069798712879 F1000
G1 X-32.245 Y89.045 Z-648.056 F2000
G1 B90.0 F1000
G1 X-12.093 Y-11.716 Z-627.904 F2000
G1 B90.0 F1000
G1 X-12.093 Y-11.716 Z-607.752 F2000
G1 B15.616239970334261 F1000
G1 X-12.093 Y-11.716 Z-587.6 F2000
G1 B45.00142155512972 F1000
G1 X-52.398 Y149.502 Z-567.448 F2000
G1 B166.04714532525088 F1000
G1 X-52.398 Y169.654 Z-547.295 F2000
G1 B90.0 F1000
G1 X-12.093 Y-11.716 Z-527.143 F2000
G1 B90.0 F1000
G1 X-12.093 Y-11.716 Z-506.991 F2000
G1 B90.0 F1000
G1 X-12.093 Y-11.716 Z-486.839 F2000
G1 B90.0 F1000
G1 X-12.093 Y-11.716 Z-466.687 F2000
G1 B90.0 F1000
G1 X-12.093 Y-11.716 Z-446.534 F2000
G1 B90.0 F1000
G1 X-12.093 Y-11.716 Z-426.382 F2000
G1 B90.0 F1000
G1 X-12.093 Y-11.716 Z-406.23 F2000
G1 B90.0 F1000
G1 X-12.093 Y-11.716 Z-386.078 F2000
G1 B90.0 F1000
G1 X-12.093 Y-11.716 Z-365.925 F2000
G1 B90.0 F1000
G1 X-12.093 Y-11.716 Z-345.773 F2000
G1 B90.0 F1000
G1 X-12.093 Y-11.716 Z-325.621 F2000
G1 B90.0 F1000
G1 X-12.093 Y-11.716 Z-305.469 F2000
G1 B13.262887634774083 F1000
G1 X-12.093 Y-11.716 Z-285.317 F2000
G1 B135.00000000000003 F1000
G1 X-32.245 Y109.197 Z-265.164 F2000
G1 B90.0 F1000
G1 X-32.245 Y89.045 Z-245.012 F2000
G1 B164.2069798712879 F1000
G1 X-32.245 Y89.045 Z-224.86 F2000
G1 B90.0 F1000
G1 X-12.093 Y-11.716 Z-204.708 F2000
G1 B90.0 F1000
G1 X-12.093 Y-11.716 Z-184.556 F2000
G1 B90.0 F1000
G1 X-12.093 Y-11.716 Z-164.403 F2000
G1 B90.0 F1000
G1 X-12.093 Y-11.716 Z-144.251 F2000
G1 X-12.093 Y-11.716 Z-124.099 F2000
G1 X-19.275133243394247 Y-18.674229808947903 Z-124.099 F5000
M01
G1 X-19.275133243394247 Y-18.674229808947903 Z-708.513 F5000
M00
G1 B90.0 F1000
G1 X-12.093 Y-11.716 Z-708.513 F2000
G1 B36.69931602231156 F1000
G1 X-12.093 Y-11.716 Z-688.361 F2000
G1 B25.239950124759464 F1000
G1 X-52.398 Y48.741 Z-668.209 F2000
G1 B45.00000000000008 F1000
G1 X-72.55 Y109.197 Z-648.056 F2000
G1 B54.734270051131595 F1000
G1 X-72.55 Y129.349 Z-627.904 F2000
G1 B90.0 F1000
G1 X-92.702 Y149.502 Z-607.752 F2000
G1 B90.0 F1000
G1 X-92.702 Y149.502 Z-587.6 F2000
G1 B45.00142155512972 F1000
G1 X-92.702 Y149.502 Z-567.448 F2000
G1 B90.0 F1000
G1 X-92.702 Y169.654 Z-547.295 F2000
G1 B90.0 F1000
G1 X-92.702 Y169.654 Z-527.143 F2000
G1 B90.0 F1000
G1 X-92.702 Y169.654 Z-506.991 F2000
G1 B90.0 F1000
G1 X-92.702 Y169.654 Z-486.839 F2000
G1 B90.0 F1000
G1 X-92.702 Y169.654 Z-466.687 F2000
G1 B90.0 F1000
G1 X-92.702 Y169.654 Z-446.534 F2000
G1 B90.0 F1000
G1 X-92.702 Y169.654 Z-426.382 F2000
G1 B90.0 F1000
G1 X-92.702 Y169.654 Z-406.23 F2000
G1 B90.0 F1000
G1 X-92.702 Y169.654 Z-386.078 F2000
G1 B155.38638827417492 F1000
G1 X-92.702 Y169.654 Z-365.925 F2000
G1 B27.26602742455608 F1000
G1 X-12.093 Y-11.716 Z-345.773 F2000
G1 B90.0 F1000
G1 X-92.702 Y149.502 Z-325.621 F2000
G1 B125.26572994886844 F1000
G1 X-92.702 Y149.502 Z-305.469 F2000
G1 B134.99857844487028 F1000
G1 X-72.55 Y129.349 Z-285.317 F2000
G1 B90.0 F1000
G1 X-72.55 Y109.197 Z-265.164 F2000
G1 B150.7938861098157 F1000
G1 X-72.55 Y109.197 Z-245.012 F2000
G1 B144.73561031724535 F1000
G1 X-32.245 Y28.588 Z-224.86 F2000
G1 B90.0 F1000
G1 X-12.093 Y-11.716 Z-204.708 F2000
G1 B90.0 F1000
G1 X-12.093 Y-11.716 Z-184.556 F2000
G1 B90.0 F1000
G1 X-12.093 Y-11.716 Z-164.403 F2000
G1 B90.0 F1000
G1 X-12.093 Y-11.716 Z-144.251 F2000
G1 X-12.093 Y-11.716 Z-124.099 F2000
G1 X-19.275133243394247 Y-18.674229808947903 Z-124.099 F5000
M01
G1 X-19.275133243394247 Y-18.674229808947903 Z-708.513 F5000
M00
G1 B90.0 F1000
G1 X-12.093 Y-11.716 Z-708.513 F2000
G1 B90.0 F1000
G1 X-12.093 Y-11.716 Z-688.361 F2000
G1 B40.35919039107785 F1000
G1 X-12.093 Y-11.716 Z-668.209 F2000
G1 B90.0 F1000
G1 X-112.854 Y109.197 Z-648.056 F2000
G1 B90.0 F1000
G1 X-112.854 Y109.197 Z-627.904 F2000
G1 B90.0 F1000
G1 X-112.854 Y109.197 Z-607.752 F2000
G1 B35.263719549697704 F1000
G1 X-112.854 Y109.197 Z-587.6 F2000
G1 B90.0 F1000
G1 X-133.006 Y149.502 Z-567.448 F2000
G1 B90.0 F1000
G1 X-133.006 Y149.502 Z-547.295 F2000
G1 B54.7362804586155 F1000
G1 X-133.006 Y149.502 Z-527.143 F2000
G1 B90.0 F1000
G1 X-153.159 Y169.654 Z-506.991 F2000
G1 B90.0 F1000
G1 X-153.159 Y169.654 Z-486.839 F2000
G1 B90.0 F1000
G1 X-153.159 Y169.654 Z-466.687 F2000
G1 B90.0 F1000
G1 X-153.159 Y169.654 Z-446.534 F2000
G1 B125.26371954138455 F1000
G1 X-153.159 Y169.654 Z-426.382 F2000
G1 B90.0 F1000
G1 X-133.006 Y149.502 Z-406.23 F2000
G1 B90.0 F1000
G1 X-133.006 Y149.502 Z-386.078 F2000
G1 B90.0 F1000
G1 X-133.006 Y149.502 Z-365.925 F2000
G1 B142.75274712121575 F1000
G1 X-133.006 Y149.502 Z-345.773 F2000
G1 B40.359136430178616 F1000
G1 X-12.093 Y-11.716 Z-325.621 F2000
G1 B90.0 F1000
G1 X-112.854 Y109.197 Z-305.469 F2000
G1 B90.0 F1000
G1 X-112.854 Y109.197 Z-285.317 F2000
G1 B139.64086356982136 F1000
G1 X-112.854 Y109.197 Z-265.164 F2000
G1 B90.0 F1000
G1 X-12.093 Y-11.716 Z-245.012 F2000
G1 B90.0 F1000
G1 X-12.093 Y-11.716 Z-224.86 F2000
G1 B90.0 F1000
G1 X-12.093 Y-11.716 Z-204.708 F2000
G1 B90.0 F1000
G1 X-12.093 Y-11.716 Z-184.556 F2000
G1 B90.0 F1000
G1 X-12.093 Y-11.716 Z-164.403 F2000
G1 B90.0 F1000
G1 X-12.093 Y-11.716 Z-144.251 F2000
G1 X-12.093 Y-11.716 Z-124.099 F2000
G1 X-19.275133243394247 Y-18.674229808947903 Z-124.099 F5000
M01
G1 X-19.275133243394247 Y-18.674229808947903 Z-708.513 F5000
M00
G1 B90.0 F1000
G1 X-12.093 Y-11.716 Z-708.513 F2000
G1 B90.0 F1000
G1 X-12.093 Y-11.716 Z-688.361 F2000
G1 B57.68898052383144 F1000
G1 X-12.093 Y-11.716 Z-668.209 F2000
G1 B48.188978718061584 F1000
G1 X-72.55 Y28.588 Z-648.056 F2000
G1 B128.11300615632183 F1000
G1 X-112.854 Y68.893 Z-627.904 F2000
G1 B90.0 F1000
G1 X-12.093 Y-11.716 Z-607.752 F2000
G1 B90.0 F1000
G1 X-12.093 Y-11.716 Z-587.6 F2000
G1 B90.0 F1000
G1 X-12.093 Y-11.716 Z-567.448 F2000
G1 B54.735717539013315 F1000
G1 X-12.093 Y-11.716 Z-547.295 F2000
G1 B125.26428246098668 F1000
G1 X-153.159 Y89.045 Z-527.143 F2000
G1 B90.0 F1000
G1 X-12.093 Y-11.716 Z-506.991 F2000
G1 B90.0 F1000
G1 X-12.093 Y-11.716 Z-486.839 F2000
G1 B90.0 F1000
G1 X-12.093 Y-11.716 Z-466.687 F2000
G1 B90.0 F1000
G1 X-12.093 Y-11.716 Z-446.534 F2000
G1 B90.0 F1000
G1 X-12.093 Y-11.716 Z-426.382 F2000
G1 B54.735717539013315 F1000
G1 X-12.093 Y-11.716 Z-406.23 F2000
G1 B125.26425565536734 F1000
G1 X-153.159 Y89.045 Z-386.078 F2000
G1 B90.0 F1000
G1 X-12.093 Y-11.716 Z-365.925 F2000
G1 B90.0 F1000
G1 X-12.093 Y-11.716 Z-345.773 F2000
G1 B90.0 F1000
G1 X-12.093 Y-11.716 Z-325.621 F2000
G1 B51.886993843678155 F1000
G1 X-12.093 Y-11.716 Z-305.469 F2000
G1 B90.0 F1000
G1 X-112.854 Y68.893 Z-285.317 F2000
G1 B131.81102128193845 F1000
G1 X-112.854 Y68.893 Z-265.164 F2000
G1 B122.31114791575396 F1000
G1 X-72.55 Y28.588 Z-245.012 F2000
G1 B90.0 F1000
G1 X-12.093 Y-11.716 Z-224.86 F2000
G1 B90.0 F1000
G1 X-12.093 Y-11.716 Z-204.708 F2000
G1 B90.0 F1000
G1 X-12.093 Y-11.716 Z-184.556 F2000
G1 B90.0 F1000
G1 X-12.093 Y-11.716 Z-164.403 F2000
G1 B90.0 F1000
G1 X-12.093 Y-11.716 Z-144.251 F2000
G1 X-12.093 Y-11.716 Z-124.099 F2000
G1 X-19.275133243394247 Y-18.674229808947903 Z-124.099 F5000
M01
G1 X-19.275133243394247 Y-18.674229808947903 Z-708.513 F5000
M00
G1 B90.0 F1000
G1 X-12.093 Y-11.716 Z-708.513 F2000
G1 B90.0 F1000
G1 X-12.093 Y-11.716 Z-688.361 F2000
G1 B90.0 F1000
G1 X-12.093 Y-11.716 Z-668.209 F2000
G1 B90.0 F1000
G1 X-12.093 Y-11.716 Z-648.056 F2000
G1 B90.0 F1000
G1 X-12.093 Y-11.716 Z-627.904 F2000
G1 B90.0 F1000
G1 X-12.093 Y-11.716 Z-607.752 F2000
G1 B90.0 F1000
G1 X-12.093 Y-11.716 Z-587.6 F2000
G1 B90.0 F1000
G1 X-12.093 Y-11.716 Z-567.448 F2000
G1 B90.0 F1000
G1 X-12.093 Y-11.716 Z-547.295 F2000
G1 B90.0 F1000
G1 X-12.093 Y-11.716 Z-527.143 F2000
G1 B90.0 F1000
G1 X-12.093 Y-11.716 Z-506.991 F2000
G1 B90.0 F1000
G1 X-12.093 Y-11.716 Z-486.839 F2000
G1 B90.0 F1000
G1 X-12.093 Y-11.716 Z-466.687 F2000
G1 B90.0 F1000
G1 X-12.093 Y-11.716 Z-446.534 F2000
G1 B90.0 F1000
G1 X-12.093 Y-11.716 Z-426.382 F2000
G1 B90.0 F1000
G1 X-12.093 Y-11.716 Z-406.23 F2000
G1 B90.0 F1000
G1 X-12.093 Y-11.716 Z-386.078 F2000
G1 B90.0 F1000
G1 X-12.093 Y-11.716 Z-365.925 F2000
G1 B90.0 F1000
G1 X-12.093 Y-11.716 Z-345.773 F2000
G1 B90.0 F1000
G1 X-12.093 Y-11.716 Z-325.621 F2000
G1 B90.0 F1000
G1 X-12.093 Y-11.716 Z-305.469 F2000
G1 B90.0 F1000
G1 X-12.093 Y-11.716 Z-285.317 F2000
G1 B90.0 F1000
G1 X-12.093 Y-11.716 Z-265.164 F2000
G1 B90.0 F1000
G1 X-12.093 Y-11.716 Z-245.012 F2000
G1 B90.0 F1000
G1 X-12.093 Y-11.716 Z-224.86 F2000
G1 B90.0 F1000
G1 X-12.093 Y-11.716 Z-204.708 F2000
G1 B90.0 F1000
G1 X-12.093 Y-11.716 Z-184.556 F2000
G1 B90.0 F1000
G1 X-12.093 Y-11.716 Z-164.403 F2000
G1 B90.0 F1000
G1 X-12.093 Y-11.716 Z-144.251 F2000
G1 X-12.093 Y-11.716 Z-124.099 F2000
G1 X-19.275133243394247 Y-18.674229808947903 Z-124.099 F5000
M01
G1 X-19.275133243394247 Y-18.674229808947903 Z-708.513 F5000
M00
G1 B90.0 F1000
G1 X-12.093 Y-11.716 Z-708.513 F2000
G1 B90.0 F1000
G1 X-12.093 Y-11.716 Z-688.361 F2000
G1 B90.0 F1000
G1 X-12.093 Y-11.716 Z-668.209 F2000
G1 B90.0 F1000
G1 X-12.093 Y-11.716 Z-648.056 F2000
G1 B90.0 F1000
G1 X-12.093 Y-11.716 Z-627.904 F2000
G1 B90.0 F1000
G1 X-12.093 Y-11.716 Z-607.752 F2000
G1 B90.0 F1000
G1 X-12.093 Y-11.716 Z-587.6 F2000
G1 B90.0 F1000
G1 X-12.093 Y-11.716 Z-567.448 F2000
G1 B90.0 F1000
G1 X-12.093 Y-11.716 Z-547.295 F2000
G1 B90.0 F1000
G1 X-12.093 Y-11.716 Z-527.143 F2000
G1 B90.0 F1000
G1 X-12.093 Y-11.716 Z-506.991 F2000
G1 B90.0 F1000
G1 X-12.093 Y-11.716 Z-486.839 F2000
G1 B90.0 F1000
G1 X-12.093 Y-11.716 Z-466.687 F2000
G1 B90.0 F1000
G1 X-12.093 Y-11.716 Z-446.534 F2000
G1 B90.0 F1000
G1 X-12.093 Y-11.716 Z-426.382 F2000
G1 B90.0 F1000
G1 X-12.093 Y-11.716 Z-406.23 F2000
G1 B90.0 F1000
G1 X-12.093 Y-11.716 Z-386.078 F2000
G1 B90.0 F1000
G1 X-12.093 Y-11.716 Z-365.925 F2000
G1 B90.0 F1000
G1 X-12.093 Y-11.716 Z-345.773 F2000
G1 B90.0 F1000
G1 X-12.093 Y-11.716 Z-325.621 F2000
G1 B90.0 F1000
G1 X-12.093 Y-11.716 Z-305.469 F2000
G1 B90.0 F1000
G1 X-12.093 Y-11.716 Z-285.317 F2000
G1 B90.0 F1000
G1 X-12.093 Y-11.716 Z-265.164 F2000
G1 B90.0 F1000
G1 X-12.093 Y-11.716 Z-245.012 F2000
G1 B90.0 F1000
G1 X-12.093 Y-11.716 Z-224.86 F2000
G1 B90.0 F1000
G1 X-12.093 Y-11.716 Z-204.708 F2000
G1 B90.0 F1000
G1 X-12.093 Y-11.716 Z-184.556 F2000
G1 B90.0 F1000
G1 X-12.093 Y-11.716 Z-164.403 F2000
G1 B90.0 F1000
G1 X-12.093 Y-11.716 Z-144.251 F2000
G1 X-12.093 Y-11.716 Z-124.099 F2000
G1 X-19.275133243394247 Y-18.674229808947903 Z-124.099 F5000
M01
G1 X-19.275133243394247 Y-18.674229808947903 Z-708.513 F5000
M00
G1 B90.0 F1000
G1 X-12.093 Y-11.716 Z-708.513 F2000
G1 B90.0 F1000
G1 X-12.093 Y-11.716 Z-688.361 F2000
G1 B101.09567937449184 F1000
G1 X-12.093 Y-11.716 Z-668.209 F2000
G1 B78.90429997401412 F1000
G1 X-112.854 Y-31.868 Z-648.056 F2000
G1 B90.0 F1000
G1 X-12.093 Y-11.716 Z-627.904 F2000
G1 B90.0 F1000
G1 X-12.093 Y-11.716 Z-607.752 F2000
G1 B96.30165828337229 F1000
G1 X-12.093 Y-11.716 Z-587.6 F2000
G1 B90.0 F1000
G1 X-193.463 Y-31.868 Z-567.448 F2000
G1 B90.0 F1000
G1 X-213.615 Y-31.868 Z-547.295 F2000
G1 B90.0 F1000
G1 X-213.615 Y-31.868 Z-527.143 F2000
G1 B90.0 F1000
G1 X-213.615 Y-31.868 Z-506.991 F2000
G1 B90.0 F1000
G1 X-213.615 Y-31.868 Z-486.839 F2000
G1 B90.0 F1000
G1 X-213.615 Y-31.868 Z-466.687 F2000
G1 B90.0 F1000
G1 X-213.615 Y-31.868 Z-446.534 F2000
G1 B90.0 F1000
G1 X-213.615 Y-31.868 Z-426.382 F2000
G1 B90.0 F1000
G1 X-213.615 Y-31.868 Z-406.23 F2000
G1 B90.0 F1000
G1 X-213.615 Y-31.868 Z-386.078 F2000
G1 B90.0 F1000
G1 X-193.463 Y-31.868 Z-365.925 F2000
G1 B83.69834171662772 F1000
G1 X-193.463 Y-31.868 Z-345.773 F2000
G1 B90.0 F1000
G1 X-12.093 Y-11.716 Z-325.621 F2000
G1 B90.0 F1000
G1 X-12.093 Y-11.716 Z-305.469 F2000
G1 B90.0 F1000
G1 X-12.093 Y-11.716 Z-285.317 F2000
G1 B101.09570002598588 F1000
G1 X-12.093 Y-11.716 Z-265.164 F2000
G1 B78.90429997401412 F1000
G1 X-112.854 Y-31.868 Z-245.012 F2000
G1 B90.0 F1000
G1 X-12.093 Y-11.716 Z-224.86 F2000
G1 B90.0 F1000
G1 X-12.093 Y-11.716 Z-204.708 F2000
G1 B90.0 F1000
G1 X-12.093 Y-11.716 Z-184.556 F2000
G1 B90.0 F1000
G1 X-12.093 Y-11.716 Z-164.403 F2000
G1 B90.0 F1000
G1 X-12.093 Y-11.716 Z-144.251 F2000
G1 X-12.093 Y-11.716 Z-124.099 F2000
G1 X-19.275133243394247 Y-18.674229808947903 Z-124.099 F5000
M01
G1 X-19.275133243394247 Y-18.674229808947903 Z-708.513 F5000
M00
G1 B90.0 F1000
G1 X-12.093 Y-11.716 Z-708.513 F2000
G1 B90.0 F1000
G1 X-12.093 Y-11.716 Z-688.361 F2000
G1 B114.09420681227837 F1000
G1 X-12.093 Y-11.716 Z-668.209 F2000
G1 B65.90558127829993 F1000
G1 X-52.398 Y-31.868 Z-648.056 F2000
G1 B90.0 F1000
G1 X-12.093 Y-11.716 Z-627.904 F2000
G1 B90.0 F1000
G1 X-12.093 Y-11.716 Z-607.752 F2000
G1 B110.41052653552332 F1000
G1 X-12.093 Y-11.716 Z-587.6 F2000
G1 B90.0 F1000
G1 X-173.311 Y-72.173 Z-567.448 F2000
G1 B90.0 F1000
G1 X-173.311 Y-72.173 Z-547.295 F2000
G1 B90.0 F1000
G1 X-193.463 Y-72.173 Z-527.143 F2000
G1 B114.0948425521107 F1000
G1 X-193.463 Y-72.173 Z-506.991 F2000
G1 B90.0 F1000
G1 X-233.767 Y-92.325 Z-486.839 F2000
G1 B90.0 F1000
G1 X-233.767 Y-92.325 Z-466.687 F2000
G1 B65.9051574478893 F1000
G1 X-233.767 Y-92.325 Z-446.534 F2000
G1 B90.0 F1000
G1 X-193.463 Y-72.173 Z-426.382 F2000
G1 B90.0 F1000
G1 X-193.463 Y-72.173 Z-406.23 F2000
G1 B90.0 F1000
G1 X-173.311 Y-72.173 Z-386.078 F2000
G1 B69.5894734644767 F1000
G1 X-173.311 Y-72.173 Z-365.925 F2000
G1 B90.0 F1000
G1 X-12.093 Y-11.716 Z-345.773 F2000
G1 B90.0 F1000
G1 X-12.093 Y-11.716 Z-325.621 F2000
G1 B90.0 F1000
G1 X-12.093 Y-11.716 Z-305.469 F2000
G1 B90.0 F1000
G1 X-12.093 Y-11.716 Z-285.317 F2000
G1 B90.0 F1000
G1 X-12.093 Y-11.716 Z-265.164 F2000
G1 B90.0 F1000
G1 X-12.093 Y-11.716 Z-245.012 F2000
G1 B90.0 F1000
G1 X-12.093 Y-11.716 Z-224.86 F2000
G1 B90.0 F1000
G1 X-12.093 Y-11.716 Z-204.708 F2000
G1 B90.0 F1000
G1 X-12.093 Y-11.716 Z-184.556 F2000
G1 B90.0 F1000
G1 X-12.093 Y-11.716 Z-164.403 F2000
G1 B90.0 F1000
G1 X-12.093 Y-11.716 Z-144.251 F2000
G1 X-12.093 Y-11.716 Z-124.099 F2000
G1 X-19.275133243394247 Y-18.674229808947903 Z-124.099 F5000
M01
G1 X-19.275133243394247 Y-18.674229808947903 Z-708.513 F5000
M00
G1 B90.0 F1000
G1 X-12.093 Y-11.716 Z-708.513 F2000
G1 B90.0 F1000
G1 X-12.093 Y-11.716 Z-688.361 F2000
G1 B90.0 F1000
G1 X-12.093 Y-11.716 Z-668.209 F2000
G1 B122.31179011618501 F1000
G1 X-12.093 Y-11.716 Z-648.056 F2000
G1 B57.68820988381499 F1000
G1 X-72.55 Y-52.021 Z-627.904 F2000
G1 B90.0 F1000
G1 X-12.093 Y-11.716 Z-607.752 F2000
G1 B90.0 F1000
G1 X-12.093 Y-11.716 Z-587.6 F2000
G1 B90.0 F1000
G1 X-12.093 Y-11.716 Z-567.448 F2000
G1 B90.0 F1000
G1 X-12.093 Y-11.716 Z-547.295 F2000
G1 B90.0 F1000
G1 X-12.093 Y-11.716 Z-527.143 F2000
G1 B90.0 F1000
G1 X-12.093 Y-11.716 Z-506.991 F2000
G1 B90.0 F1000
G1 X-12.093 Y-11.716 Z-486.839 F2000
G1 B90.0 F1000
G1 X-12.093 Y-11.716 Z-466.687 F2000
G1 B90.0 F1000
G1 X-12.093 Y-11.716 Z-446.534 F2000
G1 B90.0 F1000
G1 X-12.093 Y-11.716 Z-426.382 F2000
G1 B90.0 F1000
G1 X-12.093 Y-11.716 Z-406.23 F2000
G1 B90.0 F1000
G1 X-12.093 Y-11.716 Z-386.078 F2000
G1 B90.0 F1000
G1 X-12.093 Y-11.716 Z-365.925 F2000
G1 B90.0 F1000
G1 X-12.093 Y-11.716 Z-345.773 F2000
G1 B90.0 F1000
G1 X-12.093 Y-11.716 Z-325.621 F2000
G1 B90.0 F1000
G1 X-12.093 Y-11.716 Z-305.469 F2000
G1 B90.0 F1000
G1 X-12.093 Y-11.716 Z-285.317 F2000
G1 B90.0 F1000
G1 X-12.093 Y-11.716 Z-265.164 F2000
G1 B90.0 F1000
G1 X-12.093 Y-11.716 Z-245.012 F2000
G1 B90.0 F1000
G1 X-12.093 Y-11.716 Z-224.86 F2000
G1 B90.0 F1000
G1 X-12.093 Y-11.716 Z-204.708 F2000
G1 B90.0 F1000
G1 X-12.093 Y-11.716 Z-184.556 F2000
G1 B90.0 F1000
G1 X-12.093 Y-11.716 Z-164.403 F2000
G1 B90.0 F1000
G1 X-12.093 Y-11.716 Z-144.251 F2000
G1 X-12.093 Y-11.716 Z-124.099 F2000
G1 X-19.275133243394247 Y-18.674229808947903 Z-124.099 F5000
M01
G1 X-19.275133243394247 Y-18.674229808947903 Z-708.513 F5000
M00
G1 B90.0 F1000
G1 X-12.093 Y-11.716 Z-708.513 F2000
G1 B90.0 F1000
G1 X-12.093 Y-11.716 Z-688.361 F2000
G1 B90.0 F1000
G1 X-12.093 Y-11.716 Z-668.209 F2000
G1 B90.0 F1000
G1 X-12.093 Y-11.716 Z-648.056 F2000
G1 B90.0 F1000
G1 X-12.093 Y-11.716 Z-627.904 F2000
G1 B90.0 F1000
G1 X-12.093 Y-11.716 Z-607.752 F2000
G1 B90.0 F1000
G1 X-12.093 Y-11.716 Z-587.6 F2000
G1 B90.0 F1000
G1 X-12.093 Y-11.716 Z-567.448 F2000
G1 B90.0 F1000
G1 X-12.093 Y-11.716 Z-547.295 F2000
G1 B90.0 F1000
G1 X-12.093 Y-11.716 Z-527.143 F2000
G1 B90.0 F1000
G1 X-12.093 Y-11.716 Z-506.991 F2000
G1 B90.0 F1000
G1 X-12.093 Y-11.716 Z-486.839 F2000
G1 B90.0 F1000
G1 X-12.093 Y-11.716 Z-466.687 F2000
G1 B90.0 F1000
G1 X-12.093 Y-11.716 Z-446.534 F2000
G1 B90.0 F1000
G1 X-12.093 Y-11.716 Z-426.382 F2000
G1 B90.0 F1000
G1 X-12.093 Y-11.716 Z-406.23 F2000
G1 B90.0 F1000
G1 X-12.093 Y-11.716 Z-386.078 F2000
G1 B90.0 F1000
G1 X-12.093 Y-11.716 Z-365.925 F2000
G1 B90.0 F1000
G1 X-12.093 Y-11.716 Z-345.773 F2000
G1 B90.0 F1000
G1 X-12.093 Y-11.716 Z-325.621 F2000
G1 B90.0 F1000
G1 X-12.093 Y-11.716 Z-305.469 F2000
G1 B90.0 F1000
G1 X-12.093 Y-11.716 Z-285.317 F2000
G1 B90.0 F1000
G1 X-12.093 Y-11.716 Z-265.164 F2000
G1 B90.0 F1000
G1 X-12.093 Y-11.716 Z-245.012 F2000
G1 B90.0 F1000
G1 X-12.093 Y-11.716 Z-224.86 F2000
G1 B90.0 F1000
G1 X-12.093 Y-11.716 Z-204.708 F2000
G1 B90.0 F1000
G1 X-12.093 Y-11.716 Z-184.556 F2000
G1 B90.0 F1000
G1 X-12.093 Y-11.716 Z-164.403 F2000
G1 B90.0 F1000
G1 X-12.093 Y-11.716 Z-144.251 F2000
G1 X-12.093 Y-11.716 Z-124.099 F2000
G1 X-19.275133243394247 Y-18.674229808947903 Z-124.099 F5000
M01
G1 X-19.275133243394247 Y-18.674229808947903 Z-708.513 F5000
M00
G1 B90.0 F1000
G1 X-12.093 Y-11.716 Z-708.513 F2000
G1 B90.0 F1000
G1 X-12.093 Y-11.716 Z-688.361 F2000
G1 B90.0 F1000
G1 X-12.093 Y-11.716 Z-668.209 F2000
G1 B90.0 F1000
G1 X-12.093 Y-11.716 Z-648.056 F2000
G1 B141.67111273814697 F1000
G1 X-12.093 Y-11.716 Z-627.904 F2000
G1 B125.26438968275471 F1000
G1 X-72.55 Y-92.325 Z-607.752 F2000
G1 B39.50976154097804 F1000
G1 X-92.702 Y-112.477 Z-587.6 F2000
G1 B90.0 F1000
G1 X-12.093 Y-11.716 Z-567.448 F2000
G1 B90.0 F1000
G1 X-12.093 Y-11.716 Z-547.295 F2000
G1 B144.7355030953355 F1000
G1 X-12.093 Y-11.716 Z-527.143 F2000
G1 B90.0 F1000
G1 X-153.159 Y-213.238 Z-506.991 F2000
G1 B90.0 F1000
G1 X-153.159 Y-213.238 Z-486.839 F2000
G1 B90.0 F1000
G1 X-153.159 Y-213.238 Z-466.687 F2000
G1 B90.0 F1000
G1 X-153.159 Y-213.238 Z-446.534 F2000
G1 B35.26449690466451 F1000
G1 X-153.159 Y-213.238 Z-426.382 F2000
G1 B90.0 F1000
G1 X-12.093 Y-11.716 Z-406.23 F2000
G1 B90.0 F1000
G1 X-12.093 Y-11.716 Z-386.078 F2000
G1 B90.0 F1000
G1 X-12.093 Y-11.716 Z-365.925 F2000
G1 B90.0 F1000
G1 X-12.093 Y-11.716 Z-345.773 F2000
G1 B90.0 F1000
G1 X-12.093 Y-11.716 Z-325.621 F2000
G1 B143.30068397768846 F1000
G1 X-12.093 Y-11.716 Z-305.469 F2000
G1 B36.699588482432844 F1000
G1 X-52.398 Y-72.173 Z-285.317 F2000
G1 B90.0 F1000
G1 X-12.093 Y-11.716 Z-265.164 F2000
G1 B90.0 F1000
G1 X-12.093 Y-11.716 Z-245.012 F2000
G1 B90.0 F1000
G1 X-12.093 Y-11.716 Z-224.86 F2000
G1 B90.0 F1000
G1 X-12.093 Y-11.716 Z-204.708 F2000
G1 B90.0 F1000
G1 X-12.093 Y-11.716 Z-184.556 F2000
G1 B90.0 F1000
G1 X-12.093 Y-11.716 Z-164.403 F2000
G1 B90.0 F1000
G1 X-12.093 Y-11.716 Z-144.251 F2000
G1 X-12.093 Y-11.716 Z-124.099 F2000
G1 X-19.275133243394247 Y-18.674229808947903 Z-124.099 F5000
M01
G1 X-19.275133243394247 Y-18.674229808947903 Z-708.513 F5000
M00
G1 B90.0 F1000
G1 X-12.093 Y-11.716 Z-708.513 F2000
G1 B90.0 F1000
G1 X-12.093 Y-11.716 Z-688.361 F2000
G1 B90.0 F1000
G1 X-12.093 Y-11.716 Z-668.209 F2000
G1 B90.0 F1000
G1 X-12.093 Y-11.716 Z-648.056 F2000
G1 B90.0 F1000
G1 X-12.093 Y-11.716 Z-627.904 F2000
G1 B90.0 F1000
G1 X-12.093 Y-11.716 Z-607.752 F2000
G1 B90.0 F1000
G1 X-12.093 Y-11.716 Z-587.6 F2000
G1 B90.0 F1000
G1 X-12.093 Y-11.716 Z-567.448 F2000
G1 B90.0 F1000
G1 X-12.093 Y-11.716 Z-547.295 F2000
G1 B90.0 F1000
G1 X-12.093 Y-11.716 Z-527.143 F2000
G1 B90.0 F1000
G1 X-12.093 Y-11.716 Z-506.991 F2000
G1 B90.0 F1000
G1 X-12.093 Y-11.716 Z-486.839 F2000
G1 B90.0 F1000
G1 X-12.093 Y-11.716 Z-466.687 F2000
G1 B90.0 F1000
G1 X-12.093 Y-11.716 Z-446.534 F2000
G1 B90.0 F1000
G1 X-12.093 Y-11.716 Z-426.382 F2000
G1 B90.0 F1000
G1 X-12.093 Y-11.716 Z-406.23 F2000
G1 B90.0 F1000
G1 X-12.093 Y-11.716 Z-386.078 F2000
G1 B90.0 F1000
G1 X-12.093 Y-11.716 Z-365.925 F2000
G1 B90.0 F1000
G1 X-12.093 Y-11.716 Z-345.773 F2000
G1 B90.0 F1000
G1 X-12.093 Y-11.716 Z-325.621 F2000
G1 B90.0 F1000
G1 X-12.093 Y-11.716 Z-305.469 F2000
G1 B144.73561030893214 F1000
G1 X-12.093 Y-11.716 Z-285.317 F2000
G1 B35.263719549697676 F1000
G1 X-32.245 Y-52.021 Z-265.164 F2000
G1 B90.0 F1000
G1 X-12.093 Y-11.716 Z-245.012 F2000
G1 B90.0 F1000
G1 X-12.093 Y-11.716 Z-224.86 F2000
G1 B90.0 F1000
G1 X-12.093 Y-11.716 Z-204.708 F2000
G1 B90.0 F1000
G1 X-12.093 Y-11.716 Z-184.556 F2000
G1 B90.0 F1000
G1 X-12.093 Y-11.716 Z-164.403 F2000
G1 B90.0 F1000
G1 X-12.093 Y-11.716 Z-144.251 F2000
G1 X-12.093 Y-11.716 Z-124.099 F2000
G1 X-19.275133243394247 Y-18.674229808947903 Z-124.099 F5000
M01
G1 X-19.275133243394247 Y-18.674229808947903 Z-708.513 F5000
M00
G1 B90.0 F1000
G1 X-12.093 Y-11.716 Z-708.513 F2000
G1 B90.0 F1000
G1 X-12.093 Y-11.716 Z-688.361 F2000
G1 B160.52855598166568 F1000
G1 X-12.093 Y-11.716 Z-668.209 F2000
G1 B170.53775463408036 F1000
G1 X-32.245 Y-92.325 Z-648.056 F2000
G1 B134.99999999999991 F1000
G1 X-32.245 Y-213.238 Z-627.904 F2000
G1 B90.0 F1000
G1 X-32.245 Y-233.39 Z-607.752 F2000
G1 B135.00142155512964 F1000
G1 X-32.245 Y-233.39 Z-587.6 F2000
G1 B134.99857844487028 F1000
G1 X-32.245 Y-253.543 Z-567.448 F2000
G1 B90.0 F1000
G1 X-32.245 Y-273.695 Z-547.295 F2000
G1 B90.0 F1000
G1 X-32.245 Y-273.695 Z-527.143 F2000
G1 B90.0 F1000
G1 X-32.245 Y-273.695 Z-506.991 F2000
G1 B90.0 F1000
G1 X-32.245 Y-273.695 Z-486.839 F2000
G1 B90.0 F1000
G1 X-32.245 Y-273.695 Z-466.687 F2000
G1 B90.0 F1000
G1 X-32.245 Y-273.695 Z-446.534 F2000
G1 B90.0 F1000
G1 X-32.245 Y-273.695 Z-426.382 F2000
G1 B90.0 F1000
G1 X-32.245 Y-273.695 Z-406.23 F2000
G1 B45.00142155512964 F1000
G1 X-32.245 Y-273.695 Z-386.078 F2000
G1 B90.0 F1000
G1 X-32.245 Y-253.543 Z-365.925 F2000
G1 B44.99857844487037 F1000
G1 X-32.245 Y-253.543 Z-345.773 F2000
G1 B90.0 F1000
G1 X-32.245 Y-233.39 Z-325.621 F2000
G1 B45.0 F1000
G1 X-32.245 Y-233.39 Z-305.469 F2000
G1 B90.0 F1000
G1 X-32.245 Y-213.238 Z-285.317 F2000
G1 B9.46224536591959 F1000
G1 X-32.245 Y-213.238 Z-265.164 F2000
G1 B19.47099725557339 F1000
G1 X-32.245 Y-92.325 Z-245.012 F2000
G1 B90.0 F1000
G1 X-12.093 Y-11.716 Z-224.86 F2000
G1 B90.0 F1000
G1 X-12.093 Y-11.716 Z-204.708 F2000
G1 B90.0 F1000
G1 X-12.093 Y-11.716 Z-184.556 F2000
G1 B90.0 F1000
G1 X-12.093 Y-11.716 Z-164.403 F2000
G1 B90.0 F1000
G1 X-12.093 Y-11.716 Z-144.251 F2000
G1 X-12.093 Y-11.716 Z-124.099 F2000
G1 X-19.275133243394247 Y-18.674229808947903 Z-124.099 F5000
M01
G1 X-19.275133243394247 Y-18.674229808947903 Z-708.513 F5000
M00
G1 B90.0 F1000
G1 X-12.093 Y-11.716 Z-708.513 F2000
G1 B90.0 F1000
G1 X-12.093 Y-11.716 Z-688.361 F2000
G1 B90.0 F1000
G1 X-12.093 Y-11.716 Z-668.209 F2000
G1 B90.0 F1000
G1 X-12.093 Y-11.716 Z-648.056 F2000
G1 B90.0 F1000
G1 X-12.093 Y-11.716 Z-627.904 F2000
G1 B168.57840401986428 F1000
G1 X-12.093 Y-11.716 Z-607.752 F2000
G1 B134.99999999999991 F1000
G1 X8.059 Y-152.782 Z-587.6 F2000
G1 B90.0 F1000
G1 X8.059 Y-172.934 Z-567.448 F2000
G1 B10.02486601915212 F1000
G1 X8.059 Y-172.934 Z-547.295 F2000
G1 B90.0 F1000
G1 X-12.093 Y-11.716 Z-527.143 F2000
G1 B90.0 F1000
G1 X-12.093 Y-11.716 Z-506.991 F2000
G1 B90.0 F1000
G1 X-12.093 Y-11.716 Z-486.839 F2000
G1 B90.0 F1000
G1 X-12.093 Y-11.716 Z-466.687 F2000
G1 B90.0 F1000
G1 X-12.093 Y-11.716 Z-446.534 F2000
G1 B90.0 F1000
G1 X-12.093 Y-11.716 Z-426.382 F2000
G1 B90.0 F1000
G1 X-12.093 Y-11.716 Z-406.23 F2000
G1 B90.0 F1000
G1 X-12.093 Y-11.716 Z-386.078 F2000
G1 B169.9751339808479 F1000
G1 X-12.093 Y-11.716 Z-365.925 F2000
G1 B45.00000000000008 F1000
G1 X8.059 Y-172.934 Z-345.773 F2000
G1 B90.0 F1000
G1 X8.059 Y-152.782 Z-325.621 F2000
G1 B11.42159598013571 F1000
G1 X8.059 Y-152.782 Z-305.469 F2000
G1 B90.0 F1000
G1 X-12.093 Y-11.716 Z-285.317 F2000
G1 B90.0 F1000
G1 X-12.093 Y-11.716 Z-265.164 F2000
G1 B90.0 F1000
G1 X-12.093 Y-11.716 Z-245.012 F2000
G1 B90.0 F1000
G1 X-12.093 Y-11.716 Z-224.86 F2000
G1 B90.0 F1000
G1 X-12.093 Y-11.716 Z-204.708 F2000
G1 B90.0 F1000
G1 X-12.093 Y-11.716 Z-184.556 F2000
G1 B90.0 F1000
G1 X-12.093 Y-11.716 Z-164.403 F2000
G1 B90.0 F1000
G1 X-12.093 Y-11.716 Z-144.251 F2000
G1 X-12.093 Y-11.716 Z-124.099 F2000
G1 X-19.275133243394247 Y-18.674229808947903 Z-124.099 F5000
M01
G1 X-19.275133243394247 Y-18.674229808947903 Z-708.513 F5000
M00
G1 B90.0 F1000
G1 X-12.093 Y-11.716 Z-708.513 F2000
G1 B90.0 F1000
G1 X-12.093 Y-11.716 Z-688.361 F2000
G1 B159.56065141089388 F1000
G1 X-12.093 Y-11.716 Z-668.209 F2000
G1 B20.43916251229783 F1000
G1 X28.211 Y-132.629 Z-648.056 F2000
G1 B90.0 F1000
G1 X-12.093 Y-11.716 Z-627.904 F2000
G1 B90.0 F1000
G1 X-12.093 Y-11.716 Z-607.752 F2000
G1 B158.43182196512404 F1000
G1 X-12.093 Y-11.716 Z-587.6 F2000
G1 B90.0 F1000
G1 X48.364 Y-172.934 Z-567.448 F2000
G1 B144.7356103172454 F1000
G1 X48.364 Y-172.934 Z-547.295 F2000
G1 B90.0 F1000
G1 X68.516 Y-213.238 Z-527.143 F2000
G1 B90.0 F1000
G1 X68.516 Y-213.238 Z-506.991 F2000
G1 B90.0 F1000
G1 X68.516 Y-213.238 Z-486.839 F2000
G1 B90.0 F1000
G1 X68.516 Y-213.238 Z-466.687 F2000
G1 B90.0 F1000
G1 X68.516 Y-213.238 Z-446.534 F2000
G1 B90.0 F1000
G1 X68.516 Y-213.238 Z-426.382 F2000
G1 B22.40690656736262 F1000
G1 X68.516 Y-213.238 Z-406.23 F2000
G1 B90.0 F1000
G1 X-12.093 Y-11.716 Z-386.078 F2000
G1 B158.43182196512404 F1000
G1 X-12.093 Y-11.716 Z-365.925 F2000
G1 B21.568178034875974 F1000
G1 X48.364 Y-172.934 Z-345.773 F2000
G1 B90.0 F1000
G1 X-12.093 Y-11.716 Z-325.621 F2000
G1 B90.0 F1000
G1 X-12.093 Y-11.716 Z-305.469 F2000
G1 B90.0 F1000
G1 X-12.093 Y-11.716 Z-285.317 F2000
G1 B159.56083748770217 F1000
G1 X-12.093 Y-11.716 Z-265.164 F2000
G1 B20.43916251229783 F1000
G1 X28.211 Y-132.629 Z-245.012 F2000
G1 B90.0 F1000
G1 X-12.093 Y-11.716 Z-224.86 F2000
G1 B90.0 F1000
G1 X-12.093 Y-11.716 Z-204.708 F2000
G1 B90.0 F1000
G1 X-12.093 Y-11.716 Z-184.556 F2000
G1 B90.0 F1000
G1 X-12.093 Y-11.716 Z-164.403 F2000
G1 B90.0 F1000
G1 X-12.093 Y-11.716 Z-144.251 F2000
G1 X-12.093 Y-11.716 Z-124.099 F2000
G1 X-19.275133243394247 Y-18.674229808947903 Z-124.099 F5000
M01
G1 X-19.275133243394247 Y-18.674229808947903 Z-708.513 F5000
M00
G1 B90.0 F1000
G1 X-12.093 Y-11.716 Z-708.513 F2000
G1 B90.0 F1000
G1 X-12.093 Y-11.716 Z-688.361 F2000
G1 B90.0 F1000
G1 X-12.093 Y-11.716 Z-668.209 F2000
G1 B90.0 F1000
G1 X-12.093 Y-11.716 Z-648.056 F2000
G1 B90.0 F1000
G1 X-12.093 Y-11.716 Z-627.904 F2000
G1 B90.0 F1000
G1 X-12.093 Y-11.716 Z-607.752 F2000
G1 B143.92935773545472 F1000
G1 X-12.093 Y-11.716 Z-587.6 F2000
G1 B36.07069430675736 F1000
G1 X88.668 Y-152.782 Z-567.448 F2000
G1 B90.0 F1000
G1 X-12.093 Y-11.716 Z-547.295 F2000
G1 B90.0 F1000
G1 X-12.093 Y-11.716 Z-527.143 F2000
G1 B142.75274712121575 F1000
G1 X-12.093 Y-11.716 Z-506.991 F2000
G1 B90.0 F1000
G1 X108.82 Y-172.934 Z-486.839 F2000
G1 B90.0 F1000
G1 X108.82 Y-172.934 Z-466.687 F2000
G1 B37.24725287878425 F1000
G1 X108.82 Y-172.934 Z-446.534 F2000
G1 B90.0 F1000
G1 X-12.093 Y-11.716 Z-426.382 F2000
G1 B90.0 F1000
G1 X-12.093 Y-11.716 Z-406.23 F2000
G1 B90.0 F1000
G1 X-12.093 Y-11.716 Z-386.078 F2000
G1 B143.92935773545472 F1000
G1 X-12.093 Y-11.716 Z-365.925 F2000
G1 B36.07064226454531 F1000
G1 X88.668 Y-152.782 Z-345.773 F2000
G1 B90.0 F1000
G1 X-12.093 Y-11.716 Z-325.621 F2000
G1 B90.0 F1000
G1 X-12.093 Y-11.716 Z-305.469 F2000
G1 B90.0 F1000
G1 X-12.093 Y-11.716 Z-285.317 F2000
G1 B144.73628045030233 F1000
G1 X-12.093 Y-11.716 Z-265.164 F2000
G1 B35.263719549697676 F1000
G1 X8.059 Y-52.021 Z-245.012 F2000
G1 B90.0 F1000
G1 X-12.093 Y-11.716 Z-224.86 F2000
G1 B90.0 F1000
G1 X-12.093 Y-11.716 Z-204.708 F2000
G1 B90.0 F1000
G1 X-12.093 Y-11.716 Z-184.556 F2000
G1 B90.0 F1000
G1 X-12.093 Y-11.716 Z-164.403 F2000
G1 B90.0 F1000
G1 X-12.093 Y-11.716 Z-144.251 F2000
G1 X-12.093 Y-11.716 Z-124.099 F2000
G1 X-19.275133243394247 Y-18.674229808947903 Z-124.099 F5000
M01
G1 X-19.275133243394247 Y-18.674229808947903 Z-708.513 F5000
M00
G1 B90.0 F1000
G1 X-12.093 Y-11.716 Z-708.513 F2000
G1 B131.81102128193842 F1000
G1 X-12.093 Y-11.716 Z-688.361 F2000
G1 B125.26304943880952 F1000
G1 X28.211 Y-52.021 Z-668.209 F2000
G1 B90.0 F1000
G1 X48.364 Y-72.173 Z-648.056 F2000
G1 B114.09484255211069 F1000
G1 X48.364 Y-72.173 Z-627.904 F2000
G1 B51.886993843678155 F1000
G1 X88.668 Y-92.325 Z-607.752 F2000
G1 B90.0 F1000
G1 X-12.093 Y-11.716 Z-587.6 F2000
G1 B130.3155515610444 F1000
G1 X-12.093 Y-11.716 Z-567.448 F2000
G1 B49.68442038612795 F1000
G1 X128.972 Y-132.629 Z-547.295 F2000
G1 B90.0 F1000
G1 X-12.093 Y-11.716 Z-527.143 F2000
G1 B129.17395387905754 F1000
G1 X-12.093 Y-11.716 Z-506.991 F2000
G1 B90.0 F1000
G1 X209.581 Y-193.086 Z-486.839 F2000
G1 B90.0 F1000
G1 X209.581 Y-193.086 Z-466.687 F2000
G1 B90.0 F1000
G1 X209.581 Y-193.086 Z-446.534 F2000
G1 B50.826046120942465 F1000
G1 X209.581 Y-193.086 Z-426.382 F2000
G1 B90.0 F1000
G1 X-12.093 Y-11.716 Z-406.23 F2000
G1 B90.0 F1000
G1 X-12.093 Y-11.716 Z-386.078 F2000
G1 B90.0 F1000
G1 X-12.093 Y-11.716 Z-365.925 F2000
G1 B90.0 F1000
G1 X-12.093 Y-11.716 Z-345.773 F2000
G1 B90.0 F1000
G1 X-12.093 Y-11.716 Z-325.621 F2000
G1 B90.0 F1000
G1 X-12.093 Y-11.716 Z-305.469 F2000
G1 B133.49142470407514 F1000
G1 X-12.093 Y-11.716 Z-285.317 F2000
G1 B90.0 F1000
G1 X48.364 Y-72.173 Z-265.164 F2000
G1 B54.73628045861544 F1000
G1 X48.364 Y-72.173 Z-245.012 F2000
G1 B48.188978718061584 F1000
G1 X28.211 Y-52.021 Z-224.86 F2000
G1 B90.0 F1000
G1 X-12.093 Y-11.716 Z-204.708 F2000
G1 B90.0 F1000
G1 X-12.093 Y-11.716 Z-184.556 F2000
G1 B90.0 F1000
G1 X-12.093 Y-11.716 Z-164.403 F2000
G1 B90.0 F1000
G1 X-12.093 Y-11.716 Z-144.251 F2000
G1 X-12.093 Y-11.716 Z-124.099 F2000
G1 X-19.275133243394247 Y-18.674229808947903 Z-124.099 F5000
M01
G1 X-19.275133243394247 Y-18.674229808947903 Z-708.513 F5000
M00
G1 B90.0 F1000
G1 X-12.093 Y-11.716 Z-708.513 F2000
G1 B125.26438968275463 F1000
G1 X-12.093 Y-11.716 Z-688.361 F2000
G1 B114.09526637340795 F1000
G1 X8.059 Y-31.868 Z-668.209 F2000
G1 B114.09484255211069 F1000
G1 X48.364 Y-52.021 Z-648.056 F2000
G1 B59.52946529234115 F1000
G1 X88.668 Y-72.173 Z-627.904 F2000
G1 B90.0 F1000
G1 X-12.093 Y-11.716 Z-607.752 F2000
G1 B90.0 F1000
G1 X-12.093 Y-11.716 Z-587.6 F2000
G1 B90.0 F1000
G1 X-12.093 Y-11.716 Z-567.448 F2000
G1 B116.38780431490599 F1000
G1 X-12.093 Y-11.716 Z-547.295 F2000
G1 B63.61219568509402 F1000
G1 X149.125 Y-92.325 Z-527.143 F2000
G1 B90.0 F1000
G1 X-12.093 Y-11.716 Z-506.991 F2000
G1 B90.0 F1000
G1 X-12.093 Y-11.716 Z-486.839 F2000
G1 B90.0 F1000
G1 X-12.093 Y-11.716 Z-466.687 F2000
G1 B90.0 F1000
G1 X-12.093 Y-11.716 Z-446.534 F2000
G1 B90.0 F1000
G1 X-12.093 Y-11.716 Z-426.382 F2000
G1 B90.0 F1000
G1 X-12.093 Y-11.716 Z-406.23 F2000
G1 B90.0 F1000
G1 X-12.093 Y-11.716 Z-386.078 F2000
G1 B90.0 F1000
G1 X-12.093 Y-11.716 Z-365.925 F2000
G1 B90.0 F1000
G1 X-12.093 Y-11.716 Z-345.773 F2000
G1 B90.0 F1000
G1 X-12.093 Y-11.716 Z-325.621 F2000
G1 B120.47053470765884 F1000
G1 X-12.093 Y-11.716 Z-305.469 F2000
G1 B54.73628045861547 F1000
G1 X88.668 Y-72.173 Z-285.317 F2000
G1 B65.90452171016003 F1000
G1 X68.516 Y-52.021 Z-265.164 F2000
G1 B90.0 F1000
G1 X28.211 Y-31.868 Z-245.012 F2000
G1 B54.73561031724535 F1000
G1 X8.059 Y-31.868 Z-224.86 F2000
G1 B90.0 F1000
G1 X-12.093 Y-11.716 Z-204.708 F2000
G1 B90.0 F1000
G1 X-12.093 Y-11.716 Z-184.556 F2000
G1 B90.0 F1000
G1 X-12.093 Y-11.716 Z-164.403 F2000
G1 B90.0 F1000
G1 X-12.093 Y-11.716 Z-144.251 F2000
G1 X-12.093 Y-11.716 Z-124.099 F2000
G1 X-19.275133243394247 Y-18.674229808947903 Z-124.099 F5000
M01
G1 X-19.275133243394247 Y-18.674229808947903 Z-708.513 F5000
M00
G1 B107.54815540980437 F1000
G1 X-12.093 Y-11.716 Z-708.513 F2000
G1 B90.0 F1000
G1 X48.364 Y-31.868 Z-688.361 F2000
G1 B90.0 F1000
G1 X48.364 Y-31.868 Z-668.209 F2000
G1 B76.36713101136256 F1000
G1 X68.516 Y-31.868 Z-648.056 F2000
G1 B90.0 F1000
G1 X-12.093 Y-11.716 Z-627.904 F2000
G1 B90.0 F1000
G1 X-12.093 Y-11.716 Z-607.752 F2000
G1 B90.0 F1000
G1 X-12.093 Y-11.716 Z-587.6 F2000
G1 B90.0 F1000
G1 X-12.093 Y-11.716 Z-567.448 F2000
G1 B90.0 F1000
G1 X-12.093 Y-11.716 Z-547.295 F2000
G1 B101.25540408648018 F1000
G1 X-12.093 Y-11.716 Z-527.143 F2000
G1 B90.0 F1000
G1 X189.429 Y-52.021 Z-506.991 F2000
G1 B78.74459591351983 F1000
G1 X189.429 Y-52.021 Z-486.839 F2000
G1 B90.0 F1000
G1 X-12.093 Y-11.716 Z-466.687 F2000
G1 B90.0 F1000
G1 X-12.093 Y-11.716 Z-446.534 F2000
G1 B101.25540408648018 F1000
G1 X-12.093 Y-11.716 Z-426.382 F2000
G1 B78.74459591351983 F1000
G1 X189.429 Y-52.021 Z-406.23 F2000
G1 B90.0 F1000
G1 X-12.093 Y-11.716 Z-386.078 F2000
G1 B90.0 F1000
G1 X-12.093 Y-11.716 Z-365.925 F2000
G1 B90.0 F1000
G1 X-12.093 Y-11.716 Z-345.773 F2000
G1 B90.0 F1000
G1 X-12.093 Y-11.716 Z-325.621 F2000
G1 B90.0 F1000
G1 X-12.093 Y-11.716 Z-305.469 F2000
G1 B90.0 F1000
G1 X-12.093 Y-11.716 Z-285.317 F2000
G1 B103.63286898863744 F1000
G1 X-12.093 Y-11.716 Z-265.164 F2000
G1 B90.0 F1000
G1 X68.516 Y-31.868 Z-245.012 F2000
G1 B72.45184459019565 F1000
G1 X48.364 Y-31.868 Z-224.86 F2000
G1 B90.0 F1000
G1 X-12.093 Y-11.716 Z-204.708 F2000
G1 B90.0 F1000
G1 X-12.093 Y-11.716 Z-184.556 F2000
G1 B90.0 F1000
G1 X-12.093 Y-11.716 Z-164.403 F2000
G1 B90.0 F1000
G1 X-12.093 Y-11.716 Z-144.251 F2000
G1 X-12.093 Y-11.716 Z-124.099 F2000
G1 X-19.275133243394247 Y-18.674229808947903 Z-124.099 F5000
M01
G1 X-19.275133243394247 Y-18.674229808947903 Z-708.513 F5000
M00
G1 B90.0 F1000
G1 X-12.093 Y-11.716 Z-708.513 F2000
G1 B90.0 F1000
G1 X-12.093 Y-11.716 Z-688.361 F2000
G1 B90.0 F1000
G1 X-12.093 Y-11.716 Z-668.209 F2000
G1 B90.0 F1000
G1 X-12.093 Y-11.716 Z-648.056 F2000
G1 B90.0 F1000
G1 X-12.093 Y-11.716 Z-627.904 F2000
G1 B90.0 F1000
G1 X-12.093 Y-11.716 Z-607.752 F2000
G1 B90.0 F1000
G1 X-12.093 Y-11.716 Z-587.6 F2000
G1 B90.0 F1000
G1 X-12.093 Y-11.716 Z-567.448 F2000
G1 B90.0 F1000
G1 X-12.093 Y-11.716 Z-547.295 F2000
G1 B90.0 F1000
G1 X-12.093 Y-11.716 Z-527.143 F2000
G1 B90.0 F1000
G1 X-12.093 Y-11.716 Z-506.991 F2000
G1 B90.0 F1000
G1 X-12.093 Y-11.716 Z-486.839 F2000
G1 B90.0 F1000
G1 X-12.093 Y-11.716 Z-466.687 F2000
G1 B90.0 F1000
G1 X-12.093 Y-11.716 Z-446.534 F2000
G1 B90.0 F1000
G1 X-12.093 Y-11.716 Z-426.382 F2000
G1 B90.0 F1000
G1 X-12.093 Y-11.716 Z-406.23 F2000
G1 B90.0 F1000
G1 X-12.093 Y-11.716 Z-386.078 F2000
G1 B90.0 F1000
G1 X-12.093 Y-11.716 Z-365.925 F2000
G1 B90.0 F1000
G1 X-12.093 Y-11.716 Z-345.773 F2000
G1 B90.0 F1000
G1 X-12.093 Y-11.716 Z-325.621 F2000
G1 B90.0 F1000
G1 X-12.093 Y-11.716 Z-305.469 F2000
G1 B90.0 F1000
G1 X-12.093 Y-11.716 Z-285.317 F2000
G1 B90.0 F1000
G1 X-12.093 Y-11.716 Z-265.164 F2000
G1 B90.0 F1000
G1 X-12.093 Y-11.716 Z-245.012 F2000
G1 B90.0 F1000
G1 X-12.093 Y-11.716 Z-224.86 F2000
G1 B90.0 F1000
G1 X-12.093 Y-11.716 Z-204.708 F2000
G1 B90.0 F1000
G1 X-12.093 Y-11.716 Z-184.556 F2000
G1 B90.0 F1000
G1 X-12.093 Y-11.716 Z-164.403 F2000
G1 B90.0 F1000
G1 X-12.093 Y-11.716 Z-144.251 F2000
G1 X-12.093 Y-11.716 Z-124.099 F2000
G1 X-19.275133243394247 Y-18.674229808947903 Z-124.099 F5000
M01
G1 X-19.275133243394247 Y-18.674229808947903 Z-708.513 F5000
M00
G1 B90.0 F1000
G1 X-12.093 Y-11.716 Z-708.513 F2000
G1 B76.36713101136256 F1000
G1 X-12.093 Y-11.716 Z-688.361 F2000
G1 B103.63283067954995 F1000
G1 X68.516 Y8.436 Z-668.209 F2000
G1 B90.0 F1000
G1 X-12.093 Y-11.716 Z-648.056 F2000
G1 B90.0 F1000
G1 X-12.093 Y-11.716 Z-627.904 F2000
G1 B90.0 F1000
G1 X-12.093 Y-11.716 Z-607.752 F2000
G1 B76.01022193926059 F1000
G1 X-12.093 Y-11.716 Z-587.6 F2000
G1 B90.0 F1000
G1 X229.733 Y48.741 Z-567.448 F2000
G1 B90.0 F1000
G1 X229.733 Y48.741 Z-547.295 F2000
G1 B90.0 F1000
G1 X229.733 Y48.741 Z-527.143 F2000
G1 B90.0 F1000
G1 X229.733 Y48.741 Z-506.991 F2000
G1 B90.0 F1000
G1 X229.733 Y48.741 Z-486.839 F2000
G1 B90.0 F1000
G1 X229.733 Y48.741 Z-466.687 F2000
G1 B90.0 F1000
G1 X229.733 Y48.741 Z-446.534 F2000
G1 B90.0 F1000
G1 X229.733 Y48.741 Z-426.382 F2000
G1 B90.0 F1000
G1 X229.733 Y48.741 Z-406.23 F2000
G1 B90.0 F1000
G1 X229.733 Y48.741 Z-386.078 F2000
G1 B90.0 F1000
G1 X229.733 Y48.741 Z-365.925 F2000
G1 B103.98977806073941 F1000
G1 X229.733 Y48.741 Z-345.773 F2000
G1 B90.0 F1000
G1 X-12.093 Y-11.716 Z-325.621 F2000
G1 B90.0 F1000
G1 X-12.093 Y-11.716 Z-305.469 F2000
G1 B90.0 F1000
G1 X-12.093 Y-11.716 Z-285.317 F2000
G1 B76.36713101136256 F1000
G1 X-12.093 Y-11.716 Z-265.164 F2000
G1 B90.0 F1000
G1 X68.516 Y8.436 Z-245.012 F2000
G1 B103.63286898863744 F1000
G1 X68.516 Y8.436 Z-224.86 F2000
G1 B90.0 F1000
G1 X-12.093 Y-11.716 Z-204.708 F2000
G1 B90.0 F1000
G1 X-12.093 Y-11.716 Z-184.556 F2000
G1 B90.0 F1000
G1 X-12.093 Y-11.716 Z-164.403 F2000
G1 B90.0 F1000
G1 X-12.093 Y-11.716 Z-144.251 F2000
G1 X-12.093 Y-11.716 Z-124.099 F2000
G1 X-19.275133243394247 Y-18.674229808947903 Z-124.099 F5000
M01
G1 X-19.275133243394247 Y-18.674229808947903 Z-708.513 F5000
M00
G1 B65.90515744788931 F1000
G1 X-12.093 Y-11.716 Z-708.513 F2000
G1 B90.0 F1000
G1 X28.211 Y8.436 Z-688.361 F2000
G1 B53.959735266048085 F1000
G1 X48.364 Y8.436 Z-668.209 F2000
G1 B90.0 F1000
G1 X128.972 Y68.893 Z-648.056 F2000
G1 B119.4963425242742 F1000
G1 X128.972 Y68.893 Z-627.904 F2000
G1 B61.094404033439766 F1000
G1 X-12.093 Y-11.716 Z-607.752 F2000
G1 B90.0 F1000
G1 X169.277 Y89.045 Z-587.6 F2000
G1 B65.90536936852776 F1000
G1 X169.277 Y89.045 Z-567.448 F2000
G1 B90.0 F1000
G1 X209.581 Y109.197 Z-547.295 F2000
G1 B90.0 F1000
G1 X209.581 Y109.197 Z-527.143 F2000
G1 B90.0 F1000
G1 X209.581 Y109.197 Z-506.991 F2000
G1 B90.0 F1000
G1 X209.581 Y109.197 Z-486.839 F2000
G1 B90.0 F1000
G1 X209.581 Y109.197 Z-466.687 F2000
G1 B90.0 F1000
G1 X209.581 Y109.197 Z-446.534 F2000
G1 B90.0 F1000
G1 X209.581 Y109.197 Z-426.382 F2000
G1 B90.0 F1000
G1 X209.581 Y109.197 Z-406.23 F2000
G1 B90.0 F1000
G1 X209.581 Y109.197 Z-386.078 F2000
G1 B114.0948425521107 F1000
G1 X209.581 Y109.197 Z-365.925 F2000
G1 B90.0 F1000
G1 X169.277 Y89.045 Z-345.773 F2000
G1 B118.90559596656023 F1000
G1 X169.277 Y89.045 Z-325.621 F2000
G1 B60.5036574757258 F1000
G1 X-12.093 Y-11.716 Z-305.469 F2000
G1 B90.0 F1000
G1 X128.972 Y68.893 Z-285.317 F2000
G1 B90.0 F1000
G1 X128.972 Y68.893 Z-265.164 F2000
G1 B120.47053470765884 F1000
G1 X128.972 Y68.893 Z-245.012 F2000
G1 B90.0 F1000
G1 X28.211 Y8.436 Z-224.86 F2000
G1 B114.0948425521107 F1000
G1 X28.211 Y8.436 Z-204.708 F2000
G1 B90.0 F1000
G1 X-12.093 Y-11.716 Z-184.556 F2000
G1 B90.0 F1000
G1 X-12.093 Y-11.716 Z-164.403 F2000
G1 B90.0 F1000
G1 X-12.093 Y-11.716 Z-144.251 F2000
G1 X-12.093 Y-11.716 Z-124.099 F2000
G1 X-19.275133243394247 Y-18.674229808947903 Z-124.099 F5000
M01
G1 X115.87882980542966 Y116.28028467435678 Z-708.513 F5000
M00
G1 B90.0 F1000
G1 X108.82 Y109.197 Z-708.513 F2000
G1 B54.7356103172454 F1000
G1 X108.82 Y109.197 Z-688.361 F2000
G1 B90.0 F1000
G1 X128.972 Y129.349 Z-668.209 F2000
G1 B54.73494020358592 F1000
G1 X128.972 Y129.349 Z-648.056 F2000
G1 B90.0 F1000
G1 X149.125 Y149.502 Z-627.904 F2000
G1 B54.73561031724531 F1000
G1 X149.125 Y149.502 Z-607.752 F2000
G1 B90.0 F1000
G1 X169.277 Y169.654 Z-587.6 F2000
G1 B54.73628045861546 F1000
G1 X169.277 Y169.654 Z-567.448 F2000
G1 B90.0 F1000
G1 X189.429 Y189.806 Z-547.295 F2000
G1 B90.0 F1000
G1 X189.429 Y189.806 Z-527.143 F2000
G1 B90.0 F1000
G1 X189.429 Y189.806 Z-506.991 F2000
G1 B90.0 F1000
G1 X189.429 Y189.806 Z-486.839 F2000
G1 B90.0 F1000
G1 X189.429 Y189.806 Z-466.687 F2000
G1 B90.0 F1000
G1 X189.429 Y189.806 Z-446.534 F2000
G1 B90.0 F1000
G1 X189.429 Y189.806 Z-426.382 F2000
G1 B90.0 F1000
G1 X189.429 Y189.806 Z-406.23 F2000
G1 B125.2637195413846 F1000
G1 X189.429 Y189.806 Z-386.078 F2000
G1 B90.0 F1000
G1 X169.277 Y169.654 Z-365.925 F2000
G1 B90.0 F1000
G1 X169.277 Y169.654 Z-345.773 F2000
G1 B125.26438968275465 F1000
G1 X169.277 Y169.654 Z-325.621 F2000
G1 B90.0 F1000
G1 X149.125 Y149.502 Z-305.469 F2000
G1 B90.0 F1000
G1 X149.125 Y149.502 Z-285.317 F2000
G1 B125.26505979641412 F1000
G1 X149.125 Y149.502 Z-265.164 F2000
G1 B90.0 F1000
G1 X128.972 Y129.349 Z-245.012 F2000
G1 B125.26438968275463 F1000
G1 X128.972 Y129.349 Z-224.86 F2000
G1 B125.26438968275468 F1000
G1 X108.82 Y109.197 Z-204.708 F2000
G1 B134.43819693794944 F1000
G1 X88.668 Y89.045 Z-184.556 F2000
G1 B90.0 F1000
G1 X-12.093 Y-11.716 Z-164.403 F2000
G1 B90.0 F1000
G1 X-12.093 Y-11.716 Z-144.251 F2000
G1 X-12.093 Y-11.716 Z-124.099 F2000
G1 X-19.275133243394247 Y-18.674229808947903 Z-124.099 F5000
M01
G1 X-19.275133243394247 Y-18.674229808947903 Z-708.513 F5000
M00
G1 B35.264389682754675 F1000
G1 X-12.093 Y-11.716 Z-708.513 F2000
G1 B90.0 F1000
G1 X8.059 Y28.588 Z-688.361 F2000
G1 B25.239584590766786 F1000
G1 X8.059 Y28.588 Z-668.209 F2000
G1 B54.736280458615475 F1000
G1 X28.211 Y89.045 Z-648.056 F2000
G1 B152.20853799249778 F1000
G1 X48.364 Y109.197 Z-627.904 F2000
G1 B90.0 F1000
G1 X-12.093 Y-11.716 Z-607.752 F2000
G1 B90.0 F1000
G1 X-12.093 Y-11.716 Z-587.6 F2000
G1 B90.0 F1000
G1 X-12.093 Y-11.716 Z-567.448 F2000
G1 B90.0 F1000
G1 X-12.093 Y-11.716 Z-547.295 F2000
G1 B90.0 F1000
G1 X-12.093 Y-11.716 Z-527.143 F2000
G1 B90.0 F1000
G1 X-12.093 Y-11.716 Z-506.991 F2000
G1 B90.0 F1000
G1 X-12.093 Y-11.716 Z-486.839 F2000
G1 B90.0 F1000
G1 X-12.093 Y-11.716 Z-466.687 F2000
G1 B90.0 F1000
G1 X-12.093 Y-11.716 Z-446.534 F2000
G1 B90.0 F1000
G1 X-12.093 Y-11.716 Z-426.382 F2000
G1 B90.0 F1000
G1 X-12.093 Y-11.716 Z-406.23 F2000
G1 B90.0 F1000
G1 X-12.093 Y-11.716 Z-386.078 F2000
G1 B90.0 F1000
G1 X-12.093 Y-11.716 Z-365.925 F2000
G1 B90.0 F1000
G1 X-12.093 Y-11.716 Z-345.773 F2000
G1 B90.0 F1000
G1 X-12.093 Y-11.716 Z-325.621 F2000
G1 B90.0 F1000
G1 X-12.093 Y-11.716 Z-305.469 F2000
G1 B27.791579279903953 F1000
G1 X-12.093 Y-11.716 Z-285.317 F2000
G1 B144.73494017033283 F1000
G1 X48.364 Y109.197 Z-265.164 F2000
G1 B125.26438968275465 F1000
G1 X28.211 Y68.893 Z-245.012 F2000
G1 B154.76096370754237 F1000
G1 X8.059 Y48.741 Z-224.86 F2000
G1 B90.0 F1000
G1 X-12.093 Y-11.716 Z-204.708 F2000
G1 B90.0 F1000
G1 X-12.093 Y-11.716 Z-184.556 F2000
G1 B90.0 F1000
G1 X-12.093 Y-11.716 Z-164.403 F2000
G1 B90.0 F1000
G1 X-12.093 Y-11.716 Z-144.251 F2000
G1 X-12.093 Y-11.716 Z-124.099 F2000
G1 X-19.275133243394247 Y-18.674229808947903 Z-124.099 F5000
M01
G1 X-19.275133243394247 Y-18.674229808947903 Z-708.513 F5000
M00
G1 B90.0 F1000
G1 X-12.093 Y-11.716 Z-708.513 F2000
G1 B90.0 F1000
G1 X-12.093 Y-11.716 Z-688.361 F2000
G1 B90.0 F1000
G1 X-12.093 Y-11.716 Z-668.209 F2000
G1 B90.0 F1000
G1 X-12.093 Y-11.716 Z-648.056 F2000
G1 B90.0 F1000
G1 X-12.093 Y-11.716 Z-627.904 F2000
G1 B12.604261553418155 F1000
G1 X-12.093 Y-11.716 Z-607.752 F2000
G1 B25.239584590766864 F1000
G1 X28.211 Y189.806 Z-587.6 F2000
G1 B90.0 F1000
G1 X48.364 Y250.263 Z-567.448 F2000
G1 B44.99999999999988 F1000
G1 X48.364 Y250.263 Z-547.295 F2000
G1 B90.0 F1000
G1 X48.364 Y270.415 Z-527.143 F2000
G1 B90.0 F1000
G1 X48.364 Y270.415 Z-506.991 F2000
G1 B90.0 F1000
G1 X48.364 Y270.415 Z-486.839 F2000
G1 B90.0 F1000
G1 X48.364 Y270.415 Z-466.687 F2000
G1 B90.0 F1000
G1 X48.364 Y270.415 Z-446.534 F2000
G1 B90.0 F1000
G1 X48.364 Y270.415 Z-426.382 F2000
G1 B90.0 F1000
G1 X48.364 Y270.415 Z-406.23 F2000
G1 B134.99857844487042 F1000
G1 X48.364 Y270.415 Z-386.078 F2000
G1 B90.0 F1000
G1 X48.364 Y250.263 Z-365.925 F2000
G1 B154.76041540923313 F1000
G1 X48.364 Y250.263 Z-345.773 F2000
G1 B90.0 F1000
G1 X28.211 Y189.806 Z-325.621 F2000
G1 B167.39573844658184 F1000
G1 X28.211 Y189.806 Z-305.469 F2000
G1 B90.0 F1000
G1 X-12.093 Y-11.716 Z-285.317 F2000
G1 B13.26257019690102 F1000
G1 X-12.093 Y-11.716 Z-265.164 F2000
G1 B153.43494882292202 F1000
G1 X8.059 Y109.197 Z-245.012 F2000
G1 B160.52900274442658 F1000
G1 X8.059 Y68.893 Z-224.86 F2000
G1 B90.0 F1000
G1 X-12.093 Y-11.716 Z-204.708 F2000
G1 B90.0 F1000
G1 X-12.093 Y-11.716 Z-184.556 F2000
G1 B90.0 F1000
G1 X-12.093 Y-11.716 Z-164.403 F2000
G1 B90.0 F1000
G1 X-12.093 Y-11.716 Z-144.251 F2000
G1 X-12.093 Y-11.716 Z-124.099 F2000
G1 X-19.275133243394247 Y-18.674229808947903 Z-124.099 F5000
M01
G1 X-19.275133243394247 Y-18.674229808947903 Z-708.513 F5000
M00
G1 B90.0 F1000
G1 X-12.093 Y-11.716 Z-708.513 F2000
G1 B90.0 F1000
G1 X-12.093 Y-11.716 Z-688.361 F2000
G1 B90.0 F1000
G1 X-12.093 Y-11.716 Z-668.209 F2000
G1 B90.0 F1000
G1 X-12.093 Y-11.716 Z-648.056 F2000
G1 B90.0 F1000
G1 X-12.093 Y-11.716 Z-627.904 F2000
G1 B90.0 F1000
G1 X-12.093 Y-11.716 Z-607.752 F2000
G1 B90.0 F1000
G1 X-12.093 Y-11.716 Z-587.6 F2000
G1 B6.34043445367555 F1000
G1 X-12.093 Y-11.716 Z-567.448 F2000
G1 B173.659877599208 F1000
G1 X-12.093 Y169.654 Z-547.295 F2000
G1 B90.0 F1000
G1 X-12.093 Y-11.716 Z-527.143 F2000
G1 B90.0 F1000
G1 X-12.093 Y-11.716 Z-506.991 F2000
G1 B90.0 F1000
G1 X-12.093 Y-11.716 Z-486.839 F2000
G1 B90.0 F1000
G1 X-12.093 Y-11.716 Z-466.687 F2000
G1 B90.0 F1000
G1 X-12.093 Y-11.716 Z-446.534 F2000
G1 B90.0 F1000
G1 X-12.093 Y-11.716 Z-426.382 F2000
G1 B90.0 F1000
G1 X-12.093 Y-11.716 Z-406.23 F2000
G1 B90.0 F1000
G1 X-12.093 Y-11.716 Z-386.078 F2000
G1 B90.0 F1000
G1 X-12.093 Y-11.716 Z-365.925 F2000
G1 B90.0 F1000
G1 X-12.093 Y-11.716 Z-345.773 F2000
G1 B90.0 F1000
G1 X-12.093 Y-11.716 Z-325.621 F2000
G1 B90.0 F1000
G1 X-12.093 Y-11.716 Z-305.469 F2000
G1 B90.0 F1000
G1 X-12.093 Y-11.716 Z-285.317 F2000
G1 B44.99999999999998 F1000
G1 X-12.093 Y-11.716 Z-265.164 F2000
G1 B90.0 F1000
G1 X-12.093 Y8.436 Z-245.012 F2000
G1 B134.99999999999997 F1000
G1 X-12.093 Y8.436 Z-224.86 F2000
G1 B90.0 F1000
G1 X-12.093 Y-11.716 Z-204.708 F2000
G1 B90.0 F1000
G1 X-12.093 Y-11.716 Z-184.556 F2000
G1 B90.0 F1000
G1 X-12.093 Y-11.716 Z-164.403 F2000
G1 B90.0 F1000
G1 X-12.093 Y-11.716 Z-144.251 F2000
G1 X-12.093 Y-11.716 Z-124.099 F2000
G1 X-19.275133243394247 Y-18.674229808947903 Z-124.099 F5000
M01
G1 X-19.275133243394247 Y-18.674229808947903 Z-708.513 F5000
M00
G1 B90.0 F1000
G1 X-12.093 Y-11.716 Z-708.513 F2000
G1 B35.264389682754675 F1000
G1 X-12.093 Y-11.716 Z-688.361 F2000
G1 B35.265059804727294 F1000
G1 X-32.245 Y28.588 Z-668.209 F2000
G1 B26.565051177078022 F1000
G1 X-52.398 Y68.893 Z-648.056 F2000
G1 B159.56046534099931 F1000
G1 X-52.398 Y109.197 Z-627.904 F2000
G1 B17.548482348848225 F1000
G1 X-12.093 Y-11.716 Z-607.752 F2000
G1 B90.0 F1000
G1 X-72.55 Y189.806 Z-587.6 F2000
G1 B90.0 F1000
G1 X-72.55 Y189.806 Z-567.448 F2000
G1 B44.999999999999915 F1000
G1 X-72.55 Y189.806 Z-547.295 F2000
G1 B90.0 F1000
G1 X-72.55 Y209.958 Z-527.143 F2000
G1 B90.0 F1000
G1 X-72.55 Y209.958 Z-506.991 F2000
G1 B90.0 F1000
G1 X-72.55 Y209.958 Z-486.839 F2000
G1 B90.0 F1000
G1 X-72.55 Y209.958 Z-466.687 F2000
G1 B90.0 F1000
G1 X-72.55 Y209.958 Z-446.534 F2000
G1 B90.0 F1000
G1 X-72.55 Y209.958 Z-426.382 F2000
G1 B90.0 F1000
G1 X-72.55 Y209.958 Z-406.23 F2000
G1 B134.99857844487036 F1000
G1 X-72.55 Y209.958 Z-386.078 F2000
G1 B90.0 F1000
G1 X-72.55 Y189.806 Z-365.925 F2000
G1 B90.0 F1000
G1 X-72.55 Y189.806 Z-345.773 F2000
G1 B90.0 F1000
G1 X-72.55 Y189.806 Z-325.621 F2000
G1 B160.52900274442663 F1000
G1 X-72.55 Y189.806 Z-305.469 F2000
G1 B90.0 F1000
G1 X-52.398 Y109.197 Z-285.317 F2000
G1 B153.43494882292202 F1000
G1 X-52.398 Y109.197 Z-265.164 F2000
G1 B125.26371954138455 F1000
G1 X-52.398 Y68.893 Z-245.012 F2000
G1 B154.76096370754237 F1000
G1 X-32.245 Y48.741 Z-224.86 F2000
G1 B90.0 F1000
G1 X-12.093 Y-11.716 Z-204.708 F2000
G1 B90.0 F1000
G1 X-12.093 Y-11.716 Z-184.556 F2000
G1 B90.0 F1000
G1 X-12.093 Y-11.716 Z-164.403 F2000
G1 B90.0 F1000
G1 X-12.093 Y-11.716 Z-144.251 F2000
G1 X-12.093 Y-11.716 Z-124.099 F2000
G1 X-19.275133243394247 Y-18.674229808947903 Z-124.099 F5000
M01
G1 X-19.275133243394247 Y-18.674229808947903 Z-708.513 F5000
M00
G1 B90.0 F1000
G1 X-12.093 Y-11.716 Z-708.513 F2000
G1 B90.0 F1000
G1 X-12.093 Y-11.716 Z-688.361 F2000
G1 B36.699588482432816 F1000
G1 X-12.093 Y-11.716 Z-668.209 F2000
G1 B54.735610317245374 F1000
G1 X-52.398 Y48.741 Z-648.056 F2000
G1 B141.67111273814695 F1000
G1 X-72.55 Y68.893 Z-627.904 F2000
G1 B90.0 F1000
G1 X-12.093 Y-11.716 Z-607.752 F2000
G1 B90.0 F1000
G1 X-12.093 Y-11.716 Z-587.6 F2000
G1 B90.0 F1000
G1 X-12.093 Y-11.716 Z-567.448 F2000
G1 B90.0 F1000
G1 X-12.093 Y-11.716 Z-547.295 F2000
G1 B90.0 F1000
G1 X-12.093 Y-11.716 Z-527.143 F2000
G1 B90.0 F1000
G1 X-12.093 Y-11.716 Z-506.991 F2000
G1 B90.0 F1000
G1 X-12.093 Y-11.716 Z-486.839 F2000
G1 B90.0 F1000
G1 X-12.093 Y-11.716 Z-466.687 F2000
G1 B90.0 F1000
G1 X-12.093 Y-11.716 Z-446.534 F2000
G1 B90.0 F1000
G1 X-12.093 Y-11.716 Z-426.382 F2000
G1 B90.0 F1000
G1 X-12.093 Y-11.716 Z-406.23 F2000
G1 B90.0 F1000
G1 X-12.093 Y-11.716 Z-386.078 F2000
G1 B90.0 F1000
G1 X-12.093 Y-11.716 Z-365.925 F2000
G1 B90.0 F1000
G1 X-12.093 Y-11.716 Z-345.773 F2000
G1 B90.0 F1000
G1 X-12.093 Y-11.716 Z-325.621 F2000
G1 B38.328887261853026 F1000
G1 X-12.093 Y-11.716 Z-305.469 F2000
G1 B125.26371954138455 F1000
G1 X-72.55 Y68.893 Z-285.317 F2000
G1 B90.0 F1000
G1 X-52.398 Y48.741 Z-265.164 F2000
G1 B143.30068397768846 F1000
G1 X-52.398 Y48.741 Z-245.012 F2000
G1 B90.0 F1000
G1 X-12.093 Y-11.716 Z-224.86 F2000
G1 B90.0 F1000
G1 X-12.093 Y-11.716 Z-204.708 F2000
G1 B90.0 F1000
G1 X-12.093 Y-11.716 Z-184.556 F2000
G1 B90.0 F1000
G1 X-12.093 Y-11.716 Z-164.403 F2000
G1 B90.0 F1000
G1 X-12.093 Y-11.716 Z-144.251 F2000
G1 X-12.093 Y-11.716 Z-124.099 F2000
G1 X-19.275133243394247 Y-18.674229808947903 Z-124.099 F5000
M01
G1 X-19.275133243394247 Y-18.674229808947903 Z-708.513 F5000
M00
G1 B90.0 F1000
G1 X-12.093 Y-11.716 Z-708.513 F2000
G1 B90.0 F1000
G1 X-12.093 Y-11.716 Z-688.361 F2000
G1 B90.0 F1000
G1 X-12.093 Y-11.716 Z-668.209 F2000
G1 B90.0 F1000
G1 X-12.093 Y-11.716 Z-648.056 F2000
G1 B90.0 F1000
G1 X-12.093 Y-11.716 Z-627.904 F2000
G1 B90.0 F1000
G1 X-12.093 Y-11.716 Z-607.752 F2000
G1 B90.0 F1000
G1 X-12.093 Y-11.716 Z-587.6 F2000
G1 B90.0 F1000
G1 X-12.093 Y-11.716 Z-567.448 F2000
G1 B90.0 F1000
G1 X-12.093 Y-11.716 Z-547.295 F2000
G1 B90.0 F1000
G1 X-12.093 Y-11.716 Z-527.143 F2000
G1 B90.0 F1000
G1 X-12.093 Y-11.716 Z-506.991 F2000
G1 B90.0 F1000
G1 X-12.093 Y-11.716 Z-486.839 F2000
G1 B90.0 F1000
G1 X-12.093 Y-11.716 Z-466.687 F2000
G1 B90.0 F1000
G1 X-12.093 Y-11.716 Z-446.534 F2000
G1 B90.0 F1000
G1 X-12.093 Y-11.716 Z-426.382 F2000
G1 B90.0 F1000
G1 X-12.093 Y-11.716 Z-406.23 F2000
G1 B90.0 F1000
G1 X-12.093 Y-11.716 Z-386.078 F2000
G1 B90.0 F1000
G1 X-12.093 Y-11.716 Z-365.925 F2000
G1 B90.0 F1000
G1 X-12.093 Y-11.716 Z-345.773 F2000
G1 B90.0 F1000
G1 X-12.093 Y-11.716 Z-325.621 F2000
G1 B90.0 F1000
G1 X-12.093 Y-11.716 Z-305.469 F2000
G1 B90.0 F1000
G1 X-12.093 Y-11.716 Z-285.317 F2000
G1 B90.0 F1000
G1 X-12.093 Y-11.716 Z-265.164 F2000
G1 B90.0 F1000
G1 X-12.093 Y-11.716 Z-245.012 F2000
G1 B90.0 F1000
G1 X-12.093 Y-11.716 Z-224.86 F2000
G1 B90.0 F1000
G1 X-12.093 Y-11.716 Z-204.708 F2000
G1 B90.0 F1000
G1 X-12.093 Y-11.716 Z-184.556 F2000
G1 B90.0 F1000
G1 X-12.093 Y-11.716 Z-164.403 F2000
G1 B90.0 F1000
G1 X-12.093 Y-11.716 Z-144.251 F2000
G1 X-12.093 Y-11.716 Z-124.099 F2000
G1 X-19.275133243394247 Y-18.674229808947903 Z-124.099 F5000
M01
G1 X-19.275133243394247 Y-18.674229808947903 Z-708.513 F5000
M00
G1 B90.0 F1000
G1 X-12.093 Y-11.716 Z-708.513 F2000
G1 B90.0 F1000
G1 X-12.093 Y-11.716 Z-688.361 F2000
G1 B63.747462305050426 F1000
G1 X-12.093 Y-11.716 Z-668.209 F2000
G1 B116.25256817897467 F1000
G1 X-133.006 Y48.741 Z-648.056 F2000
G1 B90.0 F1000
G1 X-12.093 Y-11.716 Z-627.904 F2000
G1 B63.61219568509402 F1000
G1 X-12.093 Y-11.716 Z-607.752 F2000
G1 B90.0 F1000
G1 X-173.311 Y68.893 Z-587.6 F2000
G1 B90.0 F1000
G1 X-173.311 Y68.893 Z-567.448 F2000
G1 B54.73561031724528 F1000
G1 X-173.311 Y68.893 Z-547.295 F2000
G1 B90.0 F1000
G1 X-193.463 Y89.045 Z-527.143 F2000
G1 B90.0 F1000
G1 X-213.615 Y89.045 Z-506.991 F2000
G1 B90.0 F1000
G1 X-213.615 Y89.045 Z-486.839 F2000
G1 B90.0 F1000
G1 X-213.615 Y89.045 Z-466.687 F2000
G1 B90.0 F1000
G1 X-213.615 Y89.045 Z-446.534 F2000
G1 B90.0 F1000
G1 X-213.615 Y89.045 Z-426.382 F2000
G1 B90.0 F1000
G1 X-213.615 Y89.045 Z-406.23 F2000
G1 B125.2637195413846 F1000
G1 X-193.463 Y89.045 Z-386.078 F2000
G1 B90.0 F1000
G1 X-173.311 Y68.893 Z-365.925 F2000
G1 B90.0 F1000
G1 X-173.311 Y68.893 Z-345.773 F2000
G1 B90.0 F1000
G1 X-173.311 Y68.893 Z-325.621 F2000
G1 B116.38780431490599 F1000
G1 X-173.311 Y68.893 Z-305.469 F2000
G1 B63.747462305050426 F1000
G1 X-12.093 Y-11.716 Z-285.317 F2000
G1 B90.0 F1000
G1 X-133.006 Y48.741 Z-265.164 F2000
G1 B116.25256817897467 F1000
G1 X-133.006 Y48.741 Z-245.012 F2000
G1 B90.0 F1000
G1 X-12.093 Y-11.716 Z-224.86 F2000
G1 B90.0 F1000
G1 X-12.093 Y-11.716 Z-204.708 F2000
G1 B90.0 F1000
G1 X-12.093 Y-11.716 Z-184.556 F2000
G1 B90.0 F1000
G1 X-12.093 Y-11.716 Z-164.403 F2000
G1 B90.0 F1000
G1 X-12.093 Y-11.716 Z-144.251 F2000
G1 X-12.093 Y-11.716 Z-124.099 F2000
G1 X-19.275133243394247 Y-18.674229808947903 Z-124.099 F5000
M01
G1 X-19.275133243394247 Y-18.674229808947903 Z-708.513 F5000
M00
G1 B90.0 F1000
G1 X-12.093 Y-11.716 Z-708.513 F2000
G1 B90.0 F1000
G1 X-12.093 Y-11.716 Z-688.361 F2000
G1 B90.0 F1000
G1 X-12.093 Y-11.716 Z-668.209 F2000
G1 B90.0 F1000
G1 X-12.093 Y-11.716 Z-648.056 F2000
G1 B77.54555506231542 F1000
G1 X-12.093 Y-11.716 Z-627.904 F2000
G1 B90.0 F1000
G1 X-193.463 Y28.588 Z-607.752 F2000
G1 B90.0 F1000
G1 X-193.463 Y28.588 Z-587.6 F2000
G1 B76.36651806765228 F1000
G1 X-193.463 Y28.588 Z-567.448 F2000
G1 B90.0 F1000
G1 X-274.072 Y48.741 Z-547.295 F2000
G1 B90.0 F1000
G1 X-274.072 Y48.741 Z-527.143 F2000
G1 B90.0 F1000
G1 X-274.072 Y48.741 Z-506.991 F2000
G1 B90.0 F1000
G1 X-274.072 Y48.741 Z-486.839 F2000
G1 B90.0 F1000
G1 X-274.072 Y48.741 Z-466.687 F2000
G1 B90.0 F1000
G1 X-274.072 Y48.741 Z-446.534 F2000
G1 B90.0 F1000
G1 X-274.072 Y48.741 Z-426.382 F2000
G1 B90.0 F1000
G1 X-274.072 Y48.741 Z-406.23 F2000
G1 B103.6334819323477 F1000
G1 X-274.072 Y48.741 Z-386.078 F2000
G1 B90.0 F1000
G1 X-193.463 Y28.588 Z-365.925 F2000
G1 B90.0 F1000
G1 X-193.463 Y28.588 Z-345.773 F2000
G1 B90.0 F1000
G1 X-193.463 Y28.588 Z-325.621 F2000
G1 B102.45444493768458 F1000
G1 X-193.463 Y28.588 Z-305.469 F2000
G1 B90.0 F1000
G1 X-12.093 Y-11.716 Z-285.317 F2000
G1 B90.0 F1000
G1 X-12.093 Y-11.716 Z-265.164 F2000
G1 B90.0 F1000
G1 X-12.093 Y-11.716 Z-245.012 F2000
G1 B90.0 F1000
G1 X-12.093 Y-11.716 Z-224.86 F2000
G1 B90.0 F1000
G1 X-12.093 Y-11.716 Z-204.708 F2000
G1 B90.0 F1000
G1 X-12.093 Y-11.716 Z-184.556 F2000
G1 B90.0 F1000
G1 X-12.093 Y-11.716 Z-164.403 F2000
G1 B90.0 F1000
G1 X-12.093 Y-11.716 Z-144.251 F2000
G1 X-12.093 Y-11.716 Z-124.099 F2000
G1 X-19.275133243394247 Y-18.674229808947903 Z-124.099 F5000
M01
G1 X-19.275133243394247 Y-18.674229808947903 Z-708.513 F5000
M00
G1 B90.0 F1000
G1 X-12.093 Y-11.716 Z-708.513 F2000
G1 B90.0 F1000
G1 X-12.093 Y-11.716 Z-688.361 F2000
G1 B90.0 F1000
G1 X-12.093 Y-11.716 Z-668.209 F2000
G1 B90.0 F1000
G1 X-12.093 Y-11.716 Z-648.056 F2000
G1 B90.0 F1000
G1 X-12.093 Y-11.716 Z-627.904 F2000
G1 B90.0 F1000
G1 X-12.093 Y-11.716 Z-607.752 F2000
G1 B90.0 F1000
G1 X-12.093 Y-11.716 Z-587.6 F2000
G1 B90.0 F1000
G1 X-12.093 Y-11.716 Z-567.448 F2000
G1 B90.0 F1000
G1 X-12.093 Y-11.716 Z-547.295 F2000
G1 B90.0 F1000
G1 X-12.093 Y-11.716 Z-527.143 F2000
G1 B90.0 F1000
G1 X-12.093 Y-11.716 Z-506.991 F2000
G1 B90.0 F1000
G1 X-12.093 Y-11.716 Z-486.839 F2000
G1 B90.0 F1000
G1 X-12.093 Y-11.716 Z-466.687 F2000
G1 B90.0 F1000
G1 X-12.093 Y-11.716 Z-446.534 F2000
G1 B90.0 F1000
G1 X-12.093 Y-11.716 Z-426.382 F2000
G1 B90.0 F1000
G1 X-12.093 Y-11.716 Z-406.23 F2000
G1 B90.0 F1000
G1 X-12.093 Y-11.716 Z-386.078 F2000
G1 B90.0 F1000
G1 X-12.093 Y-11.716 Z-365.925 F2000
G1 B90.0 F1000
G1 X-12.093 Y-11.716 Z-345.773 F2000
G1 B90.0 F1000
G1 X-12.093 Y-11.716 Z-325.621 F2000
G1 B90.0 F1000
G1 X-12.093 Y-11.716 Z-305.469 F2000
G1 B90.0 F1000
G1 X-12.093 Y-11.716 Z-285.317 F2000
G1 B90.0 F1000
G1 X-12.093 Y-11.716 Z-265.164 F2000
G1 B90.0 F1000
G1 X-12.093 Y-11.716 Z-245.012 F2000
G1 B90.0 F1000
G1 X-12.093 Y-11.716 Z-224.86 F2000
G1 B90.0 F1000
G1 X-12.093 Y-11.716 Z-204.708 F2000
G1 B90.0 F1000
G1 X-12.093 Y-11.716 Z-184.556 F2000
G1 B90.0 F1000
G1 X-12.093 Y-11.716 Z-164.403 F2000
G1 B90.0 F1000
G1 X-12.093 Y-11.716 Z-144.251 F2000
G1 X-12.093 Y-11.716 Z-124.099 F2000
G1 X-19.275133243394247 Y-18.674229808947903 Z-124.099 F5000
M01
G1 X-19.275133243394247 Y-18.674229808947903 Z-708.513 F5000
M00
G1 B90.0 F1000
G1 X-12.093 Y-11.716 Z-708.513 F2000
G1 B90.0 F1000
G1 X-12.093 Y-11.716 Z-688.361 F2000
G1 B90.0 F1000
G1 X-12.093 Y-11.716 Z-668.209 F2000
G1 B90.0 F1000
G1 X-12.093 Y-11.716 Z-648.056 F2000
G1 B90.0 F1000
G1 X-12.093 Y-11.716 Z-627.904 F2000
G1 B90.0 F1000
G1 X-12.093 Y-11.716 Z-607.752 F2000
G1 B90.0 F1000
G1 X-12.093 Y-11.716 Z-587.6 F2000
G1 B90.0 F1000
G1 X-12.093 Y-11.716 Z-567.448 F2000
G1 B110.41052653552332 F1000
G1 X-12.093 Y-11.716 Z-547.295 F2000
G1 B90.0 F1000
G1 X-173.311 Y-72.173 Z-527.143 F2000
G1 B90.0 F1000
G1 X-173.311 Y-72.173 Z-506.991 F2000
G1 B71.67014964880025 F1000
G1 X-193.463 Y-72.173 Z-486.839 F2000
G1 B90.0 F1000
G1 X-12.093 Y-11.716 Z-466.687 F2000
G1 B90.0 F1000
G1 X-12.093 Y-11.716 Z-446.534 F2000
G1 B110.41052653552332 F1000
G1 X-12.093 Y-11.716 Z-426.382 F2000
G1 B69.5894734644767 F1000
G1 X-173.311 Y-72.173 Z-406.23 F2000
G1 B90.0 F1000
G1 X-12.093 Y-11.716 Z-386.078 F2000
G1 B90.0 F1000
G1 X-12.093 Y-11.716 Z-365.925 F2000
G1 B90.0 F1000
G1 X-12.093 Y-11.716 Z-345.773 F2000
G1 B90.0 F1000
G1 X-12.093 Y-11.716 Z-325.621 F2000
G1 B90.0 F1000
G1 X-12.093 Y-11.716 Z-305.469 F2000
G1 B90.0 F1000
G1 X-12.093 Y-11.716 Z-285.317 F2000
G1 B90.0 F1000
G1 X-12.093 Y-11.716 Z-265.164 F2000
G1 B90.0 F1000
G1 X-12.093 Y-11.716 Z-245.012 F2000
G1 B90.0 F1000
G1 X-12.093 Y-11.716 Z-224.86 F2000
G1 B90.0 F1000
G1 X-12.093 Y-11.716 Z-204.708 F2000
G1 B90.0 F1000
G1 X-12.093 Y-11.716 Z-184.556 F2000
G1 B90.0 F1000
G1 X-12.093 Y-11.716 Z-164.403 F2000
G1 B90.0 F1000
G1 X-12.093 Y-11.716 Z-144.251 F2000
G1 X-12.093 Y-11.716 Z-124.099 F2000
G1 X-19.275133243394247 Y-18.674229808947903 Z-124.099 F5000
M01
G1 X-19.275133243394247 Y-18.674229808947903 Z-708.513 F5000
M00
G1 B90.0 F1000
G1 X-12.093 Y-11.716 Z-708.513 F2000
G1 B90.0 F1000
G1 X-12.093 Y-11.716 Z-688.361 F2000
G1 B90.0 F1000
G1 X-12.093 Y-11.716 Z-668.209 F2000
G1 B90.0 F1000
G1 X-12.093 Y-11.716 Z-648.056 F2000
G1 B90.0 F1000
G1 X-12.093 Y-11.716 Z-627.904 F2000
G1 B90.0 F1000
G1 X-12.093 Y-11.716 Z-607.752 F2000
G1 B90.0 F1000
G1 X-12.093 Y-11.716 Z-587.6 F2000
G1 B90.0 F1000
G1 X-12.093 Y-11.716 Z-567.448 F2000
G1 B90.0 F1000
G1 X-12.093 Y-11.716 Z-547.295 F2000
G1 B90.0 F1000
G1 X-12.093 Y-11.716 Z-527.143 F2000
G1 B90.0 F1000
G1 X-12.093 Y-11.716 Z-506.991 F2000
G1 B90.0 F1000
G1 X-12.093 Y-11.716 Z-486.839 F2000
G1 B90.0 F1000
G1 X-12.093 Y-11.716 Z-466.687 F2000
G1 B90.0 F1000
G1 X-12.093 Y-11.716 Z-446.534 F2000
G1 B90.0 F1000
G1 X-12.093 Y-11.716 Z-426.382 F2000
G1 B90.0 F1000
G1 X-12.093 Y-11.716 Z-406.23 F2000
G1 B90.0 F1000
G1 X-12.093 Y-11.716 Z-386.078 F2000
G1 B90.0 F1000
G1 X-12.093 Y-11.716 Z-365.925 F2000
G1 B90.0 F1000
G1 X-12.093 Y-11.716 Z-345.773 F2000
G1 B90.0 F1000
G1 X-12.093 Y-11.716 Z-325.621 F2000
G1 B90.0 F1000
G1 X-12.093 Y-11.716 Z-305.469 F2000
G1 B90.0 F1000
G1 X-12.093 Y-11.716 Z-285.317 F2000
G1 B90.0 F1000
G1 X-12.093 Y-11.716 Z-265.164 F2000
G1 B90.0 F1000
G1 X-12.093 Y-11.716 Z-245.012 F2000
G1 B90.0 F1000
G1 X-12.093 Y-11.716 Z-224.86 F2000
G1 B90.0 F1000
G1 X-12.093 Y-11.716 Z-204.708 F2000
G1 B90.0 F1000
G1 X-12.093 Y-11.716 Z-184.556 F2000
G1 B90.0 F1000
G1 X-12.093 Y-11.716 Z-164.403 F2000
G1 B90.0 F1000
G1 X-12.093 Y-11.716 Z-144.251 F2000
G1 X-12.093 Y-11.716 Z-124.099 F2000
G1 X-19.275133243394247 Y-18.674229808947903 Z-124.099 F5000
M01
G1 X-19.275133243394247 Y-18.674229808947903 Z-708.513 F5000
M00
G1 B90.0 F1000
G1 X-12.093 Y-11.716 Z-708.513 F2000
G1 B90.0 F1000
G1 X-12.093 Y-11.716 Z-688.361 F2000
G1 B90.0 F1000
G1 X-12.093 Y-11.716 Z-668.209 F2000
G1 B90.0 F1000
G1 X-12.093 Y-11.716 Z-648.056 F2000
G1 B90.0 F1000
G1 X-12.093 Y-11.716 Z-627.904 F2000
G1 B90.0 F1000
G1 X-12.093 Y-11.716 Z-607.752 F2000
G1 B90.0 F1000
G1 X-12.093 Y-11.716 Z-587.6 F2000
G1 B90.0 F1000
G1 X-12.093 Y-11.716 Z-567.448 F2000
G1 B90.0 F1000
G1 X-12.093 Y-11.716 Z-547.295 F2000
G1 B90.0 F1000
G1 X-12.093 Y-11.716 Z-527.143 F2000
G1 B90.0 F1000
G1 X-12.093 Y-11.716 Z-506.991 F2000
G1 B90.0 F1000
G1 X-12.093 Y-11.716 Z-486.839 F2000
G1 B90.0 F1000
G1 X-12.093 Y-11.716 Z-466.687 F2000
G1 B90.0 F1000
G1 X-12.093 Y-11.716 Z-446.534 F2000
G1 B90.0 F1000
G1 X-12.093 Y-11.716 Z-426.382 F2000
G1 B90.0 F1000
G1 X-12.093 Y-11.716 Z-406.23 F2000
G1 B90.0 F1000
G1 X-12.093 Y-11.716 Z-386.078 F2000
G1 B90.0 F1000
G1 X-12.093 Y-11.716 Z-365.925 F2000
G1 B90.0 F1000
G1 X-12.093 Y-11.716 Z-345.773 F2000
G1 B90.0 F1000
G1 X-12.093 Y-11.716 Z-325.621 F2000
G1 B90.0 F1000
G1 X-12.093 Y-11.716 Z-305.469 F2000
G1 B90.0 F1000
G1 X-12.093 Y-11.716 Z-285.317 F2000
G1 B90.0 F1000
G1 X-12.093 Y-11.716 Z-265.164 F2000
G1 B90.0 F1000
G1 X-12.093 Y-11.716 Z-245.012 F2000
G1 B90.0 F1000
G1 X-12.093 Y-11.716 Z-224.86 F2000
G1 B90.0 F1000
G1 X-12.093 Y-11.716 Z-204.708 F2000
G1 B90.0 F1000
G1 X-12.093 Y-11.716 Z-184.556 F2000
G1 B90.0 F1000
G1 X-12.093 Y-11.716 Z-164.403 F2000
G1 B90.0 F1000
G1 X-12.093 Y-11.716 Z-144.251 F2000
G1 X-12.093 Y-11.716 Z-124.099 F2000
G1 X-19.275133243394247 Y-18.674229808947903 Z-124.099 F5000
M01
G1 X-19.275133243394247 Y-18.674229808947903 Z-708.513 F5000
M00
G1 B90.0 F1000
G1 X-12.093 Y-11.716 Z-708.513 F2000
G1 B90.0 F1000
G1 X-12.093 Y-11.716 Z-688.361 F2000
G1 B90.0 F1000
G1 X-12.093 Y-11.716 Z-668.209 F2000
G1 B90.0 F1000
G1 X-12.093 Y-11.716 Z-648.056 F2000
G1 B90.0 F1000
G1 X-12.093 Y-11.716 Z-627.904 F2000
G1 B90.0 F1000
G1 X-12.093 Y-11.716 Z-607.752 F2000
G1 B90.0 F1000
G1 X-12.093 Y-11.716 Z-587.6 F2000
G1 B90.0 F1000
G1 X-12.093 Y-11.716 Z-567.448 F2000
G1 B90.0 F1000
G1 X-12.093 Y-11.716 Z-547.295 F2000
G1 B90.0 F1000
G1 X-12.093 Y-11.716 Z-527.143 F2000
G1 B90.0 F1000
G1 X-12.093 Y-11.716 Z-506.991 F2000
G1 B90.0 F1000
G1 X-12.093 Y-11.716 Z-486.839 F2000
G1 B90.0 F1000
G1 X-12.093 Y-11.716 Z-466.687 F2000
G1 B90.0 F1000
G1 X-12.093 Y-11.716 Z-446.534 F2000
G1 B90.0 F1000
G1 X-12.093 Y-11.716 Z-426.382 F2000
G1 B90.0 F1000
G1 X-12.093 Y-11.716 Z-406.23 F2000
G1 B90.0 F1000
G1 X-12.093 Y-11.716 Z-386.078 F2000
G1 B90.0 F1000
G1 X-12.093 Y-11.716 Z-365.925 F2000
G1 B90.0 F1000
G1 X-12.093 Y-11.716 Z-345.773 F2000
G1 B90.0 F1000
G1 X-12.093 Y-11.716 Z-325.621 F2000
G1 B90.0 F1000
G1 X-12.093 Y-11.716 Z-305.469 F2000
G1 B90.0 F1000
G1 X-12.093 Y-11.716 Z-285.317 F2000
G1 B90.0 F1000
G1 X-12.093 Y-11.716 Z-265.164 F2000
G1 B90.0 F1000
G1 X-12.093 Y-11.716 Z-245.012 F2000
G1 B90.0 F1000
G1 X-12.093 Y-11.716 Z-224.86 F2000
G1 B90.0 F1000
G1 X-12.093 Y-11.716 Z-204.708 F2000
G1 B90.0 F1000
G1 X-12.093 Y-11.716 Z-184.556 F2000
G1 B90.0 F1000
G1 X-12.093 Y-11.716 Z-164.403 F2000
G1 B90.0 F1000
G1 X-12.093 Y-11.716 Z-144.251 F2000
G1 X-12.093 Y-11.716 Z-124.099 F2000
G1 X-19.275133243394247 Y-18.674229808947903 Z-124.099 F5000
M01
G1 X-19.275133243394247 Y-18.674229808947903 Z-708.513 F5000
M00
G1 B90.0 F1000
G1 X-12.093 Y-11.716 Z-708.513 F2000
G1 B90.0 F1000
G1 X-12.093 Y-11.716 Z-688.361 F2000
G1 B90.0 F1000
G1 X-12.093 Y-11.716 Z-668.209 F2000
G1 B90.0 F1000
G1 X-12.093 Y-11.716 Z-648.056 F2000
G1 B90.0 F1000
G1 X-12.093 Y-11.716 Z-627.904 F2000
G1 B162.45151765115176 F1000
G1 X-12.093 Y-11.716 Z-607.752 F2000
G1 B90.0 F1000
G1 X-72.55 Y-213.238 Z-587.6 F2000
G1 B134.99857844487028 F1000
G1 X-72.55 Y-213.238 Z-567.448 F2000
G1 B90.0 F1000
G1 X-72.55 Y-233.39 Z-547.295 F2000
G1 B90.0 F1000
G1 X-72.55 Y-233.39 Z-527.143 F2000
G1 B90.0 F1000
G1 X-72.55 Y-233.39 Z-506.991 F2000
G1 B90.0 F1000
G1 X-72.55 Y-233.39 Z-486.839 F2000
G1 B90.0 F1000
G1 X-72.55 Y-233.39 Z-466.687 F2000
G1 B90.0 F1000
G1 X-72.55 Y-233.39 Z-446.534 F2000
G1 B90.0 F1000
G1 X-72.55 Y-233.39 Z-426.382 F2000
G1 B90.0 F1000
G1 X-72.55 Y-233.39 Z-406.23 F2000
G1 B90.0 F1000
G1 X-72.55 Y-233.39 Z-386.078 F2000
G1 B45.0 F1000
G1 X-72.55 Y-233.39 Z-365.925 F2000
G1 B90.0 F1000
G1 X-72.55 Y-213.238 Z-345.773 F2000
G1 B17.54848234884825 F1000
G1 X-72.55 Y-213.238 Z-325.621 F2000
G1 B90.0 F1000
G1 X-12.093 Y-11.716 Z-305.469 F2000
G1 B90.0 F1000
G1 X-12.093 Y-11.716 Z-285.317 F2000
G1 B90.0 F1000
G1 X-12.093 Y-11.716 Z-265.164 F2000
G1 B90.0 F1000
G1 X-12.093 Y-11.716 Z-245.012 F2000
G1 B90.0 F1000
G1 X-12.093 Y-11.716 Z-224.86 F2000
G1 B90.0 F1000
G1 X-12.093 Y-11.716 Z-204.708 F2000
G1 B90.0 F1000
G1 X-12.093 Y-11.716 Z-184.556 F2000
G1 B90.0 F1000
G1 X-12.093 Y-11.716 Z-164.403 F2000
G1 B90.0 F1000
G1 X-12.093 Y-11.716 Z-144.251 F2000
G1 X-12.093 Y-11.716 Z-124.099 F2000
G1 X-19.275133243394247 Y-18.674229808947903 Z-124.099 F5000
M01
G1 X-19.275133243394247 Y-18.674229808947903 Z-708.513 F5000
M00
G1 B90.0 F1000
G1 X-12.093 Y-11.716 Z-708.513 F2000
G1 B90.0 F1000
G1 X-12.093 Y-11.716 Z-688.361 F2000
G1 B90.0 F1000
G1 X-12.093 Y-11.716 Z-668.209 F2000
G1 B90.0 F1000
G1 X-12.093 Y-11.716 Z-648.056 F2000
G1 B90.0 F1000
G1 X-12.093 Y-11.716 Z-627.904 F2000
G1 B90.0 F1000
G1 X-12.093 Y-11.716 Z-607.752 F2000
G1 B90.0 F1000
G1 X-12.093 Y-11.716 Z-587.6 F2000
G1 B90.0 F1000
G1 X-12.093 Y-11.716 Z-567.448 F2000
G1 B90.0 F1000
G1 X-12.093 Y-11.716 Z-547.295 F2000
G1 B90.0 F1000
G1 X-12.093 Y-11.716 Z-527.143 F2000
G1 B90.0 F1000
G1 X-12.093 Y-11.716 Z-506.991 F2000
G1 B90.0 F1000
G1 X-12.093 Y-11.716 Z-486.839 F2000
G1 B90.0 F1000
G1 X-12.093 Y-11.716 Z-466.687 F2000
G1 B90.0 F1000
G1 X-12.093 Y-11.716 Z-446.534 F2000
G1 B90.0 F1000
G1 X-12.093 Y-11.716 Z-426.382 F2000
G1 B90.0 F1000
G1 X-12.093 Y-11.716 Z-406.23 F2000
G1 B90.0 F1000
G1 X-12.093 Y-11.716 Z-386.078 F2000
G1 B90.0 F1000
G1 X-12.093 Y-11.716 Z-365.925 F2000
G1 B90.0 F1000
G1 X-12.093 Y-11.716 Z-345.773 F2000
G1 B90.0 F1000
G1 X-12.093 Y-11.716 Z-325.621 F2000
G1 B90.0 F1000
G1 X-12.093 Y-11.716 Z-305.469 F2000
G1 B90.0 F1000
G1 X-12.093 Y-11.716 Z-285.317 F2000
G1 B90.0 F1000
G1 X-12.093 Y-11.716 Z-265.164 F2000
G1 B90.0 F1000
G1 X-12.093 Y-11.716 Z-245.012 F2000
G1 B90.0 F1000
G1 X-12.093 Y-11.716 Z-224.86 F2000
G1 B90.0 F1000
G1 X-12.093 Y-11.716 Z-204.708 F2000
G1 B90.0 F1000
G1 X-12.093 Y-11.716 Z-184.556 F2000
G1 B90.0 F1000
G1 X-12.093 Y-11.716 Z-164.403 F2000
G1 B90.0 F1000
G1 X-12.093 Y-11.716 Z-144.251 F2000
G1 X-12.093 Y-11.716 Z-124.099 F2000
G1 X-19.275133243394247 Y-18.674229808947903 Z-124.099 F5000
M01
G1 X-19.275133243394247 Y-18.674229808947903 Z-708.513 F5000
M00
G1 B90.0 F1000
G1 X-12.093 Y-11.716 Z-708.513 F2000
G1 B90.0 F1000
G1 X-12.093 Y-11.716 Z-688.361 F2000
G1 B90.0 F1000
G1 X-12.093 Y-11.716 Z-668.209 F2000
G1 B168.5096410088155 F1000
G1 X-12.093 Y-11.716 Z-648.056 F2000
G1 B90.0 F1000
G1 X28.211 Y-233.39 Z-627.904 F2000
G1 B90.0 F1000
G1 X28.211 Y-233.39 Z-607.752 F2000
G1 B90.0 F1000
G1 X28.211 Y-233.39 Z-587.6 F2000
G1 B90.0 F1000
G1 X28.211 Y-233.39 Z-567.448 F2000
G1 B90.0 F1000
G1 X28.211 Y-233.39 Z-547.295 F2000
G1 B154.76041540923313 F1000
G1 X28.211 Y-233.39 Z-527.143 F2000
G1 B90.0 F1000
G1 X48.364 Y-293.847 Z-506.991 F2000
G1 B90.0 F1000
G1 X48.364 Y-293.847 Z-486.839 F2000
G1 B90.0 F1000
G1 X48.364 Y-293.847 Z-466.687 F2000
G1 B90.0 F1000
G1 X48.364 Y-293.847 Z-446.534 F2000
G1 B12.72825269951831 F1000
G1 X48.364 Y-293.847 Z-426.382 F2000
G1 B168.5096410088155 F1000
G1 X-12.093 Y-11.716 Z-406.23 F2000
G1 B90.0 F1000
G1 X28.211 Y-233.39 Z-386.078 F2000
G1 B90.0 F1000
G1 X28.211 Y-233.39 Z-365.925 F2000
G1 B90.0 F1000
G1 X28.211 Y-233.39 Z-345.773 F2000
G1 B90.0 F1000
G1 X28.211 Y-233.39 Z-325.621 F2000
G1 B90.0 F1000
G1 X28.211 Y-233.39 Z-305.469 F2000
G1 B90.0 F1000
G1 X28.211 Y-233.39 Z-285.317 F2000
G1 B11.490358991184511 F1000
G1 X28.211 Y-233.39 Z-265.164 F2000
G1 B90.0 F1000
G1 X-12.093 Y-11.716 Z-245.012 F2000
G1 B90.0 F1000
G1 X-12.093 Y-11.716 Z-224.86 F2000
G1 B90.0 F1000
G1 X-12.093 Y-11.716 Z-204.708 F2000
G1 B90.0 F1000
G1 X-12.093 Y-11.716 Z-184.556 F2000
G1 B90.0 F1000
G1 X-12.093 Y-11.716 Z-164.403 F2000
G1 B90.0 F1000
G1 X-12.093 Y-11.716 Z-144.251 F2000
G1 X-12.093 Y-11.716 Z-124.099 F2000
G1 X-19.275133243394247 Y-18.674229808947903 Z-124.099 F5000
M01
G1 X-19.275133243394247 Y-18.674229808947903 Z-708.513 F5000
M00
G1 B90.0 F1000
G1 X-12.093 Y-11.716 Z-708.513 F2000
G1 B90.0 F1000
G1 X-12.093 Y-11.716 Z-688.361 F2000
G1 B90.0 F1000
G1 X-12.093 Y-11.716 Z-668.209 F2000
G1 B90.0 F1000
G1 X-12.093 Y-11.716 Z-648.056 F2000
G1 B90.0 F1000
G1 X-12.093 Y-11.716 Z-627.904 F2000
G1 B90.0 F1000
G1 X-12.093 Y-11.716 Z-607.752 F2000
G1 B90.0 F1000
G1 X-12.093 Y-11.716 Z-587.6 F2000
G1 B90.0 F1000
G1 X-12.093 Y-11.716 Z-567.448 F2000
G1 B90.0 F1000
G1 X-12.093 Y-11.716 Z-547.295 F2000
G1 B90.0 F1000
G1 X-12.093 Y-11.716 Z-527.143 F2000
G1 B90.0 F1000
G1 X-12.093 Y-11.716 Z-506.991 F2000
G1 B90.0 F1000
G1 X-12.093 Y-11.716 Z-486.839 F2000
G1 B90.0 F1000
G1 X-12.093 Y-11.716 Z-466.687 F2000
G1 B90.0 F1000
G1 X-12.093 Y-11.716 Z-446.534 F2000
G1 B90.0 F1000
G1 X-12.093 Y-11.716 Z-426.382 F2000
G1 B90.0 F1000
G1 X-12.093 Y-11.716 Z-406.23 F2000
G1 B90.0 F1000
G1 X-12.093 Y-11.716 Z-386.078 F2000
G1 B90.0 F1000
G1 X-12.093 Y-11.716 Z-365.925 F2000
G1 B90.0 F1000
G1 X-12.093 Y-11.716 Z-345.773 F2000
G1 B90.0 F1000
G1 X-12.093 Y-11.716 Z-325.621 F2000
G1 B90.0 F1000
G1 X-12.093 Y-11.716 Z-305.469 F2000
G1 B90.0 F1000
G1 X-12.093 Y-11.716 Z-285.317 F2000
G1 B154.76096370754237 F1000
G1 X-12.093 Y-11.716 Z-265.164 F2000
G1 B25.239036292457637 F1000
G1 X8.059 Y-72.173 Z-245.012 F2000
G1 B90.0 F1000
G1 X-12.093 Y-11.716 Z-224.86 F2000
G1 B90.0 F1000
G1 X-12.093 Y-11.716 Z-204.708 F2000
G1 B90.0 F1000
G1 X-12.093 Y-11.716 Z-184.556 F2000
G1 B90.0 F1000
G1 X-12.093 Y-11.716 Z-164.403 F2000
G1 B90.0 F1000
G1 X-12.093 Y-11.716 Z-144.251 F2000
G1 X-12.093 Y-11.716 Z-124.099 F2000
G1 X-19.275133243394247 Y-18.674229808947903 Z-124.099 F5000
M01
G1 X-19.275133243394247 Y-18.674229808947903 Z-708.513 F5000
M00
G1 B90.0 F1000
G1 X-12.093 Y-11.716 Z-708.513 F2000
G1 B90.0 F1000
G1 X-12.093 Y-11.716 Z-688.361 F2000
G1 B131.8107387195293 F1000
G1 X-12.093 Y-11.716 Z-668.209 F2000
G1 B133.49109346205458 F1000
G1 X28.211 Y-52.021 Z-648.056 F2000
G1 B133.49156666466737 F1000
G1 X88.668 Y-112.477 Z-627.904 F2000
G1 B90.0 F1000
G1 X149.125 Y-172.934 Z-607.752 F2000
G1 B90.0 F1000
G1 X149.125 Y-172.934 Z-587.6 F2000
G1 B90.0 F1000
G1 X149.125 Y-172.934 Z-567.448 F2000
G1 B125.26438968275474 F1000
G1 X149.125 Y-172.934 Z-547.295 F2000
G1 B90.0 F1000
G1 X169.277 Y-193.086 Z-527.143 F2000
G1 B90.0 F1000
G1 X169.277 Y-193.086 Z-506.991 F2000
G1 B90.0 F1000
G1 X169.277 Y-193.086 Z-486.839 F2000
G1 B90.0 F1000
G1 X169.277 Y-193.086 Z-466.687 F2000
G1 B90.0 F1000
G1 X169.277 Y-193.086 Z-446.534 F2000
G1 B90.0 F1000
G1 X169.277 Y-193.086 Z-426.382 F2000
G1 B90.0 F1000
G1 X169.277 Y-193.086 Z-406.23 F2000
G1 B54.7362804586154 F1000
G1 X169.277 Y-193.086 Z-386.078 F2000
G1 B90.0 F1000
G1 X149.125 Y-172.934 Z-365.925 F2000
G1 B90.0 F1000
G1 X149.125 Y-172.934 Z-345.773 F2000
G1 B90.0 F1000
G1 X149.125 Y-172.934 Z-325.621 F2000
G1 B46.50843333533262 F1000
G1 X149.125 Y-172.934 Z-305.469 F2000
G1 B45.56180306205055 F1000
G1 X88.668 Y-112.477 Z-285.317 F2000
G1 B131.81102128193845 F1000
G1 X-12.093 Y-11.716 Z-265.164 F2000
G1 B48.18897871806156 F1000
G1 X28.211 Y-52.021 Z-245.012 F2000
G1 B90.0 F1000
G1 X-12.093 Y-11.716 Z-224.86 F2000
G1 B90.0 F1000
G1 X-12.093 Y-11.716 Z-204.708 F2000
G1 B90.0 F1000
G1 X-12.093 Y-11.716 Z-184.556 F2000
G1 B90.0 F1000
G1 X-12.093 Y-11.716 Z-164.403 F2000
G1 B90.0 F1000
G1 X-12.093 Y-11.716 Z-144.251 F2000
G1 X-12.093 Y-11.716 Z-124.099 F2000
G1 X-19.275133243394247 Y-18.674229808947903 Z-124.099 F5000
M01
G1 X-19.275133243394247 Y-18.674229808947903 Z-708.513 F5000
M00
G1 B90.0 F1000
G1 X-12.093 Y-11.716 Z-708.513 F2000
G1 B90.0 F1000
G1 X-12.093 Y-11.716 Z-688.361 F2000
G1 B126.03994647249755 F1000
G1 X-12.093 Y-11.716 Z-668.209 F2000
G1 B114.0948425521107 F1000
G1 X68.516 Y-72.173 Z-648.056 F2000
G1 B90.0 F1000
G1 X108.82 Y-92.325 Z-627.904 F2000
G1 B125.26438968275471 F1000
G1 X108.82 Y-92.325 Z-607.752 F2000
G1 B54.73552990060013 F1000
G1 X128.972 Y-112.477 Z-587.6 F2000
G1 B121.8060216526874 F1000
G1 X-12.093 Y-11.716 Z-567.448 F2000
G1 B125.26438968275471 F1000
G1 X149.125 Y-112.477 Z-547.295 F2000
G1 B90.0 F1000
G1 X169.277 Y-132.629 Z-527.143 F2000
G1 B56.472045958917654 F1000
G1 X169.277 Y-132.629 Z-506.991 F2000
G1 B90.0 F1000
G1 X-12.093 Y-11.716 Z-486.839 F2000
G1 B90.0 F1000
G1 X-12.093 Y-11.716 Z-466.687 F2000
G1 B90.0 F1000
G1 X-12.093 Y-11.716 Z-446.534 F2000
G1 B90.0 F1000
G1 X-12.093 Y-11.716 Z-426.382 F2000
G1 B123.52795404108234 F1000
G1 X-12.093 Y-11.716 Z-406.23 F2000
G1 B54.73628045861543 F1000
G1 X169.277 Y-132.629 Z-386.078 F2000
G1 B58.193958755500226 F1000
G1 X149.125 Y-112.477 Z-365.925 F2000
G1 B90.0 F1000
G1 X-12.093 Y-11.716 Z-345.773 F2000
G1 B90.0 F1000
G1 X-12.093 Y-11.716 Z-325.621 F2000
G1 B123.3288724456116 F1000
G1 X-12.093 Y-11.716 Z-305.469 F2000
G1 B65.90536936852774 F1000
G1 X108.82 Y-92.325 Z-285.317 F2000
G1 B90.0 F1000
G1 X68.516 Y-72.173 Z-265.164 F2000
G1 B53.959973961462225 F1000
G1 X68.516 Y-72.173 Z-245.012 F2000
G1 B90.0 F1000
G1 X-12.093 Y-11.716 Z-224.86 F2000
G1 B90.0 F1000
G1 X-12.093 Y-11.716 Z-204.708 F2000
G1 B90.0 F1000
G1 X-12.093 Y-11.716 Z-184.556 F2000
G1 B90.0 F1000
G1 X-12.093 Y-11.716 Z-164.403 F2000
G1 B90.0 F1000
G1 X-12.093 Y-11.716 Z-144.251 F2000
G1 X-12.093 Y-11.716 Z-124.099 F2000
G1 X-19.275133243394247 Y-18.674229808947903 Z-124.099 F5000
M01
G1 X-19.275133243394247 Y-18.674229808947903 Z-708.513 F5000
M00
G1 B90.0 F1000
G1 X-12.093 Y-11.716 Z-708.513 F2000
G1 B90.0 F1000
G1 X-12.093 Y-11.716 Z-688.361 F2000
G1 B108.32984000024699 F1000
G1 X-12.093 Y-11.716 Z-668.209 F2000
G1 B90.0 F1000
G1 X169.277 Y-72.173 Z-648.056 F2000
G1 B90.0 F1000
G1 X169.277 Y-72.173 Z-627.904 F2000
G1 B90.0 F1000
G1 X169.277 Y-72.173 Z-607.752 F2000
G1 B101.09570002598588 F1000
G1 X169.277 Y-72.173 Z-587.6 F2000
G1 B90.0 F1000
G1 X270.038 Y-92.325 Z-567.448 F2000
G1 B90.0 F1000
G1 X270.038 Y-92.325 Z-547.295 F2000
G1 B90.0 F1000
G1 X270.038 Y-92.325 Z-527.143 F2000
G1 B90.0 F1000
G1 X270.038 Y-92.325 Z-506.991 F2000
G1 B90.0 F1000
G1 X270.038 Y-92.325 Z-486.839 F2000
G1 B90.0 F1000
G1 X270.038 Y-92.325 Z-466.687 F2000
G1 B90.0 F1000
G1 X270.038 Y-92.325 Z-446.534 F2000
G1 B90.0 F1000
G1 X270.038 Y-92.325 Z-426.382 F2000
G1 B90.0 F1000
G1 X270.038 Y-92.325 Z-406.23 F2000
G1 B90.0 F1000
G1 X270.038 Y-92.325 Z-386.078 F2000
G1 B78.90429997401412 F1000
G1 X270.038 Y-92.325 Z-365.925 F2000
G1 B90.0 F1000
G1 X169.277 Y-72.173 Z-345.773 F2000
G1 B90.0 F1000
G1 X169.277 Y-72.173 Z-325.621 F2000
G1 B90.0 F1000
G1 X169.277 Y-72.173 Z-305.469 F2000
G1 B90.0 F1000
G1 X169.277 Y-72.173 Z-285.317 F2000
G1 B90.0 F1000
G1 X169.277 Y-72.173 Z-265.164 F2000
G1 B71.67014964880025 F1000
G1 X169.277 Y-72.173 Z-245.012 F2000
G1 B90.0 F1000
G1 X-12.093 Y-11.716 Z-224.86 F2000
G1 B90.0 F1000
G1 X-12.093 Y-11.716 Z-204.708 F2000
G1 B90.0 F1000
G1 X-12.093 Y-11.716 Z-184.556 F2000
G1 B90.0 F1000
G1 X-12.093 Y-11.716 Z-164.403 F2000
G1 B90.0 F1000
G1 X-12.093 Y-11.716 Z-144.251 F2000
G1 X-12.093 Y-11.716 Z-124.099 F2000
G1 X-19.275133243394247 Y-18.674229808947903 Z-124.099 F5000
M01
G1 X-19.275133243394247 Y-18.674229808947903 Z-708.513 F5000
M00
G1 B90.0 F1000
G1 X-12.093 Y-11.716 Z-708.513 F2000
G1 B90.0 F1000
G1 X-12.093 Y-11.716 Z-688.361 F2000
G1 B90.0 F1000
G1 X-12.093 Y-11.716 Z-668.209 F2000
G1 B90.0 F1000
G1 X-12.093 Y-11.716 Z-648.056 F2000
G1 B90.0 F1000
G1 X-12.093 Y-11.716 Z-627.904 F2000
G1 B90.0 F1000
G1 X-12.093 Y-11.716 Z-607.752 F2000
G1 B90.0 F1000
G1 X-12.093 Y-11.716 Z-587.6 F2000
G1 B90.0 F1000
G1 X-12.093 Y-11.716 Z-567.448 F2000
G1 B90.0 F1000
G1 X-12.093 Y-11.716 Z-547.295 F2000
G1 B90.0 F1000
G1 X-12.093 Y-11.716 Z-527.143 F2000
G1 B90.0 F1000
G1 X-12.093 Y-11.716 Z-506.991 F2000
G1 B90.0 F1000
G1 X-12.093 Y-11.716 Z-486.839 F2000
G1 B90.0 F1000
G1 X-12.093 Y-11.716 Z-466.687 F2000
G1 B90.0 F1000
G1 X-12.093 Y-11.716 Z-446.534 F2000
G1 B90.0 F1000
G1 X-12.093 Y-11.716 Z-426.382 F2000
G1 B90.0 F1000
G1 X-12.093 Y-11.716 Z-406.23 F2000
G1 B90.0 F1000
G1 X-12.093 Y-11.716 Z-386.078 F2000
G1 B90.0 F1000
G1 X-12.093 Y-11.716 Z-365.925 F2000
G1 B90.0 F1000
G1 X-12.093 Y-11.716 Z-345.773 F2000
G1 B90.0 F1000
G1 X-12.093 Y-11.716 Z-325.621 F2000
G1 B90.0 F1000
G1 X-12.093 Y-11.716 Z-305.469 F2000
G1 B90.0 F1000
G1 X-12.093 Y-11.716 Z-285.317 F2000
G1 B90.0 F1000
G1 X-12.093 Y-11.716 Z-265.164 F2000
G1 B90.0 F1000
G1 X-12.093 Y-11.716 Z-245.012 F2000
G1 B90.0 F1000
G1 X-12.093 Y-11.716 Z-224.86 F2000
G1 B90.0 F1000
G1 X-12.093 Y-11.716 Z-204.708 F2000
G1 B90.0 F1000
G1 X-12.093 Y-11.716 Z-184.556 F2000
G1 B90.0 F1000
G1 X-12.093 Y-11.716 Z-164.403 F2000
G1 B90.0 F1000
G1 X-12.093 Y-11.716 Z-144.251 F2000
G1 X-12.093 Y-11.716 Z-124.099 F2000
G1 X-19.275133243394247 Y-18.674229808947903 Z-124.099 F5000
M01
G1 X-19.275133243394247 Y-18.674229808947903 Z-708.513 F5000
M00
G1 B90.0 F1000
G1 X-12.093 Y-11.716 Z-708.513 F2000
G1 B74.20693519571712 F1000
G1 X-12.093 Y-11.716 Z-688.361 F2000
G1 B90.0 F1000
G1 X128.972 Y28.588 Z-668.209 F2000
G1 B105.79306480428288 F1000
G1 X128.972 Y28.588 Z-648.056 F2000
G1 B90.0 F1000
G1 X-12.093 Y-11.716 Z-627.904 F2000
G1 B74.80451871751026 F1000
G1 X-12.093 Y-11.716 Z-607.752 F2000
G1 B90.0 F1000
G1 X209.581 Y48.741 Z-587.6 F2000
G1 B90.0 F1000
G1 X209.581 Y48.741 Z-567.448 F2000
G1 B90.0 F1000
G1 X209.581 Y48.741 Z-547.295 F2000
G1 B90.0 F1000
G1 X209.581 Y48.741 Z-527.143 F2000
G1 B90.0 F1000
G1 X209.581 Y48.741 Z-506.991 F2000
G1 B90.0 F1000
G1 X209.581 Y48.741 Z-486.839 F2000
G1 B90.0 F1000
G1 X209.581 Y48.741 Z-466.687 F2000
G1 B90.0 F1000
G1 X209.581 Y48.741 Z-446.534 F2000
G1 B90.0 F1000
G1 X209.581 Y48.741 Z-426.382 F2000
G1 B90.0 F1000
G1 X209.581 Y48.741 Z-406.23 F2000
G1 B90.0 F1000
G1 X209.581 Y48.741 Z-386.078 F2000
G1 B90.0 F1000
G1 X209.581 Y48.741 Z-365.925 F2000
G1 B90.0 F1000
G1 X209.581 Y48.741 Z-345.773 F2000
G1 B90.0 F1000
G1 X209.581 Y48.741 Z-325.621 F2000
G1 B105.19548128248974 F1000
G1 X209.581 Y48.741 Z-305.469 F2000
G1 B90.0 F1000
G1 X-12.093 Y-11.716 Z-285.317 F2000
G1 B74.20693519571712 F1000
G1 X-12.093 Y-11.716 Z-265.164 F2000
G1 B90.0 F1000
G1 X128.972 Y28.588 Z-245.012 F2000
G1 B105.79306480428288 F1000
G1 X128.972 Y28.588 Z-224.86 F2000
G1 B90.0 F1000
G1 X-12.093 Y-11.716 Z-204.708 F2000
G1 B90.0 F1000
G1 X-12.093 Y-11.716 Z-184.556 F2000
G1 B90.0 F1000
G1 X-12.093 Y-11.716 Z-164.403 F2000
G1 B90.0 F1000
G1 X-12.093 Y-11.716 Z-144.251 F2000
G1 X-12.093 Y-11.716 Z-124.099 F2000
G1 X-19.275133243394247 Y-18.674229808947903 Z-124.099 F5000
M01
G1 X-19.275133243394247 Y-18.674229808947903 Z-708.513 F5000
M00
G1 B90.0 F1000
G1 X-12.093 Y-11.716 Z-708.513 F2000
G1 B65.90515744788931 F1000
G1 X-12.093 Y-11.716 Z-688.361 F2000
G1 B57.68833832476615 F1000
G1 X28.211 Y8.436 Z-668.209 F2000
G1 B120.47053470765884 F1000
G1 X88.668 Y48.741 Z-648.056 F2000
G1 B90.0 F1000
G1 X-12.093 Y-11.716 Z-627.904 F2000
G1 B59.16189518864399 F1000
G1 X-12.093 Y-11.716 Z-607.752 F2000
G1 B90.0 F1000
G1 X189.429 Y109.197 Z-587.6 F2000
G1 B90.0 F1000
G1 X189.429 Y109.197 Z-567.448 F2000
G1 B90.0 F1000
G1 X189.429 Y109.197 Z-547.295 F2000
G1 B90.0 F1000
G1 X189.429 Y109.197 Z-527.143 F2000
G1 B90.0 F1000
G1 X189.429 Y109.197 Z-506.991 F2000
G1 B120.83810481135602 F1000
G1 X189.429 Y109.197 Z-486.839 F2000
G1 B90.0 F1000
G1 X-12.093 Y-11.716 Z-466.687 F2000
G1 B90.0 F1000
G1 X-12.093 Y-11.716 Z-446.534 F2000
G1 B59.16189518864399 F1000
G1 X-12.093 Y-11.716 Z-426.382 F2000
G1 B90.0 F1000
G1 X189.429 Y109.197 Z-406.23 F2000
G1 B90.0 F1000
G1 X189.429 Y109.197 Z-386.078 F2000
G1 B90.0 F1000
G1 X189.429 Y109.197 Z-365.925 F2000
G1 B90.0 F1000
G1 X189.429 Y109.197 Z-345.773 F2000
G1 B120.83810481135602 F1000
G1 X189.429 Y109.197 Z-325.621 F2000
G1 B90.0 F1000
G1 X-12.093 Y-11.716 Z-305.469 F2000
G1 B59.52951308640362 F1000
G1 X-12.093 Y-11.716 Z-285.317 F2000
G1 B90.0 F1000
G1 X88.668 Y48.741 Z-265.164 F2000
G1 B120.47053470765884 F1000
G1 X88.668 Y48.741 Z-245.012 F2000
G1 B90.0 F1000
G1 X-12.093 Y-11.716 Z-224.86 F2000
G1 B90.0 F1000
G1 X-12.093 Y-11.716 Z-204.708 F2000
G1 B90.0 F1000
G1 X-12.093 Y-11.716 Z-184.556 F2000
G1 B90.0 F1000
G1 X-12.093 Y-11.716 Z-164.403 F2000
G1 B90.0 F1000
G1 X-12.093 Y-11.716 Z-144.251 F2000
G1 X-12.093 Y-11.716 Z-124.099 F2000
G1 X-19.275133243394247 Y-18.674229808947903 Z-124.099 F5000
M01
G1 X-19.275133243394247 Y-18.674229808947903 Z-708.513 F5000
M00
G1 B90.0 F1000
G1 X-12.093 Y-11.716 Z-708.513 F2000
G1 B38.32888726185304 F1000
G1 X-12.093 Y-11.716 Z-688.361 F2000
G1 B54.7362804586154 F1000
G1 X48.364 Y68.893 Z-668.209 F2000
G1 B90.0 F1000
G1 X68.516 Y89.045 Z-648.056 F2000
G1 B54.735610317245374 F1000
G1 X68.516 Y89.045 Z-627.904 F2000
G1 B54.73561031724531 F1000
G1 X88.668 Y109.197 Z-607.752 F2000
G1 B139.01043926244918 F1000
G1 X108.82 Y129.349 Z-587.6 F2000
G1 B90.0 F1000
G1 X-12.093 Y-11.716 Z-567.448 F2000
G1 B41.47277911923329 F1000
G1 X-12.093 Y-11.716 Z-547.295 F2000
G1 B90.0 F1000
G1 X128.972 Y149.502 Z-527.143 F2000
G1 B90.0 F1000
G1 X128.972 Y149.502 Z-506.991 F2000
G1 B90.0 F1000
G1 X128.972 Y149.502 Z-486.839 F2000
G1 B90.0 F1000
G1 X128.972 Y149.502 Z-466.687 F2000
G1 B90.0 F1000
G1 X128.972 Y149.502 Z-446.534 F2000
G1 B90.0 F1000
G1 X128.972 Y149.502 Z-426.382 F2000
G1 B90.0 F1000
G1 X128.972 Y149.502 Z-406.23 F2000
G1 B138.52719266390844 F1000
G1 X128.972 Y149.502 Z-386.078 F2000
G1 B90.0 F1000
G1 X-12.093 Y-11.716 Z-365.925 F2000
G1 B40.989560737550825 F1000
G1 X-12.093 Y-11.716 Z-345.773 F2000
G1 B125.26438968275465 F1000
G1 X108.82 Y129.349 Z-325.621 F2000
G1 B125.26438968275465 F1000
G1 X88.668 Y109.197 Z-305.469 F2000
G1 B90.0 F1000
G1 X68.516 Y89.045 Z-285.317 F2000
G1 B90.0 F1000
G1 X68.516 Y89.045 Z-265.164 F2000
G1 B125.26438968275465 F1000
G1 X68.516 Y89.045 Z-245.012 F2000
G1 B141.67111273814697 F1000
G1 X48.364 Y68.893 Z-224.86 F2000
G1 B90.0 F1000
G1 X-12.093 Y-11.716 Z-204.708 F2000
G1 B90.0 F1000
G1 X-12.093 Y-11.716 Z-184.556 F2000
G1 B90.0 F1000
G1 X-12.093 Y-11.716 Z-164.403 F2000
G1 B90.0 F1000
G1 X-12.093 Y-11.716 Z-144.251 F2000
G1 X-12.093 Y-11.716 Z-124.099 F2000
G1 X-19.275133243394247 Y-18.674229808947903 Z-124.099 F5000
M01
G1 X-19.275133243394247 Y-18.674229808947903 Z-708.513 F5000
M00
G1 B90.0 F1000
G1 X-12.093 Y-11.716 Z-708.513 F2000
G1 B90.0 F1000
G1 X-12.093 Y-11.716 Z-688.361 F2000
G1 B24.311535646844987 F1000
G1 X-12.093 Y-11.716 Z-668.209 F2000
G1 B90.0 F1000
G1 X48.364 Y129.349 Z-648.056 F2000
G1 B44.99857844487037 F1000
G1 X48.364 Y129.349 Z-627.904 F2000
G1 B90.0 F1000
G1 X48.364 Y149.502 Z-607.752 F2000
G1 B35.264389682754675 F1000
G1 X48.364 Y149.502 Z-587.6 F2000
G1 B90.0 F1000
G1 X68.516 Y189.806 Z-567.448 F2000
G1 B54.73561031724532 F1000
G1 X68.516 Y189.806 Z-547.295 F2000
G1 B90.0 F1000
G1 X88.668 Y209.958 Z-527.143 F2000
G1 B90.0 F1000
G1 X88.668 Y209.958 Z-506.991 F2000
G1 B90.0 F1000
G1 X88.668 Y209.958 Z-486.839 F2000
G1 B90.0 F1000
G1 X88.668 Y209.958 Z-466.687 F2000
G1 B90.0 F1000
G1 X88.668 Y209.958 Z-446.534 F2000
G1 B90.0 F1000
G1 X88.668 Y209.958 Z-426.382 F2000
G1 B155.13003833943893 F1000
G1 X88.668 Y209.958 Z-406.23 F2000
G1 B22.406965505242695 F1000
G1 X-12.093 Y-11.716 Z-386.078 F2000
G1 B90.0 F1000
G1 X68.516 Y189.806 Z-365.925 F2000
G1 B134.99999999999997 F1000
G1 X68.516 Y189.806 Z-345.773 F2000
G1 B125.26438968275463 F1000
G1 X68.516 Y169.654 Z-325.621 F2000
G1 B90.0 F1000
G1 X48.364 Y149.502 Z-305.469 F2000
G1 B135.0 F1000
G1 X48.364 Y149.502 Z-285.317 F2000
G1 B143.30022986954586 F1000
G1 X48.364 Y129.349 Z-265.164 F2000
G1 B160.5290027444266 F1000
G1 X8.059 Y68.893 Z-245.012 F2000
G1 B90.0 F1000
G1 X-12.093 Y-11.716 Z-224.86 F2000
G1 B90.0 F1000
G1 X-12.093 Y-11.716 Z-204.708 F2000
G1 B90.0 F1000
G1 X-12.093 Y-11.716 Z-184.556 F2000
G1 B90.0 F1000
G1 X-12.093 Y-11.716 Z-164.403 F2000
G1 B90.0 F1000
G1 X-12.093 Y-11.716 Z-144.251 F2000
G1 X-12.093 Y-11.716 Z-124.099 F2000
G1 X-19.275133243394247 Y-18.674229808947903 Z-124.099 F5000
M01
G1 X-19.275133243394247 Y-18.674229808947903 Z-708.513 F5000
M00
G1 B90.0 F1000
G1 X-12.093 Y-11.716 Z-708.513 F2000
G1 B90.0 F1000
G1 X-12.093 Y-11.716 Z-688.361 F2000
G1 B90.0 F1000
G1 X-12.093 Y-11.716 Z-668.209 F2000
G1 B10.02486601915212 F1000
G1 X-12.093 Y-11.716 Z-648.056 F2000
G1 B45.00000000000008 F1000
G1 X8.059 Y149.502 Z-627.904 F2000
G1 B90.0 F1000
G1 X8.059 Y169.654 Z-607.752 F2000
G1 B90.0 F1000
G1 X8.059 Y169.654 Z-587.6 F2000
G1 B45.001421555129674 F1000
G1 X8.059 Y169.654 Z-567.448 F2000
G1 B171.95061186419179 F1000
G1 X8.059 Y189.806 Z-547.295 F2000
G1 B90.0 F1000
G1 X-12.093 Y-11.716 Z-527.143 F2000
G1 B90.0 F1000
G1 X-12.093 Y-11.716 Z-506.991 F2000
G1 B90.0 F1000
G1 X-12.093 Y-11.716 Z-486.839 F2000
G1 B90.0 F1000
G1 X-12.093 Y-11.716 Z-466.687 F2000
G1 B90.0 F1000
G1 X-12.093 Y-11.716 Z-446.534 F2000
G1 B90.0 F1000
G1 X-12.093 Y-11.716 Z-426.382 F2000
G1 B90.0 F1000
G1 X-12.093 Y-11.716 Z-406.23 F2000
G1 B90.0 F1000
G1 X-12.093 Y-11.716 Z-386.078 F2000
G1 B8.930044948634546 F1000
G1 X-12.093 Y-11.716 Z-365.925 F2000
G1 B90.0 F1000
G1 X8.059 Y169.654 Z-345.773 F2000
G1 B90.0 F1000
G1 X8.059 Y169.654 Z-325.621 F2000
G1 B135.0 F1000
G1 X8.059 Y169.654 Z-305.469 F2000
G1 B90.0 F1000
G1 X8.059 Y149.502 Z-285.317 F2000
G1 B169.9751339808479 F1000
G1 X8.059 Y149.502 Z-265.164 F2000
G1 B90.0 F1000
G1 X-12.093 Y-11.716 Z-245.012 F2000
G1 B90.0 F1000
G1 X-12.093 Y-11.716 Z-224.86 F2000
G1 B90.0 F1000
G1 X-12.093 Y-11.716 Z-204.708 F2000
G1 B90.0 F1000
G1 X-12.093 Y-11.716 Z-184.556 F2000
G1 B90.0 F1000
G1 X-12.093 Y-11.716 Z-164.403 F2000
G1 B90.0 F1000
G1 X-12.093 Y-11.716 Z-144.251 F2000
G1 X-12.093 Y-11.716 Z-124.099 F2000
G1 X-19.275133243394247 Y-18.674229808947903 Z-124.099 F5000
M01
G1 X-19.275133243394247 Y-18.674229808947903 Z-708.513 F5000
M00
G1 B90.0 F1000
G1 X-12.093 Y-11.716 Z-708.513 F2000
G1 B90.0 F1000
G1 X-12.093 Y-11.716 Z-688.361 F2000
G1 B19.471444018334317 F1000
G1 X-12.093 Y-11.716 Z-668.209 F2000
G1 B160.52900274442658 F1000
G1 X-32.245 Y68.893 Z-648.056 F2000
G1 B90.0 F1000
G1 X-12.093 Y-11.716 Z-627.904 F2000
G1 B90.0 F1000
G1 X-12.093 Y-11.716 Z-607.752 F2000
G1 B8.930044948634546 F1000
G1 X-12.093 Y-11.716 Z-587.6 F2000
G1 B90.0 F1000
G1 X-32.245 Y169.654 Z-567.448 F2000
G1 B171.06995505136555 F1000
G1 X-32.245 Y169.654 Z-547.295 F2000
G1 B90.0 F1000
G1 X-12.093 Y-11.716 Z-527.143 F2000
G1 B90.0 F1000
G1 X-12.093 Y-11.716 Z-506.991 F2000
G1 B90.0 F1000
G1 X-12.093 Y-11.716 Z-486.839 F2000
G1 B90.0 F1000
G1 X-12.093 Y-11.716 Z-466.687 F2000
G1 B90.0 F1000
G1 X-12.093 Y-11.716 Z-446.534 F2000
G1 B90.0 F1000
G1 X-12.093 Y-11.716 Z-426.382 F2000
G1 B90.0 F1000
G1 X-12.093 Y-11.716 Z-406.23 F2000
G1 B90.0 F1000
G1 X-12.093 Y-11.716 Z-386.078 F2000
G1 B8.930044948634546 F1000
G1 X-12.093 Y-11.716 Z-365.925 F2000
G1 B171.06995505136547 F1000
G1 X-32.245 Y169.654 Z-345.773 F2000
G1 B90.0 F1000
G1 X-12.093 Y-11.716 Z-325.621 F2000
G1 B90.0 F1000
G1 X-12.093 Y-11.716 Z-305.469 F2000
G1 B15.793392431799763 F1000
G1 X-12.093 Y-11.716 Z-285.317 F2000
G1 B135.00000000000003 F1000
G1 X-32.245 Y89.045 Z-265.164 F2000
G1 B160.5290027444266 F1000
G1 X-32.245 Y68.893 Z-245.012 F2000
G1 B90.0 F1000
G1 X-12.093 Y-11.716 Z-224.86 F2000
G1 B90.0 F1000
G1 X-12.093 Y-11.716 Z-204.708 F2000
G1 B90.0 F1000
G1 X-12.093 Y-11.716 Z-184.556 F2000
G1 B90.0 F1000
G1 X-12.093 Y-11.716 Z-164.403 F2000
G1 B90.0 F1000
G1 X-12.093 Y-11.716 Z-144.251 F2000
G1 X-12.093 Y-11.716 Z-124.099 F2000
G1 X-19.275133243394247 Y-18.674229808947903 Z-124.099 F5000
M01
G1 X-19.275133243394247 Y-18.674229808947903 Z-708.513 F5000
M00
G1 B90.0 F1000
G1 X-12.093 Y-11.716 Z-708.513 F2000
G1 B90.0 F1000
G1 X-12.093 Y-11.716 Z-688.361 F2000
G1 B35.2650598296671 F1000
G1 X-12.093 Y-11.716 Z-668.209 F2000
G1 B29.206113890184312 F1000
G1 X-32.245 Y28.588 Z-648.056 F2000
G1 B45.00000000000008 F1000
G1 X-72.55 Y109.197 Z-627.904 F2000
G1 B155.68857102483796 F1000
G1 X-72.55 Y129.349 Z-607.752 F2000
G1 B90.0 F1000
G1 X-12.093 Y-11.716 Z-587.6 F2000
G1 B90.0 F1000
G1 X-12.093 Y-11.716 Z-567.448 F2000
G1 B90.0 F1000
G1 X-12.093 Y-11.716 Z-547.295 F2000
G1 B90.0 F1000
G1 X-12.093 Y-11.716 Z-527.143 F2000
G1 B90.0 F1000
G1 X-12.093 Y-11.716 Z-506.991 F2000
G1 B90.0 F1000
G1 X-12.093 Y-11.716 Z-486.839 F2000
G1 B90.0 F1000
G1 X-12.093 Y-11.716 Z-466.687 F2000
G1 B90.0 F1000
G1 X-12.093 Y-11.716 Z-446.534 F2000
G1 B90.0 F1000
G1 X-12.093 Y-11.716 Z-426.382 F2000
G1 B90.0 F1000
G1 X-12.093 Y-11.716 Z-406.23 F2000
G1 B90.0 F1000
G1 X-12.093 Y-11.716 Z-386.078 F2000
G1 B90.0 F1000
G1 X-12.093 Y-11.716 Z-365.925 F2000
G1 B90.0 F1000
G1 X-12.093 Y-11.716 Z-345.773 F2000
G1 B24.31142897516206 F1000
G1 X-12.093 Y-11.716 Z-325.621 F2000
G1 B135.0 F1000
G1 X-72.55 Y129.349 Z-305.469 F2000
G1 B144.73494017033283 F1000
G1 X-72.55 Y109.197 Z-285.317 F2000
G1 B144.73561030893217 F1000
G1 X-52.398 Y68.893 Z-265.164 F2000
G1 B144.73561031724537 F1000
G1 X-32.245 Y28.588 Z-245.012 F2000
G1 B90.0 F1000
G1 X-12.093 Y-11.716 Z-224.86 F2000
G1 B90.0 F1000
G1 X-12.093 Y-11.716 Z-204.708 F2000
G1 B90.0 F1000
G1 X-12.093 Y-11.716 Z-184.556 F2000
G1 B90.0 F1000
G1 X-12.093 Y-11.716 Z-164.403 F2000
G1 B90.0 F1000
G1 X-12.093 Y-11.716 Z-144.251 F2000
G1 X-12.093 Y-11.716 Z-124.099 F2000
G1 X-19.275133243394247 Y-18.674229808947903 Z-124.099 F5000
M01
G1 X-19.275133243394247 Y-18.674229808947903 Z-708.513 F5000
M00
G1 B90.0 F1000
G1 X-12.093 Y-11.716 Z-708.513 F2000
G1 B90.0 F1000
G1 X-12.093 Y-11.716 Z-688.361 F2000
G1 B39.509843632888504 F1000
G1 X-12.093 Y-11.716 Z-668.209 F2000
G1 B90.0 F1000
G1 X-92.702 Y89.045 Z-648.056 F2000
G1 B90.0 F1000
G1 X-92.702 Y89.045 Z-627.904 F2000
G1 B140.49023845902195 F1000
G1 X-92.702 Y89.045 Z-607.752 F2000
G1 B90.0 F1000
G1 X-12.093 Y-11.716 Z-587.6 F2000
G1 B40.989598783332106 F1000
G1 X-12.093 Y-11.716 Z-567.448 F2000
G1 B139.01043926244918 F1000
G1 X-133.006 Y129.349 Z-547.295 F2000
G1 B41.47297663333697 F1000
G1 X-12.093 Y-11.716 Z-527.143 F2000
G1 B90.0 F1000
G1 X-153.159 Y149.502 Z-506.991 F2000
G1 B90.0 F1000
G1 X-153.159 Y149.502 Z-486.839 F2000
G1 B90.0 F1000
G1 X-153.159 Y149.502 Z-466.687 F2000
G1 B90.0 F1000
G1 X-153.159 Y149.502 Z-446.534 F2000
G1 B138.52702336666303 F1000
G1 X-153.159 Y149.502 Z-426.382 F2000
G1 B90.0 F1000
G1 X-12.093 Y-11.716 Z-406.23 F2000
G1 B90.0 F1000
G1 X-12.093 Y-11.716 Z-386.078 F2000
G1 B90.0 F1000
G1 X-12.093 Y-11.716 Z-365.925 F2000
G1 B90.0 F1000
G1 X-12.093 Y-11.716 Z-345.773 F2000
G1 B90.0 F1000
G1 X-12.093 Y-11.716 Z-325.621 F2000
G1 B39.50976154097804 F1000
G1 X-12.093 Y-11.716 Z-305.469 F2000
G1 B90.0 F1000
G1 X-92.702 Y89.045 Z-285.317 F2000
G1 B140.49023845902195 F1000
G1 X-92.702 Y89.045 Z-265.164 F2000
G1 B90.0 F1000
G1 X-12.093 Y-11.716 Z-245.012 F2000
G1 B90.0 F1000
G1 X-12.093 Y-11.716 Z-224.86 F2000
G1 B90.0 F1000
G1 X-12.093 Y-11.716 Z-204.708 F2000
G1 B90.0 F1000
G1 X-12.093 Y-11.716 Z-184.556 F2000
G1 B90.0 F1000
G1 X-12.093 Y-11.716 Z-164.403 F2000
G1 B90.0 F1000
G1 X-12.093 Y-11.716 Z-144.251 F2000
G1 X-12.093 Y-11.716 Z-124.099 F2000
G1 X-19.275133243394247 Y-18.674229808947903 Z-124.099 F5000
M01
G1 X-19.275133243394247 Y-18.674229808947903 Z-708.513 F5000
M00
G1 B90.0 F1000
G1 X-12.093 Y-11.716 Z-708.513 F2000
G1 B90.0 F1000
G1 X-12.093 Y-11.716 Z-688.361 F2000
G1 B90.0 F1000
G1 X-12.093 Y-11.716 Z-668.209 F2000
G1 B90.0 F1000
G1 X-12.093 Y-11.716 Z-648.056 F2000
G1 B90.0 F1000
G1 X-12.093 Y-11.716 Z-627.904 F2000
G1 B90.0 F1000
G1 X-12.093 Y-11.716 Z-607.752 F2000
G1 B90.0 F1000
G1 X-12.093 Y-11.716 Z-587.6 F2000
G1 B90.0 F1000
G1 X-12.093 Y-11.716 Z-567.448 F2000
G1 B90.0 F1000
G1 X-12.093 Y-11.716 Z-547.295 F2000
G1 B90.0 F1000
G1 X-12.093 Y-11.716 Z-527.143 F2000
G1 B90.0 F1000
G1 X-12.093 Y-11.716 Z-506.991 F2000
G1 B90.0 F1000
G1 X-12.093 Y-11.716 Z-486.839 F2000
G1 B90.0 F1000
G1 X-12.093 Y-11.716 Z-466.687 F2000
G1 B90.0 F1000
G1 X-12.093 Y-11.716 Z-446.534 F2000
G1 B90.0 F1000
G1 X-12.093 Y-11.716 Z-426.382 F2000
G1 B90.0 F1000
G1 X-12.093 Y-11.716 Z-406.23 F2000
G1 B90.0 F1000
G1 X-12.093 Y-11.716 Z-386.078 F2000
G1 B90.0 F1000
G1 X-12.093 Y-11.716 Z-365.925 F2000
G1 B90.0 F1000
G1 X-12.093 Y-11.716 Z-345.773 F2000
G1 B90.0 F1000
G1 X-12.093 Y-11.716 Z-325.621 F2000
G1 B90.0 F1000
G1 X-12.093 Y-11.716 Z-305.469 F2000
G1 B90.0 F1000
G1 X-12.093 Y-11.716 Z-285.317 F2000
G1 B65.90558127829993 F1000
G1 X-12.093 Y-11.716 Z-265.164 F2000
G1 B114.09441872170008 F1000
G1 X-52.398 Y8.436 Z-245.012 F2000
G1 B90.0 F1000
G1 X-12.093 Y-11.716 Z-224.86 F2000
G1 B90.0 F1000
G1 X-12.093 Y-11.716 Z-204.708 F2000
G1 B90.0 F1000
G1 X-12.093 Y-11.716 Z-184.556 F2000
G1 B90.0 F1000
G1 X-12.093 Y-11.716 Z-164.403 F2000
G1 B90.0 F1000
G1 X-12.093 Y-11.716 Z-144.251 F2000
G1 X-12.093 Y-11.716 Z-124.099 F2000
G1 X-19.275133243394247 Y-18.674229808947903 Z-124.099 F5000
M01
G1 X-19.275133243394247 Y-18.674229808947903 Z-708.513 F5000
M00
G1 B90.0 F1000
G1 X-12.093 Y-11.716 Z-708.513 F2000
G1 B90.0 F1000
G1 X-12.093 Y-11.716 Z-688.361 F2000
G1 B90.0 F1000
G1 X-12.093 Y-11.716 Z-668.209 F2000
G1 B90.0 F1000
G1 X-12.093 Y-11.716 Z-648.056 F2000
G1 B90.0 F1000
G1 X-12.093 Y-11.716 Z-627.904 F2000
G1 B90.0 F1000
G1 X-12.093 Y-11.716 Z-607.752 F2000
G1 B71.67014964880025 F1000
G1 X-12.093 Y-11.716 Z-587.6 F2000
G1 B90.0 F1000
G1 X-193.463 Y48.741 Z-567.448 F2000
G1 B90.0 F1000
G1 X-193.463 Y48.741 Z-547.295 F2000
G1 B90.0 F1000
G1 X-193.463 Y48.741 Z-527.143 F2000
G1 B90.0 F1000
G1 X-213.615 Y48.741 Z-506.991 F2000
G1 B90.0 F1000
G1 X-213.615 Y48.741 Z-486.839 F2000
G1 B90.0 F1000
G1 X-213.615 Y48.741 Z-466.687 F2000
G1 B90.0 F1000
G1 X-213.615 Y48.741 Z-446.534 F2000
G1 B90.0 F1000
G1 X-213.615 Y48.741 Z-426.382 F2000
G1 B90.0 F1000
G1 X-193.463 Y48.741 Z-406.23 F2000
G1 B90.0 F1000
G1 X-193.463 Y48.741 Z-386.078 F2000
G1 B90.0 F1000
G1 X-193.463 Y48.741 Z-365.925 F2000
G1 B108.32985035119975 F1000
G1 X-193.463 Y48.741 Z-345.773 F2000
G1 B90.0 F1000
G1 X-12.093 Y-11.716 Z-325.621 F2000
G1 B90.0 F1000
G1 X-12.093 Y-11.716 Z-305.469 F2000
G1 B90.0 F1000
G1 X-12.093 Y-11.716 Z-285.317 F2000
G1 B90.0 F1000
G1 X-12.093 Y-11.716 Z-265.164 F2000
G1 B90.0 F1000
G1 X-12.093 Y-11.716 Z-245.012 F2000
G1 B90.0 F1000
G1 X-12.093 Y-11.716 Z-224.86 F2000
G1 B90.0 F1000
G1 X-12.093 Y-11.716 Z-204.708 F2000
G1 B90.0 F1000
G1 X-12.093 Y-11.716 Z-184.556 F2000
G1 B90.0 F1000
G1 X-12.093 Y-11.716 Z-164.403 F2000
G1 B90.0 F1000
G1 X-12.093 Y-11.716 Z-144.251 F2000
G1 X-12.093 Y-11.716 Z-124.099 F2000
G1 X-19.275133243394247 Y-18.674229808947903 Z-124.099 F5000
M01
G1 X-19.275133243394247 Y-18.674229808947903 Z-708.513 F5000
M00
G1 B90.0 F1000
G1 X-12.093 Y-11.716 Z-708.513 F2000
G1 B90.0 F1000
G1 X-12.093 Y-11.716 Z-688.361 F2000
G1 B90.0 F1000
G1 X-12.093 Y-11.716 Z-668.209 F2000
G1 B90.0 F1000
G1 X-12.093 Y-11.716 Z-648.056 F2000
G1 B90.0 F1000
G1 X-12.093 Y-11.716 Z-627.904 F2000
G1 B90.0 F1000
G1 X-12.093 Y-11.716 Z-607.752 F2000
G1 B90.0 F1000
G1 X-12.093 Y-11.716 Z-587.6 F2000
G1 B90.0 F1000
G1 X-12.093 Y-11.716 Z-567.448 F2000
G1 B90.0 F1000
G1 X-12.093 Y-11.716 Z-547.295 F2000
G1 B90.0 F1000
G1 X-12.093 Y-11.716 Z-527.143 F2000
G1 B90.0 F1000
G1 X-12.093 Y-11.716 Z-506.991 F2000
G1 B90.0 F1000
G1 X-12.093 Y-11.716 Z-486.839 F2000
G1 B90.0 F1000
G1 X-12.093 Y-11.716 Z-466.687 F2000
G1 B90.0 F1000
G1 X-12.093 Y-11.716 Z-446.534 F2000
G1 B90.0 F1000
G1 X-12.093 Y-11.716 Z-426.382 F2000
G1 B90.0 F1000
G1 X-12.093 Y-11.716 Z-406.23 F2000
G1 B90.0 F1000
G1 X-12.093 Y-11.716 Z-386.078 F2000
G1 B90.0 F1000
G1 X-12.093 Y-11.716 Z-365.925 F2000
G1 B90.0 F1000
G1 X-12.093 Y-11.716 Z-345.773 F2000
G1 B90.0 F1000
G1 X-12.093 Y-11.716 Z-325.621 F2000
G1 B90.0 F1000
G1 X-12.093 Y-11.716 Z-305.469 F2000
G1 B90.0 F1000
G1 X-12.093 Y-11.716 Z-285.317 F2000
G1 B90.0 F1000
G1 X-12.093 Y-11.716 Z-265.164 F2000
G1 B90.0 F1000
G1 X-12.093 Y-11.716 Z-245.012 F2000
G1 B90.0 F1000
G1 X-12.093 Y-11.716 Z-224.86 F2000
G1 B90.0 F1000
G1 X-12.093 Y-11.716 Z-204.708 F2000
G1 B90.0 F1000
G1 X-12.093 Y-11.716 Z-184.556 F2000
G1 B90.0 F1000
G1 X-12.093 Y-11.716 Z-164.403 F2000
G1 B90.0 F1000
G1 X-12.093 Y-11.716 Z-144.251 F2000
G1 X-12.093 Y-11.716 Z-124.099 F2000
G1 X-19.275133243394247 Y-18.674229808947903 Z-124.099 F5000
M01
G1 X-19.275133243394247 Y-18.674229808947903 Z-708.513 F5000
M00
G1 B90.0 F1000
G1 X-12.093 Y-11.716 Z-708.513 F2000
G1 B90.0 F1000
G1 X-12.093 Y-11.716 Z-688.361 F2000
G1 B90.0 F1000
G1 X-12.093 Y-11.716 Z-668.209 F2000
G1 B90.0 F1000
G1 X-12.093 Y-11.716 Z-648.056 F2000
G1 B90.0 F1000
G1 X-12.093 Y-11.716 Z-627.904 F2000
G1 B90.0 F1000
G1 X-12.093 Y-11.716 Z-607.752 F2000
G1 B102.45474430760444 F1000
G1 X-12.093 Y-11.716 Z-587.6 F2000
G1 B90.0 F1000
G1 X-193.463 Y-52.021 Z-567.448 F2000
G1 B90.0 F1000
G1 X-193.463 Y-52.021 Z-547.295 F2000
G1 B90.0 F1000
G1 X-193.463 Y-52.021 Z-527.143 F2000
G1 B90.0 F1000
G1 X-193.463 Y-52.021 Z-506.991 F2000
G1 B77.54525569239557 F1000
G1 X-193.463 Y-52.021 Z-486.839 F2000
G1 B90.0 F1000
G1 X-12.093 Y-11.716 Z-466.687 F2000
G1 B102.45474430760444 F1000
G1 X-12.093 Y-11.716 Z-446.534 F2000
G1 B90.0 F1000
G1 X-193.463 Y-52.021 Z-426.382 F2000
G1 B90.0 F1000
G1 X-193.463 Y-52.021 Z-406.23 F2000
G1 B90.0 F1000
G1 X-193.463 Y-52.021 Z-386.078 F2000
G1 B90.0 F1000
G1 X-193.463 Y-52.021 Z-365.925 F2000
G1 B77.54525569239557 F1000
G1 X-193.463 Y-52.021 Z-345.773 F2000
G1 B90.0 F1000
G1 X-12.093 Y-11.716 Z-325.621 F2000
G1 B90.0 F1000
G1 X-12.093 Y-11.716 Z-305.469 F2000
G1 B90.0 F1000
G1 X-12.093 Y-11.716 Z-285.317 F2000
G1 B90.0 F1000
G1 X-12.093 Y-11.716 Z-265.164 F2000
G1 B90.0 F1000
G1 X-12.093 Y-11.716 Z-245.012 F2000
G1 B90.0 F1000
G1 X-12.093 Y-11.716 Z-224.86 F2000
G1 B90.0 F1000
G1 X-12.093 Y-11.716 Z-204.708 F2000
G1 B90.0 F1000
G1 X-12.093 Y-11.716 Z-184.556 F2000
G1 B90.0 F1000
G1 X-12.093 Y-11.716 Z-164.403 F2000
G1 B90.0 F1000
G1 X-12.093 Y-11.716 Z-144.251 F2000
G1 X-12.093 Y-11.716 Z-124.099 F2000
G1 X-19.275133243394247 Y-18.674229808947903 Z-124.099 F5000
M01
G1 X-19.275133243394247 Y-18.674229808947903 Z-708.513 F5000
M00
G1 B90.0 F1000
G1 X-12.093 Y-11.716 Z-708.513 F2000
G1 B90.0 F1000
G1 X-12.093 Y-11.716 Z-688.361 F2000
G1 B90.0 F1000
G1 X-12.093 Y-11.716 Z-668.209 F2000
G1 B90.0 F1000
G1 X-12.093 Y-11.716 Z-648.056 F2000
G1 B90.0 F1000
G1 X-12.093 Y-11.716 Z-627.904 F2000
G1 B90.0 F1000
G1 X-12.093 Y-11.716 Z-607.752 F2000
G1 B90.0 F1000
G1 X-12.093 Y-11.716 Z-587.6 F2000
G1 B119.49614757493971 F1000
G1 X-12.093 Y-11.716 Z-567.448 F2000
G1 B90.0 F1000
G1 X-153.159 Y-92.325 Z-547.295 F2000
G1 B60.50382805630407 F1000
G1 X-153.159 Y-92.325 Z-527.143 F2000
G1 B90.0 F1000
G1 X-12.093 Y-11.716 Z-506.991 F2000
G1 B90.0 F1000
G1 X-12.093 Y-11.716 Z-486.839 F2000
G1 B90.0 F1000
G1 X-12.093 Y-11.716 Z-466.687 F2000
G1 B90.0 F1000
G1 X-12.093 Y-11.716 Z-446.534 F2000
G1 B90.0 F1000
G1 X-12.093 Y-11.716 Z-426.382 F2000
G1 B119.49617194369594 F1000
G1 X-12.093 Y-11.716 Z-406.23 F2000
G1 B90.0 F1000
G1 X-153.159 Y-92.325 Z-386.078 F2000
G1 B60.50382805630406 F1000
G1 X-153.159 Y-92.325 Z-365.925 F2000
G1 B90.0 F1000
G1 X-12.093 Y-11.716 Z-345.773 F2000
G1 B90.0 F1000
G1 X-12.093 Y-11.716 Z-325.621 F2000
G1 B90.0 F1000
G1 X-12.093 Y-11.716 Z-305.469 F2000
G1 B90.0 F1000
G1 X-12.093 Y-11.716 Z-285.317 F2000
G1 B90.0 F1000
G1 X-12.093 Y-11.716 Z-265.164 F2000
G1 B90.0 F1000
G1 X-12.093 Y-11.716 Z-245.012 F2000
G1 B90.0 F1000
G1 X-12.093 Y-11.716 Z-224.86 F2000
G1 B90.0 F1000
G1 X-12.093 Y-11.716 Z-204.708 F2000
G1 B90.0 F1000
G1 X-12.093 Y-11.716 Z-184.556 F2000
G1 B90.0 F1000
G1 X-12.093 Y-11.716 Z-164.403 F2000
G1 B90.0 F1000
G1 X-12.093 Y-11.716 Z-144.251 F2000
G1 X-12.093 Y-11.716 Z-124.099 F2000
G1 X-19.275133243394247 Y-18.674229808947903 Z-124.099 F5000
M01
G1 X-19.275133243394247 Y-18.674229808947903 Z-708.513 F5000
M00
G1 B90.0 F1000
G1 X-12.093 Y-11.716 Z-708.513 F2000
G1 B90.0 F1000
G1 X-12.093 Y-11.716 Z-688.361 F2000
G1 B90.0 F1000
G1 X-12.093 Y-11.716 Z-668.209 F2000
G1 B90.0 F1000
G1 X-12.093 Y-11.716 Z-648.056 F2000
G1 B90.0 F1000
G1 X-12.093 Y-11.716 Z-627.904 F2000
G1 B90.0 F1000
G1 X-12.093 Y-11.716 Z-607.752 F2000
G1 B90.0 F1000
G1 X-12.093 Y-11.716 Z-587.6 F2000
G1 B90.0 F1000
G1 X-12.093 Y-11.716 Z-567.448 F2000
G1 B90.0 F1000
G1 X-12.093 Y-11.716 Z-547.295 F2000
G1 B90.0 F1000
G1 X-12.093 Y-11.716 Z-527.143 F2000
G1 B90.0 F1000
G1 X-12.093 Y-11.716 Z-506.991 F2000
G1 B90.0 F1000
G1 X-12.093 Y-11.716 Z-486.839 F2000
G1 B90.0 F1000
G1 X-12.093 Y-11.716 Z-466.687 F2000
G1 B90.0 F1000
G1 X-12.093 Y-11.716 Z-446.534 F2000
G1 B90.0 F1000
G1 X-12.093 Y-11.716 Z-426.382 F2000
G1 B90.0 F1000
G1 X-12.093 Y-11.716 Z-406.23 F2000
G1 B90.0 F1000
G1 X-12.093 Y-11.716 Z-386.078 F2000
G1 B90.0 F1000
G1 X-12.093 Y-11.716 Z-365.925 F2000
G1 B90.0 F1000
G1 X-12.093 Y-11.716 Z-345.773 F2000
G1 B90.0 F1000
G1 X-12.093 Y-11.716 Z-325.621 F2000
G1 B90.0 F1000
G1 X-12.093 Y-11.716 Z-305.469 F2000
G1 B90.0 F1000
G1 X-12.093 Y-11.716 Z-285.317 F2000
G1 B90.0 F1000
G1 X-12.093 Y-11.716 Z-265.164 F2000
G1 B90.0 F1000
G1 X-12.093 Y-11.716 Z-245.012 F2000
G1 B90.0 F1000
G1 X-12.093 Y-11.716 Z-224.86 F2000
G1 B90.0 F1000
G1 X-12.093 Y-11.716 Z-204.708 F2000
G1 B90.0 F1000
G1 X-12.093 Y-11.716 Z-184.556 F2000
G1 B90.0 F1000
G1 X-12.093 Y-11.716 Z-164.403 F2000
G1 B90.0 F1000
G1 X-12.093 Y-11.716 Z-144.251 F2000
G1 X-12.093 Y-11.716 Z-124.099 F2000
G1 X-19.275133243394247 Y-18.674229808947903 Z-124.099 F5000
M01
G1 X-19.275133243394247 Y-18.674229808947903 Z-708.513 F5000
M00
G1 B90.0 F1000
G1 X-12.093 Y-11.716 Z-708.513 F2000
G1 B90.0 F1000
G1 X-12.093 Y-11.716 Z-688.361 F2000
G1 B90.0 F1000
G1 X-12.093 Y-11.716 Z-668.209 F2000
G1 B90.0 F1000
G1 X-12.093 Y-11.716 Z-648.056 F2000
G1 B90.0 F1000
G1 X-12.093 Y-11.716 Z-627.904 F2000
G1 B90.0 F1000
G1 X-12.093 Y-11.716 Z-607.752 F2000
G1 B90.0 F1000
G1 X-12.093 Y-11.716 Z-587.6 F2000
G1 B90.0 F1000
G1 X-12.093 Y-11.716 Z-567.448 F2000
G1 B90.0 F1000
G1 X-12.093 Y-11.716 Z-547.295 F2000
G1 B90.0 F1000
G1 X-12.093 Y-11.716 Z-527.143 F2000
G1 B90.0 F1000
G1 X-12.093 Y-11.716 Z-506.991 F2000
G1 B90.0 F1000
G1 X-12.093 Y-11.716 Z-486.839 F2000
G1 B90.0 F1000
G1 X-12.093 Y-11.716 Z-466.687 F2000
G1 B90.0 F1000
G1 X-12.093 Y-11.716 Z-446.534 F2000
G1 B90.0 F1000
G1 X-12.093 Y-11.716 Z-426.382 F2000
G1 B90.0 F1000
G1 X-12.093 Y-11.716 Z-406.23 F2000
G1 B90.0 F1000
G1 X-12.093 Y-11.716 Z-386.078 F2000
G1 B90.0 F1000
G1 X-12.093 Y-11.716 Z-365.925 F2000
G1 B90.0 F1000
G1 X-12.093 Y-11.716 Z-345.773 F2000
G1 B90.0 F1000
G1 X-12.093 Y-11.716 Z-325.621 F2000
G1 B90.0 F1000
G1 X-12.093 Y-11.716 Z-305.469 F2000
G1 B90.0 F1000
G1 X-12.093 Y-11.716 Z-285.317 F2000
G1 B90.0 F1000
G1 X-12.093 Y-11.716 Z-265.164 F2000
G1 B90.0 F1000
G1 X-12.093 Y-11.716 Z-245.012 F2000
G1 B90.0 F1000
G1 X-12.093 Y-11.716 Z-224.86 F2000
G1 B90.0 F1000
G1 X-12.093 Y-11.716 Z-204.708 F2000
G1 B90.0 F1000
G1 X-12.093 Y-11.716 Z-184.556 F2000
G1 B90.0 F1000
G1 X-12.093 Y-11.716 Z-164.403 F2000
G1 B90.0 F1000
G1 X-12.093 Y-11.716 Z-144.251 F2000
G1 X-12.093 Y-11.716 Z-124.099 F2000
G1 X-19.275133243394247 Y-18.674229808947903 Z-124.099 F5000
M01
G1 X-19.275133243394247 Y-18.674229808947903 Z-708.513 F5000
M00
G1 B90.0 F1000
G1 X-12.093 Y-11.716 Z-708.513 F2000
G1 B90.0 F1000
G1 X-12.093 Y-11.716 Z-688.361 F2000
G1 B90.0 F1000
G1 X-12.093 Y-11.716 Z-668.209 F2000
G1 B90.0 F1000
G1 X-12.093 Y-11.716 Z-648.056 F2000
G1 B90.0 F1000
G1 X-12.093 Y-11.716 Z-627.904 F2000
G1 B90.0 F1000
G1 X-12.093 Y-11.716 Z-607.752 F2000
G1 B164.38376002966575 F1000
G1 X-12.093 Y-11.716 Z-587.6 F2000
G1 B144.73494017033283 F1000
G1 X-52.398 Y-172.934 Z-567.448 F2000
G1 B90.0 F1000
G1 X-72.55 Y-213.238 Z-547.295 F2000
G1 B90.0 F1000
G1 X-72.55 Y-213.238 Z-527.143 F2000
G1 B90.0 F1000
G1 X-72.55 Y-213.238 Z-506.991 F2000
G1 B90.0 F1000
G1 X-72.55 Y-213.238 Z-486.839 F2000
G1 B90.0 F1000
G1 X-72.55 Y-213.238 Z-466.687 F2000
G1 B90.0 F1000
G1 X-72.55 Y-213.238 Z-446.534 F2000
G1 B90.0 F1000
G1 X-72.55 Y-213.238 Z-426.382 F2000
G1 B90.0 F1000
G1 X-72.55 Y-213.238 Z-406.23 F2000
G1 B90.0 F1000
G1 X-72.55 Y-213.238 Z-386.078 F2000
G1 B25.23940182067891 F1000
G1 X-72.55 Y-213.238 Z-365.925 F2000
G1 B17.715566528960906 F1000
G1 X-52.398 Y-152.782 Z-345.773 F2000
G1 B90.0 F1000
G1 X-12.093 Y-11.716 Z-325.621 F2000
G1 B90.0 F1000
G1 X-12.093 Y-11.716 Z-305.469 F2000
G1 B160.52855598166565 F1000
G1 X-12.093 Y-11.716 Z-285.317 F2000
G1 B19.47099725557339 F1000
G1 X-32.245 Y-92.325 Z-265.164 F2000
G1 B90.0 F1000
G1 X-12.093 Y-11.716 Z-245.012 F2000
G1 B90.0 F1000
G1 X-12.093 Y-11.716 Z-224.86 F2000
G1 B90.0 F1000
G1 X-12.093 Y-11.716 Z-204.708 F2000
G1 B90.0 F1000
G1 X-12.093 Y-11.716 Z-184.556 F2000
G1 B90.0 F1000
G1 X-12.093 Y-11.716 Z-164.403 F2000
G1 B90.0 F1000
G1 X-12.093 Y-11.716 Z-144.251 F2000
G1 X-12.093 Y-11.716 Z-124.099 F2000
G1 X-19.275133243394247 Y-18.674229808947903 Z-124.099 F5000
M01
G1 X-19.275133243394247 Y-18.674229808947903 Z-708.513 F5000
M00
G1 B90.0 F1000
G1 X-12.093 Y-11.716 Z-708.513 F2000
G1 B90.0 F1000
G1 X-12.093 Y-11.716 Z-688.361 F2000
G1 B90.0 F1000
G1 X-12.093 Y-11.716 Z-668.209 F2000
G1 B90.0 F1000
G1 X-12.093 Y-11.716 Z-648.056 F2000
G1 B90.0 F1000
G1 X-12.093 Y-11.716 Z-627.904 F2000
G1 B90.0 F1000
G1 X-12.093 Y-11.716 Z-607.752 F2000
G1 B90.0 F1000
G1 X-12.093 Y-11.716 Z-587.6 F2000
G1 B90.0 F1000
G1 X-12.093 Y-11.716 Z-567.448 F2000
G1 B90.0 F1000
G1 X-12.093 Y-11.716 Z-547.295 F2000
G1 B90.0 F1000
G1 X-12.093 Y-11.716 Z-527.143 F2000
G1 B90.0 F1000
G1 X-12.093 Y-11.716 Z-506.991 F2000
G1 B90.0 F1000
G1 X-12.093 Y-11.716 Z-486.839 F2000
G1 B90.0 F1000
G1 X-12.093 Y-11.716 Z-466.687 F2000
G1 B90.0 F1000
G1 X-12.093 Y-11.716 Z-446.534 F2000
G1 B90.0 F1000
G1 X-12.093 Y-11.716 Z-426.382 F2000
G1 B90.0 F1000
G1 X-12.093 Y-11.716 Z-406.23 F2000
G1 B90.0 F1000
G1 X-12.093 Y-11.716 Z-386.078 F2000
G1 B90.0 F1000
G1 X-12.093 Y-11.716 Z-365.925 F2000
G1 B90.0 F1000
G1 X-12.093 Y-11.716 Z-345.773 F2000
G1 B90.0 F1000
G1 X-12.093 Y-11.716 Z-325.621 F2000
G1 B90.0 F1000
G1 X-12.093 Y-11.716 Z-305.469 F2000
G1 B90.0 F1000
G1 X-12.093 Y-11.716 Z-285.317 F2000
G1 B90.0 F1000
G1 X-12.093 Y-11.716 Z-265.164 F2000
G1 B90.0 F1000
G1 X-12.093 Y-11.716 Z-245.012 F2000
G1 B90.0 F1000
G1 X-12.093 Y-11.716 Z-224.86 F2000
G1 B90.0 F1000
G1 X-12.093 Y-11.716 Z-204.708 F2000
G1 B90.0 F1000
G1 X-12.093 Y-11.716 Z-184.556 F2000
G1 B90.0 F1000
G1 X-12.093 Y-11.716 Z-164.403 F2000
G1 B90.0 F1000
G1 X-12.093 Y-11.716 Z-144.251 F2000
G1 X-12.093 Y-11.716 Z-124.099 F2000
G1 X-19.275133243394247 Y-18.674229808947903 Z-124.099 F5000
M01
G1 X-19.275133243394247 Y-18.674229808947903 Z-708.513 F5000
M00
G1 B90.0 F1000
G1 X-12.093 Y-11.716 Z-708.513 F2000
G1 B90.0 F1000
G1 X-12.093 Y-11.716 Z-688.361 F2000
G1 B90.0 F1000
G1 X-12.093 Y-11.716 Z-668.209 F2000
G1 B90.0 F1000
G1 X-12.093 Y-11.716 Z-648.056 F2000
G1 B90.0 F1000
G1 X-12.093 Y-11.716 Z-627.904 F2000
G1 B90.0 F1000
G1 X-12.093 Y-11.716 Z-607.752 F2000
G1 B90.0 F1000
G1 X-12.093 Y-11.716 Z-587.6 F2000
G1 B164.3839074469352 F1000
G1 X-12.093 Y-11.716 Z-567.448 F2000
G1 B15.615945130462483 F1000
G1 X28.211 Y-172.934 Z-547.295 F2000
G1 B90.0 F1000
G1 X-12.093 Y-11.716 Z-527.143 F2000
G1 B90.0 F1000
G1 X-12.093 Y-11.716 Z-506.991 F2000
G1 B90.0 F1000
G1 X-12.093 Y-11.716 Z-486.839 F2000
G1 B90.0 F1000
G1 X-12.093 Y-11.716 Z-466.687 F2000
G1 B90.0 F1000
G1 X-12.093 Y-11.716 Z-446.534 F2000
G1 B90.0 F1000
G1 X-12.093 Y-11.716 Z-426.382 F2000
G1 B90.0 F1000
G1 X-12.093 Y-11.716 Z-406.23 F2000
G1 B90.0 F1000
G1 X-12.093 Y-11.716 Z-386.078 F2000
G1 B90.0 F1000
G1 X-12.093 Y-11.716 Z-365.925 F2000
G1 B90.0 F1000
G1 X-12.093 Y-11.716 Z-345.773 F2000
G1 B90.0 F1000
G1 X-12.093 Y-11.716 Z-325.621 F2000
G1 B90.0 F1000
G1 X-12.093 Y-11.716 Z-305.469 F2000
G1 B90.0 F1000
G1 X-12.093 Y-11.716 Z-285.317 F2000
G1 B90.0 F1000
G1 X-12.093 Y-11.716 Z-265.164 F2000
G1 B90.0 F1000
G1 X-12.093 Y-11.716 Z-245.012 F2000
G1 B90.0 F1000
G1 X-12.093 Y-11.716 Z-224.86 F2000
G1 B90.0 F1000
G1 X-12.093 Y-11.716 Z-204.708 F2000
G1 B90.0 F1000
G1 X-12.093 Y-11.716 Z-184.556 F2000
G1 B90.0 F1000
G1 X-12.093 Y-11.716 Z-164.403 F2000
G1 B90.0 F1000
G1 X-12.093 Y-11.716 Z-144.251 F2000
G1 X-12.093 Y-11.716 Z-124.099 F2000
G1 X-19.275133243394247 Y-18.674229808947903 Z-124.099 F5000
M01
G1 X-19.275133243394247 Y-18.674229808947903 Z-708.513 F5000
M00
G1 B90.0 F1000
G1 X-12.093 Y-11.716 Z-708.513 F2000
G1 B90.0 F1000
G1 X-12.093 Y-11.716 Z-688.361 F2000
G1 B90.0 F1000
G1 X-12.093 Y-11.716 Z-668.209 F2000
G1 B90.0 F1000
G1 X-12.093 Y-11.716 Z-648.056 F2000
G1 B147.48755702873925 F1000
G1 X-12.093 Y-11.716 Z-627.904 F2000
G1 B90.0 F1000
G1 X88.668 Y-172.934 Z-607.752 F2000
G1 B125.26438968275465 F1000
G1 X88.668 Y-172.934 Z-587.6 F2000
G1 B90.0 F1000
G1 X108.82 Y-193.086 Z-567.448 F2000
G1 B135.0000000000001 F1000
G1 X108.82 Y-193.086 Z-547.295 F2000
G1 B90.0 F1000
G1 X108.82 Y-213.238 Z-527.143 F2000
G1 B90.0 F1000
G1 X108.82 Y-213.238 Z-506.991 F2000
G1 B90.0 F1000
G1 X108.82 Y-213.238 Z-486.839 F2000
G1 B90.0 F1000
G1 X108.82 Y-213.238 Z-466.687 F2000
G1 B90.0 F1000
G1 X108.82 Y-213.238 Z-446.534 F2000
G1 B90.0 F1000
G1 X108.82 Y-213.238 Z-426.382 F2000
G1 B45.00000000000008 F1000
G1 X108.82 Y-213.238 Z-406.23 F2000
G1 B90.0 F1000
G1 X108.82 Y-193.086 Z-386.078 F2000
G1 B90.0 F1000
G1 X108.82 Y-193.086 Z-365.925 F2000
G1 B90.0 F1000
G1 X108.82 Y-193.086 Z-345.773 F2000
G1 B54.73561031724531 F1000
G1 X108.82 Y-193.086 Z-325.621 F2000
G1 B90.0 F1000
G1 X88.668 Y-172.934 Z-305.469 F2000
G1 B32.51249253528825 F1000
G1 X88.668 Y-172.934 Z-285.317 F2000
G1 B90.0 F1000
G1 X-12.093 Y-11.716 Z-265.164 F2000
G1 B90.0 F1000
G1 X-12.093 Y-11.716 Z-245.012 F2000
G1 B90.0 F1000
G1 X-12.093 Y-11.716 Z-224.86 F2000
G1 B90.0 F1000
G1 X-12.093 Y-11.716 Z-204.708 F2000
G1 B90.0 F1000
G1 X-12.093 Y-11.716 Z-184.556 F2000
G1 B90.0 F1000
G1 X-12.093 Y-11.716 Z-164.403 F2000
G1 B90.0 F1000
G1 X-12.093 Y-11.716 Z-144.251 F2000
G1 X-12.093 Y-11.716 Z-124.099 F2000
G1 X-19.275133243394247 Y-18.674229808947903 Z-124.099 F5000
M01
G1 X-19.275133243394247 Y-18.674229808947903 Z-708.513 F5000
M00
G1 B90.0 F1000
G1 X-12.093 Y-11.716 Z-708.513 F2000
G1 B90.0 F1000
G1 X-12.093 Y-11.716 Z-688.361 F2000
G1 B90.0 F1000
G1 X-12.093 Y-11.716 Z-668.209 F2000
G1 B90.0 F1000
G1 X-12.093 Y-11.716 Z-648.056 F2000
G1 B134.43825160419968 F1000
G1 X-12.093 Y-11.716 Z-627.904 F2000
G1 B125.26438968275471 F1000
G1 X88.668 Y-112.477 Z-607.752 F2000
G1 B45.392442717758804 F1000
G1 X108.82 Y-132.629 Z-587.6 F2000
G1 B90.0 F1000
G1 X-12.093 Y-11.716 Z-567.448 F2000
G1 B90.0 F1000
G1 X-12.093 Y-11.716 Z-547.295 F2000
G1 B90.0 F1000
G1 X-12.093 Y-11.716 Z-527.143 F2000
G1 B90.0 F1000
G1 X-12.093 Y-11.716 Z-506.991 F2000
G1 B90.0 F1000
G1 X-12.093 Y-11.716 Z-486.839 F2000
G1 B90.0 F1000
G1 X-12.093 Y-11.716 Z-466.687 F2000
G1 B90.0 F1000
G1 X-12.093 Y-11.716 Z-446.534 F2000
G1 B90.0 F1000
G1 X-12.093 Y-11.716 Z-426.382 F2000
G1 B90.0 F1000
G1 X-12.093 Y-11.716 Z-406.23 F2000
G1 B90.0 F1000
G1 X-12.093 Y-11.716 Z-386.078 F2000
G1 B90.0 F1000
G1 X-12.093 Y-11.716 Z-365.925 F2000
G1 B134.6075572822412 F1000
G1 X-12.093 Y-11.716 Z-345.773 F2000
G1 B54.735610317245346 F1000
G1 X108.82 Y-132.629 Z-325.621 F2000
G1 B45.561748395800315 F1000
G1 X88.668 Y-112.477 Z-305.469 F2000
G1 B90.0 F1000
G1 X-12.093 Y-11.716 Z-285.317 F2000
G1 B125.26438968275465 F1000
G1 X-12.093 Y-11.716 Z-265.164 F2000
G1 B54.735610317245346 F1000
G1 X8.059 Y-31.868 Z-245.012 F2000
G1 B90.0 F1000
G1 X-12.093 Y-11.716 Z-224.86 F2000
G1 B90.0 F1000
G1 X-12.093 Y-11.716 Z-204.708 F2000
G1 B90.0 F1000
G1 X-12.093 Y-11.716 Z-184.556 F2000
G1 B90.0 F1000
G1 X-12.093 Y-11.716 Z-164.403 F2000
G1 B90.0 F1000
G1 X-12.093 Y-11.716 Z-144.251 F2000
G1 X-12.093 Y-11.716 Z-124.099 F2000
G1 X-19.275133243394247 Y-18.674229808947903 Z-124.099 F5000
M01
G1 X-19.275133243394247 Y-18.674229808947903 Z-708.513 F5000
M00
G1 B90.0 F1000
G1 X-12.093 Y-11.716 Z-708.513 F2000
G1 B90.0 F1000
G1 X-12.093 Y-11.716 Z-688.361 F2000
G1 B114.09463063147227 F1000
G1 X-12.093 Y-11.716 Z-668.209 F2000
G1 B114.09547828983996 F1000
G1 X28.211 Y-31.868 Z-648.056 F2000
G1 B64.12301441232998 F1000
G1 X68.516 Y-52.021 Z-627.904 F2000
G1 B90.0 F1000
G1 X-12.093 Y-11.716 Z-607.752 F2000
G1 B90.0 F1000
G1 X-12.093 Y-11.716 Z-587.6 F2000
G1 B90.0 F1000
G1 X-12.093 Y-11.716 Z-567.448 F2000
G1 B90.0 F1000
G1 X-12.093 Y-11.716 Z-547.295 F2000
G1 B90.0 F1000
G1 X-12.093 Y-11.716 Z-527.143 F2000
G1 B90.0 F1000
G1 X-12.093 Y-11.716 Z-506.991 F2000
G1 B90.0 F1000
G1 X-12.093 Y-11.716 Z-486.839 F2000
G1 B90.0 F1000
G1 X-12.093 Y-11.716 Z-466.687 F2000
G1 B90.0 F1000
G1 X-12.093 Y-11.716 Z-446.534 F2000
G1 B90.0 F1000
G1 X-12.093 Y-11.716 Z-426.382 F2000
G1 B90.0 F1000
G1 X-12.093 Y-11.716 Z-406.23 F2000
G1 B90.0 F1000
G1 X-12.093 Y-11.716 Z-386.078 F2000
G1 B90.0 F1000
G1 X-12.093 Y-11.716 Z-365.925 F2000
G1 B90.0 F1000
G1 X-12.093 Y-11.716 Z-345.773 F2000
G1 B90.0 F1000
G1 X-12.093 Y-11.716 Z-325.621 F2000
G1 B90.0 F1000
G1 X-12.093 Y-11.716 Z-305.469 F2000
G1 B122.31166167523385 F1000
G1 X-12.093 Y-11.716 Z-285.317 F2000
G1 B57.68820988381499 F1000
G1 X48.364 Y-52.021 Z-265.164 F2000
G1 B90.0 F1000
G1 X-12.093 Y-11.716 Z-245.012 F2000
G1 B90.0 F1000
G1 X-12.093 Y-11.716 Z-224.86 F2000
G1 B90.0 F1000
G1 X-12.093 Y-11.716 Z-204.708 F2000
G1 B90.0 F1000
G1 X-12.093 Y-11.716 Z-184.556 F2000
G1 B90.0 F1000
G1 X-12.093 Y-11.716 Z-164.403 F2000
G1 B90.0 F1000
G1 X-12.093 Y-11.716 Z-144.251 F2000
G1 X-12.093 Y-11.716 Z-124.099 F2000
G1 X-19.275133243394247 Y-18.674229808947903 Z-124.099 F5000
M01
G1 X-19.275133243394247 Y-18.674229808947903 Z-708.513 F5000
M00
G1 B90.0 F1000
G1 X-12.093 Y-11.716 Z-708.513 F2000
G1 B90.0 F1000
G1 X-12.093 Y-11.716 Z-688.361 F2000
G1 B107.54807367607582 F1000
G1 X-12.093 Y-11.716 Z-668.209 F2000
G1 B72.45184459019565 F1000
G1 X48.364 Y-31.868 Z-648.056 F2000
G1 B90.0 F1000
G1 X-12.093 Y-11.716 Z-627.904 F2000
G1 B90.0 F1000
G1 X-12.093 Y-11.716 Z-607.752 F2000
G1 B90.0 F1000
G1 X-12.093 Y-11.716 Z-587.6 F2000
G1 B90.0 F1000
G1 X-12.093 Y-11.716 Z-567.448 F2000
G1 B90.0 F1000
G1 X-12.093 Y-11.716 Z-547.295 F2000
G1 B90.0 F1000
G1 X-12.093 Y-11.716 Z-527.143 F2000
G1 B90.0 F1000
G1 X-12.093 Y-11.716 Z-506.991 F2000
G1 B90.0 F1000
G1 X-12.093 Y-11.716 Z-486.839 F2000
G1 B90.0 F1000
G1 X-12.093 Y-11.716 Z-466.687 F2000
G1 B90.0 F1000
G1 X-12.093 Y-11.716 Z-446.534 F2000
G1 B90.0 F1000
G1 X-12.093 Y-11.716 Z-426.382 F2000
G1 B90.0 F1000
G1 X-12.093 Y-11.716 Z-406.23 F2000
G1 B90.0 F1000
G1 X-12.093 Y-11.716 Z-386.078 F2000
G1 B90.0 F1000
G1 X-12.093 Y-11.716 Z-365.925 F2000
G1 B90.0 F1000
G1 X-12.093 Y-11.716 Z-345.773 F2000
G1 B90.0 F1000
G1 X-12.093 Y-11.716 Z-325.621 F2000
G1 B90.0 F1000
G1 X-12.093 Y-11.716 Z-305.469 F2000
G1 B90.0 F1000
G1 X-12.093 Y-11.716 Z-285.317 F2000
G1 B107.54815540980437 F1000
G1 X-12.093 Y-11.716 Z-265.164 F2000
G1 B72.45184459019563 F1000
G1 X48.364 Y-31.868 Z-245.012 F2000
G1 B90.0 F1000
G1 X-12.093 Y-11.716 Z-224.86 F2000
G1 B90.0 F1000
G1 X-12.093 Y-11.716 Z-204.708 F2000
G1 B90.0 F1000
G1 X-12.093 Y-11.716 Z-184.556 F2000
G1 B90.0 F1000
G1 X-12.093 Y-11.716 Z-164.403 F2000
G1 B90.0 F1000
G1 X-12.093 Y-11.716 Z-144.251 F2000
G1 X-12.093 Y-11.716 Z-124.099 F2000
G1 X-19.275133243394247 Y-18.674229808947903 Z-124.099 F5000
M01
G1 X-19.275133243394247 Y-18.674229808947903 Z-708.513 F5000
M00
G1 B90.0 F1000
G1 X-12.093 Y-11.716 Z-708.513 F2000
G1 B90.0 F1000
G1 X-12.093 Y-11.716 Z-688.361 F2000
G1 B90.0 F1000
G1 X-12.093 Y-11.716 Z-668.209 F2000
G1 B90.0 F1000
G1 X-12.093 Y-11.716 Z-648.056 F2000
G1 B90.0 F1000
G1 X-12.093 Y-11.716 Z-627.904 F2000
G1 B90.0 F1000
G1 X-12.093 Y-11.716 Z-607.752 F2000
G1 B90.0 F1000
G1 X-12.093 Y-11.716 Z-587.6 F2000
G1 B90.0 F1000
G1 X-12.093 Y-11.716 Z-567.448 F2000
G1 B90.0 F1000
G1 X-12.093 Y-11.716 Z-547.295 F2000
G1 B90.0 F1000
G1 X-12.093 Y-11.716 Z-527.143 F2000
G1 B90.0 F1000
G1 X-12.093 Y-11.716 Z-506.991 F2000
G1 B90.0 F1000
G1 X-12.093 Y-11.716 Z-486.839 F2000
G1 B90.0 F1000
G1 X-12.093 Y-11.716 Z-466.687 F2000
G1 B90.0 F1000
G1 X-12.093 Y-11.716 Z-446.534 F2000
G1 B90.0 F1000
G1 X-12.093 Y-11.716 Z-426.382 F2000
G1 B90.0 F1000
G1 X-12.093 Y-11.716 Z-406.23 F2000
G1 B90.0 F1000
G1 X-12.093 Y-11.716 Z-386.078 F2000
G1 B90.0 F1000
G1 X-12.093 Y-11.716 Z-365.925 F2000
G1 B90.0 F1000
G1 X-12.093 Y-11.716 Z-345.773 F2000
G1 B90.0 F1000
G1 X-12.093 Y-11.716 Z-325.621 F2000
G1 B90.0 F1000
G1 X-12.093 Y-11.716 Z-305.469 F2000
G1 B90.0 F1000
G1 X-12.093 Y-11.716 Z-285.317 F2000
G1 B90.0 F1000
G1 X-12.093 Y-11.716 Z-265.164 F2000
G1 B90.0 F1000
G1 X-12.093 Y-11.716 Z-245.012 F2000
G1 B90.0 F1000
G1 X-12.093 Y-11.716 Z-224.86 F2000
G1 B90.0 F1000
G1 X-12.093 Y-11.716 Z-204.708 F2000
G1 B90.0 F1000
G1 X-12.093 Y-11.716 Z-184.556 F2000
G1 B90.0 F1000
G1 X-12.093 Y-11.716 Z-164.403 F2000
G1 B90.0 F1000
G1 X-12.093 Y-11.716 Z-144.251 F2000
G1 X-12.093 Y-11.716 Z-124.099 F2000
G1 X-19.275133243394247 Y-18.674229808947903 Z-124.099 F5000
M01
G1 X-19.275133243394247 Y-18.674229808947903 Z-708.513 F5000
M00
G1 B90.0 F1000
G1 X-12.093 Y-11.716 Z-708.513 F2000
G1 B90.0 F1000
G1 X-12.093 Y-11.716 Z-688.361 F2000
G1 B90.0 F1000
G1 X-12.093 Y-11.716 Z-668.209 F2000
G1 B90.0 F1000
G1 X-12.093 Y-11.716 Z-648.056 F2000
G1 B90.0 F1000
G1 X-12.093 Y-11.716 Z-627.904 F2000
G1 B90.0 F1000
G1 X-12.093 Y-11.716 Z-607.752 F2000
G1 B90.0 F1000
G1 X-12.093 Y-11.716 Z-587.6 F2000
G1 B90.0 F1000
G1 X-12.093 Y-11.716 Z-567.448 F2000
G1 B90.0 F1000
G1 X-12.093 Y-11.716 Z-547.295 F2000
G1 B90.0 F1000
G1 X-12.093 Y-11.716 Z-527.143 F2000
G1 B90.0 F1000
G1 X-12.093 Y-11.716 Z-506.991 F2000
G1 B90.0 F1000
G1 X-12.093 Y-11.716 Z-486.839 F2000
G1 B90.0 F1000
G1 X-12.093 Y-11.716 Z-466.687 F2000
G1 B90.0 F1000
G1 X-12.093 Y-11.716 Z-446.534 F2000
G1 B90.0 F1000
G1 X-12.093 Y-11.716 Z-426.382 F2000
G1 B90.0 F1000
G1 X-12.093 Y-11.716 Z-406.23 F2000
G1 B90.0 F1000
G1 X-12.093 Y-11.716 Z-386.078 F2000
G1 B90.0 F1000
G1 X-12.093 Y-11.716 Z-365.925 F2000
G1 B90.0 F1000
G1 X-12.093 Y-11.716 Z-345.773 F2000
G1 B90.0 F1000
G1 X-12.093 Y-11.716 Z-325.621 F2000
G1 B90.0 F1000
G1 X-12.093 Y-11.716 Z-305.469 F2000
G1 B90.0 F1000
G1 X-12.093 Y-11.716 Z-285.317 F2000
G1 B90.0 F1000
G1 X-12.093 Y-11.716 Z-265.164 F2000
G1 B90.0 F1000
G1 X-12.093 Y-11.716 Z-245.012 F2000
G1 B90.0 F1000
G1 X-12.093 Y-11.716 Z-224.86 F2000
G1 B90.0 F1000
G1 X-12.093 Y-11.716 Z-204.708 F2000
G1 B90.0 F1000
G1 X-12.093 Y-11.716 Z-184.556 F2000
G1 B90.0 F1000
G1 X-12.093 Y-11.716 Z-164.403 F2000
G1 B90.0 F1000
G1 X-12.093 Y-11.716 Z-144.251 F2000
G1 X-12.093 Y-11.716 Z-124.099 F2000
G1 X-19.275133243394247 Y-18.674229808947903 Z-124.099 F5000
M01
G1 X-19.275133243394247 Y-18.674229808947903 Z-708.513 F5000
M00
G1 B90.0 F1000
G1 X-12.093 Y-11.716 Z-708.513 F2000
G1 B90.0 F1000
G1 X-12.093 Y-11.716 Z-688.361 F2000
G1 B64.12363830407588 F1000
G1 X-12.093 Y-11.716 Z-668.209 F2000
G1 B115.87642736887832 F1000
G1 X68.516 Y28.588 Z-648.056 F2000
G1 B90.0 F1000
G1 X-12.093 Y-11.716 Z-627.904 F2000
G1 B90.0 F1000
G1 X-12.093 Y-11.716 Z-607.752 F2000
G1 B90.0 F1000
G1 X-12.093 Y-11.716 Z-587.6 F2000
G1 B61.09441870527819 F1000
G1 X-12.093 Y-11.716 Z-567.448 F2000
G1 B90.0 F1000
G1 X169.277 Y89.045 Z-547.295 F2000
G1 B90.0 F1000
G1 X169.277 Y89.045 Z-527.143 F2000
G1 B118.90559596656023 F1000
G1 X169.277 Y89.045 Z-506.991 F2000
G1 B90.0 F1000
G1 X-12.093 Y-11.716 Z-486.839 F2000
G1 B90.0 F1000
G1 X-12.093 Y-11.716 Z-466.687 F2000
G1 B90.0 F1000
G1 X-12.093 Y-11.716 Z-446.534 F2000
G1 B90.0 F1000
G1 X-12.093 Y-11.716 Z-426.382 F2000
G1 B61.094404033439766 F1000
G1 X-12.093 Y-11.716 Z-406.23 F2000
G1 B90.0 F1000
G1 X169.277 Y89.045 Z-386.078 F2000
G1 B118.90559596656023 F1000
G1 X169.277 Y89.045 Z-365.925 F2000
G1 B90.0 F1000
G1 X-12.093 Y-11.716 Z-345.773 F2000
G1 B90.0 F1000
G1 X-12.093 Y-11.716 Z-325.621 F2000
G1 B90.0 F1000
G1 X-12.093 Y-11.716 Z-305.469 F2000
G1 B90.0 F1000
G1 X-12.093 Y-11.716 Z-285.317 F2000
G1 B64.12357263112169 F1000
G1 X-12.093 Y-11.716 Z-265.164 F2000
G1 B115.87642736887832 F1000
G1 X68.516 Y28.588 Z-245.012 F2000
G1 B90.0 F1000
G1 X-12.093 Y-11.716 Z-224.86 F2000
G1 B90.0 F1000
G1 X-12.093 Y-11.716 Z-204.708 F2000
G1 B90.0 F1000
G1 X-12.093 Y-11.716 Z-184.556 F2000
G1 B90.0 F1000
G1 X-12.093 Y-11.716 Z-164.403 F2000
G1 B90.0 F1000
G1 X-12.093 Y-11.716 Z-144.251 F2000
G1 X-12.093 Y-11.716 Z-124.099 F2000
G1 X-19.275133243394247 Y-18.674229808947903 Z-124.099 F5000
M01
G1 X-19.275133243394247 Y-18.674229808947903 Z-708.513 F5000
M00
G1 B90.0 F1000
G1 X-12.093 Y-11.716 Z-708.513 F2000
G1 B36.69877109492258 F1000
G1 X-12.093 Y-11.716 Z-688.361 F2000
G1 B54.73695056119048 F1000
G1 X28.211 Y48.741 Z-668.209 F2000
G1 B90.0 F1000
G1 X48.364 Y68.893 Z-648.056 F2000
G1 B54.73561031724538 F1000
G1 X48.364 Y68.893 Z-627.904 F2000
G1 B54.735610317245296 F1000
G1 X68.516 Y89.045 Z-607.752 F2000
G1 B139.64086356982136 F1000
G1 X88.668 Y109.197 Z-587.6 F2000
G1 B90.0 F1000
G1 X-12.093 Y-11.716 Z-567.448 F2000
G1 B90.0 F1000
G1 X-12.093 Y-11.716 Z-547.295 F2000
G1 B90.0 F1000
G1 X-12.093 Y-11.716 Z-527.143 F2000
G1 B90.0 F1000
G1 X-12.093 Y-11.716 Z-506.991 F2000
G1 B90.0 F1000
G1 X-12.093 Y-11.716 Z-486.839 F2000
G1 B90.0 F1000
G1 X-12.093 Y-11.716 Z-466.687 F2000
G1 B90.0 F1000
G1 X-12.093 Y-11.716 Z-446.534 F2000
G1 B90.0 F1000
G1 X-12.093 Y-11.716 Z-426.382 F2000
G1 B90.0 F1000
G1 X-12.093 Y-11.716 Z-406.23 F2000
G1 B90.0 F1000
G1 X-12.093 Y-11.716 Z-386.078 F2000
G1 B90.0 F1000
G1 X-12.093 Y-11.716 Z-365.925 F2000
G1 B90.0 F1000
G1 X-12.093 Y-11.716 Z-345.773 F2000
G1 B90.0 F1000
G1 X-12.093 Y-11.716 Z-325.621 F2000
G1 B90.0 F1000
G1 X-12.093 Y-11.716 Z-305.469 F2000
G1 B38.329025582594525 F1000
G1 X-12.093 Y-11.716 Z-285.317 F2000
G1 B90.0 F1000
G1 X48.364 Y68.893 Z-265.164 F2000
G1 B125.26371954138457 F1000
G1 X48.364 Y68.893 Z-245.012 F2000
G1 B143.30122890507744 F1000
G1 X28.211 Y48.741 Z-224.86 F2000
G1 B90.0 F1000
G1 X-12.093 Y-11.716 Z-204.708 F2000
G1 B90.0 F1000
G1 X-12.093 Y-11.716 Z-184.556 F2000
G1 B90.0 F1000
G1 X-12.093 Y-11.716 Z-164.403 F2000
G1 B90.0 F1000
G1 X-12.093 Y-11.716 Z-144.251 F2000
G1 X-12.093 Y-11.716 Z-124.099 F2000
G1 X-19.275133243394247 Y-18.674229808947903 Z-124.099 F5000
M01
G1 X-19.275133243394247 Y-18.674229808947903 Z-708.513 F5000
M00
G1 B90.0 F1000
G1 X-12.093 Y-11.716 Z-708.513 F2000
G1 B90.0 F1000
G1 X-12.093 Y-11.716 Z-688.361 F2000
G1 B90.0 F1000
G1 X-12.093 Y-11.716 Z-668.209 F2000
G1 B90.0 F1000
G1 X-12.093 Y-11.716 Z-648.056 F2000
G1 B90.0 F1000
G1 X-12.093 Y-11.716 Z-627.904 F2000
G1 B90.0 F1000
G1 X-12.093 Y-11.716 Z-607.752 F2000
G1 B24.61361172582509 F1000
G1 X-12.093 Y-11.716 Z-587.6 F2000
G1 B90.0 F1000
G1 X68.516 Y169.654 Z-567.448 F2000
G1 B155.38638827417492 F1000
G1 X68.516 Y169.654 Z-547.295 F2000
G1 B90.0 F1000
G1 X-12.093 Y-11.716 Z-527.143 F2000
G1 B90.0 F1000
G1 X-12.093 Y-11.716 Z-506.991 F2000
G1 B90.0 F1000
G1 X-12.093 Y-11.716 Z-486.839 F2000
G1 B90.0 F1000
G1 X-12.093 Y-11.716 Z-466.687 F2000
G1 B90.0 F1000
G1 X-12.093 Y-11.716 Z-446.534 F2000
G1 B90.0 F1000
G1 X-12.093 Y-11.716 Z-426.382 F2000
G1 B90.0 F1000
G1 X-12.093 Y-11.716 Z-406.23 F2000
G1 B90.0 F1000
G1 X-12.093 Y-11.716 Z-386.078 F2000
G1 B24.61361172582509 F1000
G1 X-12.093 Y-11.716 Z-365.925 F2000
G1 B125.26438968275461 F1000
G1 X68.516 Y169.654 Z-345.773 F2000
G1 B158.43182196512404 F1000
G1 X48.364 Y149.502 Z-325.621 F2000
G1 B90.0 F1000
G1 X-12.093 Y-11.716 Z-305.469 F2000
G1 B90.0 F1000
G1 X-12.093 Y-11.716 Z-285.317 F2000
G1 B25.239036292457637 F1000
G1 X-12.093 Y-11.716 Z-265.164 F2000
G1 B154.76096370754237 F1000
G1 X8.059 Y48.741 Z-245.012 F2000
G1 B90.0 F1000
G1 X-12.093 Y-11.716 Z-224.86 F2000
G1 B90.0 F1000
G1 X-12.093 Y-11.716 Z-204.708 F2000
G1 B90.0 F1000
G1 X-12.093 Y-11.716 Z-184.556 F2000
G1 B90.0 F1000
G1 X-12.093 Y-11.716 Z-164.403 F2000
G1 B90.0 F1000
G1 X-12.093 Y-11.716 Z-144.251 F2000
G1 X-12.093 Y-11.716 Z-124.099 F2000
G1 X-19.275133243394247 Y-18.674229808947903 Z-124.099 F5000
M01
G1 X-19.275133243394247 Y-18.674229808947903 Z-708.513 F5000
M00
G1 B90.0 F1000
G1 X-12.093 Y-11.716 Z-708.513 F2000
G1 B90.0 F1000
G1 X-12.093 Y-11.716 Z-688.361 F2000
G1 B90.0 F1000
G1 X-12.093 Y-11.716 Z-668.209 F2000
G1 B90.0 F1000
G1 X-12.093 Y-11.716 Z-648.056 F2000
G1 B10.02486601915212 F1000
G1 X-12.093 Y-11.716 Z-627.904 F2000
G1 B90.0 F1000
G1 X8.059 Y149.502 Z-607.752 F2000
G1 B90.0 F1000
G1 X8.059 Y149.502 Z-587.6 F2000
G1 B45.00142155512972 F1000
G1 X8.059 Y149.502 Z-567.448 F2000
G1 B171.06995505136555 F1000
G1 X8.059 Y169.654 Z-547.295 F2000
G1 B90.0 F1000
G1 X-12.093 Y-11.716 Z-527.143 F2000
G1 B90.0 F1000
G1 X-12.093 Y-11.716 Z-506.991 F2000
G1 B90.0 F1000
G1 X-12.093 Y-11.716 Z-486.839 F2000
G1 B90.0 F1000
G1 X-12.093 Y-11.716 Z-466.687 F2000
G1 B90.0 F1000
G1 X-12.093 Y-11.716 Z-446.534 F2000
G1 B90.0 F1000
G1 X-12.093 Y-11.716 Z-426.382 F2000
G1 B90.0 F1000
G1 X-12.093 Y-11.716 Z-406.23 F2000
G1 B90.0 F1000
G1 X-12.093 Y-11.716 Z-386.078 F2000
G1 B90.0 F1000
G1 X-12.093 Y-11.716 Z-365.925 F2000
G1 B10.02486601915212 F1000
G1 X-12.093 Y-11.716 Z-345.773 F2000
G1 B90.0 F1000
G1 X8.059 Y149.502 Z-325.621 F2000
G1 B169.9751339808479 F1000
G1 X8.059 Y149.502 Z-305.469 F2000
G1 B90.0 F1000
G1 X-12.093 Y-11.716 Z-285.317 F2000
G1 B90.0 F1000
G1 X-12.093 Y-11.716 Z-265.164 F2000
G1 B90.0 F1000
G1 X-12.093 Y-11.716 Z-245.012 F2000
G1 B90.0 F1000
G1 X-12.093 Y-11.716 Z-224.86 F2000
G1 B90.0 F1000
G1 X-12.093 Y-11.716 Z-204.708 F2000
G1 B90.0 F1000
G1 X-12.093 Y-11.716 Z-184.556 F2000
G1 B90.0 F1000
G1 X-12.093 Y-11.716 Z-164.403 F2000
G1 B90.0 F1000
G1 X-12.093 Y-11.716 Z-144.251 F2000
G1 X-12.093 Y-11.716 Z-124.099 F2000
G1 X-19.275133243394247 Y-18.674229808947903 Z-124.099 F5000
M01
G1 X-19.275133243394247 Y-18.674229808947903 Z-708.513 F5000
M00
G1 B90.0 F1000
G1 X-12.093 Y-11.716 Z-708.513 F2000
G1 B90.0 F1000
G1 X-12.093 Y-11.716 Z-688.361 F2000
G1 B25.239584590766786 F1000
G1 X-12.093 Y-11.716 Z-668.209 F2000
G1 B154.76096370754234 F1000
G1 X-32.245 Y48.741 Z-648.056 F2000
G1 B90.0 F1000
G1 X-12.093 Y-11.716 Z-627.904 F2000
G1 B90.0 F1000
G1 X-12.093 Y-11.716 Z-607.752 F2000
G1 B10.02486601915212 F1000
G1 X-12.093 Y-11.716 Z-587.6 F2000
G1 B169.97489029206918 F1000
G1 X-32.245 Y149.502 Z-567.448 F2000
G1 B90.0 F1000
G1 X-12.093 Y-11.716 Z-547.295 F2000
G1 B90.0 F1000
G1 X-12.093 Y-11.716 Z-527.143 F2000
G1 B90.0 F1000
G1 X-12.093 Y-11.716 Z-506.991 F2000
G1 B90.0 F1000
G1 X-12.093 Y-11.716 Z-486.839 F2000
G1 B90.0 F1000
G1 X-12.093 Y-11.716 Z-466.687 F2000
G1 B90.0 F1000
G1 X-12.093 Y-11.716 Z-446.534 F2000
G1 B90.0 F1000
G1 X-12.093 Y-11.716 Z-426.382 F2000
G1 B90.0 F1000
G1 X-12.093 Y-11.716 Z-406.23 F2000
G1 B90.0 F1000
G1 X-12.093 Y-11.716 Z-386.078 F2000
G1 B90.0 F1000
G1 X-12.093 Y-11.716 Z-365.925 F2000
G1 B90.0 F1000
G1 X-12.093 Y-11.716 Z-345.773 F2000
G1 B90.0 F1000
G1 X-12.093 Y-11.716 Z-325.621 F2000
G1 B90.0 F1000
G1 X-12.093 Y-11.716 Z-305.469 F2000
G1 B19.471444018334374 F1000
G1 X-12.093 Y-11.716 Z-285.317 F2000
G1 B135.00000000000003 F1000
G1 X-32.245 Y68.893 Z-265.164 F2000
G1 B154.76096370754237 F1000
G1 X-32.245 Y48.741 Z-245.012 F2000
G1 B90.0 F1000
G1 X-12.093 Y-11.716 Z-224.86 F2000
G1 B90.0 F1000
G1 X-12.093 Y-11.716 Z-204.708 F2000
G1 B90.0 F1000
G1 X-12.093 Y-11.716 Z-184.556 F2000
G1 B90.0 F1000
G1 X-12.093 Y-11.716 Z-164.403 F2000
G1 B90.0 F1000
G1 X-12.093 Y-11.716 Z-144.251 F2000
G1 X-12.093 Y-11.716 Z-124.099 F2000
G1 X-19.275133243394247 Y-18.674229808947903 Z-124.099 F5000
M01
G1 X-19.275133243394247 Y-18.674229808947903 Z-708.513 F5000
M00
G1 B90.0 F1000
G1 X-12.093 Y-11.716 Z-708.513 F2000
G1 B90.0 F1000
G1 X-12.093 Y-11.716 Z-688.361 F2000
G1 B90.0 F1000
G1 X-12.093 Y-11.716 Z-668.209 F2000
G1 B29.206113890184337 F1000
G1 X-12.093 Y-11.716 Z-648.056 F2000
G1 B35.264389682754675 F1000
G1 X-52.398 Y68.893 Z-627.904 F2000
G1 B152.2085379924978 F1000
G1 X-72.55 Y109.197 Z-607.752 F2000
G1 B90.0 F1000
G1 X-12.093 Y-11.716 Z-587.6 F2000
G1 B90.0 F1000
G1 X-12.093 Y-11.716 Z-567.448 F2000
G1 B90.0 F1000
G1 X-12.093 Y-11.716 Z-547.295 F2000
G1 B90.0 F1000
G1 X-12.093 Y-11.716 Z-527.143 F2000
G1 B90.0 F1000
G1 X-12.093 Y-11.716 Z-506.991 F2000
G1 B90.0 F1000
G1 X-12.093 Y-11.716 Z-486.839 F2000
G1 B90.0 F1000
G1 X-12.093 Y-11.716 Z-466.687 F2000
G1 B90.0 F1000
G1 X-12.093 Y-11.716 Z-446.534 F2000
G1 B90.0 F1000
G1 X-12.093 Y-11.716 Z-426.382 F2000
G1 B90.0 F1000
G1 X-12.093 Y-11.716 Z-406.23 F2000
G1 B90.0 F1000
G1 X-12.093 Y-11.716 Z-386.078 F2000
G1 B90.0 F1000
G1 X-12.093 Y-11.716 Z-365.925 F2000
G1 B90.0 F1000
G1 X-12.093 Y-11.716 Z-345.773 F2000
G1 B27.791462007502197 F1000
G1 X-12.093 Y-11.716 Z-325.621 F2000
G1 B144.73561031724537 F1000
G1 X-72.55 Y109.197 Z-305.469 F2000
G1 B150.7936439220397 F1000
G1 X-52.398 Y68.893 Z-285.317 F2000
G1 B90.0 F1000
G1 X-12.093 Y-11.716 Z-265.164 F2000
G1 B90.0 F1000
G1 X-12.093 Y-11.716 Z-245.012 F2000
G1 B90.0 F1000
G1 X-12.093 Y-11.716 Z-224.86 F2000
G1 B90.0 F1000
G1 X-12.093 Y-11.716 Z-204.708 F2000
G1 B90.0 F1000
G1 X-12.093 Y-11.716 Z-184.556 F2000
G1 B90.0 F1000
G1 X-12.093 Y-11.716 Z-164.403 F2000
G1 B90.0 F1000
G1 X-12.093 Y-11.716 Z-144.251 F2000
G1 X-12.093 Y-11.716 Z-124.099 F2000
G1 X-19.275133243394247 Y-18.674229808947903 Z-124.099 F5000
M01
G1 X-19.275133243394247 Y-18.674229808947903 Z-708.513 F5000
M00
G1 B90.0 F1000
G1 X-12.093 Y-11.716 Z-708.513 F2000
G1 B90.0 F1000
G1 X-12.093 Y-11.716 Z-688.361 F2000
G1 B90.0 F1000
G1 X-12.093 Y-11.716 Z-668.209 F2000
G1 B90.0 F1000
G1 X-12.093 Y-11.716 Z-648.056 F2000
G1 B90.0 F1000
G1 X-12.093 Y-11.716 Z-627.904 F2000
G1 B90.0 F1000
G1 X-12.093 Y-11.716 Z-607.752 F2000
G1 B90.0 F1000
G1 X-12.093 Y-11.716 Z-587.6 F2000
G1 B90.0 F1000
G1 X-12.093 Y-11.716 Z-567.448 F2000
G1 B90.0 F1000
G1 X-12.093 Y-11.716 Z-547.295 F2000
G1 B90.0 F1000
G1 X-12.093 Y-11.716 Z-527.143 F2000
G1 B90.0 F1000
G1 X-12.093 Y-11.716 Z-506.991 F2000
G1 B90.0 F1000
G1 X-12.093 Y-11.716 Z-486.839 F2000
G1 B90.0 F1000
G1 X-12.093 Y-11.716 Z-466.687 F2000
G1 B90.0 F1000
G1 X-12.093 Y-11.716 Z-446.534 F2000
G1 B90.0 F1000
G1 X-12.093 Y-11.716 Z-426.382 F2000
G1 B90.0 F1000
G1 X-12.093 Y-11.716 Z-406.23 F2000
G1 B90.0 F1000
G1 X-12.093 Y-11.716 Z-386.078 F2000
G1 B90.0 F1000
G1 X-12.093 Y-11.716 Z-365.925 F2000
G1 B90.0 F1000
G1 X-12.093 Y-11.716 Z-345.773 F2000
G1 B90.0 F1000
G1 X-12.093 Y-11.716 Z-325.621 F2000
G1 B90.0 F1000
G1 X-12.093 Y-11.716 Z-305.469 F2000
G1 B90.0 F1000
G1 X-12.093 Y-11.716 Z-285.317 F2000
G1 B90.0 F1000
G1 X-12.093 Y-11.716 Z-265.164 F2000
G1 B90.0 F1000
G1 X-12.093 Y-11.716 Z-245.012 F2000
G1 B90.0 F1000
G1 X-12.093 Y-11.716 Z-224.86 F2000
G1 B90.0 F1000
G1 X-12.093 Y-11.716 Z-204.708 F2000
G1 B90.0 F1000
G1 X-12.093 Y-11.716 Z-184.556 F2000
G1 B90.0 F1000
G1 X-12.093 Y-11.716 Z-164.403 F2000
G1 B90.0 F1000
G1 X-12.093 Y-11.716 Z-144.251 F2000
G1 X-12.093 Y-11.716 Z-124.099 F2000
G1 X-19.275133243394247 Y-18.674229808947903 Z-124.099 F5000
M01
G1 X-19.275133243394247 Y-18.674229808947903 Z-708.513 F5000
M00
G1 B90.0 F1000
G1 X-12.093 Y-11.716 Z-708.513 F2000
G1 B90.0 F1000
G1 X-12.093 Y-11.716 Z-688.361 F2000
G1 B90.0 F1000
G1 X-12.093 Y-11.716 Z-668.209 F2000
G1 B90.0 F1000
G1 X-12.093 Y-11.716 Z-648.056 F2000
G1 B90.0 F1000
G1 X-12.093 Y-11.716 Z-627.904 F2000
G1 B90.0 F1000
G1 X-12.093 Y-11.716 Z-607.752 F2000
G1 B90.0 F1000
G1 X-12.093 Y-11.716 Z-587.6 F2000
G1 B90.0 F1000
G1 X-12.093 Y-11.716 Z-567.448 F2000
G1 B90.0 F1000
G1 X-12.093 Y-11.716 Z-547.295 F2000
G1 B90.0 F1000
G1 X-12.093 Y-11.716 Z-527.143 F2000
G1 B90.0 F1000
G1 X-12.093 Y-11.716 Z-506.991 F2000
G1 B90.0 F1000
G1 X-12.093 Y-11.716 Z-486.839 F2000
G1 B90.0 F1000
G1 X-12.093 Y-11.716 Z-466.687 F2000
G1 B90.0 F1000
G1 X-12.093 Y-11.716 Z-446.534 F2000
G1 B90.0 F1000
G1 X-12.093 Y-11.716 Z-426.382 F2000
G1 B90.0 F1000
G1 X-12.093 Y-11.716 Z-406.23 F2000
G1 B90.0 F1000
G1 X-12.093 Y-11.716 Z-386.078 F2000
G1 B90.0 F1000
G1 X-12.093 Y-11.716 Z-365.925 F2000
G1 B90.0 F1000
G1 X-12.093 Y-11.716 Z-345.773 F2000
G1 B90.0 F1000
G1 X-12.093 Y-11.716 Z-325.621 F2000
G1 B90.0 F1000
G1 X-12.093 Y-11.716 Z-305.469 F2000
G1 B90.0 F1000
G1 X-12.093 Y-11.716 Z-285.317 F2000
G1 B90.0 F1000
G1 X-12.093 Y-11.716 Z-265.164 F2000
G1 B90.0 F1000
G1 X-12.093 Y-11.716 Z-245.012 F2000
G1 B90.0 F1000
G1 X-12.093 Y-11.716 Z-224.86 F2000
G1 B90.0 F1000
G1 X-12.093 Y-11.716 Z-204.708 F2000
G1 B90.0 F1000
G1 X-12.093 Y-11.716 Z-184.556 F2000
G1 B90.0 F1000
G1 X-12.093 Y-11.716 Z-164.403 F2000
G1 B90.0 F1000
G1 X-12.093 Y-11.716 Z-144.251 F2000
G1 X-12.093 Y-11.716 Z-124.099 F2000
G1 X-19.275133243394247 Y-18.674229808947903 Z-124.099 F5000
M01
G1 X-19.275133243394247 Y-18.674229808947903 Z-708.513 F5000
M00
G1 B90.0 F1000
G1 X-12.093 Y-11.716 Z-708.513 F2000
G1 B90.0 F1000
G1 X-12.093 Y-11.716 Z-688.361 F2000
G1 B90.0 F1000
G1 X-12.093 Y-11.716 Z-668.209 F2000
G1 B90.0 F1000
G1 X-12.093 Y-11.716 Z-648.056 F2000
G1 B90.0 F1000
G1 X-12.093 Y-11.716 Z-627.904 F2000
G1 B90.0 F1000
G1 X-12.093 Y-11.716 Z-607.752 F2000
G1 B90.0 F1000
G1 X-12.093 Y-11.716 Z-587.6 F2000
G1 B90.0 F1000
G1 X-12.093 Y-11.716 Z-567.448 F2000
G1 B90.0 F1000
G1 X-12.093 Y-11.716 Z-547.295 F2000
G1 B71.67014964880025 F1000
G1 X-12.093 Y-11.716 Z-527.143 F2000
G1 B90.0 F1000
G1 X-193.463 Y48.741 Z-506.991 F2000
G1 B108.32985035119975 F1000
G1 X-193.463 Y48.741 Z-486.839 F2000
G1 B90.0 F1000
G1 X-12.093 Y-11.716 Z-466.687 F2000
G1 B71.67014964880025 F1000
G1 X-12.093 Y-11.716 Z-446.534 F2000
G1 B108.32985035119975 F1000
G1 X-193.463 Y48.741 Z-426.382 F2000
G1 B90.0 F1000
G1 X-12.093 Y-11.716 Z-406.23 F2000
G1 B90.0 F1000
G1 X-12.093 Y-11.716 Z-386.078 F2000
G1 B90.0 F1000
G1 X-12.093 Y-11.716 Z-365.925 F2000
G1 B90.0 F1000
G1 X-12.093 Y-11.716 Z-345.773 F2000
G1 B90.0 F1000
G1 X-12.093 Y-11.716 Z-325.621 F2000
G1 B90.0 F1000
G1 X-12.093 Y-11.716 Z-305.469 F2000
G1 B90.0 F1000
G1 X-12.093 Y-11.716 Z-285.317 F2000
G1 B90.0 F1000
G1 X-12.093 Y-11.716 Z-265.164 F2000
G1 B90.0 F1000
G1 X-12.093 Y-11.716 Z-245.012 F2000
G1 B90.0 F1000
G1 X-12.093 Y-11.716 Z-224.86 F2000
G1 B90.0 F1000
G1 X-12.093 Y-11.716 Z-204.708 F2000
G1 B90.0 F1000
G1 X-12.093 Y-11.716 Z-184.556 F2000
G1 B90.0 F1000
G1 X-12.093 Y-11.716 Z-164.403 F2000
G1 B90.0 F1000
G1 X-12.093 Y-11.716 Z-144.251 F2000
G1 X-12.093 Y-11.716 Z-124.099 F2000
G1 X-19.275133243394247 Y-18.674229808947903 Z-124.099 F5000
M01
G1 X-19.275133243394247 Y-18.674229808947903 Z-708.513 F5000
M00
G1 B90.0 F1000
G1 X-12.093 Y-11.716 Z-708.513 F2000
G1 B90.0 F1000
G1 X-12.093 Y-11.716 Z-688.361 F2000
G1 B90.0 F1000
G1 X-12.093 Y-11.716 Z-668.209 F2000
G1 B90.0 F1000
G1 X-12.093 Y-11.716 Z-648.056 F2000
G1 B90.0 F1000
G1 X-12.093 Y-11.716 Z-627.904 F2000
G1 B90.0 F1000
G1 X-12.093 Y-11.716 Z-607.752 F2000
G1 B90.0 F1000
G1 X-12.093 Y-11.716 Z-587.6 F2000
G1 B90.0 F1000
G1 X-12.093 Y-11.716 Z-567.448 F2000
G1 B90.0 F1000
G1 X-12.093 Y-11.716 Z-547.295 F2000
G1 B90.0 F1000
G1 X-12.093 Y-11.716 Z-527.143 F2000
G1 B90.0 F1000
G1 X-12.093 Y-11.716 Z-506.991 F2000
G1 B90.0 F1000
G1 X-12.093 Y-11.716 Z-486.839 F2000
G1 B90.0 F1000
G1 X-12.093 Y-11.716 Z-466.687 F2000
G1 B90.0 F1000
G1 X-12.093 Y-11.716 Z-446.534 F2000
G1 B90.0 F1000
G1 X-12.093 Y-11.716 Z-426.382 F2000
G1 B90.0 F1000
G1 X-12.093 Y-11.716 Z-406.23 F2000
G1 B90.0 F1000
G1 X-12.093 Y-11.716 Z-386.078 F2000
G1 B90.0 F1000
G1 X-12.093 Y-11.716 Z-365.925 F2000
G1 B90.0 F1000
G1 X-12.093 Y-11.716 Z-345.773 F2000
G1 B90.0 F1000
G1 X-12.093 Y-11.716 Z-325.621 F2000
G1 B90.0 F1000
G1 X-12.093 Y-11.716 Z-305.469 F2000
G1 B90.0 F1000
G1 X-12.093 Y-11.716 Z-285.317 F2000
G1 B90.0 F1000
G1 X-12.093 Y-11.716 Z-265.164 F2000
G1 B90.0 F1000
G1 X-12.093 Y-11.716 Z-245.012 F2000
G1 B90.0 F1000
G1 X-12.093 Y-11.716 Z-224.86 F2000
G1 B90.0 F1000
G1 X-12.093 Y-11.716 Z-204.708 F2000
G1 B90.0 F1000
G1 X-12.093 Y-11.716 Z-184.556 F2000
G1 B90.0 F1000
G1 X-12.093 Y-11.716 Z-164.403 F2000
G1 B90.0 F1000
G1 X-12.093 Y-11.716 Z-144.251 F2000
G1 X-12.093 Y-11.716 Z-124.099 F2000
G1 X-19.275133243394247 Y-18.674229808947903 Z-124.099 F5000
M01
G1 X-19.275133243394247 Y-18.674229808947903 Z-708.513 F5000
M00
G1 B90.0 F1000
G1 X-12.093 Y-11.716 Z-708.513 F2000
G1 B90.0 F1000
G1 X-12.093 Y-11.716 Z-688.361 F2000
G1 B90.0 F1000
G1 X-12.093 Y-11.716 Z-668.209 F2000
G1 B90.0 F1000
G1 X-12.093 Y-11.716 Z-648.056 F2000
G1 B90.0 F1000
G1 X-12.093 Y-11.716 Z-627.904 F2000
G1 B90.0 F1000
G1 X-12.093 Y-11.716 Z-607.752 F2000
G1 B90.0 F1000
G1 X-12.093 Y-11.716 Z-587.6 F2000
G1 B90.0 F1000
G1 X-12.093 Y-11.716 Z-567.448 F2000
G1 B90.0 F1000
G1 X-12.093 Y-11.716 Z-547.295 F2000
G1 B90.0 F1000
G1 X-12.093 Y-11.716 Z-527.143 F2000
G1 B90.0 F1000
G1 X-12.093 Y-11.716 Z-506.991 F2000
G1 B90.0 F1000
G1 X-12.093 Y-11.716 Z-486.839 F2000
G1 B90.0 F1000
G1 X-12.093 Y-11.716 Z-466.687 F2000
G1 B90.0 F1000
G1 X-12.093 Y-11.716 Z-446.534 F2000
G1 B90.0 F1000
G1 X-12.093 Y-11.716 Z-426.382 F2000
G1 B90.0 F1000
G1 X-12.093 Y-11.716 Z-406.23 F2000
G1 B90.0 F1000
G1 X-12.093 Y-11.716 Z-386.078 F2000
G1 B90.0 F1000
G1 X-12.093 Y-11.716 Z-365.925 F2000
G1 B90.0 F1000
G1 X-12.093 Y-11.716 Z-345.773 F2000
G1 B90.0 F1000
G1 X-12.093 Y-11.716 Z-325.621 F2000
G1 B90.0 F1000
G1 X-12.093 Y-11.716 Z-305.469 F2000
G1 B90.0 F1000
G1 X-12.093 Y-11.716 Z-285.317 F2000
G1 B90.0 F1000
G1 X-12.093 Y-11.716 Z-265.164 F2000
G1 B90.0 F1000
G1 X-12.093 Y-11.716 Z-245.012 F2000
G1 B90.0 F1000
G1 X-12.093 Y-11.716 Z-224.86 F2000
G1 B90.0 F1000
G1 X-12.093 Y-11.716 Z-204.708 F2000
G1 B90.0 F1000
G1 X-12.093 Y-11.716 Z-184.556 F2000
G1 B90.0 F1000
G1 X-12.093 Y-11.716 Z-164.403 F2000
G1 B90.0 F1000
G1 X-12.093 Y-11.716 Z-144.251 F2000
G1 X-12.093 Y-11.716 Z-124.099 F2000
G1 X-19.275133243394247 Y-18.674229808947903 Z-124.099 F5000
M01
G1 X-19.275133243394247 Y-18.674229808947903 Z-708.513 F5000
M00
G1 B90.0 F1000
G1 X-12.093 Y-11.716 Z-708.513 F2000
G1 B90.0 F1000
G1 X-12.093 Y-11.716 Z-688.361 F2000
G1 B90.0 F1000
G1 X-12.093 Y-11.716 Z-668.209 F2000
G1 B90.0 F1000
G1 X-12.093 Y-11.716 Z-648.056 F2000
G1 B90.0 F1000
G1 X-12.093 Y-11.716 Z-627.904 F2000
G1 B90.0 F1000
G1 X-12.093 Y-11.716 Z-607.752 F2000
G1 B90.0 F1000
G1 X-12.093 Y-11.716 Z-587.6 F2000
G1 B90.0 F1000
G1 X-12.093 Y-11.716 Z-567.448 F2000
G1 B90.0 F1000
G1 X-12.093 Y-11.716 Z-547.295 F2000
G1 B90.0 F1000
G1 X-12.093 Y-11.716 Z-527.143 F2000
G1 B90.0 F1000
G1 X-12.093 Y-11.716 Z-506.991 F2000
G1 B90.0 F1000
G1 X-12.093 Y-11.716 Z-486.839 F2000
G1 B90.0 F1000
G1 X-12.093 Y-11.716 Z-466.687 F2000
G1 B90.0 F1000
G1 X-12.093 Y-11.716 Z-446.534 F2000
G1 B90.0 F1000
G1 X-12.093 Y-11.716 Z-426.382 F2000
G1 B90.0 F1000
G1 X-12.093 Y-11.716 Z-406.23 F2000
G1 B90.0 F1000
G1 X-12.093 Y-11.716 Z-386.078 F2000
G1 B90.0 F1000
G1 X-12.093 Y-11.716 Z-365.925 F2000
G1 B90.0 F1000
G1 X-12.093 Y-11.716 Z-345.773 F2000
G1 B90.0 F1000
G1 X-12.093 Y-11.716 Z-325.621 F2000
G1 B90.0 F1000
G1 X-12.093 Y-11.716 Z-305.469 F2000
G1 B90.0 F1000
G1 X-12.093 Y-11.716 Z-285.317 F2000
G1 B90.0 F1000
G1 X-12.093 Y-11.716 Z-265.164 F2000
G1 B90.0 F1000
G1 X-12.093 Y-11.716 Z-245.012 F2000
G1 B90.0 F1000
G1 X-12.093 Y-11.716 Z-224.86 F2000
G1 B90.0 F1000
G1 X-12.093 Y-11.716 Z-204.708 F2000
G1 B90.0 F1000
G1 X-12.093 Y-11.716 Z-184.556 F2000
G1 B90.0 F1000
G1 X-12.093 Y-11.716 Z-164.403 F2000
G1 B90.0 F1000
G1 X-12.093 Y-11.716 Z-144.251 F2000
G1 X-12.093 Y-11.716 Z-124.099 F2000
G1 X-19.275133243394247 Y-18.674229808947903 Z-124.099 F5000
M01
G1 X-19.275133243394247 Y-18.674229808947903 Z-708.513 F5000
M00
G1 B90.0 F1000
G1 X-12.093 Y-11.716 Z-708.513 F2000
G1 B90.0 F1000
G1 X-12.093 Y-11.716 Z-688.361 F2000
G1 B90.0 F1000
G1 X-12.093 Y-11.716 Z-668.209 F2000
G1 B90.0 F1000
G1 X-12.093 Y-11.716 Z-648.056 F2000
G1 B90.0 F1000
G1 X-12.093 Y-11.716 Z-627.904 F2000
G1 B90.0 F1000
G1 X-12.093 Y-11.716 Z-607.752 F2000
G1 B90.0 F1000
G1 X-12.093 Y-11.716 Z-587.6 F2000
G1 B90.0 F1000
G1 X-12.093 Y-11.716 Z-567.448 F2000
G1 B90.0 F1000
G1 X-12.093 Y-11.716 Z-547.295 F2000
G1 B90.0 F1000
G1 X-12.093 Y-11.716 Z-527.143 F2000
G1 B90.0 F1000
G1 X-12.093 Y-11.716 Z-506.991 F2000
G1 B90.0 F1000
G1 X-12.093 Y-11.716 Z-486.839 F2000
G1 B90.0 F1000
G1 X-12.093 Y-11.716 Z-466.687 F2000
G1 B90.0 F1000
G1 X-12.093 Y-11.716 Z-446.534 F2000
G1 B90.0 F1000
G1 X-12.093 Y-11.716 Z-426.382 F2000
G1 B90.0 F1000
G1 X-12.093 Y-11.716 Z-406.23 F2000
G1 B90.0 F1000
G1 X-12.093 Y-11.716 Z-386.078 F2000
G1 B90.0 F1000
G1 X-12.093 Y-11.716 Z-365.925 F2000
G1 B90.0 F1000
G1 X-12.093 Y-11.716 Z-345.773 F2000
G1 B90.0 F1000
G1 X-12.093 Y-11.716 Z-325.621 F2000
G1 B90.0 F1000
G1 X-12.093 Y-11.716 Z-305.469 F2000
G1 B90.0 F1000
G1 X-12.093 Y-11.716 Z-285.317 F2000
G1 B90.0 F1000
G1 X-12.093 Y-11.716 Z-265.164 F2000
G1 B90.0 F1000
G1 X-12.093 Y-11.716 Z-245.012 F2000
G1 B90.0 F1000
G1 X-12.093 Y-11.716 Z-224.86 F2000
G1 B90.0 F1000
G1 X-12.093 Y-11.716 Z-204.708 F2000
G1 B90.0 F1000
G1 X-12.093 Y-11.716 Z-184.556 F2000
G1 B90.0 F1000
G1 X-12.093 Y-11.716 Z-164.403 F2000
G1 B90.0 F1000
G1 X-12.093 Y-11.716 Z-144.251 F2000
G1 X-12.093 Y-11.716 Z-124.099 F2000
G1 X-19.275133243394247 Y-18.674229808947903 Z-124.099 F5000
M01
G1 X-19.275133243394247 Y-18.674229808947903 Z-708.513 F5000
M00
G1 B90.0 F1000
G1 X-12.093 Y-11.716 Z-708.513 F2000
G1 B90.0 F1000
G1 X-12.093 Y-11.716 Z-688.361 F2000
G1 B90.0 F1000
G1 X-12.093 Y-11.716 Z-668.209 F2000
G1 B90.0 F1000
G1 X-12.093 Y-11.716 Z-648.056 F2000
G1 B90.0 F1000
G1 X-12.093 Y-11.716 Z-627.904 F2000
G1 B90.0 F1000
G1 X-12.093 Y-11.716 Z-607.752 F2000
G1 B90.0 F1000
G1 X-12.093 Y-11.716 Z-587.6 F2000
G1 B90.0 F1000
G1 X-12.093 Y-11.716 Z-567.448 F2000
G1 B90.0 F1000
G1 X-12.093 Y-11.716 Z-547.295 F2000
G1 B90.0 F1000
G1 X-12.093 Y-11.716 Z-527.143 F2000
G1 B90.0 F1000
G1 X-12.093 Y-11.716 Z-506.991 F2000
G1 B90.0 F1000
G1 X-12.093 Y-11.716 Z-486.839 F2000
G1 B90.0 F1000
G1 X-12.093 Y-11.716 Z-466.687 F2000
G1 B90.0 F1000
G1 X-12.093 Y-11.716 Z-446.534 F2000
G1 B90.0 F1000
G1 X-12.093 Y-11.716 Z-426.382 F2000
G1 B90.0 F1000
G1 X-12.093 Y-11.716 Z-406.23 F2000
G1 B90.0 F1000
G1 X-12.093 Y-11.716 Z-386.078 F2000
G1 B90.0 F1000
G1 X-12.093 Y-11.716 Z-365.925 F2000
G1 B90.0 F1000
G1 X-12.093 Y-11.716 Z-345.773 F2000
G1 B90.0 F1000
G1 X-12.093 Y-11.716 Z-325.621 F2000
G1 B90.0 F1000
G1 X-12.093 Y-11.716 Z-305.469 F2000
G1 B90.0 F1000
G1 X-12.093 Y-11.716 Z-285.317 F2000
G1 B90.0 F1000
G1 X-12.093 Y-11.716 Z-265.164 F2000
G1 B90.0 F1000
G1 X-12.093 Y-11.716 Z-245.012 F2000
G1 B90.0 F1000
G1 X-12.093 Y-11.716 Z-224.86 F2000
G1 B90.0 F1000
G1 X-12.093 Y-11.716 Z-204.708 F2000
G1 B90.0 F1000
G1 X-12.093 Y-11.716 Z-184.556 F2000
G1 B90.0 F1000
G1 X-12.093 Y-11.716 Z-164.403 F2000
G1 B90.0 F1000
G1 X-12.093 Y-11.716 Z-144.251 F2000
G1 X-12.093 Y-11.716 Z-124.099 F2000
G1 X-19.275133243394247 Y-18.674229808947903 Z-124.099 F5000
M01
G1 X-19.275133243394247 Y-18.674229808947903 Z-708.513 F5000
M00
G1 B90.0 F1000
G1 X-12.093 Y-11.716 Z-708.513 F2000
G1 B90.0 F1000
G1 X-12.093 Y-11.716 Z-688.361 F2000
G1 B90.0 F1000
G1 X-12.093 Y-11.716 Z-668.209 F2000
G1 B90.0 F1000
G1 X-12.093 Y-11.716 Z-648.056 F2000
G1 B90.0 F1000
G1 X-12.093 Y-11.716 Z-627.904 F2000
G1 B90.0 F1000
G1 X-12.093 Y-11.716 Z-607.752 F2000
G1 B162.2844334710391 F1000
G1 X-12.093 Y-11.716 Z-587.6 F2000
G1 B134.99857844487028 F1000
G1 X-52.398 Y-152.782 Z-567.448 F2000
G1 B15.616239970334261 F1000
G1 X-52.398 Y-172.934 Z-547.295 F2000
G1 B90.0 F1000
G1 X-12.093 Y-11.716 Z-527.143 F2000
G1 B90.0 F1000
G1 X-12.093 Y-11.716 Z-506.991 F2000
G1 B90.0 F1000
G1 X-12.093 Y-11.716 Z-486.839 F2000
G1 B90.0 F1000
G1 X-12.093 Y-11.716 Z-466.687 F2000
G1 B90.0 F1000
G1 X-12.093 Y-11.716 Z-446.534 F2000
G1 B90.0 F1000
G1 X-12.093 Y-11.716 Z-426.382 F2000
G1 B90.0 F1000
G1 X-12.093 Y-11.716 Z-406.23 F2000
G1 B90.0 F1000
G1 X-12.093 Y-11.716 Z-386.078 F2000
G1 B90.0 F1000
G1 X-12.093 Y-11.716 Z-365.925 F2000
G1 B90.0 F1000
G1 X-12.093 Y-11.716 Z-345.773 F2000
G1 B90.0 F1000
G1 X-12.093 Y-11.716 Z-325.621 F2000
G1 B90.0 F1000
G1 X-12.093 Y-11.716 Z-305.469 F2000
G1 B90.0 F1000
G1 X-12.093 Y-11.716 Z-285.317 F2000
G1 B90.0 F1000
G1 X-12.093 Y-11.716 Z-265.164 F2000
G1 B90.0 F1000
G1 X-12.093 Y-11.716 Z-245.012 F2000
G1 B90.0 F1000
G1 X-12.093 Y-11.716 Z-224.86 F2000
G1 B90.0 F1000
G1 X-12.093 Y-11.716 Z-204.708 F2000
G1 B90.0 F1000
G1 X-12.093 Y-11.716 Z-184.556 F2000
G1 B90.0 F1000
G1 X-12.093 Y-11.716 Z-164.403 F2000
G1 B90.0 F1000
G1 X-12.093 Y-11.716 Z-144.251 F2000
G1 X-12.093 Y-11.716 Z-124.099 F2000
G1 X-19.275133243394247 Y-18.674229808947903 Z-124.099 F5000
M01
G1 X-19.275133243394247 Y-18.674229808947903 Z-708.513 F5000
M00
G1 B90.0 F1000
G1 X-12.093 Y-11.716 Z-708.513 F2000
G1 B90.0 F1000
G1 X-12.093 Y-11.716 Z-688.361 F2000
G1 B90.0 F1000
G1 X-12.093 Y-11.716 Z-668.209 F2000
G1 B90.0 F1000
G1 X-12.093 Y-11.716 Z-648.056 F2000
G1 B90.0 F1000
G1 X-12.093 Y-11.716 Z-627.904 F2000
G1 B90.0 F1000
G1 X-12.093 Y-11.716 Z-607.752 F2000
G1 B90.0 F1000
G1 X-12.093 Y-11.716 Z-587.6 F2000
G1 B90.0 F1000
G1 X-12.093 Y-11.716 Z-567.448 F2000
G1 B90.0 F1000
G1 X-12.093 Y-11.716 Z-547.295 F2000
G1 B90.0 F1000
G1 X-12.093 Y-11.716 Z-527.143 F2000
G1 B90.0 F1000
G1 X-12.093 Y-11.716 Z-506.991 F2000
G1 B90.0 F1000
G1 X-12.093 Y-11.716 Z-486.839 F2000
G1 B90.0 F1000
G1 X-12.093 Y-11.716 Z-466.687 F2000
G1 B90.0 F1000
G1 X-12.093 Y-11.716 Z-446.534 F2000
G1 B90.0 F1000
G1 X-12.093 Y-11.716 Z-426.382 F2000
G1 B90.0 F1000
G1 X-12.093 Y-11.716 Z-406.23 F2000
G1 B90.0 F1000
G1 X-12.093 Y-11.716 Z-386.078 F2000
G1 B90.0 F1000
G1 X-12.093 Y-11.716 Z-365.925 F2000
G1 B90.0 F1000
G1 X-12.093 Y-11.716 Z-345.773 F2000
G1 B90.0 F1000
G1 X-12.093 Y-11.716 Z-325.621 F2000
G1 B90.0 F1000
G1 X-12.093 Y-11.716 Z-305.469 F2000
G1 B90.0 F1000
G1 X-12.093 Y-11.716 Z-285.317 F2000
G1 B90.0 F1000
G1 X-12.093 Y-11.716 Z-265.164 F2000
G1 B90.0 F1000
G1 X-12.093 Y-11.716 Z-245.012 F2000
G1 B90.0 F1000
G1 X-12.093 Y-11.716 Z-224.86 F2000
G1 B90.0 F1000
G1 X-12.093 Y-11.716 Z-204.708 F2000
G1 B90.0 F1000
G1 X-12.093 Y-11.716 Z-184.556 F2000
G1 B90.0 F1000
G1 X-12.093 Y-11.716 Z-164.403 F2000
G1 B90.0 F1000
G1 X-12.093 Y-11.716 Z-144.251 F2000
G1 X-12.093 Y-11.716 Z-124.099 F2000
G1 X-19.275133243394247 Y-18.674229808947903 Z-124.099 F5000
M01
G1 X-19.275133243394247 Y-18.674229808947903 Z-708.513 F5000
M00
G1 B90.0 F1000
G1 X-12.093 Y-11.716 Z-708.513 F2000
G1 B90.0 F1000
G1 X-12.093 Y-11.716 Z-688.361 F2000
G1 B90.0 F1000
G1 X-12.093 Y-11.716 Z-668.209 F2000
G1 B90.0 F1000
G1 X-12.093 Y-11.716 Z-648.056 F2000
G1 B90.0 F1000
G1 X-12.093 Y-11.716 Z-627.904 F2000
G1 B90.0 F1000
G1 X-12.093 Y-11.716 Z-607.752 F2000
G1 B90.0 F1000
G1 X-12.093 Y-11.716 Z-587.6 F2000
G1 B90.0 F1000
G1 X-12.093 Y-11.716 Z-567.448 F2000
G1 B90.0 F1000
G1 X-12.093 Y-11.716 Z-547.295 F2000
G1 B90.0 F1000
G1 X-12.093 Y-11.716 Z-527.143 F2000
G1 B90.0 F1000
G1 X-12.093 Y-11.716 Z-506.991 F2000
G1 B90.0 F1000
G1 X-12.093 Y-11.716 Z-486.839 F2000
G1 B90.0 F1000
G1 X-12.093 Y-11.716 Z-466.687 F2000
G1 B90.0 F1000
G1 X-12.093 Y-11.716 Z-446.534 F2000
G1 B90.0 F1000
G1 X-12.093 Y-11.716 Z-426.382 F2000
G1 B90.0 F1000
G1 X-12.093 Y-11.716 Z-406.23 F2000
G1 B90.0 F1000
G1 X-12.093 Y-11.716 Z-386.078 F2000
G1 B90.0 F1000
G1 X-12.093 Y-11.716 Z-365.925 F2000
G1 B90.0 F1000
G1 X-12.093 Y-11.716 Z-345.773 F2000
G1 B90.0 F1000
G1 X-12.093 Y-11.716 Z-325.621 F2000
G1 B90.0 F1000
G1 X-12.093 Y-11.716 Z-305.469 F2000
G1 B90.0 F1000
G1 X-12.093 Y-11.716 Z-285.317 F2000
G1 B90.0 F1000
G1 X-12.093 Y-11.716 Z-265.164 F2000
G1 B90.0 F1000
G1 X-12.093 Y-11.716 Z-245.012 F2000
G1 B90.0 F1000
G1 X-12.093 Y-11.716 Z-224.86 F2000
G1 B90.0 F1000
G1 X-12.093 Y-11.716 Z-204.708 F2000
G1 B90.0 F1000
G1 X-12.093 Y-11.716 Z-184.556 F2000
G1 B90.0 F1000
G1 X-12.093 Y-11.716 Z-164.403 F2000
G1 B90.0 F1000
G1 X-12.093 Y-11.716 Z-144.251 F2000
G1 X-12.093 Y-11.716 Z-124.099 F2000
G1 X-19.275133243394247 Y-18.674229808947903 Z-124.099 F5000
M01
G1 X-19.275133243394247 Y-18.674229808947903 Z-708.513 F5000
M00
G1 B90.0 F1000
G1 X-12.093 Y-11.716 Z-708.513 F2000
G1 B90.0 F1000
G1 X-12.093 Y-11.716 Z-688.361 F2000
G1 B90.0 F1000
G1 X-12.093 Y-11.716 Z-668.209 F2000
G1 B90.0 F1000
G1 X-12.093 Y-11.716 Z-648.056 F2000
G1 B90.0 F1000
G1 X-12.093 Y-11.716 Z-627.904 F2000
G1 B90.0 F1000
G1 X-12.093 Y-11.716 Z-607.752 F2000
G1 B147.48755702873925 F1000
G1 X-12.093 Y-11.716 Z-587.6 F2000
G1 B90.0 F1000
G1 X88.668 Y-172.934 Z-567.448 F2000
G1 B125.26438968275474 F1000
G1 X88.668 Y-172.934 Z-547.295 F2000
G1 B90.0 F1000
G1 X108.82 Y-193.086 Z-527.143 F2000
G1 B90.0 F1000
G1 X108.82 Y-193.086 Z-506.991 F2000
G1 B90.0 F1000
G1 X108.82 Y-193.086 Z-486.839 F2000
G1 B90.0 F1000
G1 X108.82 Y-193.086 Z-466.687 F2000
G1 B90.0 F1000
G1 X108.82 Y-193.086 Z-446.534 F2000
G1 B90.0 F1000
G1 X108.82 Y-193.086 Z-426.382 F2000
G1 B34.05320673307968 F1000
G1 X108.82 Y-193.086 Z-406.23 F2000
G1 B90.0 F1000
G1 X-12.093 Y-11.716 Z-386.078 F2000
G1 B147.48755702873925 F1000
G1 X-12.093 Y-11.716 Z-365.925 F2000
G1 B90.0 F1000
G1 X88.668 Y-172.934 Z-345.773 F2000
G1 B32.512442971260754 F1000
G1 X88.668 Y-172.934 Z-325.621 F2000
G1 B90.0 F1000
G1 X-12.093 Y-11.716 Z-305.469 F2000
G1 B90.0 F1000
G1 X-12.093 Y-11.716 Z-285.317 F2000
G1 B90.0 F1000
G1 X-12.093 Y-11.716 Z-265.164 F2000
G1 B90.0 F1000
G1 X-12.093 Y-11.716 Z-245.012 F2000
G1 B90.0 F1000
G1 X-12.093 Y-11.716 Z-224.86 F2000
G1 B90.0 F1000
G1 X-12.093 Y-11.716 Z-204.708 F2000
G1 B90.0 F1000
G1 X-12.093 Y-11.716 Z-184.556 F2000
G1 B90.0 F1000
G1 X-12.093 Y-11.716 Z-164.403 F2000
G1 B90.0 F1000
G1 X-12.093 Y-11.716 Z-144.251 F2000
G1 X-12.093 Y-11.716 Z-124.099 F2000
G1 X-19.275133243394247 Y-18.674229808947903 Z-124.099 F5000
M01
G1 X-19.275133243394247 Y-18.674229808947903 Z-708.513 F5000
M00
G1 B90.0 F1000
G1 X-12.093 Y-11.716 Z-708.513 F2000
G1 B90.0 F1000
G1 X-12.093 Y-11.716 Z-688.361 F2000
G1 B90.0 F1000
G1 X-12.093 Y-11.716 Z-668.209 F2000
G1 B90.0 F1000
G1 X-12.093 Y-11.716 Z-648.056 F2000
G1 B134.13177010779808 F1000
G1 X-12.093 Y-11.716 Z-627.904 F2000
G1 B125.26438968275471 F1000
G1 X68.516 Y-92.325 Z-607.752 F2000
G1 B45.561748395800315 F1000
G1 X88.668 Y-112.477 Z-587.6 F2000
G1 B90.0 F1000
G1 X-12.093 Y-11.716 Z-567.448 F2000
G1 B90.0 F1000
G1 X-12.093 Y-11.716 Z-547.295 F2000
G1 B90.0 F1000
G1 X-12.093 Y-11.716 Z-527.143 F2000
G1 B90.0 F1000
G1 X-12.093 Y-11.716 Z-506.991 F2000
G1 B90.0 F1000
G1 X-12.093 Y-11.716 Z-486.839 F2000
G1 B90.0 F1000
G1 X-12.093 Y-11.716 Z-466.687 F2000
G1 B90.0 F1000
G1 X-12.093 Y-11.716 Z-446.534 F2000
G1 B90.0 F1000
G1 X-12.093 Y-11.716 Z-426.382 F2000
G1 B90.0 F1000
G1 X-12.093 Y-11.716 Z-406.23 F2000
G1 B90.0 F1000
G1 X-12.093 Y-11.716 Z-386.078 F2000
G1 B90.0 F1000
G1 X-12.093 Y-11.716 Z-365.925 F2000
G1 B90.0 F1000
G1 X-12.093 Y-11.716 Z-345.773 F2000
G1 B90.0 F1000
G1 X-12.093 Y-11.716 Z-325.621 F2000
G1 B90.0 F1000
G1 X-12.093 Y-11.716 Z-305.469 F2000
G1 B90.0 F1000
G1 X-12.093 Y-11.716 Z-285.317 F2000
G1 B90.0 F1000
G1 X-12.093 Y-11.716 Z-265.164 F2000
G1 B90.0 F1000
G1 X-12.093 Y-11.716 Z-245.012 F2000
G1 B90.0 F1000
G1 X-12.093 Y-11.716 Z-224.86 F2000
G1 B90.0 F1000
G1 X-12.093 Y-11.716 Z-204.708 F2000
G1 B90.0 F1000
G1 X-12.093 Y-11.716 Z-184.556 F2000
G1 B90.0 F1000
G1 X-12.093 Y-11.716 Z-164.403 F2000
G1 B90.0 F1000
G1 X-12.093 Y-11.716 Z-144.251 F2000
G1 X-12.093 Y-11.716 Z-124.099 F2000
G1 X-19.275133243394247 Y-18.674229808947903 Z-124.099 F5000
M01
G1 X-19.275133243394247 Y-18.674229808947903 Z-708.513 F5000
M00
G1 B90.0 F1000
G1 X-12.093 Y-11.716 Z-708.513 F2000
G1 B90.0 F1000
G1 X-12.093 Y-11.716 Z-688.361 F2000
G1 B90.0 F1000
G1 X-12.093 Y-11.716 Z-668.209 F2000
G1 B122.31179011618501 F1000
G1 X-12.093 Y-11.716 Z-648.056 F2000
G1 B57.68820988381499 F1000
G1 X48.364 Y-52.021 Z-627.904 F2000
G1 B90.0 F1000
G1 X-12.093 Y-11.716 Z-607.752 F2000
G1 B90.0 F1000
G1 X-12.093 Y-11.716 Z-587.6 F2000
G1 B90.0 F1000
G1 X-12.093 Y-11.716 Z-567.448 F2000
G1 B90.0 F1000
G1 X-12.093 Y-11.716 Z-547.295 F2000
G1 B90.0 F1000
G1 X-12.093 Y-11.716 Z-527.143 F2000
G1 B90.0 F1000
G1 X-12.093 Y-11.716 Z-506.991 F2000
G1 B90.0 F1000
G1 X-12.093 Y-11.716 Z-486.839 F2000
G1 B90.0 F1000
G1 X-12.093 Y-11.716 Z-466.687 F2000
G1 B90.0 F1000
G1 X-12.093 Y-11.716 Z-446.534 F2000
G1 B90.0 F1000
G1 X-12.093 Y-11.716 Z-426.382 F2000
G1 B90.0 F1000
G1 X-12.093 Y-11.716 Z-406.23 F2000
G1 B90.0 F1000
G1 X-12.093 Y-11.716 Z-386.078 F2000
G1 B90.0 F1000
G1 X-12.093 Y-11.716 Z-365.925 F2000
G1 B90.0 F1000
G1 X-12.093 Y-11.716 Z-345.773 F2000
G1 B90.0 F1000
G1 X-12.093 Y-11.716 Z-325.621 F2000
G1 B90.0 F1000
G1 X-12.093 Y-11.716 Z-305.469 F2000
G1 B90.0 F1000
G1 X-12.093 Y-11.716 Z-285.317 F2000
G1 B90.0 F1000
G1 X-12.093 Y-11.716 Z-265.164 F2000
G1 B90.0 F1000
G1 X-12.093 Y-11.716 Z-245.012 F2000
G1 B90.0 F1000
G1 X-12.093 Y-11.716 Z-224.86 F2000
G1 B90.0 F1000
G1 X-12.093 Y-11.716 Z-204.708 F2000
G1 B90.0 F1000
G1 X-12.093 Y-11.716 Z-184.556 F2000
G1 B90.0 F1000
G1 X-12.093 Y-11.716 Z-164.403 F2000
G1 B90.0 F1000
G1 X-12.093 Y-11.716 Z-144.251 F2000
G1 X-12.093 Y-11.716 Z-124.099 F2000
G1 X-19.275133243394247 Y-18.674229808947903 Z-124.099 F5000
M01
G1 X-19.275133243394247 Y-18.674229808947903 Z-708.513 F5000
M00
G1 B90.0 F1000
G1 X-12.093 Y-11.716 Z-708.513 F2000
G1 B90.0 F1000
G1 X-12.093 Y-11.716 Z-688.361 F2000
G1 B90.0 F1000
G1 X-12.093 Y-11.716 Z-668.209 F2000
G1 B90.0 F1000
G1 X-12.093 Y-11.716 Z-648.056 F2000
G1 B90.0 F1000
G1 X-12.093 Y-11.716 Z-627.904 F2000
G1 B90.0 F1000
G1 X-12.093 Y-11.716 Z-607.752 F2000
G1 B90.0 F1000
G1 X-12.093 Y-11.716 Z-587.6 F2000
G1 B90.0 F1000
G1 X-12.093 Y-11.716 Z-567.448 F2000
G1 B90.0 F1000
G1 X-12.093 Y-11.716 Z-547.295 F2000
G1 B90.0 F1000
G1 X-12.093 Y-11.716 Z-527.143 F2000
G1 B90.0 F1000
G1 X-12.093 Y-11.716 Z-506.991 F2000
G1 B90.0 F1000
G1 X-12.093 Y-11.716 Z-486.839 F2000
G1 B90.0 F1000
G1 X-12.093 Y-11.716 Z-466.687 F2000
G1 B90.0 F1000
G1 X-12.093 Y-11.716 Z-446.534 F2000
G1 B90.0 F1000
G1 X-12.093 Y-11.716 Z-426.382 F2000
G1 B90.0 F1000
G1 X-12.093 Y-11.716 Z-406.23 F2000
G1 B90.0 F1000
G1 X-12.093 Y-11.716 Z-386.078 F2000
G1 B90.0 F1000
G1 X-12.093 Y-11.716 Z-365.925 F2000
G1 B90.0 F1000
G1 X-12.093 Y-11.716 Z-345.773 F2000
G1 B90.0 F1000
G1 X-12.093 Y-11.716 Z-325.621 F2000
G1 B90.0 F1000
G1 X-12.093 Y-11.716 Z-305.469 F2000
G1 B90.0 F1000
G1 X-12.093 Y-11.716 Z-285.317 F2000
G1 B90.0 F1000
G1 X-12.093 Y-11.716 Z-265.164 F2000
G1 B90.0 F1000
G1 X-12.093 Y-11.716 Z-245.012 F2000
G1 B90.0 F1000
G1 X-12.093 Y-11.716 Z-224.86 F2000
G1 B90.0 F1000
G1 X-12.093 Y-11.716 Z-204.708 F2000
G1 B90.0 F1000
G1 X-12.093 Y-11.716 Z-184.556 F2000
G1 B90.0 F1000
G1 X-12.093 Y-11.716 Z-164.403 F2000
G1 B90.0 F1000
G1 X-12.093 Y-11.716 Z-144.251 F2000
G1 X-12.093 Y-11.716 Z-124.099 F2000
G1 X-19.275133243394247 Y-18.674229808947903 Z-124.099 F5000
M01
G1 X-19.275133243394247 Y-18.674229808947903 Z-708.513 F5000
M00
G1 B90.0 F1000
G1 X-12.093 Y-11.716 Z-708.513 F2000
G1 B90.0 F1000
G1 X-12.093 Y-11.716 Z-688.361 F2000
G1 B90.0 F1000
G1 X-12.093 Y-11.716 Z-668.209 F2000
G1 B90.0 F1000
G1 X-12.093 Y-11.716 Z-648.056 F2000
G1 B90.0 F1000
G1 X-12.093 Y-11.716 Z-627.904 F2000
G1 B90.0 F1000
G1 X-12.093 Y-11.716 Z-607.752 F2000
G1 B90.0 F1000
G1 X-12.093 Y-11.716 Z-587.6 F2000
G1 B90.0 F1000
G1 X-12.093 Y-11.716 Z-567.448 F2000
G1 B90.0 F1000
G1 X-12.093 Y-11.716 Z-547.295 F2000
G1 B90.0 F1000
G1 X-12.093 Y-11.716 Z-527.143 F2000
G1 B90.0 F1000
G1 X-12.093 Y-11.716 Z-506.991 F2000
G1 B90.0 F1000
G1 X-12.093 Y-11.716 Z-486.839 F2000
G1 B90.0 F1000
G1 X-12.093 Y-11.716 Z-466.687 F2000
G1 B90.0 F1000
G1 X-12.093 Y-11.716 Z-446.534 F2000
G1 B90.0 F1000
G1 X-12.093 Y-11.716 Z-426.382 F2000
G1 B90.0 F1000
G1 X-12.093 Y-11.716 Z-406.23 F2000
G1 B90.0 F1000
G1 X-12.093 Y-11.716 Z-386.078 F2000
G1 B90.0 F1000
G1 X-12.093 Y-11.716 Z-365.925 F2000
G1 B90.0 F1000
G1 X-12.093 Y-11.716 Z-345.773 F2000
G1 B90.0 F1000
G1 X-12.093 Y-11.716 Z-325.621 F2000
G1 B90.0 F1000
G1 X-12.093 Y-11.716 Z-305.469 F2000
G1 B90.0 F1000
G1 X-12.093 Y-11.716 Z-285.317 F2000
G1 B90.0 F1000
G1 X-12.093 Y-11.716 Z-265.164 F2000
G1 B90.0 F1000
G1 X-12.093 Y-11.716 Z-245.012 F2000
G1 B90.0 F1000
G1 X-12.093 Y-11.716 Z-224.86 F2000
G1 B90.0 F1000
G1 X-12.093 Y-11.716 Z-204.708 F2000
G1 B90.0 F1000
G1 X-12.093 Y-11.716 Z-184.556 F2000
G1 B90.0 F1000
G1 X-12.093 Y-11.716 Z-164.403 F2000
G1 B90.0 F1000
G1 X-12.093 Y-11.716 Z-144.251 F2000
G1 X-12.093 Y-11.716 Z-124.099 F2000
G1 X-19.275133243394247 Y-18.674229808947903 Z-124.099 F5000
M01
G1 X-19.275133243394247 Y-18.674229808947903 Z-708.513 F5000
M00
G1 B90.0 F1000
G1 X-12.093 Y-11.716 Z-708.513 F2000
G1 B90.0 F1000
G1 X-12.093 Y-11.716 Z-688.361 F2000
G1 B90.0 F1000
G1 X-12.093 Y-11.716 Z-668.209 F2000
G1 B90.0 F1000
G1 X-12.093 Y-11.716 Z-648.056 F2000
G1 B90.0 F1000
G1 X-12.093 Y-11.716 Z-627.904 F2000
G1 B73.3789432862899 F1000
G1 X-12.093 Y-11.716 Z-607.752 F2000
G1 B90.0 F1000
G1 X189.429 Y48.741 Z-587.6 F2000
G1 B90.0 F1000
G1 X189.429 Y48.741 Z-567.448 F2000
G1 B90.0 F1000
G1 X189.429 Y48.741 Z-547.295 F2000
G1 B90.0 F1000
G1 X189.429 Y48.741 Z-527.143 F2000
G1 B90.0 F1000
G1 X189.429 Y48.741 Z-506.991 F2000
G1 B106.6210567137101 F1000
G1 X189.429 Y48.741 Z-486.839 F2000
G1 B90.0 F1000
G1 X-12.093 Y-11.716 Z-466.687 F2000
G1 B90.0 F1000
G1 X-12.093 Y-11.716 Z-446.534 F2000
G1 B73.3789432862899 F1000
G1 X-12.093 Y-11.716 Z-426.382 F2000
G1 B90.0 F1000
G1 X189.429 Y48.741 Z-406.23 F2000
G1 B90.0 F1000
G1 X189.429 Y48.741 Z-386.078 F2000
G1 B90.0 F1000
G1 X189.429 Y48.741 Z-365.925 F2000
G1 B90.0 F1000
G1 X189.429 Y48.741 Z-345.773 F2000
G1 B106.6210567137101 F1000
G1 X189.429 Y48.741 Z-325.621 F2000
G1 B90.0 F1000
G1 X-12.093 Y-11.716 Z-305.469 F2000
G1 B90.0 F1000
G1 X-12.093 Y-11.716 Z-285.317 F2000
G1 B90.0 F1000
G1 X-12.093 Y-11.716 Z-265.164 F2000
G1 B90.0 F1000
G1 X-12.093 Y-11.716 Z-245.012 F2000
G1 B90.0 F1000
G1 X-12.093 Y-11.716 Z-224.86 F2000
G1 B90.0 F1000
G1 X-12.093 Y-11.716 Z-204.708 F2000
G1 B90.0 F1000
G1 X-12.093 Y-11.716 Z-184.556 F2000
G1 B90.0 F1000
G1 X-12.093 Y-11.716 Z-164.403 F2000
G1 B90.0 F1000
G1 X-12.093 Y-11.716 Z-144.251 F2000
G1 X-12.093 Y-11.716 Z-124.099 F2000
G1 X-19.275133243394247 Y-18.674229808947903 Z-124.099 F5000
M01
G1 X-19.275133243394247 Y-18.674229808947903 Z-708.513 F5000
M00
G1 B90.0 F1000
G1 X-12.093 Y-11.716 Z-708.513 F2000
G1 B57.688852084246065 F1000
G1 X-12.093 Y-11.716 Z-688.361 F2000
G1 B90.0 F1000
G1 X48.364 Y28.588 Z-668.209 F2000
G1 B122.31114791575393 F1000
G1 X48.364 Y28.588 Z-648.056 F2000
G1 B58.193958755500226 F1000
G1 X-12.093 Y-11.716 Z-627.904 F2000
G1 B121.80604124449977 F1000
G1 X149.125 Y89.045 Z-607.752 F2000
G1 B90.0 F1000
G1 X-12.093 Y-11.716 Z-587.6 F2000
G1 B90.0 F1000
G1 X-12.093 Y-11.716 Z-567.448 F2000
G1 B56.472045958917654 F1000
G1 X-12.093 Y-11.716 Z-547.295 F2000
G1 B90.0 F1000
G1 X169.277 Y109.197 Z-527.143 F2000
G1 B123.52795404108234 F1000
G1 X169.277 Y109.197 Z-506.991 F2000
G1 B90.0 F1000
G1 X-12.093 Y-11.716 Z-486.839 F2000
G1 B90.0 F1000
G1 X-12.093 Y-11.716 Z-466.687 F2000
G1 B90.0 F1000
G1 X-12.093 Y-11.716 Z-446.534 F2000
G1 B90.0 F1000
G1 X-12.093 Y-11.716 Z-426.382 F2000
G1 B56.472045958917654 F1000
G1 X-12.093 Y-11.716 Z-406.23 F2000
G1 B123.52793807614013 F1000
G1 X169.277 Y109.197 Z-386.078 F2000
G1 B90.0 F1000
G1 X-12.093 Y-11.716 Z-365.925 F2000
G1 B90.0 F1000
G1 X-12.093 Y-11.716 Z-345.773 F2000
G1 B90.0 F1000
G1 X-12.093 Y-11.716 Z-325.621 F2000
G1 B90.0 F1000
G1 X-12.093 Y-11.716 Z-305.469 F2000
G1 B90.0 F1000
G1 X-12.093 Y-11.716 Z-285.317 F2000
G1 B57.68885208424605 F1000
G1 X-12.093 Y-11.716 Z-265.164 F2000
G1 B90.0 F1000
G1 X48.364 Y28.588 Z-245.012 F2000
G1 B122.31114791575396 F1000
G1 X48.364 Y28.588 Z-224.86 F2000
G1 B90.0 F1000
G1 X-12.093 Y-11.716 Z-204.708 F2000
G1 B90.0 F1000
G1 X-12.093 Y-11.716 Z-184.556 F2000
G1 B90.0 F1000
G1 X-12.093 Y-11.716 Z-164.403 F2000
G1 B90.0 F1000
G1 X-12.093 Y-11.716 Z-144.251 F2000
G1 X-12.093 Y-11.716 Z-124.099 F2000
G1 X-19.275133243394247 Y-18.674229808947903 Z-124.099 F5000
M01
G1 X-19.275133243394247 Y-18.674229808947903 Z-708.513 F5000
M00
G1 B90.0 F1000
G1 X-12.093 Y-11.716 Z-708.513 F2000
G1 B90.0 F1000
G1 X-12.093 Y-11.716 Z-688.361 F2000
G1 B36.69904356431485 F1000
G1 X-12.093 Y-11.716 Z-668.209 F2000
G1 B38.32923306529077 F1000
G1 X28.211 Y48.741 Z-648.056 F2000
G1 B54.734270051131574 F1000
G1 X88.668 Y129.349 Z-627.904 F2000
G1 B90.0 F1000
G1 X108.82 Y149.502 Z-607.752 F2000
G1 B90.0 F1000
G1 X108.82 Y149.502 Z-587.6 F2000
G1 B36.700042591863024 F1000
G1 X108.82 Y149.502 Z-567.448 F2000
G1 B90.0 F1000
G1 X149.125 Y209.958 Z-547.295 F2000
G1 B90.0 F1000
G1 X149.125 Y209.958 Z-527.143 F2000
G1 B90.0 F1000
G1 X149.125 Y209.958 Z-506.991 F2000
G1 B90.0 F1000
G1 X149.125 Y209.958 Z-486.839 F2000
G1 B90.0 F1000
G1 X149.125 Y209.958 Z-466.687 F2000
G1 B90.0 F1000
G1 X149.125 Y209.958 Z-446.534 F2000
G1 B90.0 F1000
G1 X149.125 Y209.958 Z-426.382 F2000
G1 B90.0 F1000
G1 X149.125 Y209.958 Z-406.23 F2000
G1 B90.0 F1000
G1 X149.125 Y209.958 Z-386.078 F2000
G1 B143.30022986954586 F1000
G1 X149.125 Y209.958 Z-365.925 F2000
G1 B90.0 F1000
G1 X108.82 Y149.502 Z-345.773 F2000
G1 B90.0 F1000
G1 X108.82 Y149.502 Z-325.621 F2000
G1 B125.26572994886847 F1000
G1 X108.82 Y149.502 Z-305.469 F2000
G1 B90.0 F1000
G1 X88.668 Y129.349 Z-285.317 F2000
G1 B141.67076693470923 F1000
G1 X88.668 Y129.349 Z-265.164 F2000
G1 B125.26572994886841 F1000
G1 X28.211 Y48.741 Z-245.012 F2000
G1 B144.73561031724535 F1000
G1 X8.059 Y28.588 Z-224.86 F2000
G1 B90.0 F1000
G1 X-12.093 Y-11.716 Z-204.708 F2000
G1 B90.0 F1000
G1 X-12.093 Y-11.716 Z-184.556 F2000
G1 B90.0 F1000
G1 X-12.093 Y-11.716 Z-164.403 F2000
G1 B90.0 F1000
G1 X-12.093 Y-11.716 Z-144.251 F2000
G1 X-12.093 Y-11.716 Z-124.099 F2000
G1 X-19.275133243394247 Y-18.674229808947903 Z-124.099 F5000
M01
G1 X-19.275133243394247 Y-18.674229808947903 Z-708.513 F5000
M00
G1 B90.0 F1000
G1 X-12.093 Y-11.716 Z-708.513 F2000
G1 B90.0 F1000
G1 X-12.093 Y-11.716 Z-688.361 F2000
G1 B90.0 F1000
G1 X-12.093 Y-11.716 Z-668.209 F2000
G1 B90.0 F1000
G1 X-12.093 Y-11.716 Z-648.056 F2000
G1 B90.0 F1000
G1 X-12.093 Y-11.716 Z-627.904 F2000
G1 B90.0 F1000
G1 X-12.093 Y-11.716 Z-607.752 F2000
G1 B21.568178034875956 F1000
G1 X-12.093 Y-11.716 Z-587.6 F2000
G1 B158.4317247665245 F1000
G1 X48.364 Y149.502 Z-567.448 F2000
G1 B90.0 F1000
G1 X-12.093 Y-11.716 Z-547.295 F2000
G1 B90.0 F1000
G1 X-12.093 Y-11.716 Z-527.143 F2000
G1 B90.0 F1000
G1 X-12.093 Y-11.716 Z-506.991 F2000
G1 B90.0 F1000
G1 X-12.093 Y-11.716 Z-486.839 F2000
G1 B90.0 F1000
G1 X-12.093 Y-11.716 Z-466.687 F2000
G1 B90.0 F1000
G1 X-12.093 Y-11.716 Z-446.534 F2000
G1 B90.0 F1000
G1 X-12.093 Y-11.716 Z-426.382 F2000
G1 B90.0 F1000
G1 X-12.093 Y-11.716 Z-406.23 F2000
G1 B90.0 F1000
G1 X-12.093 Y-11.716 Z-386.078 F2000
G1 B90.0 F1000
G1 X-12.093 Y-11.716 Z-365.925 F2000
G1 B90.0 F1000
G1 X-12.093 Y-11.716 Z-345.773 F2000
G1 B90.0 F1000
G1 X-12.093 Y-11.716 Z-325.621 F2000
G1 B90.0 F1000
G1 X-12.093 Y-11.716 Z-305.469 F2000
G1 B90.0 F1000
G1 X-12.093 Y-11.716 Z-285.317 F2000
G1 B90.0 F1000
G1 X-12.093 Y-11.716 Z-265.164 F2000
G1 B90.0 F1000
G1 X-12.093 Y-11.716 Z-245.012 F2000
G1 B90.0 F1000
G1 X-12.093 Y-11.716 Z-224.86 F2000
G1 B90.0 F1000
G1 X-12.093 Y-11.716 Z-204.708 F2000
G1 B90.0 F1000
G1 X-12.093 Y-11.716 Z-184.556 F2000
G1 B90.0 F1000
G1 X-12.093 Y-11.716 Z-164.403 F2000
G1 B90.0 F1000
G1 X-12.093 Y-11.716 Z-144.251 F2000
G1 X-12.093 Y-11.716 Z-124.099 F2000
G1 X-19.275133243394247 Y-18.674229808947903 Z-124.099 F5000
M01
G1 X-19.275133243394247 Y-18.674229808947903 Z-708.513 F5000
M00
G1 B90.0 F1000
G1 X-12.093 Y-11.716 Z-708.513 F2000
G1 B90.0 F1000
G1 X-12.093 Y-11.716 Z-688.361 F2000
G1 B90.0 F1000
G1 X-12.093 Y-11.716 Z-668.209 F2000
G1 B90.0 F1000
G1 X-12.093 Y-11.716 Z-648.056 F2000
G1 B90.0 F1000
G1 X-12.093 Y-11.716 Z-627.904 F2000
G1 B90.0 F1000
G1 X-12.093 Y-11.716 Z-607.752 F2000
G1 B90.0 F1000
G1 X-12.093 Y-11.716 Z-587.6 F2000
G1 B90.0 F1000
G1 X-12.093 Y-11.716 Z-567.448 F2000
G1 B90.0 F1000
G1 X-12.093 Y-11.716 Z-547.295 F2000
G1 B90.0 F1000
G1 X-12.093 Y-11.716 Z-527.143 F2000
G1 B90.0 F1000
G1 X-12.093 Y-11.716 Z-506.991 F2000
G1 B90.0 F1000
G1 X-12.093 Y-11.716 Z-486.839 F2000
G1 B90.0 F1000
G1 X-12.093 Y-11.716 Z-466.687 F2000
G1 B90.0 F1000
G1 X-12.093 Y-11.716 Z-446.534 F2000
G1 B90.0 F1000
G1 X-12.093 Y-11.716 Z-426.382 F2000
G1 B90.0 F1000
G1 X-12.093 Y-11.716 Z-406.23 F2000
G1 B90.0 F1000
G1 X-12.093 Y-11.716 Z-386.078 F2000
G1 B90.0 F1000
G1 X-12.093 Y-11.716 Z-365.925 F2000
G1 B90.0 F1000
G1 X-12.093 Y-11.716 Z-345.773 F2000
G1 B90.0 F1000
G1 X-12.093 Y-11.716 Z-325.621 F2000
G1 B90.0 F1000
G1 X-12.093 Y-11.716 Z-305.469 F2000
G1 B90.0 F1000
G1 X-12.093 Y-11.716 Z-285.317 F2000
G1 B90.0 F1000
G1 X-12.093 Y-11.716 Z-265.164 F2000
G1 B90.0 F1000
G1 X-12.093 Y-11.716 Z-245.012 F2000
G1 B90.0 F1000
G1 X-12.093 Y-11.716 Z-224.86 F2000
G1 B90.0 F1000
G1 X-12.093 Y-11.716 Z-204.708 F2000
G1 B90.0 F1000
G1 X-12.093 Y-11.716 Z-184.556 F2000
G1 B90.0 F1000
G1 X-12.093 Y-11.716 Z-164.403 F2000
G1 B90.0 F1000
G1 X-12.093 Y-11.716 Z-144.251 F2000
G1 X-12.093 Y-11.716 Z-124.099 F2000
G1 X-19.275133243394247 Y-18.674229808947903 Z-124.099 F5000
M01
G1 X-19.275133243394247 Y-18.674229808947903 Z-708.513 F5000
M00
G1 B90.0 F1000
G1 X-12.093 Y-11.716 Z-708.513 F2000
G1 B90.0 F1000
G1 X-12.093 Y-11.716 Z-688.361 F2000
G1 B90.0 F1000
G1 X-12.093 Y-11.716 Z-668.209 F2000
G1 B24.09505446889339 F1000
G1 X-12.093 Y-11.716 Z-648.056 F2000
G1 B155.90494553110662 F1000
G1 X-52.398 Y89.045 Z-627.904 F2000
G1 B90.0 F1000
G1 X-12.093 Y-11.716 Z-607.752 F2000
G1 B90.0 F1000
G1 X-12.093 Y-11.716 Z-587.6 F2000
G1 B90.0 F1000
G1 X-12.093 Y-11.716 Z-567.448 F2000
G1 B14.763226035222623 F1000
G1 X-12.093 Y-11.716 Z-547.295 F2000
G1 B90.0 F1000
G1 X-72.55 Y230.11 Z-527.143 F2000
G1 B90.0 F1000
G1 X-72.55 Y230.11 Z-506.991 F2000
G1 B90.0 F1000
G1 X-72.55 Y230.11 Z-486.839 F2000
G1 B90.0 F1000
G1 X-72.55 Y230.11 Z-466.687 F2000
G1 B90.0 F1000
G1 X-72.55 Y230.11 Z-446.534 F2000
G1 B90.0 F1000
G1 X-72.55 Y230.11 Z-426.382 F2000
G1 B90.0 F1000
G1 X-72.55 Y230.11 Z-406.23 F2000
G1 B165.23670390574566 F1000
G1 X-72.55 Y230.11 Z-386.078 F2000
G1 B90.0 F1000
G1 X-12.093 Y-11.716 Z-365.925 F2000
G1 B90.0 F1000
G1 X-12.093 Y-11.716 Z-345.773 F2000
G1 B90.0 F1000
G1 X-12.093 Y-11.716 Z-325.621 F2000
G1 B24.09505446889339 F1000
G1 X-12.093 Y-11.716 Z-305.469 F2000
G1 B90.0 F1000
G1 X-52.398 Y89.045 Z-285.317 F2000
G1 B155.90494553110662 F1000
G1 X-52.398 Y89.045 Z-265.164 F2000
G1 B90.0 F1000
G1 X-12.093 Y-11.716 Z-245.012 F2000
G1 B90.0 F1000
G1 X-12.093 Y-11.716 Z-224.86 F2000
G1 B90.0 F1000
G1 X-12.093 Y-11.716 Z-204.708 F2000
G1 B90.0 F1000
G1 X-12.093 Y-11.716 Z-184.556 F2000
G1 B90.0 F1000
G1 X-12.093 Y-11.716 Z-164.403 F2000
G1 B90.0 F1000
G1 X-12.093 Y-11.716 Z-144.251 F2000
G1 X-12.093 Y-11.716 Z-124.099 F2000
G1 X-19.275133243394247 Y-18.674229808947903 Z-124.099 F5000
M01
G1 X-19.275133243394247 Y-18.674229808947903 Z-708.513 F5000
M00
G1 B90.0 F1000
G1 X-12.093 Y-11.716 Z-708.513 F2000
G1 B90.0 F1000
G1 X-12.093 Y-11.716 Z-688.361 F2000
G1 B90.0 F1000
G1 X-12.093 Y-11.716 Z-668.209 F2000
G1 B90.0 F1000
G1 X-12.093 Y-11.716 Z-648.056 F2000
G1 B30.498841914592997 F1000
G1 X-12.093 Y-11.716 Z-627.904 F2000
G1 B90.0 F1000
G1 X-92.702 Y129.349 Z-607.752 F2000
G1 B149.501158085407 F1000
G1 X-92.702 Y129.349 Z-587.6 F2000
G1 B29.53406767337454 F1000
G1 X-12.093 Y-11.716 Z-567.448 F2000
G1 B90.0 F1000
G1 X-112.854 Y169.654 Z-547.295 F2000
G1 B90.0 F1000
G1 X-112.854 Y169.654 Z-527.143 F2000
G1 B90.0 F1000
G1 X-112.854 Y169.654 Z-506.991 F2000
G1 B90.0 F1000
G1 X-112.854 Y169.654 Z-486.839 F2000
G1 B90.0 F1000
G1 X-112.854 Y169.654 Z-466.687 F2000
G1 B90.0 F1000
G1 X-112.854 Y169.654 Z-446.534 F2000
G1 B90.0 F1000
G1 X-112.854 Y169.654 Z-426.382 F2000
G1 B90.0 F1000
G1 X-112.854 Y169.654 Z-406.23 F2000
G1 B150.46593232662548 F1000
G1 X-112.854 Y169.654 Z-386.078 F2000
G1 B90.0 F1000
G1 X-12.093 Y-11.716 Z-365.925 F2000
G1 B30.498841914592997 F1000
G1 X-12.093 Y-11.716 Z-345.773 F2000
G1 B90.0 F1000
G1 X-92.702 Y129.349 Z-325.621 F2000
G1 B90.0 F1000
G1 X-92.702 Y129.349 Z-305.469 F2000
G1 B149.501084948808 F1000
G1 X-92.702 Y129.349 Z-285.317 F2000
G1 B90.0 F1000
G1 X-12.093 Y-11.716 Z-265.164 F2000
G1 B90.0 F1000
G1 X-12.093 Y-11.716 Z-245.012 F2000
G1 B90.0 F1000
G1 X-12.093 Y-11.716 Z-224.86 F2000
G1 B90.0 F1000
G1 X-12.093 Y-11.716 Z-204.708 F2000
G1 B90.0 F1000
G1 X-12.093 Y-11.716 Z-184.556 F2000
G1 B90.0 F1000
G1 X-12.093 Y-11.716 Z-164.403 F2000
G1 B90.0 F1000
G1 X-12.093 Y-11.716 Z-144.251 F2000
G1 X-12.093 Y-11.716 Z-124.099 F2000
G1 X-19.275133243394247 Y-18.674229808947903 Z-124.099 F5000
M01
G1 X-19.275133243394247 Y-18.674229808947903 Z-708.513 F5000
M00
G1 B90.0 F1000
G1 X-12.093 Y-11.716 Z-708.513 F2000
G1 B90.0 F1000
G1 X-12.093 Y-11.716 Z-688.361 F2000
G1 B90.0 F1000
G1 X-12.093 Y-11.716 Z-668.209 F2000
G1 B90.0 F1000
G1 X-12.093 Y-11.716 Z-648.056 F2000
G1 B49.68461675187294 F1000
G1 X-12.093 Y-11.716 Z-627.904 F2000
G1 B90.0 F1000
G1 X-153.159 Y109.197 Z-607.752 F2000
G1 B54.7356103172454 F1000
G1 X-153.159 Y109.197 Z-587.6 F2000
G1 B90.0 F1000
G1 X-173.311 Y129.349 Z-567.448 F2000
G1 B90.0 F1000
G1 X-173.311 Y129.349 Z-547.295 F2000
G1 B90.0 F1000
G1 X-173.311 Y129.349 Z-527.143 F2000
G1 B54.73427005113155 F1000
G1 X-173.311 Y129.349 Z-506.991 F2000
G1 B90.0 F1000
G1 X-193.463 Y149.502 Z-486.839 F2000
G1 B90.0 F1000
G1 X-193.463 Y149.502 Z-466.687 F2000
G1 B90.0 F1000
G1 X-193.463 Y149.502 Z-446.534 F2000
G1 B125.26572994886847 F1000
G1 X-193.463 Y149.502 Z-426.382 F2000
G1 B90.0 F1000
G1 X-173.311 Y129.349 Z-406.23 F2000
G1 B90.0 F1000
G1 X-173.311 Y129.349 Z-386.078 F2000
G1 B90.0 F1000
G1 X-173.311 Y129.349 Z-365.925 F2000
G1 B125.26438968275461 F1000
G1 X-173.311 Y129.349 Z-345.773 F2000
G1 B90.0 F1000
G1 X-153.159 Y109.197 Z-325.621 F2000
G1 B90.0 F1000
G1 X-153.159 Y109.197 Z-305.469 F2000
G1 B130.3153551957209 F1000
G1 X-153.159 Y109.197 Z-285.317 F2000
G1 B90.0 F1000
G1 X-12.093 Y-11.716 Z-265.164 F2000
G1 B90.0 F1000
G1 X-12.093 Y-11.716 Z-245.012 F2000
G1 B90.0 F1000
G1 X-12.093 Y-11.716 Z-224.86 F2000
G1 B90.0 F1000
G1 X-12.093 Y-11.716 Z-204.708 F2000
G1 B90.0 F1000
G1 X-12.093 Y-11.716 Z-184.556 F2000
G1 B90.0 F1000
G1 X-12.093 Y-11.716 Z-164.403 F2000
G1 B90.0 F1000
G1 X-12.093 Y-11.716 Z-144.251 F2000
G1 X-12.093 Y-11.716 Z-124.099 F2000
G1 X-19.275133243394247 Y-18.674229808947903 Z-124.099 F5000
M01
G1 X-19.275133243394247 Y-18.674229808947903 Z-708.513 F5000
M00
G1 B90.0 F1000
G1 X-12.093 Y-11.716 Z-708.513 F2000
G1 B90.0 F1000
G1 X-12.093 Y-11.716 Z-688.361 F2000
G1 B90.0 F1000
G1 X-12.093 Y-11.716 Z-668.209 F2000
G1 B90.0 F1000
G1 X-12.093 Y-11.716 Z-648.056 F2000
G1 B90.0 F1000
G1 X-12.093 Y-11.716 Z-627.904 F2000
G1 B90.0 F1000
G1 X-12.093 Y-11.716 Z-607.752 F2000
G1 B90.0 F1000
G1 X-12.093 Y-11.716 Z-587.6 F2000
G1 B90.0 F1000
G1 X-12.093 Y-11.716 Z-567.448 F2000
G1 B63.61219568509402 F1000
G1 X-12.093 Y-11.716 Z-547.295 F2000
G1 B90.0 F1000
G1 X-173.311 Y68.893 Z-527.143 F2000
G1 B116.38780431490599 F1000
G1 X-173.311 Y68.893 Z-506.991 F2000
G1 B90.0 F1000
G1 X-12.093 Y-11.716 Z-486.839 F2000
G1 B90.0 F1000
G1 X-12.093 Y-11.716 Z-466.687 F2000
G1 B90.0 F1000
G1 X-12.093 Y-11.716 Z-446.534 F2000
G1 B63.61219568509402 F1000
G1 X-12.093 Y-11.716 Z-426.382 F2000
G1 B90.0 F1000
G1 X-173.311 Y68.893 Z-406.23 F2000
G1 B116.38778689994297 F1000
G1 X-173.311 Y68.893 Z-386.078 F2000
G1 B90.0 F1000
G1 X-12.093 Y-11.716 Z-365.925 F2000
G1 B90.0 F1000
G1 X-12.093 Y-11.716 Z-345.773 F2000
G1 B90.0 F1000
G1 X-12.093 Y-11.716 Z-325.621 F2000
G1 B90.0 F1000
G1 X-12.093 Y-11.716 Z-305.469 F2000
G1 B90.0 F1000
G1 X-12.093 Y-11.716 Z-285.317 F2000
G1 B90.0 F1000
G1 X-12.093 Y-11.716 Z-265.164 F2000
G1 B90.0 F1000
G1 X-12.093 Y-11.716 Z-245.012 F2000
G1 B90.0 F1000
G1 X-12.093 Y-11.716 Z-224.86 F2000
G1 B90.0 F1000
G1 X-12.093 Y-11.716 Z-204.708 F2000
G1 B90.0 F1000
G1 X-12.093 Y-11.716 Z-184.556 F2000
G1 B90.0 F1000
G1 X-12.093 Y-11.716 Z-164.403 F2000
G1 B90.0 F1000
G1 X-12.093 Y-11.716 Z-144.251 F2000
G1 X-12.093 Y-11.716 Z-124.099 F2000
G1 X-19.275133243394247 Y-18.674229808947903 Z-124.099 F5000
M01
G1 X-19.275133243394247 Y-18.674229808947903 Z-708.513 F5000
M00
G1 B90.0 F1000
G1 X-12.093 Y-11.716 Z-708.513 F2000
G1 B90.0 F1000
G1 X-12.093 Y-11.716 Z-688.361 F2000
G1 B90.0 F1000
G1 X-12.093 Y-11.716 Z-668.209 F2000
G1 B90.0 F1000
G1 X-12.093 Y-11.716 Z-648.056 F2000
G1 B90.0 F1000
G1 X-12.093 Y-11.716 Z-627.904 F2000
G1 B90.0 F1000
G1 X-12.093 Y-11.716 Z-607.752 F2000
G1 B90.0 F1000
G1 X-12.093 Y-11.716 Z-587.6 F2000
G1 B90.0 F1000
G1 X-12.093 Y-11.716 Z-567.448 F2000
G1 B90.0 F1000
G1 X-12.093 Y-11.716 Z-547.295 F2000
G1 B90.0 F1000
G1 X-12.093 Y-11.716 Z-527.143 F2000
G1 B90.0 F1000
G1 X-12.093 Y-11.716 Z-506.991 F2000
G1 B90.0 F1000
G1 X-12.093 Y-11.716 Z-486.839 F2000
G1 B90.0 F1000
G1 X-12.093 Y-11.716 Z-466.687 F2000
G1 B90.0 F1000
G1 X-12.093 Y-11.716 Z-446.534 F2000
G1 B90.0 F1000
G1 X-12.093 Y-11.716 Z-426.382 F2000
G1 B90.0 F1000
G1 X-12.093 Y-11.716 Z-406.23 F2000
G1 B90.0 F1000
G1 X-12.093 Y-11.716 Z-386.078 F2000
G1 B90.0 F1000
G1 X-12.093 Y-11.716 Z-365.925 F2000
G1 B90.0 F1000
G1 X-12.093 Y-11.716 Z-345.773 F2000
G1 B90.0 F1000
G1 X-12.093 Y-11.716 Z-325.621 F2000
G1 B90.0 F1000
G1 X-12.093 Y-11.716 Z-305.469 F2000
G1 B90.0 F1000
G1 X-12.093 Y-11.716 Z-285.317 F2000
G1 B90.0 F1000
G1 X-12.093 Y-11.716 Z-265.164 F2000
G1 B90.0 F1000
G1 X-12.093 Y-11.716 Z-245.012 F2000
G1 B90.0 F1000
G1 X-12.093 Y-11.716 Z-224.86 F2000
G1 B90.0 F1000
G1 X-12.093 Y-11.716 Z-204.708 F2000
G1 B90.0 F1000
G1 X-12.093 Y-11.716 Z-184.556 F2000
G1 B90.0 F1000
G1 X-12.093 Y-11.716 Z-164.403 F2000
G1 B90.0 F1000
G1 X-12.093 Y-11.716 Z-144.251 F2000
G1 X-12.093 Y-11.716 Z-124.099 F2000
G1 X-19.275133243394247 Y-18.674229808947903 Z-124.099 F5000
M01
G1 X-19.275133243394247 Y-18.674229808947903 Z-708.513 F5000
M00
G1 B90.0 F1000
G1 X-12.093 Y-11.716 Z-708.513 F2000
G1 B90.0 F1000
G1 X-12.093 Y-11.716 Z-688.361 F2000
G1 B90.0 F1000
G1 X-12.093 Y-11.716 Z-668.209 F2000
G1 B90.0 F1000
G1 X-12.093 Y-11.716 Z-648.056 F2000
G1 B90.0 F1000
G1 X-12.093 Y-11.716 Z-627.904 F2000
G1 B90.0 F1000
G1 X-12.093 Y-11.716 Z-607.752 F2000
G1 B90.0 F1000
G1 X-12.093 Y-11.716 Z-587.6 F2000
G1 B90.0 F1000
G1 X-12.093 Y-11.716 Z-567.448 F2000
G1 B98.72091222396838 F1000
G1 X-12.093 Y-11.716 Z-547.295 F2000
G1 B90.0 F1000
G1 X-274.072 Y-52.021 Z-527.143 F2000
G1 B90.0 F1000
G1 X-274.072 Y-52.021 Z-506.991 F2000
G1 B90.0 F1000
G1 X-274.072 Y-52.021 Z-486.839 F2000
G1 B90.0 F1000
G1 X-274.072 Y-52.021 Z-466.687 F2000
G1 B90.0 F1000
G1 X-274.072 Y-52.021 Z-446.534 F2000
G1 B90.0 F1000
G1 X-274.072 Y-52.021 Z-426.382 F2000
G1 B90.0 F1000
G1 X-274.072 Y-52.021 Z-406.23 F2000
G1 B81.27909028252769 F1000
G1 X-274.072 Y-52.021 Z-386.078 F2000
G1 B90.0 F1000
G1 X-12.093 Y-11.716 Z-365.925 F2000
G1 B90.0 F1000
G1 X-12.093 Y-11.716 Z-345.773 F2000
G1 B90.0 F1000
G1 X-12.093 Y-11.716 Z-325.621 F2000
G1 B90.0 F1000
G1 X-12.093 Y-11.716 Z-305.469 F2000
G1 B90.0 F1000
G1 X-12.093 Y-11.716 Z-285.317 F2000
G1 B90.0 F1000
G1 X-12.093 Y-11.716 Z-265.164 F2000
G1 B90.0 F1000
G1 X-12.093 Y-11.716 Z-245.012 F2000
G1 B90.0 F1000
G1 X-12.093 Y-11.716 Z-224.86 F2000
G1 B90.0 F1000
G1 X-12.093 Y-11.716 Z-204.708 F2000
G1 B90.0 F1000
G1 X-12.093 Y-11.716 Z-184.556 F2000
G1 B90.0 F1000
G1 X-12.093 Y-11.716 Z-164.403 F2000
G1 B90.0 F1000
G1 X-12.093 Y-11.716 Z-144.251 F2000
G1 X-12.093 Y-11.716 Z-124.099 F2000
G1 X-19.275133243394247 Y-18.674229808947903 Z-124.099 F5000
M01
G1 X-19.275133243394247 Y-18.674229808947903 Z-708.513 F5000
M00
G1 B90.0 F1000
G1 X-12.093 Y-11.716 Z-708.513 F2000
G1 B90.0 F1000
G1 X-12.093 Y-11.716 Z-688.361 F2000
G1 B90.0 F1000
G1 X-12.093 Y-11.716 Z-668.209 F2000
G1 B116.25256817897467 F1000
G1 X-12.093 Y-11.716 Z-648.056 F2000
G1 B63.747431821025344 F1000
G1 X-133.006 Y-72.173 Z-627.904 F2000
G1 B90.0 F1000
G1 X-12.093 Y-11.716 Z-607.752 F2000
G1 B116.38780431490599 F1000
G1 X-12.093 Y-11.716 Z-587.6 F2000
G1 B90.0 F1000
G1 X-173.311 Y-92.325 Z-567.448 F2000
G1 B114.09484255211072 F1000
G1 X-173.311 Y-92.325 Z-547.295 F2000
G1 B90.0 F1000
G1 X-213.615 Y-112.477 Z-527.143 F2000
G1 B90.0 F1000
G1 X-213.615 Y-112.477 Z-506.991 F2000
G1 B90.0 F1000
G1 X-213.615 Y-112.477 Z-486.839 F2000
G1 B90.0 F1000
G1 X-213.615 Y-112.477 Z-466.687 F2000
G1 B90.0 F1000
G1 X-213.615 Y-112.477 Z-446.534 F2000
G1 B90.0 F1000
G1 X-213.615 Y-112.477 Z-426.382 F2000
G1 B90.0 F1000
G1 X-213.615 Y-112.477 Z-406.23 F2000
G1 B65.90536936852774 F1000
G1 X-213.615 Y-112.477 Z-386.078 F2000
G1 B90.0 F1000
G1 X-173.311 Y-92.325 Z-365.925 F2000
G1 B63.61219568509402 F1000
G1 X-173.311 Y-92.325 Z-345.773 F2000
G1 B90.0 F1000
G1 X-12.093 Y-11.716 Z-325.621 F2000
G1 B116.25256817897467 F1000
G1 X-12.093 Y-11.716 Z-305.469 F2000
G1 B90.0 F1000
G1 X-133.006 Y-72.173 Z-285.317 F2000
G1 B63.74743182102533 F1000
G1 X-133.006 Y-72.173 Z-265.164 F2000
G1 B90.0 F1000
G1 X-12.093 Y-11.716 Z-245.012 F2000
G1 B90.0 F1000
G1 X-12.093 Y-11.716 Z-224.86 F2000
G1 B90.0 F1000
G1 X-12.093 Y-11.716 Z-204.708 F2000
G1 B90.0 F1000
G1 X-12.093 Y-11.716 Z-184.556 F2000
G1 B90.0 F1000
G1 X-12.093 Y-11.716 Z-164.403 F2000
G1 B90.0 F1000
G1 X-12.093 Y-11.716 Z-144.251 F2000
G1 X-12.093 Y-11.716 Z-124.099 F2000
G1 X-19.275133243394247 Y-18.674229808947903 Z-124.099 F5000
M01
G1 X-19.275133243394247 Y-18.674229808947903 Z-708.513 F5000
M00
G1 B90.0 F1000
G1 X-12.093 Y-11.716 Z-708.513 F2000
G1 B90.0 F1000
G1 X-12.093 Y-11.716 Z-688.361 F2000
G1 B90.0 F1000
G1 X-12.093 Y-11.716 Z-668.209 F2000
G1 B90.0 F1000
G1 X-12.093 Y-11.716 Z-648.056 F2000
G1 B90.0 F1000
G1 X-12.093 Y-11.716 Z-627.904 F2000
G1 B90.0 F1000
G1 X-12.093 Y-11.716 Z-607.752 F2000
G1 B90.0 F1000
G1 X-12.093 Y-11.716 Z-587.6 F2000
G1 B90.0 F1000
G1 X-12.093 Y-11.716 Z-567.448 F2000
G1 B90.0 F1000
G1 X-12.093 Y-11.716 Z-547.295 F2000
G1 B90.0 F1000
G1 X-12.093 Y-11.716 Z-527.143 F2000
G1 B90.0 F1000
G1 X-12.093 Y-11.716 Z-506.991 F2000
G1 B90.0 F1000
G1 X-12.093 Y-11.716 Z-486.839 F2000
G1 B90.0 F1000
G1 X-12.093 Y-11.716 Z-466.687 F2000
G1 B90.0 F1000
G1 X-12.093 Y-11.716 Z-446.534 F2000
G1 B90.0 F1000
G1 X-12.093 Y-11.716 Z-426.382 F2000
G1 B90.0 F1000
G1 X-12.093 Y-11.716 Z-406.23 F2000
G1 B90.0 F1000
G1 X-12.093 Y-11.716 Z-386.078 F2000
G1 B90.0 F1000
G1 X-12.093 Y-11.716 Z-365.925 F2000
G1 B90.0 F1000
G1 X-12.093 Y-11.716 Z-345.773 F2000
G1 B90.0 F1000
G1 X-12.093 Y-11.716 Z-325.621 F2000
G1 B90.0 F1000
G1 X-12.093 Y-11.716 Z-305.469 F2000
G1 B90.0 F1000
G1 X-12.093 Y-11.716 Z-285.317 F2000
G1 B90.0 F1000
G1 X-12.093 Y-11.716 Z-265.164 F2000
G1 B90.0 F1000
G1 X-12.093 Y-11.716 Z-245.012 F2000
G1 B90.0 F1000
G1 X-12.093 Y-11.716 Z-224.86 F2000
G1 B90.0 F1000
G1 X-12.093 Y-11.716 Z-204.708 F2000
G1 B90.0 F1000
G1 X-12.093 Y-11.716 Z-184.556 F2000
G1 B90.0 F1000
G1 X-12.093 Y-11.716 Z-164.403 F2000
G1 B90.0 F1000
G1 X-12.093 Y-11.716 Z-144.251 F2000
G1 X-12.093 Y-11.716 Z-124.099 F2000
G1 X-19.275133243394247 Y-18.674229808947903 Z-124.099 F5000
M01
G1 X-19.275133243394247 Y-18.674229808947903 Z-708.513 F5000
M00
G1 B90.0 F1000
G1 X-12.093 Y-11.716 Z-708.513 F2000
G1 B90.0 F1000
G1 X-12.093 Y-11.716 Z-688.361 F2000
G1 B90.0 F1000
G1 X-12.093 Y-11.716 Z-668.209 F2000
G1 B90.0 F1000
G1 X-12.093 Y-11.716 Z-648.056 F2000
G1 B90.0 F1000
G1 X-12.093 Y-11.716 Z-627.904 F2000
G1 B90.0 F1000
G1 X-12.093 Y-11.716 Z-607.752 F2000
G1 B90.0 F1000
G1 X-12.093 Y-11.716 Z-587.6 F2000
G1 B90.0 F1000
G1 X-12.093 Y-11.716 Z-567.448 F2000
G1 B90.0 F1000
G1 X-12.093 Y-11.716 Z-547.295 F2000
G1 B90.0 F1000
G1 X-12.093 Y-11.716 Z-527.143 F2000
G1 B90.0 F1000
G1 X-12.093 Y-11.716 Z-506.991 F2000
G1 B90.0 F1000
G1 X-12.093 Y-11.716 Z-486.839 F2000
G1 B90.0 F1000
G1 X-12.093 Y-11.716 Z-466.687 F2000
G1 B90.0 F1000
G1 X-12.093 Y-11.716 Z-446.534 F2000
G1 B90.0 F1000
G1 X-12.093 Y-11.716 Z-426.382 F2000
G1 B90.0 F1000
G1 X-12.093 Y-11.716 Z-406.23 F2000
G1 B90.0 F1000
G1 X-12.093 Y-11.716 Z-386.078 F2000
G1 B90.0 F1000
G1 X-12.093 Y-11.716 Z-365.925 F2000
G1 B90.0 F1000
G1 X-12.093 Y-11.716 Z-345.773 F2000
G1 B90.0 F1000
G1 X-12.093 Y-11.716 Z-325.621 F2000
G1 B90.0 F1000
G1 X-12.093 Y-11.716 Z-305.469 F2000
G1 B90.0 F1000
G1 X-12.093 Y-11.716 Z-285.317 F2000
G1 B90.0 F1000
G1 X-12.093 Y-11.716 Z-265.164 F2000
G1 B90.0 F1000
G1 X-12.093 Y-11.716 Z-245.012 F2000
G1 B90.0 F1000
G1 X-12.093 Y-11.716 Z-224.86 F2000
G1 B90.0 F1000
G1 X-12.093 Y-11.716 Z-204.708 F2000
G1 B90.0 F1000
G1 X-12.093 Y-11.716 Z-184.556 F2000
G1 B90.0 F1000
G1 X-12.093 Y-11.716 Z-164.403 F2000
G1 B90.0 F1000
G1 X-12.093 Y-11.716 Z-144.251 F2000
G1 X-12.093 Y-11.716 Z-124.099 F2000
G1 X-19.275133243394247 Y-18.674229808947903 Z-124.099 F5000
M01
G1 X-19.275133243394247 Y-18.674229808947903 Z-708.513 F5000
M00
G1 B90.0 F1000
G1 X-12.093 Y-11.716 Z-708.513 F2000
G1 B90.0 F1000
G1 X-12.093 Y-11.716 Z-688.361 F2000
G1 B90.0 F1000
G1 X-12.093 Y-11.716 Z-668.209 F2000
G1 B90.0 F1000
G1 X-12.093 Y-11.716 Z-648.056 F2000
G1 B90.0 F1000
G1 X-12.093 Y-11.716 Z-627.904 F2000
G1 B90.0 F1000
G1 X-12.093 Y-11.716 Z-607.752 F2000
G1 B90.0 F1000
G1 X-12.093 Y-11.716 Z-587.6 F2000
G1 B90.0 F1000
G1 X-12.093 Y-11.716 Z-567.448 F2000
G1 B90.0 F1000
G1 X-12.093 Y-11.716 Z-547.295 F2000
G1 B90.0 F1000
G1 X-12.093 Y-11.716 Z-527.143 F2000
G1 B90.0 F1000
G1 X-12.093 Y-11.716 Z-506.991 F2000
G1 B90.0 F1000
G1 X-12.093 Y-11.716 Z-486.839 F2000
G1 B90.0 F1000
G1 X-12.093 Y-11.716 Z-466.687 F2000
G1 B90.0 F1000
G1 X-12.093 Y-11.716 Z-446.534 F2000
G1 B90.0 F1000
G1 X-12.093 Y-11.716 Z-426.382 F2000
G1 B90.0 F1000
G1 X-12.093 Y-11.716 Z-406.23 F2000
G1 B90.0 F1000
G1 X-12.093 Y-11.716 Z-386.078 F2000
G1 B90.0 F1000
G1 X-12.093 Y-11.716 Z-365.925 F2000
G1 B90.0 F1000
G1 X-12.093 Y-11.716 Z-345.773 F2000
G1 B90.0 F1000
G1 X-12.093 Y-11.716 Z-325.621 F2000
G1 B90.0 F1000
G1 X-12.093 Y-11.716 Z-305.469 F2000
G1 B90.0 F1000
G1 X-12.093 Y-11.716 Z-285.317 F2000
G1 B90.0 F1000
G1 X-12.093 Y-11.716 Z-265.164 F2000
G1 B90.0 F1000
G1 X-12.093 Y-11.716 Z-245.012 F2000
G1 B90.0 F1000
G1 X-12.093 Y-11.716 Z-224.86 F2000
G1 B90.0 F1000
G1 X-12.093 Y-11.716 Z-204.708 F2000
G1 B90.0 F1000
G1 X-12.093 Y-11.716 Z-184.556 F2000
G1 B90.0 F1000
G1 X-12.093 Y-11.716 Z-164.403 F2000
G1 B90.0 F1000
G1 X-12.093 Y-11.716 Z-144.251 F2000
G1 X-12.093 Y-11.716 Z-124.099 F2000
G1 X-19.275133243394247 Y-18.674229808947903 Z-124.099 F5000
M01
G1 X-19.275133243394247 Y-18.674229808947903 Z-708.513 F5000
M00
G1 B90.0 F1000
G1 X-12.093 Y-11.716 Z-708.513 F2000
G1 B90.0 F1000
G1 X-12.093 Y-11.716 Z-688.361 F2000
G1 B90.0 F1000
G1 X-12.093 Y-11.716 Z-668.209 F2000
G1 B90.0 F1000
G1 X-12.093 Y-11.716 Z-648.056 F2000
G1 B90.0 F1000
G1 X-12.093 Y-11.716 Z-627.904 F2000
G1 B90.0 F1000
G1 X-12.093 Y-11.716 Z-607.752 F2000
G1 B90.0 F1000
G1 X-12.093 Y-11.716 Z-587.6 F2000
G1 B90.0 F1000
G1 X-12.093 Y-11.716 Z-567.448 F2000
G1 B90.0 F1000
G1 X-12.093 Y-11.716 Z-547.295 F2000
G1 B90.0 F1000
G1 X-12.093 Y-11.716 Z-527.143 F2000
G1 B90.0 F1000
G1 X-12.093 Y-11.716 Z-506.991 F2000
G1 B90.0 F1000
G1 X-12.093 Y-11.716 Z-486.839 F2000
G1 B90.0 F1000
G1 X-12.093 Y-11.716 Z-466.687 F2000
G1 B90.0 F1000
G1 X-12.093 Y-11.716 Z-446.534 F2000
G1 B90.0 F1000
G1 X-12.093 Y-11.716 Z-426.382 F2000
G1 B90.0 F1000
G1 X-12.093 Y-11.716 Z-406.23 F2000
G1 B90.0 F1000
G1 X-12.093 Y-11.716 Z-386.078 F2000
G1 B90.0 F1000
G1 X-12.093 Y-11.716 Z-365.925 F2000
G1 B90.0 F1000
G1 X-12.093 Y-11.716 Z-345.773 F2000
G1 B90.0 F1000
G1 X-12.093 Y-11.716 Z-325.621 F2000
G1 B90.0 F1000
G1 X-12.093 Y-11.716 Z-305.469 F2000
G1 B90.0 F1000
G1 X-12.093 Y-11.716 Z-285.317 F2000
G1 B90.0 F1000
G1 X-12.093 Y-11.716 Z-265.164 F2000
G1 B90.0 F1000
G1 X-12.093 Y-11.716 Z-245.012 F2000
G1 B90.0 F1000
G1 X-12.093 Y-11.716 Z-224.86 F2000
G1 B90.0 F1000
G1 X-12.093 Y-11.716 Z-204.708 F2000
G1 B90.0 F1000
G1 X-12.093 Y-11.716 Z-184.556 F2000
G1 B90.0 F1000
G1 X-12.093 Y-11.716 Z-164.403 F2000
G1 B90.0 F1000
G1 X-12.093 Y-11.716 Z-144.251 F2000
G1 X-12.093 Y-11.716 Z-124.099 F2000
G1 X-19.275133243394247 Y-18.674229808947903 Z-124.099 F5000
M01
G1 X-19.275133243394247 Y-18.674229808947903 Z-708.513 F5000
M00
G1 B90.0 F1000
G1 X-12.093 Y-11.716 Z-708.513 F2000
G1 B90.0 F1000
G1 X-12.093 Y-11.716 Z-688.361 F2000
G1 B90.0 F1000
G1 X-12.093 Y-11.716 Z-668.209 F2000
G1 B90.0 F1000
G1 X-12.093 Y-11.716 Z-648.056 F2000
G1 B90.0 F1000
G1 X-12.093 Y-11.716 Z-627.904 F2000
G1 B160.64028217847317 F1000
G1 X-12.093 Y-11.716 Z-607.752 F2000
G1 B90.0 F1000
G1 X48.364 Y-193.086 Z-587.6 F2000
G1 B90.0 F1000
G1 X48.364 Y-193.086 Z-567.448 F2000
G1 B90.0 F1000
G1 X48.364 Y-193.086 Z-547.295 F2000
G1 B19.35971782152685 F1000
G1 X48.364 Y-193.086 Z-527.143 F2000
G1 B90.0 F1000
G1 X-12.093 Y-11.716 Z-506.991 F2000
G1 B90.0 F1000
G1 X-12.093 Y-11.716 Z-486.839 F2000
G1 B90.0 F1000
G1 X-12.093 Y-11.716 Z-466.687 F2000
G1 B90.0 F1000
G1 X-12.093 Y-11.716 Z-446.534 F2000
G1 B90.0 F1000
G1 X-12.093 Y-11.716 Z-426.382 F2000
G1 B90.0 F1000
G1 X-12.093 Y-11.716 Z-406.23 F2000
G1 B160.6401932576584 F1000
G1 X-12.093 Y-11.716 Z-386.078 F2000
G1 B90.0 F1000
G1 X48.364 Y-193.086 Z-365.925 F2000
G1 B90.0 F1000
G1 X48.364 Y-193.086 Z-345.773 F2000
G1 B19.35971782152685 F1000
G1 X48.364 Y-193.086 Z-325.621 F2000
G1 B90.0 F1000
G1 X-12.093 Y-11.716 Z-305.469 F2000
G1 B90.0 F1000
G1 X-12.093 Y-11.716 Z-285.317 F2000
G1 B90.0 F1000
G1 X-12.093 Y-11.716 Z-265.164 F2000
G1 B90.0 F1000
G1 X-12.093 Y-11.716 Z-245.012 F2000
G1 B90.0 F1000
G1 X-12.093 Y-11.716 Z-224.86 F2000
G1 B90.0 F1000
G1 X-12.093 Y-11.716 Z-204.708 F2000
G1 B90.0 F1000
G1 X-12.093 Y-11.716 Z-184.556 F2000
G1 B90.0 F1000
G1 X-12.093 Y-11.716 Z-164.403 F2000
G1 B90.0 F1000
G1 X-12.093 Y-11.716 Z-144.251 F2000
G1 X-12.093 Y-11.716 Z-124.099 F2000
G1 X-19.275133243394247 Y-18.674229808947903 Z-124.099 F5000
M01
G1 X-19.275133243394247 Y-18.674229808947903 Z-708.513 F5000
M00
G1 B90.0 F1000
G1 X-12.093 Y-11.716 Z-708.513 F2000
G1 B90.0 F1000
G1 X-12.093 Y-11.716 Z-688.361 F2000
G1 B90.0 F1000
G1 X-12.093 Y-11.716 Z-668.209 F2000
G1 B90.0 F1000
G1 X-12.093 Y-11.716 Z-648.056 F2000
G1 B90.0 F1000
G1 X-12.093 Y-11.716 Z-627.904 F2000
G1 B90.0 F1000
G1 X-12.093 Y-11.716 Z-607.752 F2000
G1 B90.0 F1000
G1 X-12.093 Y-11.716 Z-587.6 F2000
G1 B90.0 F1000
G1 X-12.093 Y-11.716 Z-567.448 F2000
G1 B90.0 F1000
G1 X-12.093 Y-11.716 Z-547.295 F2000
G1 B90.0 F1000
G1 X-12.093 Y-11.716 Z-527.143 F2000
G1 B90.0 F1000
G1 X-12.093 Y-11.716 Z-506.991 F2000
G1 B90.0 F1000
G1 X-12.093 Y-11.716 Z-486.839 F2000
G1 B90.0 F1000
G1 X-12.093 Y-11.716 Z-466.687 F2000
G1 B90.0 F1000
G1 X-12.093 Y-11.716 Z-446.534 F2000
G1 B90.0 F1000
G1 X-12.093 Y-11.716 Z-426.382 F2000
G1 B90.0 F1000
G1 X-12.093 Y-11.716 Z-406.23 F2000
G1 B90.0 F1000
G1 X-12.093 Y-11.716 Z-386.078 F2000
G1 B90.0 F1000
G1 X-12.093 Y-11.716 Z-365.925 F2000
G1 B90.0 F1000
G1 X-12.093 Y-11.716 Z-345.773 F2000
G1 B90.0 F1000
G1 X-12.093 Y-11.716 Z-325.621 F2000
G1 B90.0 F1000
G1 X-12.093 Y-11.716 Z-305.469 F2000
G1 B90.0 F1000
G1 X-12.093 Y-11.716 Z-285.317 F2000
G1 B90.0 F1000
G1 X-12.093 Y-11.716 Z-265.164 F2000
G1 B90.0 F1000
G1 X-12.093 Y-11.716 Z-245.012 F2000
G1 B90.0 F1000
G1 X-12.093 Y-11.716 Z-224.86 F2000
G1 B90.0 F1000
G1 X-12.093 Y-11.716 Z-204.708 F2000
G1 B90.0 F1000
G1 X-12.093 Y-11.716 Z-184.556 F2000
G1 B90.0 F1000
G1 X-12.093 Y-11.716 Z-164.403 F2000
G1 B90.0 F1000
G1 X-12.093 Y-11.716 Z-144.251 F2000
G1 X-12.093 Y-11.716 Z-124.099 F2000
G1 X-19.275133243394247 Y-18.674229808947903 Z-124.099 F5000
M01
G1 X-19.275133243394247 Y-18.674229808947903 Z-708.513 F5000
M00
G1 B90.0 F1000
G1 X-12.093 Y-11.716 Z-708.513 F2000
G1 B90.0 F1000
G1 X-12.093 Y-11.716 Z-688.361 F2000
G1 B90.0 F1000
G1 X-12.093 Y-11.716 Z-668.209 F2000
G1 B90.0 F1000
G1 X-12.093 Y-11.716 Z-648.056 F2000
G1 B90.0 F1000
G1 X-12.093 Y-11.716 Z-627.904 F2000
G1 B90.0 F1000
G1 X-12.093 Y-11.716 Z-607.752 F2000
G1 B90.0 F1000
G1 X-12.093 Y-11.716 Z-587.6 F2000
G1 B90.0 F1000
G1 X-12.093 Y-11.716 Z-567.448 F2000
G1 B90.0 F1000
G1 X-12.093 Y-11.716 Z-547.295 F2000
G1 B90.0 F1000
G1 X-12.093 Y-11.716 Z-527.143 F2000
G1 B90.0 F1000
G1 X-12.093 Y-11.716 Z-506.991 F2000
G1 B90.0 F1000
G1 X-12.093 Y-11.716 Z-486.839 F2000
G1 B90.0 F1000
G1 X-12.093 Y-11.716 Z-466.687 F2000
G1 B90.0 F1000
G1 X-12.093 Y-11.716 Z-446.534 F2000
G1 B90.0 F1000
G1 X-12.093 Y-11.716 Z-426.382 F2000
G1 B90.0 F1000
G1 X-12.093 Y-11.716 Z-406.23 F2000
G1 B90.0 F1000
G1 X-12.093 Y-11.716 Z-386.078 F2000
G1 B90.0 F1000
G1 X-12.093 Y-11.716 Z-365.925 F2000
G1 B90.0 F1000
G1 X-12.093 Y-11.716 Z-345.773 F2000
G1 B90.0 F1000
G1 X-12.093 Y-11.716 Z-325.621 F2000
G1 B90.0 F1000
G1 X-12.093 Y-11.716 Z-305.469 F2000
G1 B90.0 F1000
G1 X-12.093 Y-11.716 Z-285.317 F2000
G1 B90.0 F1000
G1 X-12.093 Y-11.716 Z-265.164 F2000
G1 B90.0 F1000
G1 X-12.093 Y-11.716 Z-245.012 F2000
G1 B90.0 F1000
G1 X-12.093 Y-11.716 Z-224.86 F2000
G1 B90.0 F1000
G1 X-12.093 Y-11.716 Z-204.708 F2000
G1 B90.0 F1000
G1 X-12.093 Y-11.716 Z-184.556 F2000
G1 B90.0 F1000
G1 X-12.093 Y-11.716 Z-164.403 F2000
G1 B90.0 F1000
G1 X-12.093 Y-11.716 Z-144.251 F2000
G1 X-12.093 Y-11.716 Z-124.099 F2000
G1 X-19.275133243394247 Y-18.674229808947903 Z-124.099 F5000
M01
G1 X-19.275133243394247 Y-18.674229808947903 Z-708.513 F5000
M00
G1 B90.0 F1000
G1 X-12.093 Y-11.716 Z-708.513 F2000
G1 B90.0 F1000
G1 X-12.093 Y-11.716 Z-688.361 F2000
G1 B111.4169742393836 F1000
G1 X-12.093 Y-11.716 Z-668.209 F2000
G1 B90.0 F1000
G1 X88.668 Y-52.021 Z-648.056 F2000
G1 B68.58298858717562 F1000
G1 X88.668 Y-52.021 Z-627.904 F2000
G1 B90.0 F1000
G1 X-12.093 Y-11.716 Z-607.752 F2000
G1 B111.7033421418906 F1000
G1 X-12.093 Y-11.716 Z-587.6 F2000
G1 B90.0 F1000
G1 X189.429 Y-92.325 Z-567.448 F2000
G1 B90.0 F1000
G1 X189.429 Y-92.325 Z-547.295 F2000
G1 B90.0 F1000
G1 X189.429 Y-92.325 Z-527.143 F2000
G1 B90.0 F1000
G1 X189.429 Y-92.325 Z-506.991 F2000
G1 B68.2966578581094 F1000
G1 X189.429 Y-92.325 Z-486.839 F2000
G1 B90.0 F1000
G1 X-12.093 Y-11.716 Z-466.687 F2000
G1 B90.0 F1000
G1 X-12.093 Y-11.716 Z-446.534 F2000
G1 B111.7033421418906 F1000
G1 X-12.093 Y-11.716 Z-426.382 F2000
G1 B90.0 F1000
G1 X189.429 Y-92.325 Z-406.23 F2000
G1 B90.0 F1000
G1 X189.429 Y-92.325 Z-386.078 F2000
G1 B90.0 F1000
G1 X189.429 Y-92.325 Z-365.925 F2000
G1 B68.2966578581094 F1000
G1 X189.429 Y-92.325 Z-345.773 F2000
G1 B90.0 F1000
G1 X-12.093 Y-11.716 Z-325.621 F2000
G1 B90.0 F1000
G1 X-12.093 Y-11.716 Z-305.469 F2000
G1 B111.4169742393836 F1000
G1 X-12.093 Y-11.716 Z-285.317 F2000
G1 B90.0 F1000
G1 X88.668 Y-52.021 Z-265.164 F2000
G1 B68.58298858717562 F1000
G1 X88.668 Y-52.021 Z-245.012 F2000
G1 B90.0 F1000
G1 X-12.093 Y-11.716 Z-224.86 F2000
G1 B90.0 F1000
G1 X-12.093 Y-11.716 Z-204.708 F2000
G1 B90.0 F1000
G1 X-12.093 Y-11.716 Z-184.556 F2000
G1 B90.0 F1000
G1 X-12.093 Y-11.716 Z-164.403 F2000
G1 B90.0 F1000
G1 X-12.093 Y-11.716 Z-144.251 F2000
G1 X-12.093 Y-11.716 Z-124.099 F2000
G1 X-19.275133243394247 Y-18.674229808947903 Z-124.099 F5000
M01
G1 X179.10436731118446 Y-33.71809506000713 Z-708.513 F5000
M00
G1 B90.0 F1000
G1 X169.277 Y-31.868 Z-708.513 F2000
G1 B90.0 F1000
G1 X189.429 Y-31.868 Z-688.361 F2000
G1 B90.0 F1000
G1 X189.429 Y-31.868 Z-668.209 F2000
G1 B90.0 F1000
G1 X209.581 Y-31.868 Z-648.056 F2000
G1 B90.0 F1000
G1 X229.733 Y-31.868 Z-627.904 F2000
G1 B90.0 F1000
G1 X249.886 Y-31.868 Z-607.752 F2000
G1 B90.0 F1000
G1 X249.886 Y-31.868 Z-587.6 F2000
G1 B90.0 F1000
G1 X270.038 Y-31.868 Z-567.448 F2000
G1 B90.0 F1000
G1 X270.038 Y-31.868 Z-547.295 F2000
G1 B90.0 F1000
G1 X270.038 Y-31.868 Z-527.143 F2000
G1 B90.0 F1000
G1 X290.19 Y-31.868 Z-506.991 F2000
G1 B90.0 F1000
G1 X290.19 Y-31.868 Z-486.839 F2000
G1 B90.0 F1000
G1 X290.19 Y-31.868 Z-466.687 F2000
G1 B90.0 F1000
G1 X290.19 Y-31.868 Z-446.534 F2000
G1 B90.0 F1000
G1 X290.19 Y-31.868 Z-426.382 F2000
G1 B90.0 F1000
G1 X290.19 Y-31.868 Z-406.23 F2000
G1 B90.0 F1000
G1 X270.038 Y-31.868 Z-386.078 F2000
G1 B90.0 F1000
G1 X270.038 Y-31.868 Z-365.925 F2000
G1 B90.0 F1000
G1 X270.038 Y-31.868 Z-345.773 F2000
G1 B90.0 F1000
G1 X249.886 Y-31.868 Z-325.621 F2000
G1 B90.0 F1000
G1 X249.886 Y-31.868 Z-305.469 F2000
G1 B90.0 F1000
G1 X229.733 Y-31.868 Z-285.317 F2000
G1 B90.0 F1000
G1 X229.733 Y-31.868 Z-265.164 F2000
G1 B90.0 F1000
G1 X209.581 Y-31.868 Z-245.012 F2000
G1 B90.0 F1000
G1 X189.429 Y-31.868 Z-224.86 F2000
G1 B90.0 F1000
G1 X169.277 Y-31.868 Z-204.708 F2000
G1 B82.92953571685558 F1000
G1 X149.125 Y-31.868 Z-184.556 F2000
G1 B90.0 F1000
G1 X-12.093 Y-11.716 Z-164.403 F2000
G1 B90.0 F1000
G1 X-12.093 Y-11.716 Z-144.251 F2000
G1 X-12.093 Y-11.716 Z-124.099 F2000
G1 X-19.275133243394247 Y-18.674229808947903 Z-124.099 F5000
M01
G0 B0 X0 Y0 Z813 ; rapid end state
M84 ; disable steppers
